Use uma_db;
CREATE TABLE card_table (
    count INTEGER PRIMARY KEY,
    uma_id INTEGER,
    uma_name TEXT
);
CREATE TABLE card_events (
    event_id INTEGER PRIMARY KEY,
    event_name TEXT,
    uma_id INTEGER,
    uma_name TEXT,
    category TEXT
);
CREATE TABLE card_event_choices (
    choice_id INTEGER PRIMARY KEY,
    event_id INTEGER,
    choice_label TEXT,
    chain_index INTEGER,
    speed INTEGER,
    stamina INTEGER,
    strength INTEGER,
    willpower INTEGER,
    intelligence INTEGER,
    hp INTEGER,
    mood INTEGER,
    skill_point INTEGER,
    character_favor INTEGER,
    event_condition TEXT,
    is_random_value BOOLEAN,
    is_random_attribute BOOLEAN,
    is_random_block_training BOOLEAN,
    is_end_chained_event BOOLEAN
);

INSERT INTO card_table (count, uma_id, uma_name) VALUES (1, 10001, 'special-week');
INSERT INTO card_events (event_id, event_name, uma_id, uma_name, category) VALUES (1, '我會多注意轉角處！', 10001, 'special-week', '隨機事件');
INSERT INTO card_event_choices (choice_id, event_id, choice_label, chain_index, speed, stamina, strength, willpower, intelligence, hp, mood, skill_point, character_favor, event_condition, is_random_value, is_random_attribute, is_random_block_training, is_end_chained_event) VALUES (1, 1, 'Up', 0, 0, 0, 0, 0, 0, 1, 0, 0, 5, null, 0, 0, 0, 0);
INSERT INTO card_event_choices (choice_id, event_id, choice_label, chain_index, speed, stamina, strength, willpower, intelligence, hp, mood, skill_point, character_favor, event_condition, is_random_value, is_random_attribute, is_random_block_training, is_end_chained_event) VALUES (2, 1, 'Down', 0, 0, 0, 0, 15, 0, 0, 0, 0, 5, null, 0, 0, 0, 0);
INSERT INTO card_events (event_id, event_name, uma_id, uma_name, category) VALUES (2, '這個也好那個也不錯，真煩惱！', 10001, 'special-week', '隨機事件');
INSERT INTO card_event_choices (choice_id, event_id, choice_label, chain_index, speed, stamina, strength, willpower, intelligence, hp, mood, skill_point, character_favor, event_condition, is_random_value, is_random_attribute, is_random_block_training, is_end_chained_event) VALUES (3, 2, 'Up', 0, 0, 0, 0, 0, 0, 10, 1, 0, 5, null, 0, 0, 0, 0);
INSERT INTO card_event_choices (choice_id, event_id, choice_label, chain_index, speed, stamina, strength, willpower, intelligence, hp, mood, skill_point, character_favor, event_condition, is_random_value, is_random_attribute, is_random_block_training, is_end_chained_event) VALUES (4, 2, 'Down', 0, 0, 15, 0, 0, 0, -10, 0, 15, 5, null, 0, 0, 0, 0);
INSERT INTO card_table (count, uma_id, uma_name) VALUES (2, 10002, 'silence-suzuka');
INSERT INTO card_events (event_id, event_name, uma_id, uma_name, category) VALUES (3, '無論到何處', 10002, 'silence-suzuka', '隨機事件');
INSERT INTO card_event_choices (choice_id, event_id, choice_label, chain_index, speed, stamina, strength, willpower, intelligence, hp, mood, skill_point, character_favor, event_condition, is_random_value, is_random_attribute, is_random_block_training, is_end_chained_event) VALUES (5, 3, 'Up', 0, 10, 5, 0, 0, 0, 0, 0, 0, 5, null, 0, 0, 0, 0);
INSERT INTO card_event_choices (choice_id, event_id, choice_label, chain_index, speed, stamina, strength, willpower, intelligence, hp, mood, skill_point, character_favor, event_condition, is_random_value, is_random_attribute, is_random_block_training, is_end_chained_event) VALUES (6, 3, 'Down', 0, 15, 0, 0, 0, 0, 0, 0, 0, 5, null, 0, 0, 0, 0);
INSERT INTO card_events (event_id, event_name, uma_id, uma_name, category) VALUES (4, '該怎麼做', 10002, 'silence-suzuka', '隨機事件');
INSERT INTO card_event_choices (choice_id, event_id, choice_label, chain_index, speed, stamina, strength, willpower, intelligence, hp, mood, skill_point, character_favor, event_condition, is_random_value, is_random_attribute, is_random_block_training, is_end_chained_event) VALUES (7, 4, 'Up', 0, 5, 5, 0, 0, 5, 0, 0, 0, 5, null, 0, 0, 0, 0);
INSERT INTO card_event_choices (choice_id, event_id, choice_label, chain_index, speed, stamina, strength, willpower, intelligence, hp, mood, skill_point, character_favor, event_condition, is_random_value, is_random_attribute, is_random_block_training, is_end_chained_event) VALUES (8, 4, 'Down', 0, 0, 0, 0, 0, 0, 0, 0, 0, 5, null, 0, 0, 0, 0);
INSERT INTO card_table (count, uma_id, uma_name) VALUES (3, 10003, 'tokai-teio');
INSERT INTO card_events (event_id, event_name, uma_id, uma_name, category) VALUES (5, '我的作法', 10003, 'tokai-teio', '隨機事件');
INSERT INTO card_event_choices (choice_id, event_id, choice_label, chain_index, speed, stamina, strength, willpower, intelligence, hp, mood, skill_point, character_favor, event_condition, is_random_value, is_random_attribute, is_random_block_training, is_end_chained_event) VALUES (9, 5, 'Up', 0, 0, 0, 0, 0, 0, 0, 1, 15, 5, null, 0, 0, 0, 0);
INSERT INTO card_event_choices (choice_id, event_id, choice_label, chain_index, speed, stamina, strength, willpower, intelligence, hp, mood, skill_point, character_favor, event_condition, is_random_value, is_random_attribute, is_random_block_training, is_end_chained_event) VALUES (10, 5, 'Down', 0, 0, 0, 0, 15, 0, 0, 0, 0, 5, null, 0, 0, 0, 0);
INSERT INTO card_events (event_id, event_name, uma_id, uma_name, category) VALUES (6, '我的武器', 10003, 'tokai-teio', '隨機事件');
INSERT INTO card_event_choices (choice_id, event_id, choice_label, chain_index, speed, stamina, strength, willpower, intelligence, hp, mood, skill_point, character_favor, event_condition, is_random_value, is_random_attribute, is_random_block_training, is_end_chained_event) VALUES (11, 6, 'Up', 0, 0, 0, 0, 10, 0, 0, 1, 0, 5, null, 0, 0, 0, 0);
INSERT INTO card_event_choices (choice_id, event_id, choice_label, chain_index, speed, stamina, strength, willpower, intelligence, hp, mood, skill_point, character_favor, event_condition, is_random_value, is_random_attribute, is_random_block_training, is_end_chained_event) VALUES (12, 6, 'Down', 0, 0, 0, 0, 0, 0, 0, 0, 0, 5, null, 0, 0, 0, 0);
INSERT INTO card_table (count, uma_id, uma_name) VALUES (4, 10004, 'maruzensky');
INSERT INTO card_events (event_id, event_name, uma_id, uma_name, category) VALUES (7, '都是為了可愛的後輩嘛', 10004, 'maruzensky', '隨機事件');
INSERT INTO card_event_choices (choice_id, event_id, choice_label, chain_index, speed, stamina, strength, willpower, intelligence, hp, mood, skill_point, character_favor, event_condition, is_random_value, is_random_attribute, is_random_block_training, is_end_chained_event) VALUES (13, 7, 'Up', 0, 0, 0, 0, 0, 0, 0, 0, 0, 5, null, 0, 0, 0, 0);
INSERT INTO card_event_choices (choice_id, event_id, choice_label, chain_index, speed, stamina, strength, willpower, intelligence, hp, mood, skill_point, character_favor, event_condition, is_random_value, is_random_attribute, is_random_block_training, is_end_chained_event) VALUES (14, 7, 'Down', 0, 10, 0, 0, 0, 0, 5, 0, 0, 5, null, 0, 0, 0, 0);
INSERT INTO card_events (event_id, event_name, uma_id, uma_name, category) VALUES (8, '揪～四要酷炫兜風', 10004, 'maruzensky', '隨機事件');
INSERT INTO card_event_choices (choice_id, event_id, choice_label, chain_index, speed, stamina, strength, willpower, intelligence, hp, mood, skill_point, character_favor, event_condition, is_random_value, is_random_attribute, is_random_block_training, is_end_chained_event) VALUES (15, 8, 'Up', 0, 5, 0, 0, 0, 0, 0, 1, 0, 5, null, 0, 0, 0, 0);
INSERT INTO card_event_choices (choice_id, event_id, choice_label, chain_index, speed, stamina, strength, willpower, intelligence, hp, mood, skill_point, character_favor, event_condition, is_random_value, is_random_attribute, is_random_block_training, is_end_chained_event) VALUES (16, 8, 'Down', 0, 0, 0, 0, 0, 5, 0, 1, 0, 5, null, 0, 0, 0, 0);
INSERT INTO card_table (count, uma_id, uma_name) VALUES (5, 10005, 'oguri-cap');
INSERT INTO card_events (event_id, event_name, uma_id, uma_name, category) VALUES (9, '該如何回答才好……', 10005, 'oguri-cap', '隨機事件');
INSERT INTO card_event_choices (choice_id, event_id, choice_label, chain_index, speed, stamina, strength, willpower, intelligence, hp, mood, skill_point, character_favor, event_condition, is_random_value, is_random_attribute, is_random_block_training, is_end_chained_event) VALUES (17, 9, 'Up', 0, 0, 0, 5, 0, 0, 5, 0, 0, 5, null, 0, 0, 0, 0);
INSERT INTO card_event_choices (choice_id, event_id, choice_label, chain_index, speed, stamina, strength, willpower, intelligence, hp, mood, skill_point, character_favor, event_condition, is_random_value, is_random_attribute, is_random_block_training, is_end_chained_event) VALUES (18, 9, 'Down', 0, 0, 0, 0, 15, 0, -10, 0, 0, 5, null, 0, 0, 0, 0);
INSERT INTO card_events (event_id, event_name, uma_id, uma_name, category) VALUES (10, '人潮很麻煩呢……', 10005, 'oguri-cap', '隨機事件');
INSERT INTO card_event_choices (choice_id, event_id, choice_label, chain_index, speed, stamina, strength, willpower, intelligence, hp, mood, skill_point, character_favor, event_condition, is_random_value, is_random_attribute, is_random_block_training, is_end_chained_event) VALUES (19, 10, 'Up', 0, 0, 0, 5, 0, 0, 0, 0, 15, 5, null, 0, 0, 0, 0);
INSERT INTO card_event_choices (choice_id, event_id, choice_label, chain_index, speed, stamina, strength, willpower, intelligence, hp, mood, skill_point, character_favor, event_condition, is_random_value, is_random_attribute, is_random_block_training, is_end_chained_event) VALUES (20, 10, 'Down', 0, 0, 0, 0, 0, 0, 0, 0, 0, 5, null, 0, 0, 0, 0);
INSERT INTO card_table (count, uma_id, uma_name) VALUES (6, 10006, 'gold-ship');
INSERT INTO card_events (event_id, event_name, uma_id, uma_name, category) VALUES (11, '冒險家黃金船', 10006, 'gold-ship', '隨機事件');
INSERT INTO card_event_choices (choice_id, event_id, choice_label, chain_index, speed, stamina, strength, willpower, intelligence, hp, mood, skill_point, character_favor, event_condition, is_random_value, is_random_attribute, is_random_block_training, is_end_chained_event) VALUES (21, 11, 'Up', 0, 0, 15, 0, 0, 0, 0, 0, 0, 5, null, 0, 0, 0, 0);
INSERT INTO card_event_choices (choice_id, event_id, choice_label, chain_index, speed, stamina, strength, willpower, intelligence, hp, mood, skill_point, character_favor, event_condition, is_random_value, is_random_attribute, is_random_block_training, is_end_chained_event) VALUES (22, 11, 'Down', 0, 0, 0, 0, 10, 0, 0, 0, 15, 5, null, 0, 0, 0, 0);
INSERT INTO card_events (event_id, event_name, uma_id, uma_name, category) VALUES (12, '復活吧！阿船標章的醬汁炒麵！', 10006, 'gold-ship', '隨機事件');
INSERT INTO card_event_choices (choice_id, event_id, choice_label, chain_index, speed, stamina, strength, willpower, intelligence, hp, mood, skill_point, character_favor, event_condition, is_random_value, is_random_attribute, is_random_block_training, is_end_chained_event) VALUES (23, 12, 'Up', 0, 0, 5, 0, 0, 0, 0, 1, 0, 5, null, 0, 0, 0, 0);
INSERT INTO card_event_choices (choice_id, event_id, choice_label, chain_index, speed, stamina, strength, willpower, intelligence, hp, mood, skill_point, character_favor, event_condition, is_random_value, is_random_attribute, is_random_block_training, is_end_chained_event) VALUES (24, 12, 'Down', 0, 0, 0, 0, 0, 0, 0, 0, 0, 5, null, 0, 0, 0, 0);
INSERT INTO card_table (count, uma_id, uma_name) VALUES (7, 10007, 'vodka');
INSERT INTO card_events (event_id, event_name, uma_id, uma_name, category) VALUES (13, '憧憬的那句話', 10007, 'vodka', '隨機事件');
INSERT INTO card_event_choices (choice_id, event_id, choice_label, chain_index, speed, stamina, strength, willpower, intelligence, hp, mood, skill_point, character_favor, event_condition, is_random_value, is_random_attribute, is_random_block_training, is_end_chained_event) VALUES (25, 13, 'Up', 0, 0, 0, 10, 0, 0, 0, 0, 0, 5, null, 0, 0, 0, 0);
INSERT INTO card_event_choices (choice_id, event_id, choice_label, chain_index, speed, stamina, strength, willpower, intelligence, hp, mood, skill_point, character_favor, event_condition, is_random_value, is_random_attribute, is_random_block_training, is_end_chained_event) VALUES (26, 13, 'Down', 0, 0, 0, 5, 0, 0, 0, 0, 15, 5, null, 0, 0, 0, 0);
INSERT INTO card_events (event_id, event_name, uma_id, uma_name, category) VALUES (14, '大街上的強敵', 10007, 'vodka', '隨機事件');
INSERT INTO card_event_choices (choice_id, event_id, choice_label, chain_index, speed, stamina, strength, willpower, intelligence, hp, mood, skill_point, character_favor, event_condition, is_random_value, is_random_attribute, is_random_block_training, is_end_chained_event) VALUES (27, 14, 'Up', 0, 0, 0, 0, 0, 0, 0, 0, 0, 5, null, 0, 0, 0, 0);
INSERT INTO card_event_choices (choice_id, event_id, choice_label, chain_index, speed, stamina, strength, willpower, intelligence, hp, mood, skill_point, character_favor, event_condition, is_random_value, is_random_attribute, is_random_block_training, is_end_chained_event) VALUES (28, 14, 'Down', 0, 0, 0, 5, 0, 0, 0, 0, 15, 5, null, 0, 0, 0, 0);
INSERT INTO card_table (count, uma_id, uma_name) VALUES (8, 10008, 'taiki-shuttle');
INSERT INTO card_events (event_id, event_name, uma_id, uma_name, category) VALUES (15, 'Yes！Let''s抱抱☆', 10008, 'taiki-shuttle', '隨機事件');
INSERT INTO card_event_choices (choice_id, event_id, choice_label, chain_index, speed, stamina, strength, willpower, intelligence, hp, mood, skill_point, character_favor, event_condition, is_random_value, is_random_attribute, is_random_block_training, is_end_chained_event) VALUES (29, 15, 'Up', 0, 10, 0, 0, 0, 0, 0, 0, 0, 5, null, 0, 0, 0, 0);
INSERT INTO card_event_choices (choice_id, event_id, choice_label, chain_index, speed, stamina, strength, willpower, intelligence, hp, mood, skill_point, character_favor, event_condition, is_random_value, is_random_attribute, is_random_block_training, is_end_chained_event) VALUES (30, 15, 'Down', 0, 5, 0, 5, 0, 0, 0, 0, 0, 5, null, 0, 0, 0, 0);
INSERT INTO card_events (event_id, event_name, uma_id, uma_name, category) VALUES (16, 'Oh！Tonight．派對☆', 10008, 'taiki-shuttle', '隨機事件');
INSERT INTO card_event_choices (choice_id, event_id, choice_label, chain_index, speed, stamina, strength, willpower, intelligence, hp, mood, skill_point, character_favor, event_condition, is_random_value, is_random_attribute, is_random_block_training, is_end_chained_event) VALUES (31, 16, 'Up', 0, 5, 0, 10, 0, 0, -10, 0, 0, 5, null, 0, 0, 0, 0);
INSERT INTO card_event_choices (choice_id, event_id, choice_label, chain_index, speed, stamina, strength, willpower, intelligence, hp, mood, skill_point, character_favor, event_condition, is_random_value, is_random_attribute, is_random_block_training, is_end_chained_event) VALUES (32, 16, 'Down', 0, 0, 0, 0, 0, 0, 0, 0, 0, 5, null, 0, 0, 0, 0);
INSERT INTO card_table (count, uma_id, uma_name) VALUES (9, 10009, 'grass-wonder');
INSERT INTO card_events (event_id, event_name, uma_id, uma_name, category) VALUES (17, '書庫，煩思', 10009, 'grass-wonder', '隨機事件');
INSERT INTO card_event_choices (choice_id, event_id, choice_label, chain_index, speed, stamina, strength, willpower, intelligence, hp, mood, skill_point, character_favor, event_condition, is_random_value, is_random_attribute, is_random_block_training, is_end_chained_event) VALUES (33, 17, 'Up', 0, 0, 0, 0, 0, 10, 0, 0, 0, 5, null, 0, 0, 0, 0);
INSERT INTO card_event_choices (choice_id, event_id, choice_label, chain_index, speed, stamina, strength, willpower, intelligence, hp, mood, skill_point, character_favor, event_condition, is_random_value, is_random_attribute, is_random_block_training, is_end_chained_event) VALUES (34, 17, 'Down', 0, 0, 0, 0, 5, 5, 0, 0, 0, 5, null, 0, 0, 0, 0);
INSERT INTO card_events (event_id, event_name, uma_id, uma_name, category) VALUES (18, '正午，議論', 10009, 'grass-wonder', '隨機事件');
INSERT INTO card_event_choices (choice_id, event_id, choice_label, chain_index, speed, stamina, strength, willpower, intelligence, hp, mood, skill_point, character_favor, event_condition, is_random_value, is_random_attribute, is_random_block_training, is_end_chained_event) VALUES (35, 18, 'Up', 0, 0, 0, 0, 0, 0, 0, 0, 0, 5, null, 0, 0, 0, 0);
INSERT INTO card_event_choices (choice_id, event_id, choice_label, chain_index, speed, stamina, strength, willpower, intelligence, hp, mood, skill_point, character_favor, event_condition, is_random_value, is_random_attribute, is_random_block_training, is_end_chained_event) VALUES (36, 18, 'Down', 0, 0, 0, 0, 0, 0, 0, 0, 0, 5, null, 0, 0, 0, 0);
INSERT INTO card_table (count, uma_id, uma_name) VALUES (10, 10010, 'mejiro-mcqueen');
INSERT INTO card_events (event_id, event_name, uma_id, uma_name, category) VALUES (19, '為了維持體重', 10010, 'mejiro-mcqueen', '隨機事件');
INSERT INTO card_event_choices (choice_id, event_id, choice_label, chain_index, speed, stamina, strength, willpower, intelligence, hp, mood, skill_point, character_favor, event_condition, is_random_value, is_random_attribute, is_random_block_training, is_end_chained_event) VALUES (37, 19, 'Up', 0, 0, 15, 0, 0, 0, -10, 0, 0, 5, null, 0, 0, 0, 0);
INSERT INTO card_event_choices (choice_id, event_id, choice_label, chain_index, speed, stamina, strength, willpower, intelligence, hp, mood, skill_point, character_favor, event_condition, is_random_value, is_random_attribute, is_random_block_training, is_end_chained_event) VALUES (38, 19, 'Down', 0, 0, 5, 0, 0, 0, 4, 0, 0, 5, null, 0, 0, 0, 0);
INSERT INTO card_events (event_id, event_name, uma_id, uma_name, category) VALUES (20, '為了達到巔峰', 10010, 'mejiro-mcqueen', '隨機事件');
INSERT INTO card_event_choices (choice_id, event_id, choice_label, chain_index, speed, stamina, strength, willpower, intelligence, hp, mood, skill_point, character_favor, event_condition, is_random_value, is_random_attribute, is_random_block_training, is_end_chained_event) VALUES (39, 20, 'Up', 0, 0, 5, 0, 5, 0, 0, 0, 0, 5, null, 0, 0, 0, 0);
INSERT INTO card_event_choices (choice_id, event_id, choice_label, chain_index, speed, stamina, strength, willpower, intelligence, hp, mood, skill_point, character_favor, event_condition, is_random_value, is_random_attribute, is_random_block_training, is_end_chained_event) VALUES (40, 20, 'Down', 0, 0, 0, 0, 0, 0, 0, 0, 0, 5, null, 0, 0, 0, 0);
INSERT INTO card_table (count, uma_id, uma_name) VALUES (11, 10011, 'el-condor-pasa');
INSERT INTO card_events (event_id, event_name, uma_id, uma_name, category) VALUES (21, '熊熊燃燒．Fire！', 10011, 'el-condor-pasa', '隨機事件');
INSERT INTO card_event_choices (choice_id, event_id, choice_label, chain_index, speed, stamina, strength, willpower, intelligence, hp, mood, skill_point, character_favor, event_condition, is_random_value, is_random_attribute, is_random_block_training, is_end_chained_event) VALUES (41, 21, 'Up', 0, 0, 10, 0, 0, 0, 0, 0, 0, 5, null, 0, 0, 0, 0);
INSERT INTO card_event_choices (choice_id, event_id, choice_label, chain_index, speed, stamina, strength, willpower, intelligence, hp, mood, skill_point, character_favor, event_condition, is_random_value, is_random_attribute, is_random_block_training, is_end_chained_event) VALUES (42, 21, 'Down', 0, 0, 0, 20, 0, 0, -10, 0, 0, 5, null, 0, 0, 0, 0);
INSERT INTO card_events (event_id, event_name, uma_id, uma_name, category) VALUES (22, 'Secret note！', 10011, 'el-condor-pasa', '隨機事件');
INSERT INTO card_event_choices (choice_id, event_id, choice_label, chain_index, speed, stamina, strength, willpower, intelligence, hp, mood, skill_point, character_favor, event_condition, is_random_value, is_random_attribute, is_random_block_training, is_end_chained_event) VALUES (43, 22, 'Up', 0, 0, 0, 10, 0, 0, 0, 0, 0, 5, null, 0, 0, 0, 0);
INSERT INTO card_event_choices (choice_id, event_id, choice_label, chain_index, speed, stamina, strength, willpower, intelligence, hp, mood, skill_point, character_favor, event_condition, is_random_value, is_random_attribute, is_random_block_training, is_end_chained_event) VALUES (44, 22, 'Down', 0, 0, 0, 0, 0, 0, 0, 0, 0, 5, null, 0, 0, 0, 0);
INSERT INTO card_table (count, uma_id, uma_name) VALUES (12, 10012, 'tm-opera-o');
INSERT INTO card_events (event_id, event_name, uma_id, uma_name, category) VALUES (23, '成為贏家的練習曲', 10012, 'tm-opera-o', '隨機事件');
INSERT INTO card_event_choices (choice_id, event_id, choice_label, chain_index, speed, stamina, strength, willpower, intelligence, hp, mood, skill_point, character_favor, event_condition, is_random_value, is_random_attribute, is_random_block_training, is_end_chained_event) VALUES (45, 23, 'Up', 0, 5, 0, 0, 0, 0, 0, -1, 30, 5, null, 0, 0, 0, 0);
INSERT INTO card_event_choices (choice_id, event_id, choice_label, chain_index, speed, stamina, strength, willpower, intelligence, hp, mood, skill_point, character_favor, event_condition, is_random_value, is_random_attribute, is_random_block_training, is_end_chained_event) VALUES (46, 23, 'Down', 0, 0, 0, 5, 0, 0, 0, 0, 15, 5, null, 0, 0, 0, 0);
INSERT INTO card_events (event_id, event_name, uma_id, uma_name, category) VALUES (24, '超越有限的時間', 10012, 'tm-opera-o', '隨機事件');
INSERT INTO card_event_choices (choice_id, event_id, choice_label, chain_index, speed, stamina, strength, willpower, intelligence, hp, mood, skill_point, character_favor, event_condition, is_random_value, is_random_attribute, is_random_block_training, is_end_chained_event) VALUES (47, 24, 'Up', 0, 0, 0, 0, 0, 0, 10, 0, 15, 5, null, 0, 0, 0, 0);
INSERT INTO card_event_choices (choice_id, event_id, choice_label, chain_index, speed, stamina, strength, willpower, intelligence, hp, mood, skill_point, character_favor, event_condition, is_random_value, is_random_attribute, is_random_block_training, is_end_chained_event) VALUES (48, 24, 'Down', 0, 0, 0, 0, 0, 0, 0, 0, 0, 5, null, 0, 0, 0, 0);
INSERT INTO card_table (count, uma_id, uma_name) VALUES (13, 10013, 'symboli-rudolf');
INSERT INTO card_events (event_id, event_name, uma_id, uma_name, category) VALUES (25, '「皇帝」的激勵', 10013, 'symboli-rudolf', '隨機事件');
INSERT INTO card_event_choices (choice_id, event_id, choice_label, chain_index, speed, stamina, strength, willpower, intelligence, hp, mood, skill_point, character_favor, event_condition, is_random_value, is_random_attribute, is_random_block_training, is_end_chained_event) VALUES (49, 25, 'Up', 0, 10, 0, 0, 0, 0, 0, 0, 0, 5, null, 0, 0, 0, 0);
INSERT INTO card_event_choices (choice_id, event_id, choice_label, chain_index, speed, stamina, strength, willpower, intelligence, hp, mood, skill_point, character_favor, event_condition, is_random_value, is_random_attribute, is_random_block_training, is_end_chained_event) VALUES (50, 25, 'Down', 0, 0, 0, 0, 0, 0, -10, 0, 30, 5, null, 0, 0, 0, 0);
INSERT INTO card_events (event_id, event_name, uma_id, uma_name, category) VALUES (26, '學生會會長的思緒', 10013, 'symboli-rudolf', '隨機事件');
INSERT INTO card_event_choices (choice_id, event_id, choice_label, chain_index, speed, stamina, strength, willpower, intelligence, hp, mood, skill_point, character_favor, event_condition, is_random_value, is_random_attribute, is_random_block_training, is_end_chained_event) VALUES (51, 26, 'Up', 0, 0, 0, 0, 0, 0, 0, 0, 0, 5, null, 0, 0, 0, 0);
INSERT INTO card_event_choices (choice_id, event_id, choice_label, chain_index, speed, stamina, strength, willpower, intelligence, hp, mood, skill_point, character_favor, event_condition, is_random_value, is_random_attribute, is_random_block_training, is_end_chained_event) VALUES (52, 26, 'Down', 0, 0, 15, 0, 0, 0, 0, 0, 0, 5, null, 0, 0, 0, 0);
INSERT INTO card_table (count, uma_id, uma_name) VALUES (14, 10014, 'seiun-sky');
INSERT INTO card_events (event_id, event_name, uma_id, uma_name, category) VALUES (27, '隨便招募，捕捉小貓的方法', 10014, 'seiun-sky', '隨機事件');
INSERT INTO card_event_choices (choice_id, event_id, choice_label, chain_index, speed, stamina, strength, willpower, intelligence, hp, mood, skill_point, character_favor, event_condition, is_random_value, is_random_attribute, is_random_block_training, is_end_chained_event) VALUES (53, 27, 'Up', 0, 0, 0, 0, 0, 5, 10, 0, 0, 5, null, 0, 0, 0, 0);
INSERT INTO card_event_choices (choice_id, event_id, choice_label, chain_index, speed, stamina, strength, willpower, intelligence, hp, mood, skill_point, character_favor, event_condition, is_random_value, is_random_attribute, is_random_block_training, is_end_chained_event) VALUES (54, 27, 'Down', 0, 15, 5, 0, 0, 0, -10, 0, 0, 5, null, 0, 0, 0, 0);
INSERT INTO card_events (event_id, event_name, uma_id, uma_name, category) VALUES (28, '隨便招募，給建議的人', 10014, 'seiun-sky', '隨機事件');
INSERT INTO card_event_choices (choice_id, event_id, choice_label, chain_index, speed, stamina, strength, willpower, intelligence, hp, mood, skill_point, character_favor, event_condition, is_random_value, is_random_attribute, is_random_block_training, is_end_chained_event) VALUES (55, 28, 'Up', 0, 0, 0, 0, 0, 15, 0, 0, 0, 5, null, 0, 0, 0, 0);
INSERT INTO card_event_choices (choice_id, event_id, choice_label, chain_index, speed, stamina, strength, willpower, intelligence, hp, mood, skill_point, character_favor, event_condition, is_random_value, is_random_attribute, is_random_block_training, is_end_chained_event) VALUES (56, 28, 'Down', 0, 0, 0, 0, 0, 0, 0, 0, 0, 5, null, 0, 0, 0, 0);
INSERT INTO card_table (count, uma_id, uma_name) VALUES (15, 10015, 'rice-shower');
INSERT INTO card_events (event_id, event_name, uma_id, uma_name, category) VALUES (29, '在花店的一頁', 10015, 'rice-shower', '隨機事件');
INSERT INTO card_event_choices (choice_id, event_id, choice_label, chain_index, speed, stamina, strength, willpower, intelligence, hp, mood, skill_point, character_favor, event_condition, is_random_value, is_random_attribute, is_random_block_training, is_end_chained_event) VALUES (57, 29, 'Up', 0, 0, 0, 0, 0, 0, 0, 2, 0, 5, null, 0, 0, 0, 0);
INSERT INTO card_event_choices (choice_id, event_id, choice_label, chain_index, speed, stamina, strength, willpower, intelligence, hp, mood, skill_point, character_favor, event_condition, is_random_value, is_random_attribute, is_random_block_training, is_end_chained_event) VALUES (58, 29, 'Down', 0, 0, 10, 0, 0, 0, 0, 0, 0, 5, null, 0, 0, 0, 0);
INSERT INTO card_events (event_id, event_name, uma_id, uma_name, category) VALUES (30, '陰天的一頁', 10015, 'rice-shower', '隨機事件');
INSERT INTO card_event_choices (choice_id, event_id, choice_label, chain_index, speed, stamina, strength, willpower, intelligence, hp, mood, skill_point, character_favor, event_condition, is_random_value, is_random_attribute, is_random_block_training, is_end_chained_event) VALUES (59, 30, 'Up', 0, 5, 0, 0, 5, 0, 0, 0, 0, 5, null, 0, 0, 0, 0);
INSERT INTO card_event_choices (choice_id, event_id, choice_label, chain_index, speed, stamina, strength, willpower, intelligence, hp, mood, skill_point, character_favor, event_condition, is_random_value, is_random_attribute, is_random_block_training, is_end_chained_event) VALUES (60, 30, 'Down', 0, 0, 0, 0, 0, 0, 0, 0, 0, 5, null, 0, 0, 0, 0);
INSERT INTO card_table (count, uma_id, uma_name) VALUES (16, 10016, 'winning-ticket');
INSERT INTO card_events (event_id, event_name, uma_id, uma_name, category) VALUES (31, '全．力．肌．肉！！', 10016, 'winning-ticket', '隨機事件');
INSERT INTO card_event_choices (choice_id, event_id, choice_label, chain_index, speed, stamina, strength, willpower, intelligence, hp, mood, skill_point, character_favor, event_condition, is_random_value, is_random_attribute, is_random_block_training, is_end_chained_event) VALUES (61, 31, 'Up', 0, 0, 5, 0, 0, 0, 0, 0, 15, 5, null, 0, 0, 0, 0);
INSERT INTO card_event_choices (choice_id, event_id, choice_label, chain_index, speed, stamina, strength, willpower, intelligence, hp, mood, skill_point, character_favor, event_condition, is_random_value, is_random_attribute, is_random_block_training, is_end_chained_event) VALUES (62, 31, 'Down', 0, 0, 0, 0, 0, 0, 0, 1, 15, 5, null, 0, 0, 0, 0);
INSERT INTO card_events (event_id, event_name, uma_id, uma_name, category) VALUES (32, '全．力．競．速！！', 10016, 'winning-ticket', '隨機事件');
INSERT INTO card_event_choices (choice_id, event_id, choice_label, chain_index, speed, stamina, strength, willpower, intelligence, hp, mood, skill_point, character_favor, event_condition, is_random_value, is_random_attribute, is_random_block_training, is_end_chained_event) VALUES (63, 32, 'Up', 0, 0, 0, 0, 0, 0, 0, 0, 0, 5, null, 0, 0, 0, 0);
INSERT INTO card_event_choices (choice_id, event_id, choice_label, chain_index, speed, stamina, strength, willpower, intelligence, hp, mood, skill_point, character_favor, event_condition, is_random_value, is_random_attribute, is_random_block_training, is_end_chained_event) VALUES (64, 32, 'Down', 0, 0, 0, 0, 0, 0, 0, 0, 30, 5, null, 0, 0, 0, 0);
INSERT INTO card_table (count, uma_id, uma_name) VALUES (17, 10017, 'gold-city');
INSERT INTO card_events (event_id, event_name, uma_id, uma_name, category) VALUES (33, '08：36／睡過頭，糟糕', 10017, 'gold-city', '隨機事件');
INSERT INTO card_event_choices (choice_id, event_id, choice_label, chain_index, speed, stamina, strength, willpower, intelligence, hp, mood, skill_point, character_favor, event_condition, is_random_value, is_random_attribute, is_random_block_training, is_end_chained_event) VALUES (65, 33, 'Up', 0, 0, 0, 0, 0, 0, 0, -1, 45, 5, null, 0, 0, 0, 0);
INSERT INTO card_event_choices (choice_id, event_id, choice_label, chain_index, speed, stamina, strength, willpower, intelligence, hp, mood, skill_point, character_favor, event_condition, is_random_value, is_random_attribute, is_random_block_training, is_end_chained_event) VALUES (66, 33, 'Down', 0, 0, 0, 0, 0, 5, 10, 0, 0, 5, null, 0, 0, 0, 0);
INSERT INTO card_events (event_id, event_name, uma_id, uma_name, category) VALUES (34, '13：12／午休，必須拿出幹勁', 10017, 'gold-city', '隨機事件');
INSERT INTO card_event_choices (choice_id, event_id, choice_label, chain_index, speed, stamina, strength, willpower, intelligence, hp, mood, skill_point, character_favor, event_condition, is_random_value, is_random_attribute, is_random_block_training, is_end_chained_event) VALUES (67, 34, 'Up', 0, 0, 0, 0, 0, 0, 0, 0, 30, 5, null, 0, 0, 0, 0);
INSERT INTO card_event_choices (choice_id, event_id, choice_label, chain_index, speed, stamina, strength, willpower, intelligence, hp, mood, skill_point, character_favor, event_condition, is_random_value, is_random_attribute, is_random_block_training, is_end_chained_event) VALUES (68, 34, 'Down', 0, 0, 0, 0, 0, 0, 0, 0, 0, 5, null, 0, 0, 0, 0);
INSERT INTO card_table (count, uma_id, uma_name) VALUES (18, 10018, 'sakura-bakushin-o');
INSERT INTO card_events (event_id, event_name, uma_id, uma_name, category) VALUES (35, '模範生的一舉兩得！！', 10018, 'sakura-bakushin-o', '隨機事件');
INSERT INTO card_event_choices (choice_id, event_id, choice_label, chain_index, speed, stamina, strength, willpower, intelligence, hp, mood, skill_point, character_favor, event_condition, is_random_value, is_random_attribute, is_random_block_training, is_end_chained_event) VALUES (69, 35, 'Up', 0, 15, 0, 0, 0, 0, 0, 0, 0, 5, null, 0, 0, 0, 0);
INSERT INTO card_event_choices (choice_id, event_id, choice_label, chain_index, speed, stamina, strength, willpower, intelligence, hp, mood, skill_point, character_favor, event_condition, is_random_value, is_random_attribute, is_random_block_training, is_end_chained_event) VALUES (70, 35, 'Down', 0, 5, 0, 10, 0, 0, 0, 0, 0, 5, null, 0, 0, 0, 0);
INSERT INTO card_events (event_id, event_name, uma_id, uma_name, category) VALUES (36, '讓人想立刻開跑！！', 10018, 'sakura-bakushin-o', '隨機事件');
INSERT INTO card_event_choices (choice_id, event_id, choice_label, chain_index, speed, stamina, strength, willpower, intelligence, hp, mood, skill_point, character_favor, event_condition, is_random_value, is_random_attribute, is_random_block_training, is_end_chained_event) VALUES (71, 36, 'Up', 0, 0, 0, 0, 0, 0, 0, 0, 0, 5, null, 0, 0, 0, 0);
INSERT INTO card_event_choices (choice_id, event_id, choice_label, chain_index, speed, stamina, strength, willpower, intelligence, hp, mood, skill_point, character_favor, event_condition, is_random_value, is_random_attribute, is_random_block_training, is_end_chained_event) VALUES (72, 36, 'Down', 0, 10, 0, 5, 0, 0, -10, 0, 0, 5, null, 0, 0, 0, 0);
INSERT INTO card_table (count, uma_id, uma_name) VALUES (19, 10019, 'super-creek');
INSERT INTO card_events (event_id, event_name, uma_id, uma_name, category) VALUES (37, '要幫忙請交給我♪', 10019, 'super-creek', '隨機事件');
INSERT INTO card_event_choices (choice_id, event_id, choice_label, chain_index, speed, stamina, strength, willpower, intelligence, hp, mood, skill_point, character_favor, event_condition, is_random_value, is_random_attribute, is_random_block_training, is_end_chained_event) VALUES (73, 37, 'Up', 0, 0, 0, 0, 0, 0, 15, 0, 0, 5, null, 0, 0, 0, 0);
INSERT INTO card_event_choices (choice_id, event_id, choice_label, chain_index, speed, stamina, strength, willpower, intelligence, hp, mood, skill_point, character_favor, event_condition, is_random_value, is_random_attribute, is_random_block_training, is_end_chained_event) VALUES (74, 37, 'Down', 0, 0, 10, 0, 0, 0, 0, 0, 0, 5, null, 0, 0, 0, 0);
INSERT INTO card_events (event_id, event_name, uma_id, uma_name, category) VALUES (38, '要體貼請交給我♪', 10019, 'super-creek', '隨機事件');
INSERT INTO card_event_choices (choice_id, event_id, choice_label, chain_index, speed, stamina, strength, willpower, intelligence, hp, mood, skill_point, character_favor, event_condition, is_random_value, is_random_attribute, is_random_block_training, is_end_chained_event) VALUES (75, 38, 'Up', 0, 0, 0, 0, 0, 0, 0, 0, 0, 5, null, 0, 0, 0, 0);
INSERT INTO card_event_choices (choice_id, event_id, choice_label, chain_index, speed, stamina, strength, willpower, intelligence, hp, mood, skill_point, character_favor, event_condition, is_random_value, is_random_attribute, is_random_block_training, is_end_chained_event) VALUES (76, 38, 'Down', 0, 0, 5, 0, 0, 0, 10, 0, 0, 5, null, 0, 0, 0, 0);
INSERT INTO card_table (count, uma_id, uma_name) VALUES (20, 10020, 'haru-urara');
INSERT INTO card_events (event_id, event_name, uma_id, uma_name, category) VALUES (39, '烏菈菈☆準備考試', 10020, 'haru-urara', '隨機事件');
INSERT INTO card_event_choices (choice_id, event_id, choice_label, chain_index, speed, stamina, strength, willpower, intelligence, hp, mood, skill_point, character_favor, event_condition, is_random_value, is_random_attribute, is_random_block_training, is_end_chained_event) VALUES (77, 39, 'Up', 0, 0, 0, 0, 0, 5, 10, 0, 0, 5, null, 0, 0, 0, 0);
INSERT INTO card_event_choices (choice_id, event_id, choice_label, chain_index, speed, stamina, strength, willpower, intelligence, hp, mood, skill_point, character_favor, event_condition, is_random_value, is_random_attribute, is_random_block_training, is_end_chained_event) VALUES (78, 39, 'Down', 0, 0, 0, 0, 0, 5, 0, 1, 0, 5, null, 0, 0, 0, 0);
INSERT INTO card_events (event_id, event_name, uma_id, uma_name, category) VALUES (40, '烏菈菈☆伏兵衝刺！', 10020, 'haru-urara', '隨機事件');
INSERT INTO card_event_choices (choice_id, event_id, choice_label, chain_index, speed, stamina, strength, willpower, intelligence, hp, mood, skill_point, character_favor, event_condition, is_random_value, is_random_attribute, is_random_block_training, is_end_chained_event) VALUES (79, 40, 'Up', 0, 0, 0, 0, 0, 0, 0, 0, 0, 5, null, 0, 0, 0, 0);
INSERT INTO card_event_choices (choice_id, event_id, choice_label, chain_index, speed, stamina, strength, willpower, intelligence, hp, mood, skill_point, character_favor, event_condition, is_random_value, is_random_attribute, is_random_block_training, is_end_chained_event) VALUES (80, 40, 'Down', 0, 0, 0, 0, 0, 0, 10, 1, 0, 5, null, 0, 0, 0, 0);
INSERT INTO card_table (count, uma_id, uma_name) VALUES (21, 10021, 'tazuna-hayakawa');
INSERT INTO card_events (event_id, event_name, uma_id, uma_name, category) VALUES (41, '(❯) 有時牛奶、有時蘋果', 10021, 'tazuna-hayakawa', '外出');
INSERT INTO card_event_choices (choice_id, event_id, choice_label, chain_index, speed, stamina, strength, willpower, intelligence, hp, mood, skill_point, character_favor, event_condition, is_random_value, is_random_attribute, is_random_block_training, is_end_chained_event) VALUES (81, 41, 'None', 1, 5, 0, 0, 0, 0, 25, 1, 0, 5, null, 0, 0, 0, 0);
INSERT INTO card_events (event_id, event_name, uma_id, uma_name, category) VALUES (42, '(❯❯) 驚異的領頭腳質？', 10021, 'tazuna-hayakawa', '外出');
INSERT INTO card_event_choices (choice_id, event_id, choice_label, chain_index, speed, stamina, strength, willpower, intelligence, hp, mood, skill_point, character_favor, event_condition, is_random_value, is_random_attribute, is_random_block_training, is_end_chained_event) VALUES (82, 42, 'None', 2, 0, 0, 0, 0, 0, 25, 0, 0, 5, '治癒一個負', 0, 0, 0, 0);
INSERT INTO card_events (event_id, event_name, uma_id, uma_name, category) VALUES (43, '(❯❯❯) 電影的回憶', 10021, 'tazuna-hayakawa', '外出');
INSERT INTO card_event_choices (choice_id, event_id, choice_label, chain_index, speed, stamina, strength, willpower, intelligence, hp, mood, skill_point, character_favor, event_condition, is_random_value, is_random_attribute, is_random_block_training, is_end_chained_event) VALUES (83, 43, 'Up', 3, 0, 5, 0, 0, 0, 25, 1, 0, 5, null, 0, 0, 0, 0);
INSERT INTO card_event_choices (choice_id, event_id, choice_label, chain_index, speed, stamina, strength, willpower, intelligence, hp, mood, skill_point, character_favor, event_condition, is_random_value, is_random_attribute, is_random_block_training, is_end_chained_event) VALUES (84, 43, 'Down', 3, 0, 10, 0, 10, 0, 0, 1, 0, 5, null, 0, 0, 0, 0);
INSERT INTO card_events (event_id, event_name, uma_id, uma_name, category) VALUES (44, '(❯❯❯❯) 嘆息與OK繃', 10021, 'tazuna-hayakawa', '外出');
INSERT INTO card_event_choices (choice_id, event_id, choice_label, chain_index, speed, stamina, strength, willpower, intelligence, hp, mood, skill_point, character_favor, event_condition, is_random_value, is_random_attribute, is_random_block_training, is_end_chained_event) VALUES (85, 44, 'None', 4, 0, 0, 0, 0, 5, 35, 1, 0, 5, '治癒一個負', 0, 0, 0, 0);
INSERT INTO card_events (event_id, event_name, uma_id, uma_name, category) VALUES (45, '(❯❯❯❯❯) 稍作休息的驚喜', 10021, 'tazuna-hayakawa', '外出');
INSERT INTO card_event_choices (choice_id, event_id, choice_label, chain_index, speed, stamina, strength, willpower, intelligence, hp, mood, skill_point, character_favor, event_condition, is_random_value, is_random_attribute, is_random_block_training, is_end_chained_event) VALUES (86, 45, 'None', 5, 0, 0, 0, 0, 0, 35, 2, 15, 5, null, 0, 0, 0, 0);
INSERT INTO card_events (event_id, event_name, uma_id, uma_name, category) VALUES (46, '自己所選的生活方式', 10021, 'tazuna-hayakawa', '隨機事件');
INSERT INTO card_event_choices (choice_id, event_id, choice_label, chain_index, speed, stamina, strength, willpower, intelligence, hp, mood, skill_point, character_favor, event_condition, is_random_value, is_random_attribute, is_random_block_training, is_end_chained_event) VALUES (87, 46, 'Up', 5, 0, 0, 0, 0, 0, 10, 1, 0, 5, null, 0, 0, 0, 0);
INSERT INTO card_event_choices (choice_id, event_id, choice_label, chain_index, speed, stamina, strength, willpower, intelligence, hp, mood, skill_point, character_favor, event_condition, is_random_value, is_random_attribute, is_random_block_training, is_end_chained_event) VALUES (88, 46, 'Down', 5, 0, 0, 0, 0, 5, 0, 1, 0, 5, null, 0, 0, 0, 0);
INSERT INTO card_events (event_id, event_name, uma_id, uma_name, category) VALUES (47, '熱情的兩人', 10021, 'tazuna-hayakawa', '隨機事件');
INSERT INTO card_event_choices (choice_id, event_id, choice_label, chain_index, speed, stamina, strength, willpower, intelligence, hp, mood, skill_point, character_favor, event_condition, is_random_value, is_random_attribute, is_random_block_training, is_end_chained_event) VALUES (89, 47, 'Up', 5, 0, 0, 0, 0, 5, 10, 1, 0, 5, null, 0, 0, 0, 0);
INSERT INTO card_event_choices (choice_id, event_id, choice_label, chain_index, speed, stamina, strength, willpower, intelligence, hp, mood, skill_point, character_favor, event_condition, is_random_value, is_random_attribute, is_random_block_training, is_end_chained_event) VALUES (90, 47, 'Down', 5, 0, 0, 0, 0, 0, 0, -1, 0, -5, null, 0, 0, 0, 1);
INSERT INTO card_events (event_id, event_name, uma_id, uma_name, category) VALUES (48, '理事長祕書．手綱小姐', 10021, 'tazuna-hayakawa', '特殊事件');
INSERT INTO card_event_choices (choice_id, event_id, choice_label, chain_index, speed, stamina, strength, willpower, intelligence, hp, mood, skill_point, character_favor, event_condition, is_random_value, is_random_attribute, is_random_block_training, is_end_chained_event) VALUES (91, 48, 'None', 5, 0, 0, 0, 0, 0, 0, 1, 15, 5, null, 0, 0, 0, 0);
INSERT INTO card_events (event_id, event_name, uma_id, uma_name, category) VALUES (49, '辛苦了♪', 10021, 'tazuna-hayakawa', '特殊事件');
INSERT INTO card_event_choices (choice_id, event_id, choice_label, chain_index, speed, stamina, strength, willpower, intelligence, hp, mood, skill_point, character_favor, event_condition, is_random_value, is_random_attribute, is_random_block_training, is_end_chained_event) VALUES (92, 49, 'None', 5, 3, 0, 0, 0, 0, 0, 1, 0, 5, null, 0, 1, 0, 0);
INSERT INTO card_events (event_id, event_name, uma_id, uma_name, category) VALUES (50, '讓我稍微待在身邊', 10021, 'tazuna-hayakawa', '特殊事件');
INSERT INTO card_event_choices (choice_id, event_id, choice_label, chain_index, speed, stamina, strength, willpower, intelligence, hp, mood, skill_point, character_favor, event_condition, is_random_value, is_random_attribute, is_random_block_training, is_end_chained_event) VALUES (93, 50, 'None', 5, 6, 6, 6, 6, 6, 0, 0, 30, 0, null, 0, 0, 0, 0);
INSERT INTO card_events (event_id, event_name, uma_id, uma_name, category) VALUES (51, '請給我「跟平常一樣的」！', 10021, 'tazuna-hayakawa', '特殊事件');
INSERT INTO card_event_choices (choice_id, event_id, choice_label, chain_index, speed, stamina, strength, willpower, intelligence, hp, mood, skill_point, character_favor, event_condition, is_random_value, is_random_attribute, is_random_block_training, is_end_chained_event) VALUES (94, 51, 'None', 5, 5, 5, 5, 5, 5, 0, 0, 20, 0, null, 0, 0, 0, 0);
INSERT INTO card_events (event_id, event_name, uma_id, uma_name, category) VALUES (52, '和手綱之間的情誼，寄託憧憬', 10021, 'tazuna-hayakawa', '特殊事件');
INSERT INTO card_event_choices (choice_id, event_id, choice_label, chain_index, speed, stamina, strength, willpower, intelligence, hp, mood, skill_point, character_favor, event_condition, is_random_value, is_random_attribute, is_random_block_training, is_end_chained_event) VALUES (95, 52, 'None', 5, 15, 0, 0, 0, 0, 10, 1, 0, 5, null, 0, 0, 0, 0);
INSERT INTO card_table (count, uma_id, uma_name) VALUES (22, 10022, 'aoi-kiryuin');
INSERT INTO card_events (event_id, event_name, uma_id, uma_name, category) VALUES (53, '(❯) 應當親身學習！', 10022, 'aoi-kiryuin', '外出');
INSERT INTO card_event_choices (choice_id, event_id, choice_label, chain_index, speed, stamina, strength, willpower, intelligence, hp, mood, skill_point, character_favor, event_condition, is_random_value, is_random_attribute, is_random_block_training, is_end_chained_event) VALUES (96, 53, 'None', 1, 0, 0, 0, 0, 0, 25, 2, 30, 5, null, 0, 0, 0, 0);
INSERT INTO card_events (event_id, event_name, uma_id, uma_name, category) VALUES (54, '(❯❯) 在公園的玩法', 10022, 'aoi-kiryuin', '外出');
INSERT INTO card_event_choices (choice_id, event_id, choice_label, chain_index, speed, stamina, strength, willpower, intelligence, hp, mood, skill_point, character_favor, event_condition, is_random_value, is_random_attribute, is_random_block_training, is_end_chained_event) VALUES (97, 54, 'Up', 2, 0, 0, 0, 0, 5, 25, 1, 0, 5, null, 0, 1, 0, 0);
INSERT INTO card_event_choices (choice_id, event_id, choice_label, chain_index, speed, stamina, strength, willpower, intelligence, hp, mood, skill_point, character_favor, event_condition, is_random_value, is_random_attribute, is_random_block_training, is_end_chained_event) VALUES (98, 54, 'Down', 2, 0, 0, 0, 0, 0, 0, 0, 15, 5, null, 1, 0, 0, 0);
INSERT INTO card_event_choices (choice_id, event_id, choice_label, chain_index, speed, stamina, strength, willpower, intelligence, hp, mood, skill_point, character_favor, event_condition, is_random_value, is_random_attribute, is_random_block_training, is_end_chained_event) VALUES (99, 54, 'Down', 2, 5, 0, 0, 0, 0, 0, 1, 45, 5, null, 0, 0, 0, 0);
INSERT INTO card_events (event_id, event_name, uma_id, uma_name, category) VALUES (55, '(❯❯❯) 暴走訓練', 10022, 'aoi-kiryuin', '外出');
INSERT INTO card_event_choices (choice_id, event_id, choice_label, chain_index, speed, stamina, strength, willpower, intelligence, hp, mood, skill_point, character_favor, event_condition, is_random_value, is_random_attribute, is_random_block_training, is_end_chained_event) VALUES (100, 55, 'None', 3, 0, 0, 0, 0, 0, 20, 1, 30, 5, null, 0, 0, 0, 0);
INSERT INTO card_events (event_id, event_name, uma_id, uma_name, category) VALUES (56, '(❯❯❯❯) 名為尊重的幸福', 10022, 'aoi-kiryuin', '外出');
INSERT INTO card_event_choices (choice_id, event_id, choice_label, chain_index, speed, stamina, strength, willpower, intelligence, hp, mood, skill_point, character_favor, event_condition, is_random_value, is_random_attribute, is_random_block_training, is_end_chained_event) VALUES (101, 56, 'None', 4, 0, 0, 10, 0, 0, 0, 1, 45, 5, null, 0, 0, 0, 0);
INSERT INTO card_events (event_id, event_name, uma_id, uma_name, category) VALUES (57, '(❯❯❯❯❯) 只要還在追逐夢想', 10022, 'aoi-kiryuin', '外出');
INSERT INTO card_event_choices (choice_id, event_id, choice_label, chain_index, speed, stamina, strength, willpower, intelligence, hp, mood, skill_point, character_favor, event_condition, is_random_value, is_random_attribute, is_random_block_training, is_end_chained_event) VALUES (102, 57, 'None', 5, 0, 5, 0, 0, 0, 0, 0, 10, 5, null, 1, 0, 0, 0);
INSERT INTO card_event_choices (choice_id, event_id, choice_label, chain_index, speed, stamina, strength, willpower, intelligence, hp, mood, skill_point, character_favor, event_condition, is_random_value, is_random_attribute, is_random_block_training, is_end_chained_event) VALUES (103, 57, 'None', 5, 0, 5, 5, 5, 0, 0, 1, 22, 5, null, 0, 0, 0, 0);
INSERT INTO card_events (event_id, event_name, uma_id, uma_name, category) VALUES (58, '訓練員心得「力求不斷改善指導內容」', 10022, 'aoi-kiryuin', '隨機事件');
INSERT INTO card_event_choices (choice_id, event_id, choice_label, chain_index, speed, stamina, strength, willpower, intelligence, hp, mood, skill_point, character_favor, event_condition, is_random_value, is_random_attribute, is_random_block_training, is_end_chained_event) VALUES (104, 58, 'Up', 5, 0, 0, 0, 0, 0, 10, 0, 15, 5, null, 0, 0, 0, 0);
INSERT INTO card_event_choices (choice_id, event_id, choice_label, chain_index, speed, stamina, strength, willpower, intelligence, hp, mood, skill_point, character_favor, event_condition, is_random_value, is_random_attribute, is_random_block_training, is_end_chained_event) VALUES (105, 58, 'Down', 5, 5, 0, 0, 0, 5, 0, 0, 0, 5, null, 0, 0, 0, 0);
INSERT INTO card_events (event_id, event_name, uma_id, uma_name, category) VALUES (59, '尋找興趣', 10022, 'aoi-kiryuin', '隨機事件');
INSERT INTO card_event_choices (choice_id, event_id, choice_label, chain_index, speed, stamina, strength, willpower, intelligence, hp, mood, skill_point, character_favor, event_condition, is_random_value, is_random_attribute, is_random_block_training, is_end_chained_event) VALUES (106, 59, 'Up', 5, 0, 0, 0, 0, 0, 20, 1, 15, 5, null, 0, 0, 0, 0);
INSERT INTO card_event_choices (choice_id, event_id, choice_label, chain_index, speed, stamina, strength, willpower, intelligence, hp, mood, skill_point, character_favor, event_condition, is_random_value, is_random_attribute, is_random_block_training, is_end_chained_event) VALUES (107, 59, 'Down', 5, 0, 0, 0, 0, 0, 0, -1, 0, -5, null, 0, 0, 0, 1);
INSERT INTO card_events (event_id, event_name, uma_id, uma_name, category) VALUES (60, '同期的桐生院訓練員', 10022, 'aoi-kiryuin', '特殊事件');
INSERT INTO card_event_choices (choice_id, event_id, choice_label, chain_index, speed, stamina, strength, willpower, intelligence, hp, mood, skill_point, character_favor, event_condition, is_random_value, is_random_attribute, is_random_block_training, is_end_chained_event) VALUES (108, 60, 'None', 5, 0, 0, 0, 0, 0, 0, 1, 15, 5, null, 0, 0, 0, 0);
INSERT INTO card_events (event_id, event_name, uma_id, uma_name, category) VALUES (61, '辛苦了！', 10022, 'aoi-kiryuin', '特殊事件');
INSERT INTO card_event_choices (choice_id, event_id, choice_label, chain_index, speed, stamina, strength, willpower, intelligence, hp, mood, skill_point, character_favor, event_condition, is_random_value, is_random_attribute, is_random_block_training, is_end_chained_event) VALUES (109, 61, 'None', 5, 0, 0, 0, 0, 3, 0, 1, 0, 5, null, 0, 1, 0, 0);
INSERT INTO card_events (event_id, event_name, uma_id, uma_name, category) VALUES (62, '最初的一本獻給你', 10022, 'aoi-kiryuin', '特殊事件');
INSERT INTO card_event_choices (choice_id, event_id, choice_label, chain_index, speed, stamina, strength, willpower, intelligence, hp, mood, skill_point, character_favor, event_condition, is_random_value, is_random_attribute, is_random_block_training, is_end_chained_event) VALUES (110, 62, 'None', 5, 5, 5, 5, 5, 5, 0, 0, 0, 0, null, 0, 0, 0, 0);
INSERT INTO card_events (event_id, event_name, uma_id, uma_name, category) VALUES (63, '派對就辦在那個地方', 10022, 'aoi-kiryuin', '特殊事件');
INSERT INTO card_event_choices (choice_id, event_id, choice_label, chain_index, speed, stamina, strength, willpower, intelligence, hp, mood, skill_point, character_favor, event_condition, is_random_value, is_random_attribute, is_random_block_training, is_end_chained_event) VALUES (111, 63, 'None', 5, 0, 0, 0, 0, 0, 0, 0, 0, 0, null, 0, 0, 0, 0);
INSERT INTO card_events (event_id, event_name, uma_id, uma_name, category) VALUES (64, '和葵之間的情誼．成為一個好的指導者', 10022, 'aoi-kiryuin', '特殊事件');
INSERT INTO card_event_choices (choice_id, event_id, choice_label, chain_index, speed, stamina, strength, willpower, intelligence, hp, mood, skill_point, character_favor, event_condition, is_random_value, is_random_attribute, is_random_block_training, is_end_chained_event) VALUES (112, 64, 'None', 5, 0, 0, 0, 0, 15, 0, 1, 15, 5, null, 0, 0, 0, 0);
INSERT INTO card_table (count, uma_id, uma_name) VALUES (23, 10023, 'daiwa-scarlet');
INSERT INTO card_events (event_id, event_name, uma_id, uma_name, category) VALUES (65, '明天贏的人是我！', 10023, 'daiwa-scarlet', '隨機事件');
INSERT INTO card_event_choices (choice_id, event_id, choice_label, chain_index, speed, stamina, strength, willpower, intelligence, hp, mood, skill_point, character_favor, event_condition, is_random_value, is_random_attribute, is_random_block_training, is_end_chained_event) VALUES (113, 65, 'Up', 0, 0, 0, 0, 0, 10, 0, 0, 0, 5, null, 0, 0, 0, 0);
INSERT INTO card_event_choices (choice_id, event_id, choice_label, chain_index, speed, stamina, strength, willpower, intelligence, hp, mood, skill_point, character_favor, event_condition, is_random_value, is_random_attribute, is_random_block_training, is_end_chained_event) VALUES (114, 65, 'Down', 0, 0, 0, 0, 0, 0, 0, 1, 15, 5, null, 0, 0, 0, 0);
INSERT INTO card_events (event_id, event_name, uma_id, uma_name, category) VALUES (66, '這點小事沒問題的！', 10023, 'daiwa-scarlet', '隨機事件');
INSERT INTO card_event_choices (choice_id, event_id, choice_label, chain_index, speed, stamina, strength, willpower, intelligence, hp, mood, skill_point, character_favor, event_condition, is_random_value, is_random_attribute, is_random_block_training, is_end_chained_event) VALUES (115, 66, 'Up', 0, 0, 1, 0, 0, 0, 0, 0, 0, 5, null, 0, 0, 0, 0);
INSERT INTO card_event_choices (choice_id, event_id, choice_label, chain_index, speed, stamina, strength, willpower, intelligence, hp, mood, skill_point, character_favor, event_condition, is_random_value, is_random_attribute, is_random_block_training, is_end_chained_event) VALUES (116, 66, 'Down', 0, 0, 0, 0, 0, 0, 20, 1, 0, 5, null, 0, 0, 0, 0);
INSERT INTO card_table (count, uma_id, uma_name) VALUES (24, 10024, 'hishi-amazon');
INSERT INTO card_events (event_id, event_name, uma_id, uma_name, category) VALUES (67, '菱亞姐姐奮鬥記　～問題兒童篇～', 10024, 'hishi-amazon', '隨機事件');
INSERT INTO card_event_choices (choice_id, event_id, choice_label, chain_index, speed, stamina, strength, willpower, intelligence, hp, mood, skill_point, character_favor, event_condition, is_random_value, is_random_attribute, is_random_block_training, is_end_chained_event) VALUES (117, 67, 'Up', 0, 0, 0, 0, 0, 5, 10, 0, 0, 5, null, 0, 0, 0, 0);
INSERT INTO card_event_choices (choice_id, event_id, choice_label, chain_index, speed, stamina, strength, willpower, intelligence, hp, mood, skill_point, character_favor, event_condition, is_random_value, is_random_attribute, is_random_block_training, is_end_chained_event) VALUES (118, 67, 'Down', 0, 10, 0, 0, 5, 0, -10, 0, 0, 5, null, 0, 0, 0, 0);
INSERT INTO card_events (event_id, event_name, uma_id, uma_name, category) VALUES (68, '菱亞姐姐奮鬥記　～追到天涯海角篇～', 10024, 'hishi-amazon', '隨機事件');
INSERT INTO card_event_choices (choice_id, event_id, choice_label, chain_index, speed, stamina, strength, willpower, intelligence, hp, mood, skill_point, character_favor, event_condition, is_random_value, is_random_attribute, is_random_block_training, is_end_chained_event) VALUES (119, 68, 'Up', 0, 0, 0, 0, 0, 0, 0, 0, 0, 5, null, 0, 0, 0, 0);
INSERT INTO card_event_choices (choice_id, event_id, choice_label, chain_index, speed, stamina, strength, willpower, intelligence, hp, mood, skill_point, character_favor, event_condition, is_random_value, is_random_attribute, is_random_block_training, is_end_chained_event) VALUES (120, 68, 'Down', 0, 0, 0, 5, 0, 0, 0, 0, 15, 5, null, 0, 0, 0, 0);
INSERT INTO card_table (count, uma_id, uma_name) VALUES (25, 10025, 'air-groove');
INSERT INTO card_events (event_id, event_name, uma_id, uma_name, category) VALUES (69, '剛柔並濟', 10025, 'air-groove', '隨機事件');
INSERT INTO card_event_choices (choice_id, event_id, choice_label, chain_index, speed, stamina, strength, willpower, intelligence, hp, mood, skill_point, character_favor, event_condition, is_random_value, is_random_attribute, is_random_block_training, is_end_chained_event) VALUES (121, 69, 'Up', 0, 0, 0, 0, 0, 0, 0, 0, 0, 5, null, 0, 0, 0, 0);
INSERT INTO card_event_choices (choice_id, event_id, choice_label, chain_index, speed, stamina, strength, willpower, intelligence, hp, mood, skill_point, character_favor, event_condition, is_random_value, is_random_attribute, is_random_block_training, is_end_chained_event) VALUES (122, 69, 'Down', 0, 0, 0, 0, 0, 10, 10, 0, 0, 5, null, 0, 0, 0, 0);
INSERT INTO card_events (event_id, event_name, uma_id, uma_name, category) VALUES (70, '聰敏而鐵腕', 10025, 'air-groove', '隨機事件');
INSERT INTO card_event_choices (choice_id, event_id, choice_label, chain_index, speed, stamina, strength, willpower, intelligence, hp, mood, skill_point, character_favor, event_condition, is_random_value, is_random_attribute, is_random_block_training, is_end_chained_event) VALUES (123, 70, 'Up', 0, 0, 0, 15, 0, 0, 0, 0, 0, 5, null, 0, 0, 0, 0);
INSERT INTO card_event_choices (choice_id, event_id, choice_label, chain_index, speed, stamina, strength, willpower, intelligence, hp, mood, skill_point, character_favor, event_condition, is_random_value, is_random_attribute, is_random_block_training, is_end_chained_event) VALUES (124, 70, 'Down', 0, 10, 5, 0, 0, 0, 0, 0, 0, 5, null, 0, 0, 0, 0);
INSERT INTO card_table (count, uma_id, uma_name) VALUES (26, 10026, 'agnes-digital');
INSERT INTO card_events (event_id, event_name, uma_id, uma_name, category) VALUES (71, '賽馬娘缺乏症！', 10026, 'agnes-digital', '隨機事件');
INSERT INTO card_event_choices (choice_id, event_id, choice_label, chain_index, speed, stamina, strength, willpower, intelligence, hp, mood, skill_point, character_favor, event_condition, is_random_value, is_random_attribute, is_random_block_training, is_end_chained_event) VALUES (125, 71, 'Up', 0, 5, 0, 0, 0, 0, 5, 0, 0, 5, null, 0, 0, 0, 0);
INSERT INTO card_event_choices (choice_id, event_id, choice_label, chain_index, speed, stamina, strength, willpower, intelligence, hp, mood, skill_point, character_favor, event_condition, is_random_value, is_random_attribute, is_random_block_training, is_end_chained_event) VALUES (126, 71, 'Down', 0, 5, 0, 5, 0, 0, 0, 0, 0, 5, null, 0, 0, 0, 0);
INSERT INTO card_events (event_id, event_name, uma_id, uma_name, category) VALUES (72, '為了感動不懼風雨！', 10026, 'agnes-digital', '隨機事件');
INSERT INTO card_event_choices (choice_id, event_id, choice_label, chain_index, speed, stamina, strength, willpower, intelligence, hp, mood, skill_point, character_favor, event_condition, is_random_value, is_random_attribute, is_random_block_training, is_end_chained_event) VALUES (127, 72, 'Up', 0, 0, 0, 0, 0, 0, 0, 0, 0, 5, null, 0, 0, 0, 0);
INSERT INTO card_event_choices (choice_id, event_id, choice_label, chain_index, speed, stamina, strength, willpower, intelligence, hp, mood, skill_point, character_favor, event_condition, is_random_value, is_random_attribute, is_random_block_training, is_end_chained_event) VALUES (128, 72, 'Down', 0, 0, 0, 0, 0, 0, 0, 0, 0, 5, null, 0, 0, 0, 0);
INSERT INTO card_table (count, uma_id, uma_name) VALUES (27, 10027, 'tamamo-cross');
INSERT INTO card_events (event_id, event_name, uma_id, uma_name, category) VALUES (73, '玉藻前輩的學園介紹', 10027, 'tamamo-cross', '隨機事件');
INSERT INTO card_event_choices (choice_id, event_id, choice_label, chain_index, speed, stamina, strength, willpower, intelligence, hp, mood, skill_point, character_favor, event_condition, is_random_value, is_random_attribute, is_random_block_training, is_end_chained_event) VALUES (129, 73, 'Up', 0, 0, 0, 0, 0, 10, 0, 0, 0, 5, null, 0, 0, 0, 0);
INSERT INTO card_event_choices (choice_id, event_id, choice_label, chain_index, speed, stamina, strength, willpower, intelligence, hp, mood, skill_point, character_favor, event_condition, is_random_value, is_random_attribute, is_random_block_training, is_end_chained_event) VALUES (130, 73, 'Down', 0, 0, 5, 0, 5, 0, 0, 0, 0, 5, null, 0, 0, 0, 0);
INSERT INTO card_events (event_id, event_name, uma_id, uma_name, category) VALUES (74, '不能輸的戰鬥！', 10027, 'tamamo-cross', '隨機事件');
INSERT INTO card_event_choices (choice_id, event_id, choice_label, chain_index, speed, stamina, strength, willpower, intelligence, hp, mood, skill_point, character_favor, event_condition, is_random_value, is_random_attribute, is_random_block_training, is_end_chained_event) VALUES (131, 74, 'Up', 0, 0, 0, 0, 0, 0, 0, 0, 0, 5, null, 0, 0, 0, 0);
INSERT INTO card_event_choices (choice_id, event_id, choice_label, chain_index, speed, stamina, strength, willpower, intelligence, hp, mood, skill_point, character_favor, event_condition, is_random_value, is_random_attribute, is_random_block_training, is_end_chained_event) VALUES (132, 74, 'Down', 0, 0, 5, 0, 0, 5, 0, 0, 0, 5, null, 0, 0, 0, 0);
INSERT INTO card_table (count, uma_id, uma_name) VALUES (28, 10028, 'fine-motion');
INSERT INTO card_events (event_id, event_name, uma_id, uma_name, category) VALUES (75, '心跳加速運動鞋', 10028, 'fine-motion', '隨機事件');
INSERT INTO card_event_choices (choice_id, event_id, choice_label, chain_index, speed, stamina, strength, willpower, intelligence, hp, mood, skill_point, character_favor, event_condition, is_random_value, is_random_attribute, is_random_block_training, is_end_chained_event) VALUES (133, 75, 'Up', 0, 5, 0, 0, 0, 0, 0, 0, 10, 5, null, 0, 0, 0, 0);
INSERT INTO card_event_choices (choice_id, event_id, choice_label, chain_index, speed, stamina, strength, willpower, intelligence, hp, mood, skill_point, character_favor, event_condition, is_random_value, is_random_attribute, is_random_block_training, is_end_chained_event) VALUES (134, 75, 'Down', 0, 0, 5, 0, 0, 0, -10, 0, 20, 5, null, 0, 0, 0, 0);
INSERT INTO card_events (event_id, event_name, uma_id, uma_name, category) VALUES (76, '回憶的三葉草', 10028, 'fine-motion', '隨機事件');
INSERT INTO card_event_choices (choice_id, event_id, choice_label, chain_index, speed, stamina, strength, willpower, intelligence, hp, mood, skill_point, character_favor, event_condition, is_random_value, is_random_attribute, is_random_block_training, is_end_chained_event) VALUES (135, 76, 'Up', 0, 0, 0, 0, 0, 0, 0, 0, 0, 5, null, 0, 0, 0, 0);
INSERT INTO card_event_choices (choice_id, event_id, choice_label, chain_index, speed, stamina, strength, willpower, intelligence, hp, mood, skill_point, character_favor, event_condition, is_random_value, is_random_attribute, is_random_block_training, is_end_chained_event) VALUES (136, 76, 'Down', 0, 0, 0, 0, 15, 0, 0, 0, 0, 5, null, 0, 0, 0, 0);
INSERT INTO card_table (count, uma_id, uma_name) VALUES (29, 10029, 'biwa-hayahide');
INSERT INTO card_events (event_id, event_name, uma_id, uma_name, category) VALUES (77, '極限的模態邏輯', 10029, 'biwa-hayahide', '隨機事件');
INSERT INTO card_event_choices (choice_id, event_id, choice_label, chain_index, speed, stamina, strength, willpower, intelligence, hp, mood, skill_point, character_favor, event_condition, is_random_value, is_random_attribute, is_random_block_training, is_end_chained_event) VALUES (137, 77, 'Up', 0, 0, 0, 15, 0, 0, 0, 0, 0, 5, null, 0, 0, 0, 0);
INSERT INTO card_event_choices (choice_id, event_id, choice_label, chain_index, speed, stamina, strength, willpower, intelligence, hp, mood, skill_point, character_favor, event_condition, is_random_value, is_random_attribute, is_random_block_training, is_end_chained_event) VALUES (138, 77, 'Down', 0, 10, 0, 0, 0, 0, 0, 0, 15, 5, null, 0, 0, 0, 0);
INSERT INTO card_events (event_id, event_name, uma_id, uma_name, category) VALUES (78, '脫離安全牌理論', 10029, 'biwa-hayahide', '隨機事件');
INSERT INTO card_event_choices (choice_id, event_id, choice_label, chain_index, speed, stamina, strength, willpower, intelligence, hp, mood, skill_point, character_favor, event_condition, is_random_value, is_random_attribute, is_random_block_training, is_end_chained_event) VALUES (139, 78, 'Up', 0, 0, 0, 0, 0, 0, -10, 0, 0, 5, null, 0, 0, 0, 0);
INSERT INTO card_event_choices (choice_id, event_id, choice_label, chain_index, speed, stamina, strength, willpower, intelligence, hp, mood, skill_point, character_favor, event_condition, is_random_value, is_random_attribute, is_random_block_training, is_end_chained_event) VALUES (140, 78, 'Down', 0, 0, 10, 0, 0, 0, 10, 0, 0, 5, null, 0, 0, 0, 0);
INSERT INTO card_table (count, uma_id, uma_name) VALUES (30, 10030, 'mayano-top-gun');
INSERT INTO card_events (event_id, event_name, uma_id, uma_name, category) VALUES (79, '重砲的點心會議！', 10030, 'mayano-top-gun', '隨機事件');
INSERT INTO card_event_choices (choice_id, event_id, choice_label, chain_index, speed, stamina, strength, willpower, intelligence, hp, mood, skill_point, character_favor, event_condition, is_random_value, is_random_attribute, is_random_block_training, is_end_chained_event) VALUES (141, 79, 'Up', 0, 0, 5, 0, 5, 0, 0, 0, 0, 5, null, 0, 0, 0, 0);
INSERT INTO card_event_choices (choice_id, event_id, choice_label, chain_index, speed, stamina, strength, willpower, intelligence, hp, mood, skill_point, character_favor, event_condition, is_random_value, is_random_attribute, is_random_block_training, is_end_chained_event) VALUES (142, 79, 'Down', 0, 0, 10, 0, 0, 0, 0, 0, 0, 5, null, 0, 0, 0, 0);
INSERT INTO card_events (event_id, event_name, uma_id, uma_name, category) VALUES (80, '重砲的時尚會議！', 10030, 'mayano-top-gun', '隨機事件');
INSERT INTO card_event_choices (choice_id, event_id, choice_label, chain_index, speed, stamina, strength, willpower, intelligence, hp, mood, skill_point, character_favor, event_condition, is_random_value, is_random_attribute, is_random_block_training, is_end_chained_event) VALUES (143, 80, 'Up', 0, 0, 0, 0, 0, 0, 0, 0, 0, 5, null, 0, 0, 0, 0);
INSERT INTO card_event_choices (choice_id, event_id, choice_label, chain_index, speed, stamina, strength, willpower, intelligence, hp, mood, skill_point, character_favor, event_condition, is_random_value, is_random_attribute, is_random_block_training, is_end_chained_event) VALUES (144, 80, 'Down', 0, 0, 10, 0, 0, 0, 0, 0, 0, 5, null, 0, 0, 0, 0);
INSERT INTO card_table (count, uma_id, uma_name) VALUES (31, 10031, 'manhattan-cafe');
INSERT INTO card_events (event_id, event_name, uma_id, uma_name, category) VALUES (81, '夜晚獨跑', 10031, 'manhattan-cafe', '隨機事件');
INSERT INTO card_event_choices (choice_id, event_id, choice_label, chain_index, speed, stamina, strength, willpower, intelligence, hp, mood, skill_point, character_favor, event_condition, is_random_value, is_random_attribute, is_random_block_training, is_end_chained_event) VALUES (145, 81, 'Up', 0, 0, 10, 0, 0, 0, 0, 0, 0, 5, null, 0, 0, 0, 0);
INSERT INTO card_event_choices (choice_id, event_id, choice_label, chain_index, speed, stamina, strength, willpower, intelligence, hp, mood, skill_point, character_favor, event_condition, is_random_value, is_random_attribute, is_random_block_training, is_end_chained_event) VALUES (146, 81, 'Down', 0, 0, 5, 0, 0, 0, 10, 0, 0, 5, null, 0, 0, 0, 0);
INSERT INTO card_events (event_id, event_name, uma_id, uma_name, category) VALUES (82, '偏好寧靜', 10031, 'manhattan-cafe', '隨機事件');
INSERT INTO card_event_choices (choice_id, event_id, choice_label, chain_index, speed, stamina, strength, willpower, intelligence, hp, mood, skill_point, character_favor, event_condition, is_random_value, is_random_attribute, is_random_block_training, is_end_chained_event) VALUES (147, 82, 'Up', 0, 0, 5, 0, 0, 0, 0, 0, 15, 5, null, 0, 0, 0, 0);
INSERT INTO card_event_choices (choice_id, event_id, choice_label, chain_index, speed, stamina, strength, willpower, intelligence, hp, mood, skill_point, character_favor, event_condition, is_random_value, is_random_attribute, is_random_block_training, is_end_chained_event) VALUES (148, 82, 'Down', 0, 0, 0, 0, 0, 0, 0, 0, 0, 5, null, 0, 0, 0, 0);
INSERT INTO card_table (count, uma_id, uma_name) VALUES (32, 10032, 'mihono-bourbon');
INSERT INTO card_events (event_id, event_name, uma_id, uma_name, category) VALUES (83, '不可危及他人', 10032, 'mihono-bourbon', '隨機事件');
INSERT INTO card_event_choices (choice_id, event_id, choice_label, chain_index, speed, stamina, strength, willpower, intelligence, hp, mood, skill_point, character_favor, event_condition, is_random_value, is_random_attribute, is_random_block_training, is_end_chained_event) VALUES (149, 83, 'Up', 0, 0, 5, 15, 0, 0, -10, 0, 0, 5, null, 0, 0, 0, 0);
INSERT INTO card_event_choices (choice_id, event_id, choice_label, chain_index, speed, stamina, strength, willpower, intelligence, hp, mood, skill_point, character_favor, event_condition, is_random_value, is_random_attribute, is_random_block_training, is_end_chained_event) VALUES (150, 83, 'Down', 0, 0, 0, 0, 0, 5, 10, 0, 0, 5, null, 0, 0, 0, 0);
INSERT INTO card_events (event_id, event_name, uma_id, uma_name, category) VALUES (84, '不可違反命令', 10032, 'mihono-bourbon', '隨機事件');
INSERT INTO card_event_choices (choice_id, event_id, choice_label, chain_index, speed, stamina, strength, willpower, intelligence, hp, mood, skill_point, character_favor, event_condition, is_random_value, is_random_attribute, is_random_block_training, is_end_chained_event) VALUES (151, 84, 'Up', 0, 0, 0, 0, 0, 0, 0, 0, 0, 5, null, 0, 0, 0, 0);
INSERT INTO card_event_choices (choice_id, event_id, choice_label, chain_index, speed, stamina, strength, willpower, intelligence, hp, mood, skill_point, character_favor, event_condition, is_random_value, is_random_attribute, is_random_block_training, is_end_chained_event) VALUES (152, 84, 'Down', 0, 10, 0, 0, 0, 0, 0, 0, 15, 5, null, 0, 0, 0, 0);
INSERT INTO card_table (count, uma_id, uma_name) VALUES (33, 10033, 'mejiro-ryan');
INSERT INTO card_events (event_id, event_name, uma_id, uma_name, category) VALUES (85, '與肌肉一起邁向明天！', 10033, 'mejiro-ryan', '隨機事件');
INSERT INTO card_event_choices (choice_id, event_id, choice_label, chain_index, speed, stamina, strength, willpower, intelligence, hp, mood, skill_point, character_favor, event_condition, is_random_value, is_random_attribute, is_random_block_training, is_end_chained_event) VALUES (153, 85, 'Up', 0, 0, 0, 15, 0, 0, -10, 0, 0, 5, null, 0, 0, 0, 0);
INSERT INTO card_event_choices (choice_id, event_id, choice_label, chain_index, speed, stamina, strength, willpower, intelligence, hp, mood, skill_point, character_favor, event_condition, is_random_value, is_random_attribute, is_random_block_training, is_end_chained_event) VALUES (154, 85, 'Down', 0, 0, 0, 5, 0, 0, 4, 0, 0, 5, null, 0, 0, 0, 0);
INSERT INTO card_events (event_id, event_name, uma_id, uma_name, category) VALUES (86, '只是被人推薦', 10033, 'mejiro-ryan', '隨機事件');
INSERT INTO card_event_choices (choice_id, event_id, choice_label, chain_index, speed, stamina, strength, willpower, intelligence, hp, mood, skill_point, character_favor, event_condition, is_random_value, is_random_attribute, is_random_block_training, is_end_chained_event) VALUES (155, 86, 'Up', 0, 0, 0, 0, 0, 0, 0, 0, 0, 5, null, 0, 0, 0, 0);
INSERT INTO card_event_choices (choice_id, event_id, choice_label, chain_index, speed, stamina, strength, willpower, intelligence, hp, mood, skill_point, character_favor, event_condition, is_random_value, is_random_attribute, is_random_block_training, is_end_chained_event) VALUES (156, 86, 'Down', 0, 0, 0, 0, 0, 0, 30, 0, 0, 5, null, 0, 0, 0, 0);
INSERT INTO card_table (count, uma_id, uma_name) VALUES (34, 10034, 'yukino-bijin');
INSERT INTO card_events (event_id, event_name, uma_id, uma_name, category) VALUES (87, '為了很炫的演唱會', 10034, 'yukino-bijin', '隨機事件');
INSERT INTO card_event_choices (choice_id, event_id, choice_label, chain_index, speed, stamina, strength, willpower, intelligence, hp, mood, skill_point, character_favor, event_condition, is_random_value, is_random_attribute, is_random_block_training, is_end_chained_event) VALUES (157, 87, 'Up', 0, 0, 0, 0, 10, 0, 0, 0, 0, 5, null, 0, 0, 0, 0);
INSERT INTO card_event_choices (choice_id, event_id, choice_label, chain_index, speed, stamina, strength, willpower, intelligence, hp, mood, skill_point, character_favor, event_condition, is_random_value, is_random_attribute, is_random_block_training, is_end_chained_event) VALUES (158, 87, 'Down', 0, 0, 0, 0, 15, 0, -10, 0, 0, 5, null, 0, 0, 0, 0);
INSERT INTO card_events (event_id, event_name, uma_id, uma_name, category) VALUES (88, '鎖定「城市景點」', 10034, 'yukino-bijin', '隨機事件');
INSERT INTO card_event_choices (choice_id, event_id, choice_label, chain_index, speed, stamina, strength, willpower, intelligence, hp, mood, skill_point, character_favor, event_condition, is_random_value, is_random_attribute, is_random_block_training, is_end_chained_event) VALUES (159, 88, 'Up', 0, 0, 0, 0, 10, 0, -10, 1, 0, 5, null, 0, 0, 0, 0);
INSERT INTO card_event_choices (choice_id, event_id, choice_label, chain_index, speed, stamina, strength, willpower, intelligence, hp, mood, skill_point, character_favor, event_condition, is_random_value, is_random_attribute, is_random_block_training, is_end_chained_event) VALUES (160, 88, 'Down', 0, 0, 0, 0, 0, 0, 0, 0, 0, 5, null, 0, 0, 0, 0);
INSERT INTO card_table (count, uma_id, uma_name) VALUES (35, 10035, 'ines-fujin');
INSERT INTO card_events (event_id, event_name, uma_id, uma_name, category) VALUES (89, '是鬼抓人喔！', 10035, 'ines-fujin', '隨機事件');
INSERT INTO card_event_choices (choice_id, event_id, choice_label, chain_index, speed, stamina, strength, willpower, intelligence, hp, mood, skill_point, character_favor, event_condition, is_random_value, is_random_attribute, is_random_block_training, is_end_chained_event) VALUES (161, 89, 'Up', 0, 5, 0, 0, 0, 0, 10, 0, 0, 5, null, 0, 0, 0, 0);
INSERT INTO card_event_choices (choice_id, event_id, choice_label, chain_index, speed, stamina, strength, willpower, intelligence, hp, mood, skill_point, character_favor, event_condition, is_random_value, is_random_attribute, is_random_block_training, is_end_chained_event) VALUES (162, 89, 'Down', 0, 0, 0, 0, 0, 0, 0, 0, 0, 5, null, 0, 0, 0, 0);
INSERT INTO card_events (event_id, event_name, uma_id, uma_name, category) VALUES (90, '還有十分鐘喔！', 10035, 'ines-fujin', '隨機事件');
INSERT INTO card_event_choices (choice_id, event_id, choice_label, chain_index, speed, stamina, strength, willpower, intelligence, hp, mood, skill_point, character_favor, event_condition, is_random_value, is_random_attribute, is_random_block_training, is_end_chained_event) VALUES (163, 90, 'Up', 0, 0, 0, 0, 15, 0, 0, 0, 0, 5, null, 0, 0, 0, 0);
INSERT INTO card_event_choices (choice_id, event_id, choice_label, chain_index, speed, stamina, strength, willpower, intelligence, hp, mood, skill_point, character_favor, event_condition, is_random_value, is_random_attribute, is_random_block_training, is_end_chained_event) VALUES (164, 90, 'Down', 0, 0, 0, 0, 0, 15, 0, 0, 0, 5, null, 0, 0, 0, 0);
INSERT INTO card_table (count, uma_id, uma_name) VALUES (36, 10036, 'agnes-tachyon');
INSERT INTO card_events (event_id, event_name, uma_id, uma_name, category) VALUES (91, '需要驗證．睡眠時間與作業效率', 10036, 'agnes-tachyon', '隨機事件');
INSERT INTO card_event_choices (choice_id, event_id, choice_label, chain_index, speed, stamina, strength, willpower, intelligence, hp, mood, skill_point, character_favor, event_condition, is_random_value, is_random_attribute, is_random_block_training, is_end_chained_event) VALUES (165, 91, 'Up', 0, 0, 0, 5, 0, 5, 0, 0, 0, 5, null, 0, 0, 0, 0);
INSERT INTO card_event_choices (choice_id, event_id, choice_label, chain_index, speed, stamina, strength, willpower, intelligence, hp, mood, skill_point, character_favor, event_condition, is_random_value, is_random_attribute, is_random_block_training, is_end_chained_event) VALUES (166, 91, 'Down', 0, 0, 0, 0, 0, 10, 0, 0, 0, 5, null, 0, 0, 0, 0);
INSERT INTO card_events (event_id, event_name, uma_id, uma_name, category) VALUES (92, '需要驗證．他人介入所導致的偶然', 10036, 'agnes-tachyon', '隨機事件');
INSERT INTO card_event_choices (choice_id, event_id, choice_label, chain_index, speed, stamina, strength, willpower, intelligence, hp, mood, skill_point, character_favor, event_condition, is_random_value, is_random_attribute, is_random_block_training, is_end_chained_event) VALUES (167, 92, 'Up', 0, 0, 0, 0, 0, 0, 0, 0, 0, 5, null, 0, 0, 0, 0);
INSERT INTO card_event_choices (choice_id, event_id, choice_label, chain_index, speed, stamina, strength, willpower, intelligence, hp, mood, skill_point, character_favor, event_condition, is_random_value, is_random_attribute, is_random_block_training, is_end_chained_event) VALUES (168, 92, 'Down', 0, 0, 0, 0, 0, 10, 0, 0, 0, 5, null, 0, 0, 0, 0);
INSERT INTO card_table (count, uma_id, uma_name) VALUES (37, 10037, 'air-shakur');
INSERT INTO card_events (event_id, event_name, uma_id, uma_name, category) VALUES (93, '//需要驗證', 10037, 'air-shakur', '隨機事件');
INSERT INTO card_event_choices (choice_id, event_id, choice_label, chain_index, speed, stamina, strength, willpower, intelligence, hp, mood, skill_point, character_favor, event_condition, is_random_value, is_random_attribute, is_random_block_training, is_end_chained_event) VALUES (169, 93, 'Up', 0, 0, 0, 0, 5, 0, 10, 0, 0, 5, null, 0, 0, 0, 0);
INSERT INTO card_event_choices (choice_id, event_id, choice_label, chain_index, speed, stamina, strength, willpower, intelligence, hp, mood, skill_point, character_favor, event_condition, is_random_value, is_random_attribute, is_random_block_training, is_end_chained_event) VALUES (170, 93, 'Down', 0, 0, 5, 0, 10, 0, -10, 0, 0, 5, null, 0, 0, 0, 0);
INSERT INTO card_events (event_id, event_name, uma_id, uma_name, category) VALUES (94, '//絕對要得到', 10037, 'air-shakur', '隨機事件');
INSERT INTO card_event_choices (choice_id, event_id, choice_label, chain_index, speed, stamina, strength, willpower, intelligence, hp, mood, skill_point, character_favor, event_condition, is_random_value, is_random_attribute, is_random_block_training, is_end_chained_event) VALUES (171, 94, 'Up', 0, 0, 0, 0, 0, 0, 0, 0, 0, 5, null, 0, 0, 0, 0);
INSERT INTO card_event_choices (choice_id, event_id, choice_label, chain_index, speed, stamina, strength, willpower, intelligence, hp, mood, skill_point, character_favor, event_condition, is_random_value, is_random_attribute, is_random_block_training, is_end_chained_event) VALUES (172, 94, 'Down', 0, 0, 0, 0, 5, 0, 4, 0, 0, 5, null, 0, 0, 0, 0);
INSERT INTO card_table (count, uma_id, uma_name) VALUES (38, 10038, 'eishin-flash');
INSERT INTO card_events (event_id, event_name, uma_id, uma_name, category) VALUES (95, '預料之外的午餐', 10038, 'eishin-flash', '隨機事件');
INSERT INTO card_event_choices (choice_id, event_id, choice_label, chain_index, speed, stamina, strength, willpower, intelligence, hp, mood, skill_point, character_favor, event_condition, is_random_value, is_random_attribute, is_random_block_training, is_end_chained_event) VALUES (173, 95, 'Up', 0, 0, 0, 0, 0, 0, 15, 0, 0, 5, null, 0, 0, 0, 0);
INSERT INTO card_event_choices (choice_id, event_id, choice_label, chain_index, speed, stamina, strength, willpower, intelligence, hp, mood, skill_point, character_favor, event_condition, is_random_value, is_random_attribute, is_random_block_training, is_end_chained_event) VALUES (174, 95, 'Down', 0, 5, 0, 0, 5, 0, 0, 0, 0, 5, null, 0, 0, 0, 0);
INSERT INTO card_events (event_id, event_name, uma_id, uma_name, category) VALUES (96, '應對突發狀況的方式', 10038, 'eishin-flash', '隨機事件');
INSERT INTO card_event_choices (choice_id, event_id, choice_label, chain_index, speed, stamina, strength, willpower, intelligence, hp, mood, skill_point, character_favor, event_condition, is_random_value, is_random_attribute, is_random_block_training, is_end_chained_event) VALUES (175, 96, 'Up', 0, 0, 0, 0, 10, 0, 0, 0, 0, 5, null, 0, 0, 0, 0);
INSERT INTO card_event_choices (choice_id, event_id, choice_label, chain_index, speed, stamina, strength, willpower, intelligence, hp, mood, skill_point, character_favor, event_condition, is_random_value, is_random_attribute, is_random_block_training, is_end_chained_event) VALUES (176, 96, 'Down', 0, 0, 0, 0, 0, 0, 0, 0, 0, 5, null, 0, 0, 0, 0);
INSERT INTO card_table (count, uma_id, uma_name) VALUES (39, 10039, 'smart-falcon');
INSERT INTO card_events (event_id, event_name, uma_id, uma_name, category) VALUES (97, '演唱會的靈魂在於粉絲互動☆', 10039, 'smart-falcon', '隨機事件');
INSERT INTO card_event_choices (choice_id, event_id, choice_label, chain_index, speed, stamina, strength, willpower, intelligence, hp, mood, skill_point, character_favor, event_condition, is_random_value, is_random_attribute, is_random_block_training, is_end_chained_event) VALUES (177, 97, 'Up', 0, 0, 5, 0, 10, 0, 0, 0, 0, 5, null, 0, 0, 0, 0);
INSERT INTO card_event_choices (choice_id, event_id, choice_label, chain_index, speed, stamina, strength, willpower, intelligence, hp, mood, skill_point, character_favor, event_condition, is_random_value, is_random_attribute, is_random_block_training, is_end_chained_event) VALUES (178, 97, 'Down', 0, 0, 0, 0, 0, 15, 0, 0, 0, 5, null, 0, 0, 0, 0);
INSERT INTO card_events (event_id, event_name, uma_id, uma_name, category) VALUES (98, '可愛的話一定要來看喔☆', 10039, 'smart-falcon', '隨機事件');
INSERT INTO card_event_choices (choice_id, event_id, choice_label, chain_index, speed, stamina, strength, willpower, intelligence, hp, mood, skill_point, character_favor, event_condition, is_random_value, is_random_attribute, is_random_block_training, is_end_chained_event) VALUES (179, 98, 'Up', 0, 0, 0, 10, 0, 0, -10, 0, 0, 5, null, 0, 0, 0, 0);
INSERT INTO card_event_choices (choice_id, event_id, choice_label, chain_index, speed, stamina, strength, willpower, intelligence, hp, mood, skill_point, character_favor, event_condition, is_random_value, is_random_attribute, is_random_block_training, is_end_chained_event) VALUES (180, 98, 'Down', 0, 0, 0, 0, 0, 5, 10, 0, 0, 5, null, 0, 0, 0, 0);
INSERT INTO card_table (count, uma_id, uma_name) VALUES (40, 10040, 'narita-taishin');
INSERT INTO card_events (event_id, event_name, uma_id, uma_name, category) VALUES (99, '沒什麼，別管我', 10040, 'narita-taishin', '隨機事件');
INSERT INTO card_event_choices (choice_id, event_id, choice_label, chain_index, speed, stamina, strength, willpower, intelligence, hp, mood, skill_point, character_favor, event_condition, is_random_value, is_random_attribute, is_random_block_training, is_end_chained_event) VALUES (181, 99, 'Up', 0, 0, 5, 0, 0, 0, 0, 0, 15, 5, null, 0, 0, 0, 0);
INSERT INTO card_event_choices (choice_id, event_id, choice_label, chain_index, speed, stamina, strength, willpower, intelligence, hp, mood, skill_point, character_favor, event_condition, is_random_value, is_random_attribute, is_random_block_training, is_end_chained_event) VALUES (182, 99, 'Down', 0, 0, 0, 5, 0, 0, 0, 0, 15, 5, null, 0, 0, 0, 0);
INSERT INTO card_events (event_id, event_name, uma_id, uma_name, category) VALUES (100, '沒什麼，別來煩我', 10040, 'narita-taishin', '隨機事件');
INSERT INTO card_event_choices (choice_id, event_id, choice_label, chain_index, speed, stamina, strength, willpower, intelligence, hp, mood, skill_point, character_favor, event_condition, is_random_value, is_random_attribute, is_random_block_training, is_end_chained_event) VALUES (183, 100, 'Up', 0, 0, 0, 0, 0, 0, 0, 0, 0, 5, null, 0, 0, 0, 0);
INSERT INTO card_event_choices (choice_id, event_id, choice_label, chain_index, speed, stamina, strength, willpower, intelligence, hp, mood, skill_point, character_favor, event_condition, is_random_value, is_random_attribute, is_random_block_training, is_end_chained_event) VALUES (184, 100, 'Down', 0, 0, 0, 0, 0, 0, 0, 0, 30, 5, null, 0, 0, 0, 0);
INSERT INTO card_table (count, uma_id, uma_name) VALUES (41, 10041, 'nishino-flower');
INSERT INTO card_events (event_id, event_name, uma_id, uma_name, category) VALUES (101, '溫暖的愛心便當', 10041, 'nishino-flower', '隨機事件');
INSERT INTO card_event_choices (choice_id, event_id, choice_label, chain_index, speed, stamina, strength, willpower, intelligence, hp, mood, skill_point, character_favor, event_condition, is_random_value, is_random_attribute, is_random_block_training, is_end_chained_event) VALUES (185, 101, 'Up', 0, 0, 0, 0, 0, 0, 0, 0, 0, 5, '討人喜歡○', 0, 0, 0, 0);
INSERT INTO card_event_choices (choice_id, event_id, choice_label, chain_index, speed, stamina, strength, willpower, intelligence, hp, mood, skill_point, character_favor, event_condition, is_random_value, is_random_attribute, is_random_block_training, is_end_chained_event) VALUES (186, 101, 'Down', 0, 0, 0, 0, 0, 0, 20, 0, 0, 5, null, 0, 0, 0, 0);
INSERT INTO card_events (event_id, event_name, uma_id, uma_name, category) VALUES (102, '要開美美的花喔♪', 10041, 'nishino-flower', '隨機事件');
INSERT INTO card_event_choices (choice_id, event_id, choice_label, chain_index, speed, stamina, strength, willpower, intelligence, hp, mood, skill_point, character_favor, event_condition, is_random_value, is_random_attribute, is_random_block_training, is_end_chained_event) VALUES (187, 102, 'Up', 0, 0, 0, 0, 0, 15, 0, 0, 0, 5, null, 0, 0, 0, 0);
INSERT INTO card_event_choices (choice_id, event_id, choice_label, chain_index, speed, stamina, strength, willpower, intelligence, hp, mood, skill_point, character_favor, event_condition, is_random_value, is_random_attribute, is_random_block_training, is_end_chained_event) VALUES (188, 102, 'Down', 0, 10, 0, 5, 0, 0, 0, 0, 0, 5, null, 0, 0, 0, 0);
INSERT INTO card_table (count, uma_id, uma_name) VALUES (42, 10042, 'biko-pegasus');
INSERT INTO card_events (event_id, event_name, uma_id, uma_name, category) VALUES (103, '英雄的苦惱', 10042, 'biko-pegasus', '隨機事件');
INSERT INTO card_event_choices (choice_id, event_id, choice_label, chain_index, speed, stamina, strength, willpower, intelligence, hp, mood, skill_point, character_favor, event_condition, is_random_value, is_random_attribute, is_random_block_training, is_end_chained_event) VALUES (189, 103, 'Up', 0, 0, 0, 0, 0, 0, 15, 0, 0, 5, null, 0, 0, 0, 0);
INSERT INTO card_event_choices (choice_id, event_id, choice_label, chain_index, speed, stamina, strength, willpower, intelligence, hp, mood, skill_point, character_favor, event_condition, is_random_value, is_random_attribute, is_random_block_training, is_end_chained_event) VALUES (190, 103, 'Down', 0, 0, 0, 5, 0, 0, 5, 0, 0, 5, null, 0, 0, 0, 0);
INSERT INTO card_events (event_id, event_name, uma_id, uma_name, category) VALUES (104, '取得必殺技吧！', 10042, 'biko-pegasus', '隨機事件');
INSERT INTO card_event_choices (choice_id, event_id, choice_label, chain_index, speed, stamina, strength, willpower, intelligence, hp, mood, skill_point, character_favor, event_condition, is_random_value, is_random_attribute, is_random_block_training, is_end_chained_event) VALUES (191, 104, 'Up', 0, 0, 0, 0, 0, 0, 0, 0, 0, 5, null, 0, 0, 0, 0);
INSERT INTO card_event_choices (choice_id, event_id, choice_label, chain_index, speed, stamina, strength, willpower, intelligence, hp, mood, skill_point, character_favor, event_condition, is_random_value, is_random_attribute, is_random_block_training, is_end_chained_event) VALUES (192, 104, 'Down', 0, 0, 0, 0, 0, 0, 30, 0, 0, 5, null, 0, 0, 0, 0);
INSERT INTO card_table (count, uma_id, uma_name) VALUES (43, 10043, 'marvelous-sunday');
INSERT INTO card_events (event_id, event_name, uma_id, uma_name, category) VALUES (105, '不由分說的美麗☆', 10043, 'marvelous-sunday', '隨機事件');
INSERT INTO card_event_choices (choice_id, event_id, choice_label, chain_index, speed, stamina, strength, willpower, intelligence, hp, mood, skill_point, character_favor, event_condition, is_random_value, is_random_attribute, is_random_block_training, is_end_chained_event) VALUES (193, 105, 'Up', 0, 5, 0, 0, 0, 0, 10, 0, 0, 5, null, 0, 0, 0, 0);
INSERT INTO card_event_choices (choice_id, event_id, choice_label, chain_index, speed, stamina, strength, willpower, intelligence, hp, mood, skill_point, character_favor, event_condition, is_random_value, is_random_attribute, is_random_block_training, is_end_chained_event) VALUES (194, 105, 'Down', 0, 5, 0, 0, 0, 0, 0, 1, 0, 5, null, 0, 0, 0, 0);
INSERT INTO card_events (event_id, event_name, uma_id, uma_name, category) VALUES (106, '為了變得美麗☆', 10043, 'marvelous-sunday', '隨機事件');
INSERT INTO card_event_choices (choice_id, event_id, choice_label, chain_index, speed, stamina, strength, willpower, intelligence, hp, mood, skill_point, character_favor, event_condition, is_random_value, is_random_attribute, is_random_block_training, is_end_chained_event) VALUES (195, 106, 'Up', 0, 0, 0, 0, 0, 0, 10, 1, 0, 5, null, 0, 0, 0, 0);
INSERT INTO card_event_choices (choice_id, event_id, choice_label, chain_index, speed, stamina, strength, willpower, intelligence, hp, mood, skill_point, character_favor, event_condition, is_random_value, is_random_attribute, is_random_block_training, is_end_chained_event) VALUES (196, 106, 'Down', 0, 0, 0, 0, 0, 0, 0, 0, 0, 5, null, 0, 0, 0, 0);
INSERT INTO card_table (count, uma_id, uma_name) VALUES (44, 10044, 'matikanefukukitaru');
INSERT INTO card_events (event_id, event_name, uma_id, uma_name, category) VALUES (107, '全靈灌注', 10044, 'matikanefukukitaru', '隨機事件');
INSERT INTO card_event_choices (choice_id, event_id, choice_label, chain_index, speed, stamina, strength, willpower, intelligence, hp, mood, skill_point, character_favor, event_condition, is_random_value, is_random_attribute, is_random_block_training, is_end_chained_event) VALUES (197, 107, 'Up', 0, 0, 0, 0, 0, 5, 0, 0, 15, 5, null, 0, 0, 0, 0);
INSERT INTO card_event_choices (choice_id, event_id, choice_label, chain_index, speed, stamina, strength, willpower, intelligence, hp, mood, skill_point, character_favor, event_condition, is_random_value, is_random_attribute, is_random_block_training, is_end_chained_event) VALUES (198, 107, 'Down', 0, 5, 5, 5, 0, 0, -10, 0, 0, 5, null, 0, 0, 0, 0);
INSERT INTO card_events (event_id, event_name, uma_id, uma_name, category) VALUES (108, '當信仰與親切交會時──', 10044, 'matikanefukukitaru', '隨機事件');
INSERT INTO card_event_choices (choice_id, event_id, choice_label, chain_index, speed, stamina, strength, willpower, intelligence, hp, mood, skill_point, character_favor, event_condition, is_random_value, is_random_attribute, is_random_block_training, is_end_chained_event) VALUES (199, 108, 'Up', 0, 0, 0, 0, 0, 0, 0, 0, 30, 5, null, 0, 0, 0, 0);
INSERT INTO card_event_choices (choice_id, event_id, choice_label, chain_index, speed, stamina, strength, willpower, intelligence, hp, mood, skill_point, character_favor, event_condition, is_random_value, is_random_attribute, is_random_block_training, is_end_chained_event) VALUES (200, 108, 'Down', 0, 0, 0, 0, 0, 0, 20, 0, 0, 5, null, 0, 0, 0, 0);
INSERT INTO card_table (count, uma_id, uma_name) VALUES (45, 10045, 'meisho-doto');
INSERT INTO card_events (event_id, event_name, uma_id, uma_name, category) VALUES (109, '我……要改革', 10045, 'meisho-doto', '隨機事件');
INSERT INTO card_event_choices (choice_id, event_id, choice_label, chain_index, speed, stamina, strength, willpower, intelligence, hp, mood, skill_point, character_favor, event_condition, is_random_value, is_random_attribute, is_random_block_training, is_end_chained_event) VALUES (201, 109, 'Up', 0, 0, 0, 0, 0, 0, 10, 1, 0, 5, null, 0, 0, 0, 0);
INSERT INTO card_event_choices (choice_id, event_id, choice_label, chain_index, speed, stamina, strength, willpower, intelligence, hp, mood, skill_point, character_favor, event_condition, is_random_value, is_random_attribute, is_random_block_training, is_end_chained_event) VALUES (202, 109, 'Down', 0, 0, 0, 0, 15, 0, 0, 0, 0, 5, null, 0, 0, 0, 0);
INSERT INTO card_events (event_id, event_name, uma_id, uma_name, category) VALUES (110, '請……買根胡蘿蔔！', 10045, 'meisho-doto', '隨機事件');
INSERT INTO card_event_choices (choice_id, event_id, choice_label, chain_index, speed, stamina, strength, willpower, intelligence, hp, mood, skill_point, character_favor, event_condition, is_random_value, is_random_attribute, is_random_block_training, is_end_chained_event) VALUES (203, 110, 'Up', 0, 0, 0, 0, 0, 5, 10, 0, 0, 5, null, 0, 0, 0, 0);
INSERT INTO card_event_choices (choice_id, event_id, choice_label, chain_index, speed, stamina, strength, willpower, intelligence, hp, mood, skill_point, character_favor, event_condition, is_random_value, is_random_attribute, is_random_block_training, is_end_chained_event) VALUES (204, 110, 'Down', 0, 0, 0, 0, 0, 0, 0, 0, 0, 5, null, 0, 0, 0, 0);
INSERT INTO card_table (count, uma_id, uma_name) VALUES (46, 10046, 'mejiro-dober');
INSERT INTO card_events (event_id, event_name, uma_id, uma_name, category) VALUES (111, '可以做看看', 10046, 'mejiro-dober', '隨機事件');
INSERT INTO card_event_choices (choice_id, event_id, choice_label, chain_index, speed, stamina, strength, willpower, intelligence, hp, mood, skill_point, character_favor, event_condition, is_random_value, is_random_attribute, is_random_block_training, is_end_chained_event) VALUES (205, 111, 'Up', 0, 0, 0, 0, 0, 0, 15, 0, 0, 5, null, 0, 0, 0, 0);
INSERT INTO card_event_choices (choice_id, event_id, choice_label, chain_index, speed, stamina, strength, willpower, intelligence, hp, mood, skill_point, character_favor, event_condition, is_random_value, is_random_attribute, is_random_block_training, is_end_chained_event) VALUES (206, 111, 'Down', 0, 0, 0, 0, 0, 0, 0, 1, 15, 5, null, 0, 0, 0, 0);
INSERT INTO card_events (event_id, event_name, uma_id, uma_name, category) VALUES (112, '會感到高興嗎……', 10046, 'mejiro-dober', '隨機事件');
INSERT INTO card_event_choices (choice_id, event_id, choice_label, chain_index, speed, stamina, strength, willpower, intelligence, hp, mood, skill_point, character_favor, event_condition, is_random_value, is_random_attribute, is_random_block_training, is_end_chained_event) VALUES (207, 112, 'Up', 0, 0, 0, 0, 0, 0, 0, 0, 45, 5, null, 0, 0, 0, 0);
INSERT INTO card_event_choices (choice_id, event_id, choice_label, chain_index, speed, stamina, strength, willpower, intelligence, hp, mood, skill_point, character_favor, event_condition, is_random_value, is_random_attribute, is_random_block_training, is_end_chained_event) VALUES (208, 112, 'Down', 0, 0, 0, 0, 0, 0, 0, 0, 0, 5, null, 0, 0, 0, 0);
INSERT INTO card_table (count, uma_id, uma_name) VALUES (47, 10047, 'nice-nature');
INSERT INTO card_events (event_id, event_name, uma_id, uma_name, category) VALUES (113, '（喵喵什麼的）並不適合我', 10047, 'nice-nature', '隨機事件');
INSERT INTO card_event_choices (choice_id, event_id, choice_label, chain_index, speed, stamina, strength, willpower, intelligence, hp, mood, skill_point, character_favor, event_condition, is_random_value, is_random_attribute, is_random_block_training, is_end_chained_event) VALUES (209, 113, 'Up', 0, 0, 0, 0, 0, 0, 20, 0, 0, 5, null, 0, 0, 0, 0);
INSERT INTO card_event_choices (choice_id, event_id, choice_label, chain_index, speed, stamina, strength, willpower, intelligence, hp, mood, skill_point, character_favor, event_condition, is_random_value, is_random_attribute, is_random_block_training, is_end_chained_event) VALUES (210, 113, 'Down', 0, 0, 0, 0, 0, 5, 10, 0, 0, 5, null, 0, 0, 0, 0);
INSERT INTO card_events (event_id, event_name, uma_id, uma_name, category) VALUES (114, '（好吃的）雞婆', 10047, 'nice-nature', '隨機事件');
INSERT INTO card_event_choices (choice_id, event_id, choice_label, chain_index, speed, stamina, strength, willpower, intelligence, hp, mood, skill_point, character_favor, event_condition, is_random_value, is_random_attribute, is_random_block_training, is_end_chained_event) VALUES (211, 114, 'Up', 0, 0, 0, 0, 0, 0, 0, 0, 0, 5, null, 0, 0, 0, 0);
INSERT INTO card_event_choices (choice_id, event_id, choice_label, chain_index, speed, stamina, strength, willpower, intelligence, hp, mood, skill_point, character_favor, event_condition, is_random_value, is_random_attribute, is_random_block_training, is_end_chained_event) VALUES (212, 114, 'Down', 0, 0, 0, 0, 0, 0, 4, 1, 0, 5, null, 0, 0, 0, 0);
INSERT INTO card_table (count, uma_id, uma_name) VALUES (48, 10048, 'king-halo');
INSERT INTO card_events (event_id, event_name, uma_id, uma_name, category) VALUES (115, '給你陪我的權利！', 10048, 'king-halo', '隨機事件');
INSERT INTO card_event_choices (choice_id, event_id, choice_label, chain_index, speed, stamina, strength, willpower, intelligence, hp, mood, skill_point, character_favor, event_condition, is_random_value, is_random_attribute, is_random_block_training, is_end_chained_event) VALUES (213, 115, 'Up', 0, 10, 0, 10, 0, 5, -20, 0, 0, 5, null, 0, 0, 0, 0);
INSERT INTO card_event_choices (choice_id, event_id, choice_label, chain_index, speed, stamina, strength, willpower, intelligence, hp, mood, skill_point, character_favor, event_condition, is_random_value, is_random_attribute, is_random_block_training, is_end_chained_event) VALUES (214, 115, 'Down', 0, 0, 0, 0, 25, 0, 0, -1, 0, 5, null, 0, 0, 0, 0);
INSERT INTO card_events (event_id, event_name, uma_id, uma_name, category) VALUES (116, '給你建議我的權利！', 10048, 'king-halo', '隨機事件');
INSERT INTO card_event_choices (choice_id, event_id, choice_label, chain_index, speed, stamina, strength, willpower, intelligence, hp, mood, skill_point, character_favor, event_condition, is_random_value, is_random_attribute, is_random_block_training, is_end_chained_event) VALUES (215, 116, 'Up', 0, 0, 0, 0, 10, 5, 0, 0, 0, 5, null, 0, 0, 0, 0);
INSERT INTO card_event_choices (choice_id, event_id, choice_label, chain_index, speed, stamina, strength, willpower, intelligence, hp, mood, skill_point, character_favor, event_condition, is_random_value, is_random_attribute, is_random_block_training, is_end_chained_event) VALUES (216, 116, 'Down', 0, 0, 0, 0, 0, 0, 0, 0, 0, 5, null, 0, 0, 0, 0);
INSERT INTO card_table (count, uma_id, uma_name) VALUES (49, 10049, 'fuji-kiseki');
INSERT INTO card_events (event_id, event_name, uma_id, uma_name, category) VALUES (117, '戲法', 10049, 'fuji-kiseki', '隨機事件');
INSERT INTO card_event_choices (choice_id, event_id, choice_label, chain_index, speed, stamina, strength, willpower, intelligence, hp, mood, skill_point, character_favor, event_condition, is_random_value, is_random_attribute, is_random_block_training, is_end_chained_event) VALUES (217, 117, 'Up', 0, 0, 0, 0, 0, 5, 0, 0, 15, 5, null, 0, 0, 0, 0);
INSERT INTO card_event_choices (choice_id, event_id, choice_label, chain_index, speed, stamina, strength, willpower, intelligence, hp, mood, skill_point, character_favor, event_condition, is_random_value, is_random_attribute, is_random_block_training, is_end_chained_event) VALUES (218, 117, 'Down', 0, 0, 0, 5, 0, 0, 0, 0, 15, 5, null, 0, 0, 0, 0);
INSERT INTO card_events (event_id, event_name, uma_id, uma_name, category) VALUES (118, '誤導', 10049, 'fuji-kiseki', '隨機事件');
INSERT INTO card_event_choices (choice_id, event_id, choice_label, chain_index, speed, stamina, strength, willpower, intelligence, hp, mood, skill_point, character_favor, event_condition, is_random_value, is_random_attribute, is_random_block_training, is_end_chained_event) VALUES (219, 118, 'Up', 0, 0, 0, 0, 0, 0, 0, 0, 0, 5, null, 0, 0, 0, 0);
INSERT INTO card_event_choices (choice_id, event_id, choice_label, chain_index, speed, stamina, strength, willpower, intelligence, hp, mood, skill_point, character_favor, event_condition, is_random_value, is_random_attribute, is_random_block_training, is_end_chained_event) VALUES (220, 118, 'Down', 0, 0, 0, 0, 0, 0, 0, 0, 30, 5, null, 0, 0, 0, 0);
INSERT INTO card_table (count, uma_id, uma_name) VALUES (50, 10050, 'sweep-tosho');
INSERT INTO card_events (event_id, event_name, uma_id, uma_name, category) VALUES (119, 'Miracle☆Escape！', 10050, 'sweep-tosho', '隨機事件');
INSERT INTO card_event_choices (choice_id, event_id, choice_label, chain_index, speed, stamina, strength, willpower, intelligence, hp, mood, skill_point, character_favor, event_condition, is_random_value, is_random_attribute, is_random_block_training, is_end_chained_event) VALUES (221, 119, 'Up', 0, 5, 0, 0, 0, 0, 10, 0, 0, 5, null, 0, 0, 0, 0);
INSERT INTO card_event_choices (choice_id, event_id, choice_label, chain_index, speed, stamina, strength, willpower, intelligence, hp, mood, skill_point, character_favor, event_condition, is_random_value, is_random_attribute, is_random_block_training, is_end_chained_event) VALUES (222, 119, 'Down', 0, 20, 0, 0, 0, 0, -10, 0, 0, 5, null, 0, 0, 0, 0);
INSERT INTO card_events (event_id, event_name, uma_id, uma_name, category) VALUES (120, 'Wonderful☆Mistake！', 10050, 'sweep-tosho', '隨機事件');
INSERT INTO card_event_choices (choice_id, event_id, choice_label, chain_index, speed, stamina, strength, willpower, intelligence, hp, mood, skill_point, character_favor, event_condition, is_random_value, is_random_attribute, is_random_block_training, is_end_chained_event) VALUES (223, 120, 'Up', 0, 0, 0, 0, 0, 0, -15, 0, 40, 0, null, 1, 0, 0, 0);
INSERT INTO card_event_choices (choice_id, event_id, choice_label, chain_index, speed, stamina, strength, willpower, intelligence, hp, mood, skill_point, character_favor, event_condition, is_random_value, is_random_attribute, is_random_block_training, is_end_chained_event) VALUES (224, 120, 'Up', 0, 0, 0, 0, 0, 0, -20, 0, 40, 5, null, 0, 0, 0, 0);
INSERT INTO card_event_choices (choice_id, event_id, choice_label, chain_index, speed, stamina, strength, willpower, intelligence, hp, mood, skill_point, character_favor, event_condition, is_random_value, is_random_attribute, is_random_block_training, is_end_chained_event) VALUES (225, 120, 'Down', 0, 0, 0, 0, 0, 0, 0, 0, 0, 5, '討人喜歡○', 0, 0, 0, 0);
INSERT INTO card_table (count, uma_id, uma_name) VALUES (51, 10051, 'twin-turbo');
INSERT INTO card_events (event_id, event_name, uma_id, uma_name, category) VALUES (121, '想到就立刻去做！', 10051, 'twin-turbo', '隨機事件');
INSERT INTO card_event_choices (choice_id, event_id, choice_label, chain_index, speed, stamina, strength, willpower, intelligence, hp, mood, skill_point, character_favor, event_condition, is_random_value, is_random_attribute, is_random_block_training, is_end_chained_event) VALUES (226, 121, 'Up', 0, 20, 0, 0, 0, 0, 0, -1, 0, 0, null, 0, 0, 0, 0);
INSERT INTO card_event_choices (choice_id, event_id, choice_label, chain_index, speed, stamina, strength, willpower, intelligence, hp, mood, skill_point, character_favor, event_condition, is_random_value, is_random_attribute, is_random_block_training, is_end_chained_event) VALUES (227, 121, 'Down', 0, 0, 0, 20, 0, 0, -10, 0, 0, 5, null, 0, 0, 0, 0);
INSERT INTO card_events (event_id, event_name, uma_id, uma_name, category) VALUES (122, '熱血沸騰起來了！！', 10051, 'twin-turbo', '隨機事件');
INSERT INTO card_event_choices (choice_id, event_id, choice_label, chain_index, speed, stamina, strength, willpower, intelligence, hp, mood, skill_point, character_favor, event_condition, is_random_value, is_random_attribute, is_random_block_training, is_end_chained_event) VALUES (228, 122, 'Up', 0, 0, 0, 0, 0, 0, 15, 0, 0, 5, null, 0, 0, 0, 0);
INSERT INTO card_event_choices (choice_id, event_id, choice_label, chain_index, speed, stamina, strength, willpower, intelligence, hp, mood, skill_point, character_favor, event_condition, is_random_value, is_random_attribute, is_random_block_training, is_end_chained_event) VALUES (229, 122, 'Down', 0, 0, 0, 0, 0, 0, 0, 0, 0, 5, null, 0, 0, 0, 0);
INSERT INTO card_table (count, uma_id, uma_name) VALUES (52, 10052, 'daitaku-helios');
INSERT INTO card_events (event_id, event_name, uma_id, uma_name, category) VALUES (123, '遭遇太陽☆', 10052, 'daitaku-helios', '隨機事件');
INSERT INTO card_event_choices (choice_id, event_id, choice_label, chain_index, speed, stamina, strength, willpower, intelligence, hp, mood, skill_point, character_favor, event_condition, is_random_value, is_random_attribute, is_random_block_training, is_end_chained_event) VALUES (230, 123, 'Up', 0, 0, 0, 10, 0, 0, 0, 0, 0, 5, null, 0, 0, 0, 0);
INSERT INTO card_event_choices (choice_id, event_id, choice_label, chain_index, speed, stamina, strength, willpower, intelligence, hp, mood, skill_point, character_favor, event_condition, is_random_value, is_random_attribute, is_random_block_training, is_end_chained_event) VALUES (231, 123, 'Down', 0, 0, 0, 0, 0, 0, 0, 0, 0, 5, '備受矚目', 0, 0, 0, 0);
INSERT INTO card_events (event_id, event_name, uma_id, uma_name, category) VALUES (124, '笑容Forever', 10052, 'daitaku-helios', '隨機事件');
INSERT INTO card_event_choices (choice_id, event_id, choice_label, chain_index, speed, stamina, strength, willpower, intelligence, hp, mood, skill_point, character_favor, event_condition, is_random_value, is_random_attribute, is_random_block_training, is_end_chained_event) VALUES (232, 124, 'Up', 0, 5, 0, 10, 0, 0, 0, 0, 0, 5, null, 0, 0, 0, 0);
INSERT INTO card_event_choices (choice_id, event_id, choice_label, chain_index, speed, stamina, strength, willpower, intelligence, hp, mood, skill_point, character_favor, event_condition, is_random_value, is_random_attribute, is_random_block_training, is_end_chained_event) VALUES (233, 124, 'Down', 0, 0, 0, 0, 0, 0, 0, 0, 0, 5, null, 0, 0, 0, 0);
INSERT INTO card_table (count, uma_id, uma_name) VALUES (53, 10053, 'ikuno-dictus');
INSERT INTO card_events (event_id, event_name, uma_id, uma_name, category) VALUES (125, '生野式萬全的做法', 10053, 'ikuno-dictus', '隨機事件');
INSERT INTO card_event_choices (choice_id, event_id, choice_label, chain_index, speed, stamina, strength, willpower, intelligence, hp, mood, skill_point, character_favor, event_condition, is_random_value, is_random_attribute, is_random_block_training, is_end_chained_event) VALUES (234, 125, 'Up', 0, 0, 0, 0, 0, 10, 0, 0, 0, 5, null, 0, 0, 0, 0);
INSERT INTO card_event_choices (choice_id, event_id, choice_label, chain_index, speed, stamina, strength, willpower, intelligence, hp, mood, skill_point, character_favor, event_condition, is_random_value, is_random_attribute, is_random_block_training, is_end_chained_event) VALUES (235, 125, 'Down', 0, 0, 0, 0, 0, 0, 0, 0, 30, 5, null, 0, 0, 0, 0);
INSERT INTO card_events (event_id, event_name, uma_id, uma_name, category) VALUES (126, '生野式管理論', 10053, 'ikuno-dictus', '隨機事件');
INSERT INTO card_event_choices (choice_id, event_id, choice_label, chain_index, speed, stamina, strength, willpower, intelligence, hp, mood, skill_point, character_favor, event_condition, is_random_value, is_random_attribute, is_random_block_training, is_end_chained_event) VALUES (236, 126, 'Up', 0, 0, 20, 0, 0, 0, 0, 0, 0, 5, null, 0, 0, 0, 0);
INSERT INTO card_event_choices (choice_id, event_id, choice_label, chain_index, speed, stamina, strength, willpower, intelligence, hp, mood, skill_point, character_favor, event_condition, is_random_value, is_random_attribute, is_random_block_training, is_end_chained_event) VALUES (237, 126, 'Down', 0, 0, 0, 0, 0, 0, 0, 0, 0, 5, null, 0, 0, 0, 0);
INSERT INTO card_table (count, uma_id, uma_name) VALUES (54, 10054, 'mejiro-palmer');
INSERT INTO card_events (event_id, event_name, uma_id, uma_name, category) VALUES (127, '逃不掉的選擇？', 10054, 'mejiro-palmer', '隨機事件');
INSERT INTO card_event_choices (choice_id, event_id, choice_label, chain_index, speed, stamina, strength, willpower, intelligence, hp, mood, skill_point, character_favor, event_condition, is_random_value, is_random_attribute, is_random_block_training, is_end_chained_event) VALUES (238, 127, 'Up', 0, 0, 0, 0, 20, 0, -15, 0, 0, 5, null, 0, 0, 0, 0);
INSERT INTO card_event_choices (choice_id, event_id, choice_label, chain_index, speed, stamina, strength, willpower, intelligence, hp, mood, skill_point, character_favor, event_condition, is_random_value, is_random_attribute, is_random_block_training, is_end_chained_event) VALUES (239, 127, 'Down', 0, 0, 0, 5, 0, 0, 0, 0, 15, 5, null, 0, 0, 0, 0);
INSERT INTO card_events (event_id, event_name, uma_id, uma_name, category) VALUES (128, '積極的逃避', 10054, 'mejiro-palmer', '隨機事件');
INSERT INTO card_event_choices (choice_id, event_id, choice_label, chain_index, speed, stamina, strength, willpower, intelligence, hp, mood, skill_point, character_favor, event_condition, is_random_value, is_random_attribute, is_random_block_training, is_end_chained_event) VALUES (240, 128, 'Up', 0, 0, 0, 0, 15, 0, 0, 0, 0, 5, null, 0, 0, 0, 0);
INSERT INTO card_event_choices (choice_id, event_id, choice_label, chain_index, speed, stamina, strength, willpower, intelligence, hp, mood, skill_point, character_favor, event_condition, is_random_value, is_random_attribute, is_random_block_training, is_end_chained_event) VALUES (241, 128, 'Down', 0, 0, 0, 0, 0, 0, 0, 0, 0, 5, null, 0, 0, 0, 0);
INSERT INTO card_table (count, uma_id, uma_name) VALUES (55, 10055, 'kitasan-black');
INSERT INTO card_events (event_id, event_name, uma_id, uma_name, category) VALUES (129, '啊啊，友情', 10055, 'kitasan-black', '隨機事件');
INSERT INTO card_event_choices (choice_id, event_id, choice_label, chain_index, speed, stamina, strength, willpower, intelligence, hp, mood, skill_point, character_favor, event_condition, is_random_value, is_random_attribute, is_random_block_training, is_end_chained_event) VALUES (242, 129, 'Up', 0, 0, 0, 5, 0, 0, 0, 1, 0, 5, null, 0, 0, 0, 0);
INSERT INTO card_event_choices (choice_id, event_id, choice_label, chain_index, speed, stamina, strength, willpower, intelligence, hp, mood, skill_point, character_favor, event_condition, is_random_value, is_random_attribute, is_random_block_training, is_end_chained_event) VALUES (243, 129, 'Down', 0, 0, 0, 0, 0, 0, 10, 0, 0, 5, null, 0, 0, 0, 0);
INSERT INTO card_events (event_id, event_name, uma_id, uma_name, category) VALUES (130, '啊啊，故鄉', 10055, 'kitasan-black', '隨機事件');
INSERT INTO card_event_choices (choice_id, event_id, choice_label, chain_index, speed, stamina, strength, willpower, intelligence, hp, mood, skill_point, character_favor, event_condition, is_random_value, is_random_attribute, is_random_block_training, is_end_chained_event) VALUES (244, 130, 'Up', 0, 5, 0, 10, 0, 0, 0, 0, 0, 5, null, 0, 0, 0, 0);
INSERT INTO card_event_choices (choice_id, event_id, choice_label, chain_index, speed, stamina, strength, willpower, intelligence, hp, mood, skill_point, character_favor, event_condition, is_random_value, is_random_attribute, is_random_block_training, is_end_chained_event) VALUES (245, 130, 'Down', 0, 0, 0, 0, 0, 0, 0, 0, 0, 5, '擅長練習○', 0, 0, 0, 0);
INSERT INTO card_table (count, uma_id, uma_name) VALUES (56, 10056, 'satono-diamond');
INSERT INTO card_events (event_id, event_name, uma_id, uma_name, category) VALUES (131, '最喜歡新東西！', 10056, 'satono-diamond', '隨機事件');
INSERT INTO card_event_choices (choice_id, event_id, choice_label, chain_index, speed, stamina, strength, willpower, intelligence, hp, mood, skill_point, character_favor, event_condition, is_random_value, is_random_attribute, is_random_block_training, is_end_chained_event) VALUES (246, 131, 'Up', 0, 0, 0, 0, 10, 0, 0, 0, 0, 5, null, 0, 0, 0, 0);
INSERT INTO card_event_choices (choice_id, event_id, choice_label, chain_index, speed, stamina, strength, willpower, intelligence, hp, mood, skill_point, character_favor, event_condition, is_random_value, is_random_attribute, is_random_block_training, is_end_chained_event) VALUES (247, 131, 'Down', 0, 0, 20, 0, 0, 0, -10, 0, 0, 5, null, 0, 0, 0, 0);
INSERT INTO card_events (event_id, event_name, uma_id, uma_name, category) VALUES (132, '最喜歡困難的事情！', 10056, 'satono-diamond', '隨機事件');
INSERT INTO card_event_choices (choice_id, event_id, choice_label, chain_index, speed, stamina, strength, willpower, intelligence, hp, mood, skill_point, character_favor, event_condition, is_random_value, is_random_attribute, is_random_block_training, is_end_chained_event) VALUES (248, 132, 'Up', 0, 0, 5, 0, 10, 0, 0, 0, 0, 5, null, 0, 0, 0, 0);
INSERT INTO card_event_choices (choice_id, event_id, choice_label, chain_index, speed, stamina, strength, willpower, intelligence, hp, mood, skill_point, character_favor, event_condition, is_random_value, is_random_attribute, is_random_block_training, is_end_chained_event) VALUES (249, 132, 'Down', 0, 0, 0, 0, 0, 0, 0, 0, 0, 5, null, 0, 0, 0, 0);
INSERT INTO card_table (count, uma_id, uma_name) VALUES (57, 10057, 'matikanetannhauser');
INSERT INTO card_events (event_id, event_name, uma_id, uma_name, category) VALUES (133, '這也是普通的努力！', 10057, 'matikanetannhauser', '隨機事件');
INSERT INTO card_event_choices (choice_id, event_id, choice_label, chain_index, speed, stamina, strength, willpower, intelligence, hp, mood, skill_point, character_favor, event_condition, is_random_value, is_random_attribute, is_random_block_training, is_end_chained_event) VALUES (250, 133, 'Up', 0, 10, 0, 0, 0, 0, 0, 0, 0, 5, null, 0, 0, 0, 0);
INSERT INTO card_event_choices (choice_id, event_id, choice_label, chain_index, speed, stamina, strength, willpower, intelligence, hp, mood, skill_point, character_favor, event_condition, is_random_value, is_random_attribute, is_random_block_training, is_end_chained_event) VALUES (251, 133, 'Down', 0, 0, 0, 10, 0, 0, 0, 0, 0, 5, null, 0, 0, 0, 0);
INSERT INTO card_events (event_id, event_name, uma_id, uma_name, category) VALUES (134, '這也是普通的意外！？', 10057, 'matikanetannhauser', '隨機事件');
INSERT INTO card_event_choices (choice_id, event_id, choice_label, chain_index, speed, stamina, strength, willpower, intelligence, hp, mood, skill_point, character_favor, event_condition, is_random_value, is_random_attribute, is_random_block_training, is_end_chained_event) VALUES (252, 134, 'Up', 0, 0, 5, 0, 10, 0, 0, 0, 0, 5, null, 0, 0, 0, 0);
INSERT INTO card_event_choices (choice_id, event_id, choice_label, chain_index, speed, stamina, strength, willpower, intelligence, hp, mood, skill_point, character_favor, event_condition, is_random_value, is_random_attribute, is_random_block_training, is_end_chained_event) VALUES (253, 134, 'Down', 0, 0, 0, 0, 0, 0, 0, 0, 0, 5, null, 0, 0, 0, 0);
INSERT INTO card_table (count, uma_id, uma_name) VALUES (58, 10058, 'yaeno-muteki');
INSERT INTO card_events (event_id, event_name, uma_id, uma_name, category) VALUES (135, '剛毅木訥，近仁', 10058, 'yaeno-muteki', '隨機事件');
INSERT INTO card_event_choices (choice_id, event_id, choice_label, chain_index, speed, stamina, strength, willpower, intelligence, hp, mood, skill_point, character_favor, event_condition, is_random_value, is_random_attribute, is_random_block_training, is_end_chained_event) VALUES (254, 135, 'Up', 0, 10, 0, 0, 0, 0, 0, 0, 0, 5, null, 0, 0, 0, 0);
INSERT INTO card_event_choices (choice_id, event_id, choice_label, chain_index, speed, stamina, strength, willpower, intelligence, hp, mood, skill_point, character_favor, event_condition, is_random_value, is_random_attribute, is_random_block_training, is_end_chained_event) VALUES (255, 135, 'Down', 0, 0, 0, 5, 0, 0, 0, 1, 0, 5, null, 0, 0, 0, 0);
INSERT INTO card_events (event_id, event_name, uma_id, uma_name, category) VALUES (136, '啊啊，想守護……！', 10058, 'yaeno-muteki', '隨機事件');
INSERT INTO card_event_choices (choice_id, event_id, choice_label, chain_index, speed, stamina, strength, willpower, intelligence, hp, mood, skill_point, character_favor, event_condition, is_random_value, is_random_attribute, is_random_block_training, is_end_chained_event) VALUES (256, 136, 'Up', 0, 0, 10, 10, 0, 0, 0, 0, 0, 5, null, 0, 0, 0, 0);
INSERT INTO card_event_choices (choice_id, event_id, choice_label, chain_index, speed, stamina, strength, willpower, intelligence, hp, mood, skill_point, character_favor, event_condition, is_random_value, is_random_attribute, is_random_block_training, is_end_chained_event) VALUES (257, 136, 'Down', 0, 0, 0, 0, 0, 0, 0, 0, 0, 5, null, 0, 0, 0, 0);
INSERT INTO card_table (count, uma_id, uma_name) VALUES (59, 10059, 'zenno-rob-roy');
INSERT INTO card_events (event_id, event_name, uma_id, uma_name, category) VALUES (137, '愛書人常遇到的', 10059, 'zenno-rob-roy', '隨機事件');
INSERT INTO card_event_choices (choice_id, event_id, choice_label, chain_index, speed, stamina, strength, willpower, intelligence, hp, mood, skill_point, character_favor, event_condition, is_random_value, is_random_attribute, is_random_block_training, is_end_chained_event) VALUES (258, 137, 'Up', 0, 5, 0, 0, 0, 5, 0, 0, 0, 5, null, 0, 0, 0, 0);
INSERT INTO card_event_choices (choice_id, event_id, choice_label, chain_index, speed, stamina, strength, willpower, intelligence, hp, mood, skill_point, character_favor, event_condition, is_random_value, is_random_attribute, is_random_block_training, is_end_chained_event) VALUES (259, 137, 'Down', 0, 0, 0, 5, 0, 0, 10, 0, 0, 5, null, 0, 0, 0, 0);
INSERT INTO card_events (event_id, event_name, uma_id, uma_name, category) VALUES (138, '被託付的故事', 10059, 'zenno-rob-roy', '隨機事件');
INSERT INTO card_event_choices (choice_id, event_id, choice_label, chain_index, speed, stamina, strength, willpower, intelligence, hp, mood, skill_point, character_favor, event_condition, is_random_value, is_random_attribute, is_random_block_training, is_end_chained_event) VALUES (260, 138, 'Up', 0, 0, 10, 0, 0, 10, 0, 0, 0, 5, null, 0, 0, 0, 0);
INSERT INTO card_event_choices (choice_id, event_id, choice_label, chain_index, speed, stamina, strength, willpower, intelligence, hp, mood, skill_point, character_favor, event_condition, is_random_value, is_random_attribute, is_random_block_training, is_end_chained_event) VALUES (261, 138, 'Down', 0, 0, 0, 0, 0, 0, 0, 0, 0, 5, null, 0, 0, 0, 0);
INSERT INTO card_table (count, uma_id, uma_name) VALUES (60, 10060, 'riko-kashimoto');
INSERT INTO card_events (event_id, event_name, uma_id, uma_name, category) VALUES (139, '(❯) 在歌中乘著思念', 10060, 'riko-kashimoto', '外出');
INSERT INTO card_event_choices (choice_id, event_id, choice_label, chain_index, speed, stamina, strength, willpower, intelligence, hp, mood, skill_point, character_favor, event_condition, is_random_value, is_random_attribute, is_random_block_training, is_end_chained_event) VALUES (262, 139, 'None', 1, 0, 10, 0, 0, 0, 25, 1, 0, 5, null, 0, 0, 0, 0);
INSERT INTO card_events (event_id, event_name, uma_id, uma_name, category) VALUES (140, '(❯❯) 短暫的休息', 10060, 'riko-kashimoto', '外出');
INSERT INTO card_event_choices (choice_id, event_id, choice_label, chain_index, speed, stamina, strength, willpower, intelligence, hp, mood, skill_point, character_favor, event_condition, is_random_value, is_random_attribute, is_random_block_training, is_end_chained_event) VALUES (263, 140, 'None', 2, 0, 10, 0, 10, 0, 20, 1, 0, 5, null, 0, 0, 0, 0);
INSERT INTO card_events (event_id, event_name, uma_id, uma_name, category) VALUES (141, '(❯❯❯) 想著那開心的表情', 10060, 'riko-kashimoto', '外出');
INSERT INTO card_event_choices (choice_id, event_id, choice_label, chain_index, speed, stamina, strength, willpower, intelligence, hp, mood, skill_point, character_favor, event_condition, is_random_value, is_random_attribute, is_random_block_training, is_end_chained_event) VALUES (264, 141, 'Up', 3, 0, 10, 0, 5, 0, 20, 1, 0, 5, null, 0, 0, 0, 0);
INSERT INTO card_event_choices (choice_id, event_id, choice_label, chain_index, speed, stamina, strength, willpower, intelligence, hp, mood, skill_point, character_favor, event_condition, is_random_value, is_random_attribute, is_random_block_training, is_end_chained_event) VALUES (265, 141, 'Down', 3, 0, 0, 0, 0, 0, 0, 1, 30, 5, null, 0, 0, 0, 0);
INSERT INTO card_events (event_id, event_name, uma_id, uma_name, category) VALUES (142, '(❯❯❯❯) 寄予的意念與困惑', 10060, 'riko-kashimoto', '外出');
INSERT INTO card_event_choices (choice_id, event_id, choice_label, chain_index, speed, stamina, strength, willpower, intelligence, hp, mood, skill_point, character_favor, event_condition, is_random_value, is_random_attribute, is_random_block_training, is_end_chained_event) VALUES (266, 142, 'None', 4, 10, 5, 5, 0, 0, 20, 1, 0, 5, null, 0, 0, 0, 0);
INSERT INTO card_events (event_id, event_name, uma_id, uma_name, category) VALUES (143, '(❯❯❯❯❯) 稍稍吐露心聲', 10060, 'riko-kashimoto', '外出');
INSERT INTO card_event_choices (choice_id, event_id, choice_label, chain_index, speed, stamina, strength, willpower, intelligence, hp, mood, skill_point, character_favor, event_condition, is_random_value, is_random_attribute, is_random_block_training, is_end_chained_event) VALUES (267, 143, 'None', 5, 0, 5, 0, 5, 0, 20, 1, 0, 5, null, 1, 0, 0, 0);
INSERT INTO card_event_choices (choice_id, event_id, choice_label, chain_index, speed, stamina, strength, willpower, intelligence, hp, mood, skill_point, character_favor, event_condition, is_random_value, is_random_attribute, is_random_block_training, is_end_chained_event) VALUES (268, 143, 'None', 5, 0, 0, 0, 0, 0, 20, 1, 0, 5, null, 0, 0, 0, 0);
INSERT INTO card_events (event_id, event_name, uma_id, uma_name, category) VALUES (144, '樫本流整理術', 10060, 'riko-kashimoto', '隨機事件');
INSERT INTO card_event_choices (choice_id, event_id, choice_label, chain_index, speed, stamina, strength, willpower, intelligence, hp, mood, skill_point, character_favor, event_condition, is_random_value, is_random_attribute, is_random_block_training, is_end_chained_event) VALUES (269, 144, 'Up', 5, 0, 15, 0, 0, 0, 0, 0, 0, 5, null, 0, 0, 0, 0);
INSERT INTO card_event_choices (choice_id, event_id, choice_label, chain_index, speed, stamina, strength, willpower, intelligence, hp, mood, skill_point, character_favor, event_condition, is_random_value, is_random_attribute, is_random_block_training, is_end_chained_event) VALUES (270, 144, 'Down', 5, 0, 0, 0, 15, 0, 0, 0, 0, 5, null, 0, 0, 0, 0);
INSERT INTO card_events (event_id, event_name, uma_id, uma_name, category) VALUES (145, '令人意外的一面', 10060, 'riko-kashimoto', '隨機事件');
INSERT INTO card_event_choices (choice_id, event_id, choice_label, chain_index, speed, stamina, strength, willpower, intelligence, hp, mood, skill_point, character_favor, event_condition, is_random_value, is_random_attribute, is_random_block_training, is_end_chained_event) VALUES (271, 145, 'Up', 5, 0, 10, 0, 0, 0, 15, 1, 0, 12, null, 1, 0, 0, 0);
INSERT INTO card_event_choices (choice_id, event_id, choice_label, chain_index, speed, stamina, strength, willpower, intelligence, hp, mood, skill_point, character_favor, event_condition, is_random_value, is_random_attribute, is_random_block_training, is_end_chained_event) VALUES (272, 145, 'Up', 5, 0, 0, 0, 0, 0, 0, 0, 0, -10, null, 0, 0, 0, 1);
INSERT INTO card_event_choices (choice_id, event_id, choice_label, chain_index, speed, stamina, strength, willpower, intelligence, hp, mood, skill_point, character_favor, event_condition, is_random_value, is_random_attribute, is_random_block_training, is_end_chained_event) VALUES (273, 145, 'Middle', 5, 0, 0, 0, 15, 0, 0, 1, 0, 5, null, 0, 0, 0, 0);
INSERT INTO card_event_choices (choice_id, event_id, choice_label, chain_index, speed, stamina, strength, willpower, intelligence, hp, mood, skill_point, character_favor, event_condition, is_random_value, is_random_attribute, is_random_block_training, is_end_chained_event) VALUES (274, 145, 'Down', 5, 0, 0, 0, 0, 0, 0, 0, 0, -10, null, 0, 0, 0, 1);
INSERT INTO card_events (event_id, event_name, uma_id, uma_name, category) VALUES (146, '專業的樫本理子', 10060, 'riko-kashimoto', '特殊事件');
INSERT INTO card_event_choices (choice_id, event_id, choice_label, chain_index, speed, stamina, strength, willpower, intelligence, hp, mood, skill_point, character_favor, event_condition, is_random_value, is_random_attribute, is_random_block_training, is_end_chained_event) VALUES (275, 146, 'None', 5, 0, 6, 0, 6, 0, 0, 1, 0, 5, null, 0, 0, 0, 0);
INSERT INTO card_events (event_id, event_name, uma_id, uma_name, category) VALUES (147, '辛苦了', 10060, 'riko-kashimoto', '特殊事件');
INSERT INTO card_event_choices (choice_id, event_id, choice_label, chain_index, speed, stamina, strength, willpower, intelligence, hp, mood, skill_point, character_favor, event_condition, is_random_value, is_random_attribute, is_random_block_training, is_end_chained_event) VALUES (276, 147, 'None', 5, 0, 3, 0, 0, 0, 0, 1, 0, 5, null, 0, 1, 0, 0);
INSERT INTO card_events (event_id, event_name, uma_id, uma_name, category) VALUES (148, '無可取代的相遇', 10060, 'riko-kashimoto', '特殊事件');
INSERT INTO card_event_choices (choice_id, event_id, choice_label, chain_index, speed, stamina, strength, willpower, intelligence, hp, mood, skill_point, character_favor, event_condition, is_random_value, is_random_attribute, is_random_block_training, is_end_chained_event) VALUES (277, 148, 'None', 5, 0, 15, 0, 15, 0, 0, 0, 20, 0, null, 0, 0, 0, 0);
INSERT INTO card_events (event_id, event_name, uma_id, uma_name, category) VALUES (149, '偶爾這麼晚也好', 10060, 'riko-kashimoto', '特殊事件');
INSERT INTO card_event_choices (choice_id, event_id, choice_label, chain_index, speed, stamina, strength, willpower, intelligence, hp, mood, skill_point, character_favor, event_condition, is_random_value, is_random_attribute, is_random_block_training, is_end_chained_event) VALUES (278, 149, 'None', 5, 0, 4, 0, 4, 0, 0, 0, 6, 0, null, 0, 0, 0, 0);
INSERT INTO card_events (event_id, event_name, uma_id, uma_name, category) VALUES (150, '與理子之間的情誼・不重蹈覆轍', 10060, 'riko-kashimoto', '特殊事件');
INSERT INTO card_event_choices (choice_id, event_id, choice_label, chain_index, speed, stamina, strength, willpower, intelligence, hp, mood, skill_point, character_favor, event_condition, is_random_value, is_random_attribute, is_random_block_training, is_end_chained_event) VALUES (279, 150, 'None', 5, 0, 12, 0, 6, 0, 0, 1, 0, 5, null, 0, 0, 0, 0);
INSERT INTO card_table (count, uma_id, uma_name) VALUES (61, 10061, 'seeking-the-pearl');
INSERT INTO card_events (event_id, event_name, uma_id, uma_name, category) VALUES (151, '全力發揮熱情！', 10061, 'seeking-the-pearl', '隨機事件');
INSERT INTO card_event_choices (choice_id, event_id, choice_label, chain_index, speed, stamina, strength, willpower, intelligence, hp, mood, skill_point, character_favor, event_condition, is_random_value, is_random_attribute, is_random_block_training, is_end_chained_event) VALUES (280, 151, 'Up', 0, 0, 0, 0, 0, 0, 10, 1, 0, 5, null, 0, 0, 0, 0);
INSERT INTO card_event_choices (choice_id, event_id, choice_label, chain_index, speed, stamina, strength, willpower, intelligence, hp, mood, skill_point, character_favor, event_condition, is_random_value, is_random_attribute, is_random_block_training, is_end_chained_event) VALUES (281, 151, 'Down', 0, 0, 0, 5, 5, 0, 0, 0, 0, 5, null, 0, 0, 0, 0);
INSERT INTO card_events (event_id, event_name, uma_id, uma_name, category) VALUES (152, '全力思考！', 10061, 'seeking-the-pearl', '隨機事件');
INSERT INTO card_event_choices (choice_id, event_id, choice_label, chain_index, speed, stamina, strength, willpower, intelligence, hp, mood, skill_point, character_favor, event_condition, is_random_value, is_random_attribute, is_random_block_training, is_end_chained_event) VALUES (282, 152, 'Up', 0, 0, 0, 0, 0, 20, 0, 0, 0, 5, null, 0, 0, 0, 0);
INSERT INTO card_event_choices (choice_id, event_id, choice_label, chain_index, speed, stamina, strength, willpower, intelligence, hp, mood, skill_point, character_favor, event_condition, is_random_value, is_random_attribute, is_random_block_training, is_end_chained_event) VALUES (283, 152, 'Down', 0, 0, 0, 0, 0, 0, -10, 0, 0, 5, null, 0, 0, 0, 0);
INSERT INTO card_table (count, uma_id, uma_name) VALUES (62, 10062, 'sakura-chiyono-o');
INSERT INTO card_events (event_id, event_name, uma_id, uma_name, category) VALUES (153, '本日格言！', 10062, 'sakura-chiyono-o', '隨機事件');
INSERT INTO card_event_choices (choice_id, event_id, choice_label, chain_index, speed, stamina, strength, willpower, intelligence, hp, mood, skill_point, character_favor, event_condition, is_random_value, is_random_attribute, is_random_block_training, is_end_chained_event) VALUES (284, 153, 'Up', 0, 0, 0, 20, 0, 0, -10, 0, 0, 5, null, 0, 0, 0, 0);
INSERT INTO card_event_choices (choice_id, event_id, choice_label, chain_index, speed, stamina, strength, willpower, intelligence, hp, mood, skill_point, character_favor, event_condition, is_random_value, is_random_attribute, is_random_block_training, is_end_chained_event) VALUES (285, 153, 'Down', 0, 0, 0, 0, 0, 0, 5, 0, 10, 5, null, 0, 0, 0, 0);
INSERT INTO card_events (event_id, event_name, uma_id, uma_name, category) VALUES (154, '直到開花的那天……', 10062, 'sakura-chiyono-o', '隨機事件');
INSERT INTO card_event_choices (choice_id, event_id, choice_label, chain_index, speed, stamina, strength, willpower, intelligence, hp, mood, skill_point, character_favor, event_condition, is_random_value, is_random_attribute, is_random_block_training, is_end_chained_event) VALUES (286, 154, 'Up', 0, 0, 5, 0, 0, 0, 5, 0, 0, 5, null, 0, 0, 0, 0);
INSERT INTO card_event_choices (choice_id, event_id, choice_label, chain_index, speed, stamina, strength, willpower, intelligence, hp, mood, skill_point, character_favor, event_condition, is_random_value, is_random_attribute, is_random_block_training, is_end_chained_event) VALUES (287, 154, 'Down', 0, 0, 0, 0, 0, 0, 0, 0, 0, 5, null, 0, 0, 0, 0);
INSERT INTO card_table (count, uma_id, uma_name) VALUES (63, 10063, 'kawakami-princess');
INSERT INTO card_events (event_id, event_name, uma_id, uma_name, category) VALUES (155, '公主出拳！', 10063, 'kawakami-princess', '隨機事件');
INSERT INTO card_event_choices (choice_id, event_id, choice_label, chain_index, speed, stamina, strength, willpower, intelligence, hp, mood, skill_point, character_favor, event_condition, is_random_value, is_random_attribute, is_random_block_training, is_end_chained_event) VALUES (288, 155, 'Up', 0, 0, 0, 0, 10, 0, 0, 0, 0, 5, null, 0, 0, 0, 0);
INSERT INTO card_event_choices (choice_id, event_id, choice_label, chain_index, speed, stamina, strength, willpower, intelligence, hp, mood, skill_point, character_favor, event_condition, is_random_value, is_random_attribute, is_random_block_training, is_end_chained_event) VALUES (289, 155, 'Down', 0, 0, 0, 0, 0, 0, 0, 1, 0, 5, null, 0, 0, 0, 0);
INSERT INTO card_events (event_id, event_name, uma_id, uma_name, category) VALUES (156, '公主逃跑！', 10063, 'kawakami-princess', '隨機事件');
INSERT INTO card_event_choices (choice_id, event_id, choice_label, chain_index, speed, stamina, strength, willpower, intelligence, hp, mood, skill_point, character_favor, event_condition, is_random_value, is_random_attribute, is_random_block_training, is_end_chained_event) VALUES (290, 156, 'Up', 0, 0, 0, 0, 0, 0, 10, 0, 0, 5, null, 0, 0, 0, 0);
INSERT INTO card_event_choices (choice_id, event_id, choice_label, chain_index, speed, stamina, strength, willpower, intelligence, hp, mood, skill_point, character_favor, event_condition, is_random_value, is_random_attribute, is_random_block_training, is_end_chained_event) VALUES (291, 156, 'Down', 0, 0, 0, 0, 0, 0, 0, 0, 0, 5, null, 0, 0, 0, 0);
INSERT INTO card_table (count, uma_id, uma_name) VALUES (64, 10064, 'hishi-akebono');
INSERT INTO card_events (event_id, event_name, uma_id, uma_name, category) VALUES (157, '盡情☆享用吧♪', 10064, 'hishi-akebono', '隨機事件');
INSERT INTO card_event_choices (choice_id, event_id, choice_label, chain_index, speed, stamina, strength, willpower, intelligence, hp, mood, skill_point, character_favor, event_condition, is_random_value, is_random_attribute, is_random_block_training, is_end_chained_event) VALUES (292, 157, 'Up', 0, 0, 0, 0, 0, 0, 10, 0, 0, 5, null, 0, 0, 0, 0);
INSERT INTO card_event_choices (choice_id, event_id, choice_label, chain_index, speed, stamina, strength, willpower, intelligence, hp, mood, skill_point, character_favor, event_condition, is_random_value, is_random_attribute, is_random_block_training, is_end_chained_event) VALUES (293, 157, 'Down', 0, 0, 0, 15, 0, 0, -5, 0, 0, 5, null, 0, 0, 0, 0);
INSERT INTO card_events (event_id, event_name, uma_id, uma_name, category) VALUES (158, '儘管☆交給我吧♪', 10064, 'hishi-akebono', '隨機事件');
INSERT INTO card_event_choices (choice_id, event_id, choice_label, chain_index, speed, stamina, strength, willpower, intelligence, hp, mood, skill_point, character_favor, event_condition, is_random_value, is_random_attribute, is_random_block_training, is_end_chained_event) VALUES (294, 158, 'Up', 0, 0, 10, 0, 0, 0, 0, 0, 0, 5, null, 0, 0, 0, 0);
INSERT INTO card_event_choices (choice_id, event_id, choice_label, chain_index, speed, stamina, strength, willpower, intelligence, hp, mood, skill_point, character_favor, event_condition, is_random_value, is_random_attribute, is_random_block_training, is_end_chained_event) VALUES (295, 158, 'Down', 0, 0, 0, 0, 0, 0, -15, 0, 0, 5, null, 0, 0, 0, 0);
INSERT INTO card_table (count, uma_id, uma_name) VALUES (65, 10065, 'bamboo-memory');
INSERT INTO card_events (event_id, event_name, uma_id, uma_name, category) VALUES (159, '勁敵，擊倒！', 10065, 'bamboo-memory', '隨機事件');
INSERT INTO card_event_choices (choice_id, event_id, choice_label, chain_index, speed, stamina, strength, willpower, intelligence, hp, mood, skill_point, character_favor, event_condition, is_random_value, is_random_attribute, is_random_block_training, is_end_chained_event) VALUES (296, 159, 'Up', 0, 0, 0, 0, 10, 0, 0, 0, 0, 5, null, 0, 0, 0, 0);
INSERT INTO card_event_choices (choice_id, event_id, choice_label, chain_index, speed, stamina, strength, willpower, intelligence, hp, mood, skill_point, character_favor, event_condition, is_random_value, is_random_attribute, is_random_block_training, is_end_chained_event) VALUES (297, 159, 'Down', 0, 0, 0, 0, 0, 0, -1, 0, 0, 5, null, 0, 0, 0, 0);
INSERT INTO card_events (event_id, event_name, uma_id, uma_name, category) VALUES (160, '麻煩事，儘管來吧！', 10065, 'bamboo-memory', '隨機事件');
INSERT INTO card_event_choices (choice_id, event_id, choice_label, chain_index, speed, stamina, strength, willpower, intelligence, hp, mood, skill_point, character_favor, event_condition, is_random_value, is_random_attribute, is_random_block_training, is_end_chained_event) VALUES (298, 160, 'Up', 0, 0, 5, 0, 5, 0, 0, 0, 0, 5, null, 0, 0, 0, 0);
INSERT INTO card_event_choices (choice_id, event_id, choice_label, chain_index, speed, stamina, strength, willpower, intelligence, hp, mood, skill_point, character_favor, event_condition, is_random_value, is_random_attribute, is_random_block_training, is_end_chained_event) VALUES (299, 160, 'Down', 0, 0, 0, 0, 0, 0, -10, 0, 0, 5, null, 0, 0, 0, 0);
INSERT INTO card_table (count, uma_id, uma_name) VALUES (66, 10066, 'shinko-windy');
INSERT INTO card_events (event_id, event_name, uma_id, uma_name, category) VALUES (161, '一口氣撲滅！', 10066, 'shinko-windy', '隨機事件');
INSERT INTO card_event_choices (choice_id, event_id, choice_label, chain_index, speed, stamina, strength, willpower, intelligence, hp, mood, skill_point, character_favor, event_condition, is_random_value, is_random_attribute, is_random_block_training, is_end_chained_event) VALUES (300, 161, 'Up', 0, 3, 0, 0, 0, 0, 0, 1, 0, 5, null, 0, 0, 0, 0);
INSERT INTO card_event_choices (choice_id, event_id, choice_label, chain_index, speed, stamina, strength, willpower, intelligence, hp, mood, skill_point, character_favor, event_condition, is_random_value, is_random_attribute, is_random_block_training, is_end_chained_event) VALUES (301, 161, 'Down', 0, 0, 0, 0, 0, 0, 10, 0, 5, 5, null, 0, 0, 0, 0);
INSERT INTO card_events (event_id, event_name, uma_id, uma_name, category) VALUES (162, '一口氣突擊！', 10066, 'shinko-windy', '隨機事件');
INSERT INTO card_event_choices (choice_id, event_id, choice_label, chain_index, speed, stamina, strength, willpower, intelligence, hp, mood, skill_point, character_favor, event_condition, is_random_value, is_random_attribute, is_random_block_training, is_end_chained_event) VALUES (302, 162, 'Up', 0, 0, 0, 0, 0, 0, 0, 0, 15, 5, null, 0, 0, 0, 0);
INSERT INTO card_event_choices (choice_id, event_id, choice_label, chain_index, speed, stamina, strength, willpower, intelligence, hp, mood, skill_point, character_favor, event_condition, is_random_value, is_random_attribute, is_random_block_training, is_end_chained_event) VALUES (303, 162, 'Down', 0, 3, 0, 0, 0, 0, 0, 0, 0, 5, null, 0, 0, 0, 0);
INSERT INTO card_table (count, uma_id, uma_name) VALUES (67, 10067, 'nakayama-festa');
INSERT INTO card_events (event_id, event_name, uma_id, uma_name, category) VALUES (163, '黃昏時分決一勝負', 10067, 'nakayama-festa', '隨機事件');
INSERT INTO card_event_choices (choice_id, event_id, choice_label, chain_index, speed, stamina, strength, willpower, intelligence, hp, mood, skill_point, character_favor, event_condition, is_random_value, is_random_attribute, is_random_block_training, is_end_chained_event) VALUES (304, 163, 'Up', 0, 0, 0, 0, 0, 0, 15, 0, 0, 5, null, 0, 0, 0, 0);
INSERT INTO card_event_choices (choice_id, event_id, choice_label, chain_index, speed, stamina, strength, willpower, intelligence, hp, mood, skill_point, character_favor, event_condition, is_random_value, is_random_attribute, is_random_block_training, is_end_chained_event) VALUES (305, 163, 'Down', 0, 0, 0, 0, 15, 0, 0, 0, 0, 5, null, 0, 0, 0, 0);
INSERT INTO card_events (event_id, event_name, uma_id, uma_name, category) VALUES (164, '黃昏時分的獨食', 10067, 'nakayama-festa', '隨機事件');
INSERT INTO card_event_choices (choice_id, event_id, choice_label, chain_index, speed, stamina, strength, willpower, intelligence, hp, mood, skill_point, character_favor, event_condition, is_random_value, is_random_attribute, is_random_block_training, is_end_chained_event) VALUES (306, 164, 'Up', 0, 0, 0, 0, 0, 0, 0, 0, 0, 5, null, 0, 0, 0, 0);
INSERT INTO card_event_choices (choice_id, event_id, choice_label, chain_index, speed, stamina, strength, willpower, intelligence, hp, mood, skill_point, character_favor, event_condition, is_random_value, is_random_attribute, is_random_block_training, is_end_chained_event) VALUES (307, 164, 'Down', 0, 0, 0, 0, 0, 0, 0, 0, 0, 5, null, 0, 0, 0, 0);
INSERT INTO card_table (count, uma_id, uma_name) VALUES (68, 10068, 'inari-one');
INSERT INTO card_events (event_id, event_name, uma_id, uma_name, category) VALUES (165, '打架啦嘿呀', 10068, 'inari-one', '隨機事件');
INSERT INTO card_event_choices (choice_id, event_id, choice_label, chain_index, speed, stamina, strength, willpower, intelligence, hp, mood, skill_point, character_favor, event_condition, is_random_value, is_random_attribute, is_random_block_training, is_end_chained_event) VALUES (308, 165, 'Up', 0, 0, 0, 15, 0, 0, -5, 0, 0, 5, null, 0, 0, 0, 0);
INSERT INTO card_event_choices (choice_id, event_id, choice_label, chain_index, speed, stamina, strength, willpower, intelligence, hp, mood, skill_point, character_favor, event_condition, is_random_value, is_random_attribute, is_random_block_training, is_end_chained_event) VALUES (309, 165, 'Down', 0, 0, 0, 0, 5, 0, 0, 1, 0, 5, null, 0, 0, 0, 0);
INSERT INTO card_events (event_id, event_name, uma_id, uma_name, category) VALUES (166, '神轎來嘿呀', 10068, 'inari-one', '隨機事件');
INSERT INTO card_event_choices (choice_id, event_id, choice_label, chain_index, speed, stamina, strength, willpower, intelligence, hp, mood, skill_point, character_favor, event_condition, is_random_value, is_random_attribute, is_random_block_training, is_end_chained_event) VALUES (310, 166, 'Up', 0, 0, 0, 0, 0, 0, 0, 0, 15, 5, null, 0, 0, 0, 0);
INSERT INTO card_event_choices (choice_id, event_id, choice_label, chain_index, speed, stamina, strength, willpower, intelligence, hp, mood, skill_point, character_favor, event_condition, is_random_value, is_random_attribute, is_random_block_training, is_end_chained_event) VALUES (311, 166, 'Down', 0, 0, 0, 0, 0, 0, 0, 0, 0, 5, null, 0, 0, 0, 0);
INSERT INTO card_table (count, uma_id, uma_name) VALUES (69, 10069, 'mejiro-ardan');
INSERT INTO card_events (event_id, event_name, uma_id, uma_name, category) VALUES (167, '玻璃少女想學習', 10069, 'mejiro-ardan', '隨機事件');
INSERT INTO card_event_choices (choice_id, event_id, choice_label, chain_index, speed, stamina, strength, willpower, intelligence, hp, mood, skill_point, character_favor, event_condition, is_random_value, is_random_attribute, is_random_block_training, is_end_chained_event) VALUES (312, 167, 'Up', 0, 10, 0, 0, 0, 0, 0, 0, 0, 5, null, 0, 0, 0, 0);
INSERT INTO card_event_choices (choice_id, event_id, choice_label, chain_index, speed, stamina, strength, willpower, intelligence, hp, mood, skill_point, character_favor, event_condition, is_random_value, is_random_attribute, is_random_block_training, is_end_chained_event) VALUES (313, 167, 'Down', 0, 0, 0, 0, 0, 5, 10, 0, 0, 5, null, 0, 0, 0, 0);
INSERT INTO card_events (event_id, event_name, uma_id, uma_name, category) VALUES (168, '玻璃少女想遊戲', 10069, 'mejiro-ardan', '隨機事件');
INSERT INTO card_event_choices (choice_id, event_id, choice_label, chain_index, speed, stamina, strength, willpower, intelligence, hp, mood, skill_point, character_favor, event_condition, is_random_value, is_random_attribute, is_random_block_training, is_end_chained_event) VALUES (314, 168, 'Up', 0, 10, 0, 0, 0, 10, 0, 0, 0, 5, null, 0, 0, 0, 0);
INSERT INTO card_event_choices (choice_id, event_id, choice_label, chain_index, speed, stamina, strength, willpower, intelligence, hp, mood, skill_point, character_favor, event_condition, is_random_value, is_random_attribute, is_random_block_training, is_end_chained_event) VALUES (315, 168, 'Down', 0, 0, 0, 0, 0, 0, 0, 0, 0, 5, null, 0, 0, 0, 0);
INSERT INTO card_table (count, uma_id, uma_name) VALUES (70, 10070, 'tosen-jordan');
INSERT INTO card_events (event_id, event_name, uma_id, uma_name, category) VALUES (169, '手機不就是時間小偷嗎？', 10070, 'tosen-jordan', '隨機事件');
INSERT INTO card_event_choices (choice_id, event_id, choice_label, chain_index, speed, stamina, strength, willpower, intelligence, hp, mood, skill_point, character_favor, event_condition, is_random_value, is_random_attribute, is_random_block_training, is_end_chained_event) VALUES (316, 169, 'Up', 0, 5, 0, 0, 0, 0, 0, 1, 0, 5, null, 0, 0, 0, 0);
INSERT INTO card_event_choices (choice_id, event_id, choice_label, chain_index, speed, stamina, strength, willpower, intelligence, hp, mood, skill_point, character_favor, event_condition, is_random_value, is_random_attribute, is_random_block_training, is_end_chained_event) VALUES (317, 169, 'Down', 0, 0, 10, 0, 0, 0, 0, 0, 0, 5, null, 0, 0, 0, 0);
INSERT INTO card_events (event_id, event_name, uma_id, uma_name, category) VALUES (170, '評論只能參考一半', 10070, 'tosen-jordan', '隨機事件');
INSERT INTO card_event_choices (choice_id, event_id, choice_label, chain_index, speed, stamina, strength, willpower, intelligence, hp, mood, skill_point, character_favor, event_condition, is_random_value, is_random_attribute, is_random_block_training, is_end_chained_event) VALUES (318, 170, 'Up', 0, 0, 0, 0, 0, 0, 10, 1, 0, 5, null, 0, 0, 0, 0);
INSERT INTO card_event_choices (choice_id, event_id, choice_label, chain_index, speed, stamina, strength, willpower, intelligence, hp, mood, skill_point, character_favor, event_condition, is_random_value, is_random_attribute, is_random_block_training, is_end_chained_event) VALUES (319, 170, 'Down', 0, 0, 0, 0, 0, 0, 0, 0, 0, 5, null, 0, 0, 0, 0);
INSERT INTO card_table (count, uma_id, uma_name) VALUES (71, 10071, 'sirius-symboli');
INSERT INTO card_events (event_id, event_name, uma_id, uma_name, category) VALUES (171, '要我教你嗎？', 10071, 'sirius-symboli', '隨機事件');
INSERT INTO card_event_choices (choice_id, event_id, choice_label, chain_index, speed, stamina, strength, willpower, intelligence, hp, mood, skill_point, character_favor, event_condition, is_random_value, is_random_attribute, is_random_block_training, is_end_chained_event) VALUES (320, 171, 'Up', 0, 0, 20, 0, 0, 0, -5, 0, 0, 5, null, 0, 0, 0, 0);
INSERT INTO card_event_choices (choice_id, event_id, choice_label, chain_index, speed, stamina, strength, willpower, intelligence, hp, mood, skill_point, character_favor, event_condition, is_random_value, is_random_attribute, is_random_block_training, is_end_chained_event) VALUES (321, 171, 'Down', 0, 0, 0, 0, 0, 10, 0, 0, 0, 5, null, 0, 0, 0, 0);
INSERT INTO card_events (event_id, event_name, uma_id, uma_name, category) VALUES (172, '要我幫你嗎？', 10071, 'sirius-symboli', '隨機事件');
INSERT INTO card_event_choices (choice_id, event_id, choice_label, chain_index, speed, stamina, strength, willpower, intelligence, hp, mood, skill_point, character_favor, event_condition, is_random_value, is_random_attribute, is_random_block_training, is_end_chained_event) VALUES (322, 172, 'Up', 0, 0, 0, 0, 0, 5, 0, 0, 0, 5, null, 0, 0, 0, 0);
INSERT INTO card_event_choices (choice_id, event_id, choice_label, chain_index, speed, stamina, strength, willpower, intelligence, hp, mood, skill_point, character_favor, event_condition, is_random_value, is_random_attribute, is_random_block_training, is_end_chained_event) VALUES (323, 172, 'Down', 0, 0, 0, 0, 0, 0, 0, 0, 15, 5, null, 0, 0, 0, 0);
INSERT INTO card_table (count, uma_id, uma_name) VALUES (72, 10072, 'narita-brian');
INSERT INTO card_events (event_id, event_name, uma_id, uma_name, category) VALUES (173, '學生會幹部！', 10072, 'narita-brian', '隨機事件');
INSERT INTO card_event_choices (choice_id, event_id, choice_label, chain_index, speed, stamina, strength, willpower, intelligence, hp, mood, skill_point, character_favor, event_condition, is_random_value, is_random_attribute, is_random_block_training, is_end_chained_event) VALUES (324, 173, 'Up', 0, 5, 0, 0, 0, 0, 0, 1, 0, 5, null, 0, 0, 0, 0);
INSERT INTO card_event_choices (choice_id, event_id, choice_label, chain_index, speed, stamina, strength, willpower, intelligence, hp, mood, skill_point, character_favor, event_condition, is_random_value, is_random_attribute, is_random_block_training, is_end_chained_event) VALUES (325, 173, 'Down', 0, 0, 0, 0, 0, 0, 4, 0, 0, 5, null, 0, 0, 0, 0);
INSERT INTO card_events (event_id, event_name, uma_id, uma_name, category) VALUES (174, '獨行俠', 10072, 'narita-brian', '隨機事件');
INSERT INTO card_event_choices (choice_id, event_id, choice_label, chain_index, speed, stamina, strength, willpower, intelligence, hp, mood, skill_point, character_favor, event_condition, is_random_value, is_random_attribute, is_random_block_training, is_end_chained_event) VALUES (326, 174, 'Up', 0, 3, 3, 3, 0, 0, 0, 0, 0, 5, null, 0, 0, 0, 0);
INSERT INTO card_event_choices (choice_id, event_id, choice_label, chain_index, speed, stamina, strength, willpower, intelligence, hp, mood, skill_point, character_favor, event_condition, is_random_value, is_random_attribute, is_random_block_training, is_end_chained_event) VALUES (327, 174, 'Down', 0, 0, 0, 0, 0, 0, 0, 0, 0, 5, null, 0, 0, 0, 0);
INSERT INTO card_table (count, uma_id, uma_name) VALUES (73, 10073, 'curren-chan');
INSERT INTO card_events (event_id, event_name, uma_id, uma_name, category) VALUES (175, '#專屬於妳的可愛', 10073, 'curren-chan', '隨機事件');
INSERT INTO card_event_choices (choice_id, event_id, choice_label, chain_index, speed, stamina, strength, willpower, intelligence, hp, mood, skill_point, character_favor, event_condition, is_random_value, is_random_attribute, is_random_block_training, is_end_chained_event) VALUES (328, 175, 'Up', 0, 5, 0, 0, 0, 10, 0, 0, 0, 5, null, 0, 0, 0, 0);
INSERT INTO card_event_choices (choice_id, event_id, choice_label, chain_index, speed, stamina, strength, willpower, intelligence, hp, mood, skill_point, character_favor, event_condition, is_random_value, is_random_attribute, is_random_block_training, is_end_chained_event) VALUES (329, 175, 'Down', 0, 10, 0, 5, 0, 0, 0, 0, 0, 5, null, 0, 0, 0, 0);
INSERT INTO card_events (event_id, event_name, uma_id, uma_name, category) VALUES (176, '#將可愛獻給你☆', 10073, 'curren-chan', '隨機事件');
INSERT INTO card_event_choices (choice_id, event_id, choice_label, chain_index, speed, stamina, strength, willpower, intelligence, hp, mood, skill_point, character_favor, event_condition, is_random_value, is_random_attribute, is_random_block_training, is_end_chained_event) VALUES (330, 176, 'Up', 0, 0, 0, 0, 0, 0, 0, 0, 15, 5, null, 0, 0, 0, 0);
INSERT INTO card_event_choices (choice_id, event_id, choice_label, chain_index, speed, stamina, strength, willpower, intelligence, hp, mood, skill_point, character_favor, event_condition, is_random_value, is_random_attribute, is_random_block_training, is_end_chained_event) VALUES (331, 176, 'Down', 0, 0, 0, 0, 0, 0, 0, 0, 0, 5, null, 0, 0, 0, 0);
INSERT INTO card_table (count, uma_id, uma_name) VALUES (74, 10074, 'sasami-anshinzawa');
INSERT INTO card_events (event_id, event_name, uma_id, uma_name, category) VALUES (177, '(❯) 安心～的互相扶持！？', 10074, 'sasami-anshinzawa', '外出');
INSERT INTO card_event_choices (choice_id, event_id, choice_label, chain_index, speed, stamina, strength, willpower, intelligence, hp, mood, skill_point, character_favor, event_condition, is_random_value, is_random_attribute, is_random_block_training, is_end_chained_event) VALUES (332, 177, 'None', 1, 0, 0, 0, 0, 0, 30, 1, 0, 5, null, 1, 0, 0, 0);
INSERT INTO card_event_choices (choice_id, event_id, choice_label, chain_index, speed, stamina, strength, willpower, intelligence, hp, mood, skill_point, character_favor, event_condition, is_random_value, is_random_attribute, is_random_block_training, is_end_chained_event) VALUES (333, 177, 'None', 1, 0, 0, 0, 0, 0, 10, -1, 0, 5, null, 0, 0, 0, 0);
INSERT INTO card_events (event_id, event_name, uma_id, uma_name, category) VALUES (178, '(❯❯) 安心～☆太陽眼鏡', 10074, 'sasami-anshinzawa', '外出');
INSERT INTO card_event_choices (choice_id, event_id, choice_label, chain_index, speed, stamina, strength, willpower, intelligence, hp, mood, skill_point, character_favor, event_condition, is_random_value, is_random_attribute, is_random_block_training, is_end_chained_event) VALUES (334, 178, 'None', 2, 0, 0, 0, 0, 0, 30, 1, 0, 5, null, 1, 0, 0, 0);
INSERT INTO card_event_choices (choice_id, event_id, choice_label, chain_index, speed, stamina, strength, willpower, intelligence, hp, mood, skill_point, character_favor, event_condition, is_random_value, is_random_attribute, is_random_block_training, is_end_chained_event) VALUES (335, 178, 'None', 2, 0, 0, 0, 0, 0, 10, -1, 0, 5, null, 0, 0, 0, 0);
INSERT INTO card_events (event_id, event_name, uma_id, uma_name, category) VALUES (179, '(❯❯❯) 決戰☆安～心，持續到永遠！', 10074, 'sasami-anshinzawa', '外出');
INSERT INTO card_event_choices (choice_id, event_id, choice_label, chain_index, speed, stamina, strength, willpower, intelligence, hp, mood, skill_point, character_favor, event_condition, is_random_value, is_random_attribute, is_random_block_training, is_end_chained_event) VALUES (336, 179, 'Up', 3, 3, 3, 3, 3, 3, 10, 0, 10, 5, null, 1, 0, 0, 0);
INSERT INTO card_event_choices (choice_id, event_id, choice_label, chain_index, speed, stamina, strength, willpower, intelligence, hp, mood, skill_point, character_favor, event_condition, is_random_value, is_random_attribute, is_random_block_training, is_end_chained_event) VALUES (337, 179, 'Up', 3, 0, 0, 0, 0, 0, -10, -2, 0, 5, null, 0, 0, 0, 0);
INSERT INTO card_event_choices (choice_id, event_id, choice_label, chain_index, speed, stamina, strength, willpower, intelligence, hp, mood, skill_point, character_favor, event_condition, is_random_value, is_random_attribute, is_random_block_training, is_end_chained_event) VALUES (338, 179, 'Down', 3, 0, 0, 0, 0, 0, 20, 1, 0, 5, null, 0, 0, 0, 0);
INSERT INTO card_events (event_id, event_name, uma_id, uma_name, category) VALUES (180, '條條大路通竹針', 10074, 'sasami-anshinzawa', '隨機事件');
INSERT INTO card_event_choices (choice_id, event_id, choice_label, chain_index, speed, stamina, strength, willpower, intelligence, hp, mood, skill_point, character_favor, event_condition, is_random_value, is_random_attribute, is_random_block_training, is_end_chained_event) VALUES (339, 180, 'None', 3, 0, 0, 0, 0, 0, 0, 0, 0, 5, '(隨機)  天賦異稟', 1, 1, 0, 0);
INSERT INTO card_event_choices (choice_id, event_id, choice_label, chain_index, speed, stamina, strength, willpower, intelligence, hp, mood, skill_point, character_favor, event_condition, is_random_value, is_random_attribute, is_random_block_training, is_end_chained_event) VALUES (340, 180, 'None', 3, 0, 0, 0, 0, 0, 0, 0, 50, 5, null, 0, 0, 0, 0);
INSERT INTO card_events (event_id, event_name, uma_id, uma_name, category) VALUES (181, '安心～的練習對象？', 10074, 'sasami-anshinzawa', '隨機事件');
INSERT INTO card_event_choices (choice_id, event_id, choice_label, chain_index, speed, stamina, strength, willpower, intelligence, hp, mood, skill_point, character_favor, event_condition, is_random_value, is_random_attribute, is_random_block_training, is_end_chained_event) VALUES (341, 181, 'Up', 3, 0, 0, 0, 0, 0, 14, 1, 0, 10, null, 1, 0, 0, 0);
INSERT INTO card_event_choices (choice_id, event_id, choice_label, chain_index, speed, stamina, strength, willpower, intelligence, hp, mood, skill_point, character_favor, event_condition, is_random_value, is_random_attribute, is_random_block_training, is_end_chained_event) VALUES (342, 181, 'Up', 3, 0, 0, 0, 0, 0, 0, 0, 50, 5, null, 0, 0, 0, 0);
INSERT INTO card_event_choices (choice_id, event_id, choice_label, chain_index, speed, stamina, strength, willpower, intelligence, hp, mood, skill_point, character_favor, event_condition, is_random_value, is_random_attribute, is_random_block_training, is_end_chained_event) VALUES (343, 181, 'Middle', 3, 0, 10, 0, 0, 0, 0, 1, 0, 5, null, 0, 0, 0, 0);
INSERT INTO card_event_choices (choice_id, event_id, choice_label, chain_index, speed, stamina, strength, willpower, intelligence, hp, mood, skill_point, character_favor, event_condition, is_random_value, is_random_attribute, is_random_block_training, is_end_chained_event) VALUES (344, 181, 'Down', 3, 0, 0, 0, 0, 0, -10, 0, 100, -10, null, 0, 0, 0, 1);
INSERT INTO card_events (event_id, event_name, uma_id, uma_name, category) VALUES (182, '交給我扎一下☆', 10074, 'sasami-anshinzawa', '特殊事件');
INSERT INTO card_event_choices (choice_id, event_id, choice_label, chain_index, speed, stamina, strength, willpower, intelligence, hp, mood, skill_point, character_favor, event_condition, is_random_value, is_random_attribute, is_random_block_training, is_end_chained_event) VALUES (345, 182, 'None', 3, 3, 3, 3, 3, 3, 0, 0, 0, 5, '(隨機)  擅長練習○', 1, 1, 0, 0);
INSERT INTO card_event_choices (choice_id, event_id, choice_label, chain_index, speed, stamina, strength, willpower, intelligence, hp, mood, skill_point, character_favor, event_condition, is_random_value, is_random_attribute, is_random_block_training, is_end_chained_event) VALUES (346, 182, 'None', 3, 0, 0, 0, 0, 0, -10, -2, 0, 5, null, 0, 0, 0, 0);
INSERT INTO card_events (event_id, event_name, uma_id, uma_name, category) VALUES (183, '雖是可疑人士，但請安心～！？', 10074, 'sasami-anshinzawa', '特殊事件');
INSERT INTO card_event_choices (choice_id, event_id, choice_label, chain_index, speed, stamina, strength, willpower, intelligence, hp, mood, skill_point, character_favor, event_condition, is_random_value, is_random_attribute, is_random_block_training, is_end_chained_event) VALUES (347, 183, 'None', 3, 0, 0, 0, 0, 0, 0, 0, 0, 5, null, 0, 0, 0, 0);
INSERT INTO card_events (event_id, event_name, uma_id, uma_name, category) VALUES (184, '必中☆竹針師', 10074, 'sasami-anshinzawa', '特殊事件');
INSERT INTO card_event_choices (choice_id, event_id, choice_label, chain_index, speed, stamina, strength, willpower, intelligence, hp, mood, skill_point, character_favor, event_condition, is_random_value, is_random_attribute, is_random_block_training, is_end_chained_event) VALUES (348, 184, 'None', 3, 0, 0, 0, 0, 0, 2, 0, 0, 5, null, 1, 0, 0, 0);
INSERT INTO card_event_choices (choice_id, event_id, choice_label, chain_index, speed, stamina, strength, willpower, intelligence, hp, mood, skill_point, character_favor, event_condition, is_random_value, is_random_attribute, is_random_block_training, is_end_chained_event) VALUES (349, 184, 'None', 3, 0, 0, 0, 0, 0, -5, 0, 0, 5, null, 0, 0, 0, 0);
INSERT INTO card_events (event_id, event_name, uma_id, uma_name, category) VALUES (185, '泡湯☆安心～旅途情懷', 10074, 'sasami-anshinzawa', '特殊事件');
INSERT INTO card_event_choices (choice_id, event_id, choice_label, chain_index, speed, stamina, strength, willpower, intelligence, hp, mood, skill_point, character_favor, event_condition, is_random_value, is_random_attribute, is_random_block_training, is_end_chained_event) VALUES (350, 185, 'None', 3, 0, 0, 0, 0, 0, 0, 0, 45, 0, null, 0, 0, 0, 0);
INSERT INTO card_events (event_id, event_name, uma_id, uma_name, category) VALUES (186, '安心～的繼承！？', 10074, 'sasami-anshinzawa', '特殊事件');
INSERT INTO card_event_choices (choice_id, event_id, choice_label, chain_index, speed, stamina, strength, willpower, intelligence, hp, mood, skill_point, character_favor, event_condition, is_random_value, is_random_attribute, is_random_block_training, is_end_chained_event) VALUES (351, 186, 'None', 3, 0, 0, 0, 0, 0, 0, 0, 30, 0, null, 0, 0, 0, 0);
INSERT INTO card_events (event_id, event_name, uma_id, uma_name, category) VALUES (187, '與刺刺美之間的情誼．醉了就安心～？', 10074, 'sasami-anshinzawa', '特殊事件');
INSERT INTO card_event_choices (choice_id, event_id, choice_label, chain_index, speed, stamina, strength, willpower, intelligence, hp, mood, skill_point, character_favor, event_condition, is_random_value, is_random_attribute, is_random_block_training, is_end_chained_event) VALUES (352, 187, 'None', 3, 0, 0, 0, 0, 0, 10, 0, 0, 5, null, 0, 0, 0, 0);
INSERT INTO card_table (count, uma_id, uma_name) VALUES (75, 10075, 'admire-vega');
INSERT INTO card_events (event_id, event_name, uma_id, uma_name, category) VALUES (188, '笨拙的三角星座', 10075, 'admire-vega', '隨機事件');
INSERT INTO card_event_choices (choice_id, event_id, choice_label, chain_index, speed, stamina, strength, willpower, intelligence, hp, mood, skill_point, character_favor, event_condition, is_random_value, is_random_attribute, is_random_block_training, is_end_chained_event) VALUES (353, 188, 'Up', 0, 0, 0, 15, 0, 0, 0, 0, 0, 5, null, 0, 0, 0, 0);
INSERT INTO card_event_choices (choice_id, event_id, choice_label, chain_index, speed, stamina, strength, willpower, intelligence, hp, mood, skill_point, character_favor, event_condition, is_random_value, is_random_attribute, is_random_block_training, is_end_chained_event) VALUES (354, 188, 'Down', 0, 0, 0, 0, 0, 0, 10, 0, 0, 5, null, 0, 0, 0, 0);
INSERT INTO card_events (event_id, event_name, uma_id, uma_name, category) VALUES (189, '孤傲的仙王座', 10075, 'admire-vega', '隨機事件');
INSERT INTO card_event_choices (choice_id, event_id, choice_label, chain_index, speed, stamina, strength, willpower, intelligence, hp, mood, skill_point, character_favor, event_condition, is_random_value, is_random_attribute, is_random_block_training, is_end_chained_event) VALUES (355, 189, 'Up', 0, 0, 0, 0, 0, 0, 0, 0, 0, 5, null, 0, 0, 0, 0);
INSERT INTO card_event_choices (choice_id, event_id, choice_label, chain_index, speed, stamina, strength, willpower, intelligence, hp, mood, skill_point, character_favor, event_condition, is_random_value, is_random_attribute, is_random_block_training, is_end_chained_event) VALUES (356, 189, 'Down', 0, 0, 0, 0, 0, 10, 0, 0, 0, 5, null, 0, 0, 0, 0);
INSERT INTO card_table (count, uma_id, uma_name) VALUES (76, 10076, 'mejiro-bright');
INSERT INTO card_events (event_id, event_name, uma_id, uma_name, category) VALUES (190, '悠哉地、緩慢地。', 10076, 'mejiro-bright', '隨機事件');
INSERT INTO card_event_choices (choice_id, event_id, choice_label, chain_index, speed, stamina, strength, willpower, intelligence, hp, mood, skill_point, character_favor, event_condition, is_random_value, is_random_attribute, is_random_block_training, is_end_chained_event) VALUES (357, 190, 'Up', 0, 0, 15, 0, 5, 0, 0, 0, 0, 5, null, 0, 0, 0, 0);
INSERT INTO card_event_choices (choice_id, event_id, choice_label, chain_index, speed, stamina, strength, willpower, intelligence, hp, mood, skill_point, character_favor, event_condition, is_random_value, is_random_attribute, is_random_block_training, is_end_chained_event) VALUES (358, 190, 'Down', 0, 15, 0, 5, 0, 0, 0, 0, 0, 5, null, 0, 0, 0, 0);
INSERT INTO card_events (event_id, event_name, uma_id, uma_name, category) VALUES (191, '認真地、努力地', 10076, 'mejiro-bright', '隨機事件');
INSERT INTO card_event_choices (choice_id, event_id, choice_label, chain_index, speed, stamina, strength, willpower, intelligence, hp, mood, skill_point, character_favor, event_condition, is_random_value, is_random_attribute, is_random_block_training, is_end_chained_event) VALUES (359, 191, 'Up', 0, 0, 0, 0, 0, 0, 10, 0, 0, 5, null, 0, 0, 0, 0);
INSERT INTO card_event_choices (choice_id, event_id, choice_label, chain_index, speed, stamina, strength, willpower, intelligence, hp, mood, skill_point, character_favor, event_condition, is_random_value, is_random_attribute, is_random_block_training, is_end_chained_event) VALUES (360, 191, 'Down', 0, 0, 0, 0, 0, 20, 0, 0, 0, 5, null, 0, 0, 0, 0);
INSERT INTO card_table (count, uma_id, uma_name) VALUES (77, 10077, 'narita-top-road');
INSERT INTO card_events (event_id, event_name, uma_id, uma_name, category) VALUES (192, '仔細檢查！', 10077, 'narita-top-road', '隨機事件');
INSERT INTO card_event_choices (choice_id, event_id, choice_label, chain_index, speed, stamina, strength, willpower, intelligence, hp, mood, skill_point, character_favor, event_condition, is_random_value, is_random_attribute, is_random_block_training, is_end_chained_event) VALUES (361, 192, 'Up', 0, 0, 0, 0, 0, 0, 20, 0, 0, 5, null, 0, 0, 0, 0);
INSERT INTO card_event_choices (choice_id, event_id, choice_label, chain_index, speed, stamina, strength, willpower, intelligence, hp, mood, skill_point, character_favor, event_condition, is_random_value, is_random_attribute, is_random_block_training, is_end_chained_event) VALUES (362, 192, 'Down', 0, 25, 0, 0, 0, 0, -10, 0, 0, 5, null, 0, 0, 0, 0);
INSERT INTO card_events (event_id, event_name, uma_id, uma_name, category) VALUES (193, '好好努力！', 10077, 'narita-top-road', '隨機事件');
INSERT INTO card_event_choices (choice_id, event_id, choice_label, chain_index, speed, stamina, strength, willpower, intelligence, hp, mood, skill_point, character_favor, event_condition, is_random_value, is_random_attribute, is_random_block_training, is_end_chained_event) VALUES (363, 193, 'Up', 0, 0, 10, 0, 0, 0, 0, 0, 0, 5, null, 0, 0, 0, 0);
INSERT INTO card_event_choices (choice_id, event_id, choice_label, chain_index, speed, stamina, strength, willpower, intelligence, hp, mood, skill_point, character_favor, event_condition, is_random_value, is_random_attribute, is_random_block_training, is_end_chained_event) VALUES (364, 193, 'Down', 0, 0, 0, 0, 0, 0, 0, 0, 0, 5, null, 0, 0, 0, 0);
INSERT INTO card_table (count, uma_id, uma_name) VALUES (78, 10078, 'mr-cb');
INSERT INTO card_events (event_id, event_name, uma_id, uma_name, category) VALUES (194, '愉快的旅途', 10078, 'mr-cb', '隨機事件');
INSERT INTO card_event_choices (choice_id, event_id, choice_label, chain_index, speed, stamina, strength, willpower, intelligence, hp, mood, skill_point, character_favor, event_condition, is_random_value, is_random_attribute, is_random_block_training, is_end_chained_event) VALUES (365, 194, 'Up', 0, 0, 0, 0, 0, 0, 10, 0, 10, 5, null, 0, 0, 0, 0);
INSERT INTO card_event_choices (choice_id, event_id, choice_label, chain_index, speed, stamina, strength, willpower, intelligence, hp, mood, skill_point, character_favor, event_condition, is_random_value, is_random_attribute, is_random_block_training, is_end_chained_event) VALUES (366, 194, 'Down', 0, 0, 0, 20, 0, 0, 0, 0, 0, 5, null, 0, 0, 0, 0);
INSERT INTO card_events (event_id, event_name, uma_id, uma_name, category) VALUES (195, '即使會觸犯禁忌', 10078, 'mr-cb', '隨機事件');
INSERT INTO card_event_choices (choice_id, event_id, choice_label, chain_index, speed, stamina, strength, willpower, intelligence, hp, mood, skill_point, character_favor, event_condition, is_random_value, is_random_attribute, is_random_block_training, is_end_chained_event) VALUES (367, 195, 'Up', 0, 0, 0, 0, 0, 15, 0, 0, 0, 5, null, 0, 0, 0, 0);
INSERT INTO card_event_choices (choice_id, event_id, choice_label, chain_index, speed, stamina, strength, willpower, intelligence, hp, mood, skill_point, character_favor, event_condition, is_random_value, is_random_attribute, is_random_block_training, is_end_chained_event) VALUES (368, 195, 'Down', 0, 0, 0, 0, 0, 0, 0, 0, 0, 5, null, 0, 0, 0, 0);
INSERT INTO card_table (count, uma_id, uma_name) VALUES (79, 10079, 'daiichi-ruby');
INSERT INTO card_events (event_id, event_name, uma_id, uma_name, category) VALUES (196, '華麗的憂愁？', 10079, 'daiichi-ruby', '隨機事件');
INSERT INTO card_event_choices (choice_id, event_id, choice_label, chain_index, speed, stamina, strength, willpower, intelligence, hp, mood, skill_point, character_favor, event_condition, is_random_value, is_random_attribute, is_random_block_training, is_end_chained_event) VALUES (369, 196, 'Up', 0, 0, 0, 0, 0, 0, 15, 0, 0, 5, null, 0, 0, 0, 0);
INSERT INTO card_event_choices (choice_id, event_id, choice_label, chain_index, speed, stamina, strength, willpower, intelligence, hp, mood, skill_point, character_favor, event_condition, is_random_value, is_random_attribute, is_random_block_training, is_end_chained_event) VALUES (370, 196, 'Down', 0, 0, 0, 15, 0, 0, 0, 0, 0, 5, null, 0, 0, 0, 0);
INSERT INTO card_events (event_id, event_name, uma_id, uma_name, category) VALUES (197, '華麗的旋律', 10079, 'daiichi-ruby', '隨機事件');
INSERT INTO card_event_choices (choice_id, event_id, choice_label, chain_index, speed, stamina, strength, willpower, intelligence, hp, mood, skill_point, character_favor, event_condition, is_random_value, is_random_attribute, is_random_block_training, is_end_chained_event) VALUES (371, 197, 'Up', 0, 0, 0, 0, 0, 0, 0, 0, 25, 5, null, 0, 0, 0, 0);
INSERT INTO card_event_choices (choice_id, event_id, choice_label, chain_index, speed, stamina, strength, willpower, intelligence, hp, mood, skill_point, character_favor, event_condition, is_random_value, is_random_attribute, is_random_block_training, is_end_chained_event) VALUES (372, 197, 'Down', 0, 0, 0, 0, 0, 0, 0, 0, 0, 5, null, 0, 0, 0, 0);
INSERT INTO card_table (count, uma_id, uma_name) VALUES (80, 10080, 'ksmiracle');
INSERT INTO card_events (event_id, event_name, uma_id, uma_name, category) VALUES (198, '分享體貼', 10080, 'ksmiracle', '隨機事件');
INSERT INTO card_event_choices (choice_id, event_id, choice_label, chain_index, speed, stamina, strength, willpower, intelligence, hp, mood, skill_point, character_favor, event_condition, is_random_value, is_random_attribute, is_random_block_training, is_end_chained_event) VALUES (373, 198, 'Up', 0, 5, 0, 5, 5, 0, 0, 0, 0, 5, null, 0, 0, 0, 0);
INSERT INTO card_event_choices (choice_id, event_id, choice_label, chain_index, speed, stamina, strength, willpower, intelligence, hp, mood, skill_point, character_favor, event_condition, is_random_value, is_random_attribute, is_random_block_training, is_end_chained_event) VALUES (374, 198, 'Down', 0, 0, 0, 0, 0, 0, 0, 2, 0, 5, null, 0, 0, 0, 0);
INSERT INTO card_events (event_id, event_name, uma_id, uma_name, category) VALUES (199, '溼透也沒關係', 10080, 'ksmiracle', '隨機事件');
INSERT INTO card_event_choices (choice_id, event_id, choice_label, chain_index, speed, stamina, strength, willpower, intelligence, hp, mood, skill_point, character_favor, event_condition, is_random_value, is_random_attribute, is_random_block_training, is_end_chained_event) VALUES (375, 199, 'Up', 0, 0, 0, 0, 0, 20, 0, 0, 0, 5, null, 0, 0, 0, 0);
INSERT INTO card_event_choices (choice_id, event_id, choice_label, chain_index, speed, stamina, strength, willpower, intelligence, hp, mood, skill_point, character_favor, event_condition, is_random_value, is_random_attribute, is_random_block_training, is_end_chained_event) VALUES (376, 199, 'Down', 0, 0, 0, 0, 0, 0, 0, 0, 0, 5, null, 0, 0, 0, 0);
INSERT INTO card_table (count, uma_id, uma_name) VALUES (81, 10081, 'tsurumaru-tsuyoshi');
INSERT INTO card_events (event_id, event_name, uma_id, uma_name, category) VALUES (200, '盡全力準備囉～！', 10081, 'tsurumaru-tsuyoshi', '隨機事件');
INSERT INTO card_event_choices (choice_id, event_id, choice_label, chain_index, speed, stamina, strength, willpower, intelligence, hp, mood, skill_point, character_favor, event_condition, is_random_value, is_random_attribute, is_random_block_training, is_end_chained_event) VALUES (377, 200, 'Up', 0, 0, 0, 0, 0, 0, 10, 1, 0, 5, null, 0, 0, 0, 0);
INSERT INTO card_event_choices (choice_id, event_id, choice_label, chain_index, speed, stamina, strength, willpower, intelligence, hp, mood, skill_point, character_favor, event_condition, is_random_value, is_random_attribute, is_random_block_training, is_end_chained_event) VALUES (378, 200, 'Down', 0, 15, 0, 0, 0, 0, 0, 0, 0, 5, null, 0, 0, 0, 0);
INSERT INTO card_events (event_id, event_name, uma_id, uma_name, category) VALUES (201, '盡全力幫忙囉～！', 10081, 'tsurumaru-tsuyoshi', '隨機事件');
INSERT INTO card_event_choices (choice_id, event_id, choice_label, chain_index, speed, stamina, strength, willpower, intelligence, hp, mood, skill_point, character_favor, event_condition, is_random_value, is_random_attribute, is_random_block_training, is_end_chained_event) VALUES (379, 201, 'Up', 0, 0, 0, 0, 0, 0, 0, 0, 0, 5, null, 0, 0, 0, 0);
INSERT INTO card_event_choices (choice_id, event_id, choice_label, chain_index, speed, stamina, strength, willpower, intelligence, hp, mood, skill_point, character_favor, event_condition, is_random_value, is_random_attribute, is_random_block_training, is_end_chained_event) VALUES (380, 201, 'Down', 0, 0, 0, 0, 15, 0, 0, 0, 0, 5, null, 0, 0, 0, 0);
INSERT INTO card_table (count, uma_id, uma_name) VALUES (82, 10082, 'symboli-kris-s');
INSERT INTO card_events (event_id, event_name, uma_id, uma_name, category) VALUES (202, '專家的心境', 10082, 'symboli-kris-s', '隨機事件');
INSERT INTO card_event_choices (choice_id, event_id, choice_label, chain_index, speed, stamina, strength, willpower, intelligence, hp, mood, skill_point, character_favor, event_condition, is_random_value, is_random_attribute, is_random_block_training, is_end_chained_event) VALUES (381, 202, 'Up', 0, 0, 0, 0, 25, 0, 0, 0, 0, 5, null, 0, 0, 0, 0);
INSERT INTO card_event_choices (choice_id, event_id, choice_label, chain_index, speed, stamina, strength, willpower, intelligence, hp, mood, skill_point, character_favor, event_condition, is_random_value, is_random_attribute, is_random_block_training, is_end_chained_event) VALUES (382, 202, 'Down', 0, 0, 0, 0, 0, 0, 15, 0, 0, 5, null, 0, 0, 0, 0);
INSERT INTO card_events (event_id, event_name, uma_id, uma_name, category) VALUES (203, '專家的心態', 10082, 'symboli-kris-s', '隨機事件');
INSERT INTO card_event_choices (choice_id, event_id, choice_label, chain_index, speed, stamina, strength, willpower, intelligence, hp, mood, skill_point, character_favor, event_condition, is_random_value, is_random_attribute, is_random_block_training, is_end_chained_event) VALUES (383, 203, 'Up', 0, 0, 15, 0, 0, 0, 0, 0, 0, 5, null, 0, 0, 0, 0);
INSERT INTO card_event_choices (choice_id, event_id, choice_label, chain_index, speed, stamina, strength, willpower, intelligence, hp, mood, skill_point, character_favor, event_condition, is_random_value, is_random_attribute, is_random_block_training, is_end_chained_event) VALUES (384, 203, 'Down', 0, 0, 0, 0, 0, 0, 0, 0, 0, 5, null, 0, 0, 0, 0);
INSERT INTO card_table (count, uma_id, uma_name) VALUES (83, 10083, 'light-hello');
INSERT INTO card_events (event_id, event_name, uma_id, uma_name, category) VALUES (204, '(❯) 在風暴洋假寐', 10083, 'light-hello', '外出');
INSERT INTO card_event_choices (choice_id, event_id, choice_label, chain_index, speed, stamina, strength, willpower, intelligence, hp, mood, skill_point, character_favor, event_condition, is_random_value, is_random_attribute, is_random_block_training, is_end_chained_event) VALUES (385, 204, 'None', 1, 0, 0, 0, 0, 0, 29, 1, 0, 5, null, 0, 0, 0, 0);
INSERT INTO card_events (event_id, event_name, uma_id, uma_name, category) VALUES (205, '(❯❯) 第谷坑的光芒', 10083, 'light-hello', '外出');
INSERT INTO card_event_choices (choice_id, event_id, choice_label, chain_index, speed, stamina, strength, willpower, intelligence, hp, mood, skill_point, character_favor, event_condition, is_random_value, is_random_attribute, is_random_block_training, is_end_chained_event) VALUES (386, 205, 'None', 2, 0, 0, 0, 10, 0, 25, 1, 0, 5, null, 0, 0, 0, 0);
INSERT INTO card_events (event_id, event_name, uma_id, uma_name, category) VALUES (206, '(❯❯❯) 用表岩屑隱藏', 10083, 'light-hello', '外出');
INSERT INTO card_event_choices (choice_id, event_id, choice_label, chain_index, speed, stamina, strength, willpower, intelligence, hp, mood, skill_point, character_favor, event_condition, is_random_value, is_random_attribute, is_random_block_training, is_end_chained_event) VALUES (387, 206, 'Up', 3, 0, 0, 0, 0, 0, 50, 1, 0, 5, null, 0, 0, 0, 0);
INSERT INTO card_event_choices (choice_id, event_id, choice_label, chain_index, speed, stamina, strength, willpower, intelligence, hp, mood, skill_point, character_favor, event_condition, is_random_value, is_random_attribute, is_random_block_training, is_end_chained_event) VALUES (388, 206, 'Down', 3, 15, 0, 0, 15, 0, 0, 1, 0, 5, null, 0, 0, 0, 0);
INSERT INTO card_events (event_id, event_name, uma_id, uma_name, category) VALUES (207, '(❯❯❯❯) 越過惠更斯山的你', 10083, 'light-hello', '外出');
INSERT INTO card_event_choices (choice_id, event_id, choice_label, chain_index, speed, stamina, strength, willpower, intelligence, hp, mood, skill_point, character_favor, event_condition, is_random_value, is_random_attribute, is_random_block_training, is_end_chained_event) VALUES (389, 207, 'None', 4, 0, 0, 0, 10, 0, 30, 1, 0, 5, null, 0, 0, 0, 0);
INSERT INTO card_events (event_id, event_name, uma_id, uma_name, category) VALUES (208, '(❯❯❯❯❯) 在虹灣', 10083, 'light-hello', '外出');
INSERT INTO card_event_choices (choice_id, event_id, choice_label, chain_index, speed, stamina, strength, willpower, intelligence, hp, mood, skill_point, character_favor, event_condition, is_random_value, is_random_attribute, is_random_block_training, is_end_chained_event) VALUES (390, 208, 'None', 5, 5, 0, 0, 5, 0, 20, 1, 0, 5, null, 1, 0, 0, 0);
INSERT INTO card_event_choices (choice_id, event_id, choice_label, chain_index, speed, stamina, strength, willpower, intelligence, hp, mood, skill_point, character_favor, event_condition, is_random_value, is_random_attribute, is_random_block_training, is_end_chained_event) VALUES (391, 208, 'None', 5, 0, 0, 0, 0, 0, 10, 1, 0, 5, null, 0, 0, 0, 0);
INSERT INTO card_events (event_id, event_name, uma_id, uma_name, category) VALUES (209, '無時無刻不調查♪', 10083, 'light-hello', '隨機事件');
INSERT INTO card_event_choices (choice_id, event_id, choice_label, chain_index, speed, stamina, strength, willpower, intelligence, hp, mood, skill_point, character_favor, event_condition, is_random_value, is_random_attribute, is_random_block_training, is_end_chained_event) VALUES (392, 209, 'Up', 5, 7, 0, 0, 7, 0, 0, 0, 0, 5, null, 0, 0, 0, 0);
INSERT INTO card_event_choices (choice_id, event_id, choice_label, chain_index, speed, stamina, strength, willpower, intelligence, hp, mood, skill_point, character_favor, event_condition, is_random_value, is_random_attribute, is_random_block_training, is_end_chained_event) VALUES (393, 209, 'Down', 5, 0, 0, 0, 0, 0, 5, 1, 0, 5, null, 0, 0, 0, 0);
INSERT INTO card_events (event_id, event_name, uma_id, uma_name, category) VALUES (210, '收下意念之力……！', 10083, 'light-hello', '隨機事件');
INSERT INTO card_event_choices (choice_id, event_id, choice_label, chain_index, speed, stamina, strength, willpower, intelligence, hp, mood, skill_point, character_favor, event_condition, is_random_value, is_random_attribute, is_random_block_training, is_end_chained_event) VALUES (394, 210, 'Up', 5, 7, 0, 0, 7, 0, 15, 1, 0, 5, null, 0, 0, 0, 0);
INSERT INTO card_event_choices (choice_id, event_id, choice_label, chain_index, speed, stamina, strength, willpower, intelligence, hp, mood, skill_point, character_favor, event_condition, is_random_value, is_random_attribute, is_random_block_training, is_end_chained_event) VALUES (395, 210, 'Down', 5, 0, 0, 0, 0, 30, 0, 0, 30, -5, null, 0, 0, 0, 1);
INSERT INTO card_events (event_id, event_name, uma_id, uma_name, category) VALUES (211, '活動企畫明亮光暈', 10083, 'light-hello', '特殊事件');
INSERT INTO card_event_choices (choice_id, event_id, choice_label, chain_index, speed, stamina, strength, willpower, intelligence, hp, mood, skill_point, character_favor, event_condition, is_random_value, is_random_attribute, is_random_block_training, is_end_chained_event) VALUES (396, 211, 'None', 5, 10, 0, 0, 10, 0, 0, 1, 0, 10, null, 0, 0, 0, 0);
INSERT INTO card_events (event_id, event_name, uma_id, uma_name, category) VALUES (212, '辛苦了……！', 10083, 'light-hello', '特殊事件');
INSERT INTO card_event_choices (choice_id, event_id, choice_label, chain_index, speed, stamina, strength, willpower, intelligence, hp, mood, skill_point, character_favor, event_condition, is_random_value, is_random_attribute, is_random_block_training, is_end_chained_event) VALUES (397, 212, 'None', 5, 0, 0, 0, 3, 0, 0, 1, 3, 7, null, 1, 0, 0, 0);
INSERT INTO card_event_choices (choice_id, event_id, choice_label, chain_index, speed, stamina, strength, willpower, intelligence, hp, mood, skill_point, character_favor, event_condition, is_random_value, is_random_attribute, is_random_block_training, is_end_chained_event) VALUES (398, 212, 'None', 5, 0, 0, 0, 3, 0, 0, 0, 3, 7, null, 0, 0, 0, 0);
INSERT INTO card_events (event_id, event_name, uma_id, uma_name, category) VALUES (213, '夜明千里共前行', 10083, 'light-hello', '特殊事件');
INSERT INTO card_event_choices (choice_id, event_id, choice_label, chain_index, speed, stamina, strength, willpower, intelligence, hp, mood, skill_point, character_favor, event_condition, is_random_value, is_random_attribute, is_random_block_training, is_end_chained_event) VALUES (399, 213, 'None', 5, 20, 0, 0, 20, 0, 0, 0, 30, 0, null, 0, 0, 0, 0);
INSERT INTO card_events (event_id, event_name, uma_id, uma_name, category) VALUES (214, '直到滿盈之時', 10083, 'light-hello', '特殊事件');
INSERT INTO card_event_choices (choice_id, event_id, choice_label, chain_index, speed, stamina, strength, willpower, intelligence, hp, mood, skill_point, character_favor, event_condition, is_random_value, is_random_attribute, is_random_block_training, is_end_chained_event) VALUES (400, 214, 'None', 5, 15, 0, 0, 15, 0, 0, 0, 20, 0, null, 0, 0, 0, 0);
INSERT INTO card_events (event_id, event_name, uma_id, uma_name, category) VALUES (215, '與光暈之間的情誼．今天要玩得盡興～', 10083, 'light-hello', '特殊事件');
INSERT INTO card_event_choices (choice_id, event_id, choice_label, chain_index, speed, stamina, strength, willpower, intelligence, hp, mood, skill_point, character_favor, event_condition, is_random_value, is_random_attribute, is_random_block_training, is_end_chained_event) VALUES (401, 215, 'Up', 5, 10, 0, 0, 0, 0, 0, 2, 0, 5, null, 0, 0, 0, 0);
INSERT INTO card_event_choices (choice_id, event_id, choice_label, chain_index, speed, stamina, strength, willpower, intelligence, hp, mood, skill_point, character_favor, event_condition, is_random_value, is_random_attribute, is_random_block_training, is_end_chained_event) VALUES (402, 215, 'Down', 5, 0, 0, 0, 10, 0, 15, 0, 0, 5, null, 0, 0, 0, 0);
INSERT INTO card_table (count, uma_id, uma_name) VALUES (84, 10084, 'tanino-gimlet');
INSERT INTO card_events (event_id, event_name, uma_id, uma_name, category) VALUES (216, '破壊の喜びを……！！', 10084, 'tanino-gimlet', '隨機事件');
INSERT INTO card_event_choices (choice_id, event_id, choice_label, chain_index, speed, stamina, strength, willpower, intelligence, hp, mood, skill_point, character_favor, event_condition, is_random_value, is_random_attribute, is_random_block_training, is_end_chained_event) VALUES (403, 216, 'Up', 0, 0, 0, 0, 0, 0, 15, 0, 0, 5, null, 0, 0, 0, 0);
INSERT INTO card_event_choices (choice_id, event_id, choice_label, chain_index, speed, stamina, strength, willpower, intelligence, hp, mood, skill_point, character_favor, event_condition, is_random_value, is_random_attribute, is_random_block_training, is_end_chained_event) VALUES (404, 216, 'Down', 0, 0, 0, 0, 0, 0, 0, 0, 30, 5, null, 0, 0, 0, 0);
INSERT INTO card_events (event_id, event_name, uma_id, uma_name, category) VALUES (217, '鮮烈なる今を……！！', 10084, 'tanino-gimlet', '隨機事件');
INSERT INTO card_event_choices (choice_id, event_id, choice_label, chain_index, speed, stamina, strength, willpower, intelligence, hp, mood, skill_point, character_favor, event_condition, is_random_value, is_random_attribute, is_random_block_training, is_end_chained_event) VALUES (405, 217, 'Up', 0, 0, 0, 10, 0, 0, 0, 0, 5, 5, null, 0, 0, 0, 0);
INSERT INTO card_event_choices (choice_id, event_id, choice_label, chain_index, speed, stamina, strength, willpower, intelligence, hp, mood, skill_point, character_favor, event_condition, is_random_value, is_random_attribute, is_random_block_training, is_end_chained_event) VALUES (406, 217, 'Down', 0, 0, 0, 0, 0, 0, 0, 0, 0, 5, null, 0, 0, 0, 0);
INSERT INTO card_table (count, uma_id, uma_name) VALUES (85, 10085, 'sakura-laurel');
INSERT INTO card_events (event_id, event_name, uma_id, uma_name, category) VALUES (218, '永遠都要積極向前！', 10085, 'sakura-laurel', '隨機事件');
INSERT INTO card_event_choices (choice_id, event_id, choice_label, chain_index, speed, stamina, strength, willpower, intelligence, hp, mood, skill_point, character_favor, event_condition, is_random_value, is_random_attribute, is_random_block_training, is_end_chained_event) VALUES (407, 218, 'Up', 0, 0, 15, 0, 0, 0, 0, 0, 0, 5, null, 0, 0, 0, 0);
INSERT INTO card_event_choices (choice_id, event_id, choice_label, chain_index, speed, stamina, strength, willpower, intelligence, hp, mood, skill_point, character_favor, event_condition, is_random_value, is_random_attribute, is_random_block_training, is_end_chained_event) VALUES (408, 218, 'Down', 0, 0, 0, 0, 0, 0, 0, 2, 0, 5, null, 0, 0, 0, 0);
INSERT INTO card_events (event_id, event_name, uma_id, uma_name, category) VALUES (219, '無論如何都要保持積極！', 10085, 'sakura-laurel', '隨機事件');
INSERT INTO card_event_choices (choice_id, event_id, choice_label, chain_index, speed, stamina, strength, willpower, intelligence, hp, mood, skill_point, character_favor, event_condition, is_random_value, is_random_attribute, is_random_block_training, is_end_chained_event) VALUES (409, 219, 'Up', 0, 0, 0, 0, 0, 0, 10, 0, 0, 5, null, 0, 0, 0, 0);
INSERT INTO card_event_choices (choice_id, event_id, choice_label, chain_index, speed, stamina, strength, willpower, intelligence, hp, mood, skill_point, character_favor, event_condition, is_random_value, is_random_attribute, is_random_block_training, is_end_chained_event) VALUES (410, 219, 'Down', 0, 0, 0, 0, 0, 0, 0, 0, 0, 5, null, 0, 0, 0, 0);
INSERT INTO card_table (count, uma_id, uma_name) VALUES (86, 10086, 'yamanin-zephyr');
INSERT INTO card_events (event_id, event_name, uma_id, uma_name, category) VALUES (220, '自由的風', 10086, 'yamanin-zephyr', '隨機事件');
INSERT INTO card_event_choices (choice_id, event_id, choice_label, chain_index, speed, stamina, strength, willpower, intelligence, hp, mood, skill_point, character_favor, event_condition, is_random_value, is_random_attribute, is_random_block_training, is_end_chained_event) VALUES (411, 220, 'Up', 0, 10, 0, 0, 5, 0, 0, 0, 0, 5, null, 0, 0, 0, 0);
INSERT INTO card_event_choices (choice_id, event_id, choice_label, chain_index, speed, stamina, strength, willpower, intelligence, hp, mood, skill_point, character_favor, event_condition, is_random_value, is_random_attribute, is_random_block_training, is_end_chained_event) VALUES (412, 220, 'Down', 0, 0, 0, 0, 0, 0, 4, 0, 0, 5, null, 0, 0, 0, 0);
INSERT INTO card_events (event_id, event_name, uma_id, uma_name, category) VALUES (221, '無盡的風', 10086, 'yamanin-zephyr', '隨機事件');
INSERT INTO card_event_choices (choice_id, event_id, choice_label, chain_index, speed, stamina, strength, willpower, intelligence, hp, mood, skill_point, character_favor, event_condition, is_random_value, is_random_attribute, is_random_block_training, is_end_chained_event) VALUES (413, 221, 'Up', 0, 3, 0, 3, 3, 0, 0, 0, 0, 5, null, 0, 0, 0, 0);
INSERT INTO card_event_choices (choice_id, event_id, choice_label, chain_index, speed, stamina, strength, willpower, intelligence, hp, mood, skill_point, character_favor, event_condition, is_random_value, is_random_attribute, is_random_block_training, is_end_chained_event) VALUES (414, 221, 'Down', 0, 0, 0, 0, 0, 0, 0, 0, 0, 5, null, 0, 0, 0, 0);
INSERT INTO card_table (count, uma_id, uma_name) VALUES (87, 10087, 'aston-machan');
INSERT INTO card_events (event_id, event_name, uma_id, uma_name, category) VALUES (222, '永遠在一旁盯著你', 10087, 'aston-machan', '隨機事件');
INSERT INTO card_event_choices (choice_id, event_id, choice_label, chain_index, speed, stamina, strength, willpower, intelligence, hp, mood, skill_point, character_favor, event_condition, is_random_value, is_random_attribute, is_random_block_training, is_end_chained_event) VALUES (415, 222, 'Up', 0, 0, 0, 0, 0, 0, 15, 0, 0, 5, null, 0, 0, 0, 0);
INSERT INTO card_event_choices (choice_id, event_id, choice_label, chain_index, speed, stamina, strength, willpower, intelligence, hp, mood, skill_point, character_favor, event_condition, is_random_value, is_random_attribute, is_random_block_training, is_end_chained_event) VALUES (416, 222, 'Down', 0, 20, 0, 0, 0, 0, -5, 0, 0, 5, null, 0, 0, 0, 0);
INSERT INTO card_events (event_id, event_name, uma_id, uma_name, category) VALUES (223, '永遠透過照片盯著你', 10087, 'aston-machan', '隨機事件');
INSERT INTO card_event_choices (choice_id, event_id, choice_label, chain_index, speed, stamina, strength, willpower, intelligence, hp, mood, skill_point, character_favor, event_condition, is_random_value, is_random_attribute, is_random_block_training, is_end_chained_event) VALUES (417, 223, 'Up', 0, 0, 0, 0, 0, 0, 0, 0, 30, 5, null, 0, 0, 0, 0);
INSERT INTO card_event_choices (choice_id, event_id, choice_label, chain_index, speed, stamina, strength, willpower, intelligence, hp, mood, skill_point, character_favor, event_condition, is_random_value, is_random_attribute, is_random_block_training, is_end_chained_event) VALUES (418, 223, 'Down', 0, 0, 0, 0, 0, 0, 0, 0, 0, 5, null, 0, 0, 0, 0);
INSERT INTO card_table (count, uma_id, uma_name) VALUES (88, 10088, 'mejiro-ramonu');
INSERT INTO card_events (event_id, event_name, uma_id, uma_name, category) VALUES (224, '僅只一瞥', 10088, 'mejiro-ramonu', '隨機事件');
INSERT INTO card_event_choices (choice_id, event_id, choice_label, chain_index, speed, stamina, strength, willpower, intelligence, hp, mood, skill_point, character_favor, event_condition, is_random_value, is_random_attribute, is_random_block_training, is_end_chained_event) VALUES (419, 224, 'Up', 0, 0, 0, 0, 0, 0, 0, 1, 10, 5, null, 0, 0, 0, 0);
INSERT INTO card_event_choices (choice_id, event_id, choice_label, chain_index, speed, stamina, strength, willpower, intelligence, hp, mood, skill_point, character_favor, event_condition, is_random_value, is_random_attribute, is_random_block_training, is_end_chained_event) VALUES (420, 224, 'Down', 0, 0, 0, 0, 0, 15, 0, 0, 0, 5, null, 0, 0, 0, 0);
INSERT INTO card_events (event_id, event_name, uma_id, uma_name, category) VALUES (225, '俯首效忠', 10088, 'mejiro-ramonu', '隨機事件');
INSERT INTO card_event_choices (choice_id, event_id, choice_label, chain_index, speed, stamina, strength, willpower, intelligence, hp, mood, skill_point, character_favor, event_condition, is_random_value, is_random_attribute, is_random_block_training, is_end_chained_event) VALUES (421, 225, 'Up', 0, 10, 5, 0, 0, 0, 0, 0, 0, 5, null, 0, 0, 0, 0);
INSERT INTO card_event_choices (choice_id, event_id, choice_label, chain_index, speed, stamina, strength, willpower, intelligence, hp, mood, skill_point, character_favor, event_condition, is_random_value, is_random_attribute, is_random_block_training, is_end_chained_event) VALUES (422, 225, 'Down', 0, 0, 0, 0, 0, 0, 0, 0, 0, 5, null, 0, 0, 0, 0);
INSERT INTO card_table (count, uma_id, uma_name) VALUES (89, 10089, 'jungle-pocket');
INSERT INTO card_events (event_id, event_name, uma_id, uma_name, category) VALUES (226, '「戰吼」之鬼', 10089, 'jungle-pocket', '隨機事件');
INSERT INTO card_event_choices (choice_id, event_id, choice_label, chain_index, speed, stamina, strength, willpower, intelligence, hp, mood, skill_point, character_favor, event_condition, is_random_value, is_random_attribute, is_random_block_training, is_end_chained_event) VALUES (423, 226, 'Up', 0, 0, 0, 15, 0, 0, 0, 0, 0, 5, null, 0, 0, 0, 0);
INSERT INTO card_event_choices (choice_id, event_id, choice_label, chain_index, speed, stamina, strength, willpower, intelligence, hp, mood, skill_point, character_favor, event_condition, is_random_value, is_random_attribute, is_random_block_training, is_end_chained_event) VALUES (424, 226, 'Down', 0, 15, 10, 0, 0, 0, -10, 0, 0, 5, null, 0, 0, 0, 0);
INSERT INTO card_events (event_id, event_name, uma_id, uma_name, category) VALUES (227, '像「魔術」一樣', 10089, 'jungle-pocket', '隨機事件');
INSERT INTO card_event_choices (choice_id, event_id, choice_label, chain_index, speed, stamina, strength, willpower, intelligence, hp, mood, skill_point, character_favor, event_condition, is_random_value, is_random_attribute, is_random_block_training, is_end_chained_event) VALUES (425, 227, 'Up', 0, 0, 15, 0, 0, 0, 0, 0, 0, 5, null, 0, 0, 0, 0);
INSERT INTO card_event_choices (choice_id, event_id, choice_label, chain_index, speed, stamina, strength, willpower, intelligence, hp, mood, skill_point, character_favor, event_condition, is_random_value, is_random_attribute, is_random_block_training, is_end_chained_event) VALUES (426, 227, 'Down', 0, 0, 0, 0, 0, 0, 0, 0, 0, 5, null, 0, 0, 0, 0);
INSERT INTO card_table (count, uma_id, uma_name) VALUES (90, 10090, 'hokko-tarumae');
INSERT INTO card_events (event_id, event_name, uma_id, uma_name, category) VALUES (228, '打動你吧，苫小牧', 10090, 'hokko-tarumae', '隨機事件');
INSERT INTO card_event_choices (choice_id, event_id, choice_label, chain_index, speed, stamina, strength, willpower, intelligence, hp, mood, skill_point, character_favor, event_condition, is_random_value, is_random_attribute, is_random_block_training, is_end_chained_event) VALUES (427, 228, 'Up', 0, 15, 0, 0, 0, 0, 0, 0, 0, 5, null, 0, 0, 0, 0);
INSERT INTO card_event_choices (choice_id, event_id, choice_label, chain_index, speed, stamina, strength, willpower, intelligence, hp, mood, skill_point, character_favor, event_condition, is_random_value, is_random_attribute, is_random_block_training, is_end_chained_event) VALUES (428, 228, 'Down', 0, 0, 0, 5, 10, 0, 0, 0, 0, 5, null, 0, 0, 0, 0);
INSERT INTO card_events (event_id, event_name, uma_id, uma_name, category) VALUES (229, '傳達給大家吧，苫小牧', 10090, 'hokko-tarumae', '隨機事件');
INSERT INTO card_event_choices (choice_id, event_id, choice_label, chain_index, speed, stamina, strength, willpower, intelligence, hp, mood, skill_point, character_favor, event_condition, is_random_value, is_random_attribute, is_random_block_training, is_end_chained_event) VALUES (429, 229, 'Up', 0, 0, 0, 0, 0, 0, 0, 0, 30, 5, null, 0, 0, 0, 0);
INSERT INTO card_event_choices (choice_id, event_id, choice_label, chain_index, speed, stamina, strength, willpower, intelligence, hp, mood, skill_point, character_favor, event_condition, is_random_value, is_random_attribute, is_random_block_training, is_end_chained_event) VALUES (430, 229, 'Down', 0, 0, 0, 0, 0, 0, 0, 0, 0, 5, null, 0, 0, 0, 0);
INSERT INTO card_table (count, uma_id, uma_name) VALUES (91, 10091, 'katsuragi-ace');
INSERT INTO card_events (event_id, event_name, uma_id, uma_name, category) VALUES (230, '榮主VS演講！', 10091, 'katsuragi-ace', '隨機事件');
INSERT INTO card_event_choices (choice_id, event_id, choice_label, chain_index, speed, stamina, strength, willpower, intelligence, hp, mood, skill_point, character_favor, event_condition, is_random_value, is_random_attribute, is_random_block_training, is_end_chained_event) VALUES (431, 230, 'Up', 0, 0, 0, 0, 0, 0, 0, 2, 0, 5, null, 0, 0, 0, 0);
INSERT INTO card_event_choices (choice_id, event_id, choice_label, chain_index, speed, stamina, strength, willpower, intelligence, hp, mood, skill_point, character_favor, event_condition, is_random_value, is_random_attribute, is_random_block_training, is_end_chained_event) VALUES (432, 230, 'Down', 0, 0, 0, 0, 15, 0, 0, 0, 0, 5, null, 0, 0, 0, 0);
INSERT INTO card_events (event_id, event_name, uma_id, uma_name, category) VALUES (231, '榮主VS奧客！', 10091, 'katsuragi-ace', '隨機事件');
INSERT INTO card_event_choices (choice_id, event_id, choice_label, chain_index, speed, stamina, strength, willpower, intelligence, hp, mood, skill_point, character_favor, event_condition, is_random_value, is_random_attribute, is_random_block_training, is_end_chained_event) VALUES (433, 231, 'Up', 0, 0, 0, 0, 0, 0, 15, 0, 0, 5, null, 0, 0, 0, 0);
INSERT INTO card_event_choices (choice_id, event_id, choice_label, chain_index, speed, stamina, strength, willpower, intelligence, hp, mood, skill_point, character_favor, event_condition, is_random_value, is_random_attribute, is_random_block_training, is_end_chained_event) VALUES (434, 231, 'Down', 0, 0, 0, 0, 0, 0, 0, 0, 0, 5, null, 0, 0, 0, 0);
INSERT INTO card_table (count, uma_id, uma_name) VALUES (92, 10092, 'copano-rickey');
INSERT INTO card_events (event_id, event_name, uma_id, uma_name, category) VALUES (232, '開運☆你也會happy', 10092, 'copano-rickey', '隨機事件');
INSERT INTO card_event_choices (choice_id, event_id, choice_label, chain_index, speed, stamina, strength, willpower, intelligence, hp, mood, skill_point, character_favor, event_condition, is_random_value, is_random_attribute, is_random_block_training, is_end_chained_event) VALUES (435, 232, 'Up', 0, 15, 0, 0, 0, 0, 0, 0, 0, 5, null, 0, 0, 0, 0);
INSERT INTO card_event_choices (choice_id, event_id, choice_label, chain_index, speed, stamina, strength, willpower, intelligence, hp, mood, skill_point, character_favor, event_condition, is_random_value, is_random_attribute, is_random_block_training, is_end_chained_event) VALUES (436, 232, 'Down', 0, 0, 0, 15, 0, 0, 0, 0, 0, 5, null, 0, 0, 0, 0);
INSERT INTO card_events (event_id, event_name, uma_id, uma_name, category) VALUES (233, '吉利☆大家一起歡笑', 10092, 'copano-rickey', '隨機事件');
INSERT INTO card_event_choices (choice_id, event_id, choice_label, chain_index, speed, stamina, strength, willpower, intelligence, hp, mood, skill_point, character_favor, event_condition, is_random_value, is_random_attribute, is_random_block_training, is_end_chained_event) VALUES (437, 233, 'Up', 0, 0, 0, 0, 0, 0, 10, 0, 10, 5, null, 0, 0, 0, 0);
INSERT INTO card_event_choices (choice_id, event_id, choice_label, chain_index, speed, stamina, strength, willpower, intelligence, hp, mood, skill_point, character_favor, event_condition, is_random_value, is_random_attribute, is_random_block_training, is_end_chained_event) VALUES (438, 233, 'Down', 0, 0, 0, 0, 0, 0, 0, 1, 0, 5, null, 0, 0, 0, 0);
INSERT INTO card_table (count, uma_id, uma_name) VALUES (93, 10093, 'wonder-acute');
INSERT INTO card_events (event_id, event_name, uma_id, uma_name, category) VALUES (234, '吃點蘋果吧', 10093, 'wonder-acute', '隨機事件');
INSERT INTO card_event_choices (choice_id, event_id, choice_label, chain_index, speed, stamina, strength, willpower, intelligence, hp, mood, skill_point, character_favor, event_condition, is_random_value, is_random_attribute, is_random_block_training, is_end_chained_event) VALUES (439, 234, 'Up', 0, 0, 0, 0, 15, 0, 0, 0, 0, 5, null, 0, 0, 0, 0);
INSERT INTO card_event_choices (choice_id, event_id, choice_label, chain_index, speed, stamina, strength, willpower, intelligence, hp, mood, skill_point, character_favor, event_condition, is_random_value, is_random_attribute, is_random_block_training, is_end_chained_event) VALUES (440, 234, 'Down', 0, 0, 0, 0, 0, 0, 15, 0, 0, 5, null, 0, 0, 0, 0);
INSERT INTO card_events (event_id, event_name, uma_id, uma_name, category) VALUES (235, '用串珠玩偶當禮物吧', 10093, 'wonder-acute', '隨機事件');
INSERT INTO card_event_choices (choice_id, event_id, choice_label, chain_index, speed, stamina, strength, willpower, intelligence, hp, mood, skill_point, character_favor, event_condition, is_random_value, is_random_attribute, is_random_block_training, is_end_chained_event) VALUES (441, 235, 'Up', 0, 0, 0, 0, 0, 0, 0, 0, 0, 5, null, 0, 0, 0, 0);
INSERT INTO card_event_choices (choice_id, event_id, choice_label, chain_index, speed, stamina, strength, willpower, intelligence, hp, mood, skill_point, character_favor, event_condition, is_random_value, is_random_attribute, is_random_block_training, is_end_chained_event) VALUES (442, 235, 'Down', 0, 0, 0, 0, 10, 0, 0, 0, 10, 5, null, 0, 0, 0, 0);
INSERT INTO card_table (count, uma_id, uma_name) VALUES (94, 10094, 'mei-satake');
INSERT INTO card_events (event_id, event_name, uma_id, uma_name, category) VALUES (236, '(❯) 禮讚如雨一般', 10094, 'mei-satake', '外出');
INSERT INTO card_event_choices (choice_id, event_id, choice_label, chain_index, speed, stamina, strength, willpower, intelligence, hp, mood, skill_point, character_favor, event_condition, is_random_value, is_random_attribute, is_random_block_training, is_end_chained_event) VALUES (443, 236, 'None', 1, 0, 0, 0, 5, 0, 30, 1, 0, 5, null, 0, 0, 0, 0);
INSERT INTO card_events (event_id, event_name, uma_id, uma_name, category) VALUES (237, '(❯❯) 不遠的將來就能克服？', 10094, 'mei-satake', '外出');
INSERT INTO card_event_choices (choice_id, event_id, choice_label, chain_index, speed, stamina, strength, willpower, intelligence, hp, mood, skill_point, character_favor, event_condition, is_random_value, is_random_attribute, is_random_block_training, is_end_chained_event) VALUES (444, 237, 'None', 2, 0, 0, 5, 5, 0, 25, 1, 0, 5, null, 0, 0, 0, 0);
INSERT INTO card_events (event_id, event_name, uma_id, uma_name, category) VALUES (238, '(❯❯❯) 緣分終將開花結果', 10094, 'mei-satake', '外出');
INSERT INTO card_event_choices (choice_id, event_id, choice_label, chain_index, speed, stamina, strength, willpower, intelligence, hp, mood, skill_point, character_favor, event_condition, is_random_value, is_random_attribute, is_random_block_training, is_end_chained_event) VALUES (445, 238, 'Up', 3, 0, 0, 0, 15, 0, 35, 1, 0, 5, '正向思考', 0, 0, 0, 0);
INSERT INTO card_event_choices (choice_id, event_id, choice_label, chain_index, speed, stamina, strength, willpower, intelligence, hp, mood, skill_point, character_favor, event_condition, is_random_value, is_random_attribute, is_random_block_training, is_end_chained_event) VALUES (446, 238, 'Down', 3, 5, 5, 5, 5, 5, 0, 1, 0, 5, '幸運體質', 0, 0, 0, 0);
INSERT INTO card_events (event_id, event_name, uma_id, uma_name, category) VALUES (239, '(❯❯❯❯) 憧憬成為起點', 10094, 'mei-satake', '外出');
INSERT INTO card_event_choices (choice_id, event_id, choice_label, chain_index, speed, stamina, strength, willpower, intelligence, hp, mood, skill_point, character_favor, event_condition, is_random_value, is_random_attribute, is_random_block_training, is_end_chained_event) VALUES (447, 239, 'None', 4, 0, 0, 0, 20, 0, 25, 0, 0, 5, null, 0, 0, 0, 0);
INSERT INTO card_events (event_id, event_name, uma_id, uma_name, category) VALUES (240, '(❯❯❯❯❯) 結下星空的誓約', 10094, 'mei-satake', '外出');
INSERT INTO card_event_choices (choice_id, event_id, choice_label, chain_index, speed, stamina, strength, willpower, intelligence, hp, mood, skill_point, character_favor, event_condition, is_random_value, is_random_attribute, is_random_block_training, is_end_chained_event) VALUES (448, 240, 'None', 5, 0, 0, 0, 10, 0, 40, 1, 0, 5, null, 1, 0, 0, 0);
INSERT INTO card_event_choices (choice_id, event_id, choice_label, chain_index, speed, stamina, strength, willpower, intelligence, hp, mood, skill_point, character_favor, event_condition, is_random_value, is_random_attribute, is_random_block_training, is_end_chained_event) VALUES (449, 240, 'None', 5, 0, 0, 0, 5, 0, 35, 1, 0, 5, null, 0, 0, 0, 0);
INSERT INTO card_events (event_id, event_name, uma_id, uma_name, category) VALUES (241, '來踢足球吧！', 10094, 'mei-satake', '隨機事件');
INSERT INTO card_event_choices (choice_id, event_id, choice_label, chain_index, speed, stamina, strength, willpower, intelligence, hp, mood, skill_point, character_favor, event_condition, is_random_value, is_random_attribute, is_random_block_training, is_end_chained_event) VALUES (450, 241, 'Up', 5, 0, 0, 0, 15, 0, 0, 0, 0, 5, null, 0, 0, 0, 0);
INSERT INTO card_event_choices (choice_id, event_id, choice_label, chain_index, speed, stamina, strength, willpower, intelligence, hp, mood, skill_point, character_favor, event_condition, is_random_value, is_random_attribute, is_random_block_training, is_end_chained_event) VALUES (451, 241, 'Down', 5, 0, 0, 10, 0, 0, 5, 0, 0, 5, null, 0, 0, 0, 0);
INSERT INTO card_events (event_id, event_name, uma_id, uma_name, category) VALUES (242, '有時也要忘記工作', 10094, 'mei-satake', '隨機事件');
INSERT INTO card_event_choices (choice_id, event_id, choice_label, chain_index, speed, stamina, strength, willpower, intelligence, hp, mood, skill_point, character_favor, event_condition, is_random_value, is_random_attribute, is_random_block_training, is_end_chained_event) VALUES (452, 242, 'Up', 5, 0, 0, 0, 5, 0, 15, 1, 0, 5, '幸運體質', 0, 0, 0, 0);
INSERT INTO card_event_choices (choice_id, event_id, choice_label, chain_index, speed, stamina, strength, willpower, intelligence, hp, mood, skill_point, character_favor, event_condition, is_random_value, is_random_attribute, is_random_block_training, is_end_chained_event) VALUES (453, 242, 'Middle', 5, 0, 0, 0, 0, 0, 35, 1, 0, 10, '幸運體質', 1, 0, 0, 0);
INSERT INTO card_event_choices (choice_id, event_id, choice_label, chain_index, speed, stamina, strength, willpower, intelligence, hp, mood, skill_point, character_favor, event_condition, is_random_value, is_random_attribute, is_random_block_training, is_end_chained_event) VALUES (454, 242, 'Middle', 5, 0, 0, 0, 0, 0, -10, 1, 0, 10, null, 0, 0, 0, 1);
INSERT INTO card_event_choices (choice_id, event_id, choice_label, chain_index, speed, stamina, strength, willpower, intelligence, hp, mood, skill_point, character_favor, event_condition, is_random_value, is_random_attribute, is_random_block_training, is_end_chained_event) VALUES (455, 242, 'Down', 5, 30, 0, 0, 0, 20, 0, 0, 0, -5, null, 0, 0, 0, 1);
INSERT INTO card_events (event_id, event_name, uma_id, uma_name, category) VALUES (243, '夢想的檢修員', 10094, 'mei-satake', '特殊事件');
INSERT INTO card_event_choices (choice_id, event_id, choice_label, chain_index, speed, stamina, strength, willpower, intelligence, hp, mood, skill_point, character_favor, event_condition, is_random_value, is_random_attribute, is_random_block_training, is_end_chained_event) VALUES (456, 243, 'None', 5, 0, 0, 0, 15, 0, 0, 1, 5, 10, null, 0, 0, 0, 0);
INSERT INTO card_events (event_id, event_name, uma_id, uma_name, category) VALUES (244, '辛苦了！！', 10094, 'mei-satake', '特殊事件');
INSERT INTO card_event_choices (choice_id, event_id, choice_label, chain_index, speed, stamina, strength, willpower, intelligence, hp, mood, skill_point, character_favor, event_condition, is_random_value, is_random_attribute, is_random_block_training, is_end_chained_event) VALUES (457, 244, 'None', 5, 0, 0, 0, 3, 0, 0, 1, 3, 7, null, 0, 1, 0, 0);
INSERT INTO card_events (event_id, event_name, uma_id, uma_name, category) VALUES (245, '星之凱旋門', 10094, 'mei-satake', '特殊事件');
INSERT INTO card_event_choices (choice_id, event_id, choice_label, chain_index, speed, stamina, strength, willpower, intelligence, hp, mood, skill_point, character_favor, event_condition, is_random_value, is_random_attribute, is_random_block_training, is_end_chained_event) VALUES (458, 245, 'None', 5, 0, 0, 15, 25, 0, 0, 0, 30, 0, null, 0, 0, 0, 0);
INSERT INTO card_events (event_id, event_name, uma_id, uma_name, category) VALUES (246, '為舉杯慶祝預先付款', 10094, 'mei-satake', '特殊事件');
INSERT INTO card_event_choices (choice_id, event_id, choice_label, chain_index, speed, stamina, strength, willpower, intelligence, hp, mood, skill_point, character_favor, event_condition, is_random_value, is_random_attribute, is_random_block_training, is_end_chained_event) VALUES (459, 246, 'None', 5, 0, 0, 12, 18, 0, 0, 0, 20, 0, null, 0, 0, 0, 0);
INSERT INTO card_events (event_id, event_name, uma_id, uma_name, category) VALUES (247, '與佐岳鳴的情誼．「夢」好難', 10094, 'mei-satake', '特殊事件');
INSERT INTO card_event_choices (choice_id, event_id, choice_label, chain_index, speed, stamina, strength, willpower, intelligence, hp, mood, skill_point, character_favor, event_condition, is_random_value, is_random_attribute, is_random_block_training, is_end_chained_event) VALUES (460, 247, 'None', 5, 0, 0, 0, 15, 0, 0, 1, 0, 10, null, 0, 0, 0, 0);
INSERT INTO card_table (count, uma_id, uma_name) VALUES (95, 10095, 'tap-dance-city');
INSERT INTO card_events (event_id, event_name, uma_id, uma_name, category) VALUES (248, '守護吧，Precious Venue', 10095, 'tap-dance-city', '隨機事件');
INSERT INTO card_event_choices (choice_id, event_id, choice_label, chain_index, speed, stamina, strength, willpower, intelligence, hp, mood, skill_point, character_favor, event_condition, is_random_value, is_random_attribute, is_random_block_training, is_end_chained_event) VALUES (461, 248, 'Up', 0, 0, 0, 0, 0, 0, 10, 0, 10, 5, null, 0, 0, 0, 0);
INSERT INTO card_event_choices (choice_id, event_id, choice_label, chain_index, speed, stamina, strength, willpower, intelligence, hp, mood, skill_point, character_favor, event_condition, is_random_value, is_random_attribute, is_random_block_training, is_end_chained_event) VALUES (462, 248, 'Down', 0, 10, 0, 10, 0, 0, 0, 0, 0, 5, null, 0, 0, 0, 0);
INSERT INTO card_events (event_id, event_name, uma_id, uma_name, category) VALUES (249, '尋求吧，充滿夢想的treasure', 10095, 'tap-dance-city', '隨機事件');
INSERT INTO card_event_choices (choice_id, event_id, choice_label, chain_index, speed, stamina, strength, willpower, intelligence, hp, mood, skill_point, character_favor, event_condition, is_random_value, is_random_attribute, is_random_block_training, is_end_chained_event) VALUES (463, 249, 'Up', 0, 0, 0, 0, 15, 0, 0, 0, 0, 5, null, 0, 0, 0, 0);
INSERT INTO card_event_choices (choice_id, event_id, choice_label, chain_index, speed, stamina, strength, willpower, intelligence, hp, mood, skill_point, character_favor, event_condition, is_random_value, is_random_attribute, is_random_block_training, is_end_chained_event) VALUES (464, 249, 'Down', 0, 0, 0, 0, 0, 0, 0, 0, 0, 0, null, 0, 0, 0, 0);
INSERT INTO card_table (count, uma_id, uma_name) VALUES (96, 10096, 'still-in-love');
INSERT INTO card_events (event_id, event_name, uma_id, uma_name, category) VALUES (250, '朧の夢', 10096, 'still-in-love', '隨機事件');
INSERT INTO card_event_choices (choice_id, event_id, choice_label, chain_index, speed, stamina, strength, willpower, intelligence, hp, mood, skill_point, character_favor, event_condition, is_random_value, is_random_attribute, is_random_block_training, is_end_chained_event) VALUES (465, 250, 'Up', 0, 0, 0, 0, 0, 0, 10, 0, 15, 5, null, 0, 0, 0, 0);
INSERT INTO card_event_choices (choice_id, event_id, choice_label, chain_index, speed, stamina, strength, willpower, intelligence, hp, mood, skill_point, character_favor, event_condition, is_random_value, is_random_attribute, is_random_block_training, is_end_chained_event) VALUES (466, 250, 'Down', 0, 0, 0, 0, 20, 0, 0, 0, 0, 5, null, 0, 0, 0, 0);
INSERT INTO card_events (event_id, event_name, uma_id, uma_name, category) VALUES (251, '気配なき親切', 10096, 'still-in-love', '隨機事件');
INSERT INTO card_event_choices (choice_id, event_id, choice_label, chain_index, speed, stamina, strength, willpower, intelligence, hp, mood, skill_point, character_favor, event_condition, is_random_value, is_random_attribute, is_random_block_training, is_end_chained_event) VALUES (467, 251, 'Up', 0, 20, 0, 0, 0, 0, 0, 0, 0, 5, null, 0, 0, 0, 0);
INSERT INTO card_event_choices (choice_id, event_id, choice_label, chain_index, speed, stamina, strength, willpower, intelligence, hp, mood, skill_point, character_favor, event_condition, is_random_value, is_random_attribute, is_random_block_training, is_end_chained_event) VALUES (468, 251, 'Down', 0, 0, 0, 0, 0, 0, 0, 0, 0, 5, null, 0, 0, 0, 0);
INSERT INTO card_table (count, uma_id, uma_name) VALUES (97, 10097, 'verxina');
INSERT INTO card_events (event_id, event_name, uma_id, uma_name, category) VALUES (252, '女王陛下令人意外的一面', 10097, 'verxina', '隨機事件');
INSERT INTO card_event_choices (choice_id, event_id, choice_label, chain_index, speed, stamina, strength, willpower, intelligence, hp, mood, skill_point, character_favor, event_condition, is_random_value, is_random_attribute, is_random_block_training, is_end_chained_event) VALUES (469, 252, 'Up', 0, 0, 0, 0, 30, 0, -10, 0, 0, 5, null, 0, 0, 0, 0);
INSERT INTO card_event_choices (choice_id, event_id, choice_label, chain_index, speed, stamina, strength, willpower, intelligence, hp, mood, skill_point, character_favor, event_condition, is_random_value, is_random_attribute, is_random_block_training, is_end_chained_event) VALUES (470, 252, 'Down', 0, 0, 0, 0, 0, 0, 15, 0, 0, 5, null, 0, 0, 0, 0);
INSERT INTO card_events (event_id, event_name, uma_id, uma_name, category) VALUES (253, '配得上女王陛下的東西', 10097, 'verxina', '隨機事件');
INSERT INTO card_event_choices (choice_id, event_id, choice_label, chain_index, speed, stamina, strength, willpower, intelligence, hp, mood, skill_point, character_favor, event_condition, is_random_value, is_random_attribute, is_random_block_training, is_end_chained_event) VALUES (471, 253, 'Up', 0, 0, 0, 0, 0, 0, 0, 0, 0, 5, null, 0, 0, 0, 0);
INSERT INTO card_event_choices (choice_id, event_id, choice_label, chain_index, speed, stamina, strength, willpower, intelligence, hp, mood, skill_point, character_favor, event_condition, is_random_value, is_random_attribute, is_random_block_training, is_end_chained_event) VALUES (472, 253, 'Down', 0, 10, 0, 5, 0, 0, 0, 0, 0, 5, null, 0, 0, 0, 0);
INSERT INTO card_table (count, uma_id, uma_name) VALUES (98, 10098, 'sounds-of-earth');
INSERT INTO card_events (event_id, event_name, uma_id, uma_name, category) VALUES (254, '突發合奏', 10098, 'sounds-of-earth', '隨機事件');
INSERT INTO card_event_choices (choice_id, event_id, choice_label, chain_index, speed, stamina, strength, willpower, intelligence, hp, mood, skill_point, character_favor, event_condition, is_random_value, is_random_attribute, is_random_block_training, is_end_chained_event) VALUES (473, 254, 'Up', 0, 10, 0, 0, 0, 0, 0, 1, 0, 5, null, 0, 0, 0, 0);
INSERT INTO card_event_choices (choice_id, event_id, choice_label, chain_index, speed, stamina, strength, willpower, intelligence, hp, mood, skill_point, character_favor, event_condition, is_random_value, is_random_attribute, is_random_block_training, is_end_chained_event) VALUES (474, 254, 'Down', 0, 0, 15, 0, 0, 0, 0, 0, 0, 5, null, 0, 0, 0, 0);
INSERT INTO card_events (event_id, event_name, uma_id, uma_name, category) VALUES (255, '將con fuoco的「愛」獻給你', 10098, 'sounds-of-earth', '隨機事件');
INSERT INTO card_event_choices (choice_id, event_id, choice_label, chain_index, speed, stamina, strength, willpower, intelligence, hp, mood, skill_point, character_favor, event_condition, is_random_value, is_random_attribute, is_random_block_training, is_end_chained_event) VALUES (475, 255, 'Up', 0, 0, 10, 0, 5, 0, 0, 0, 0, 5, null, 0, 0, 0, 0);
INSERT INTO card_event_choices (choice_id, event_id, choice_label, chain_index, speed, stamina, strength, willpower, intelligence, hp, mood, skill_point, character_favor, event_condition, is_random_value, is_random_attribute, is_random_block_training, is_end_chained_event) VALUES (476, 255, 'Down', 0, 0, 0, 0, 0, 0, 0, 0, 0, 5, null, 0, 0, 0, 0);
INSERT INTO card_table (count, uma_id, uma_name) VALUES (99, 10099, 'vivlos');
INSERT INTO card_events (event_id, event_name, uma_id, uma_name, category) VALUES (256, '不知不覺進入甜美時光♪', 10099, 'vivlos', '隨機事件');
INSERT INTO card_event_choices (choice_id, event_id, choice_label, chain_index, speed, stamina, strength, willpower, intelligence, hp, mood, skill_point, character_favor, event_condition, is_random_value, is_random_attribute, is_random_block_training, is_end_chained_event) VALUES (477, 256, 'Up', 0, 0, 0, 25, 0, 0, -5, 0, 0, 5, null, 0, 0, 0, 0);
INSERT INTO card_event_choices (choice_id, event_id, choice_label, chain_index, speed, stamina, strength, willpower, intelligence, hp, mood, skill_point, character_favor, event_condition, is_random_value, is_random_attribute, is_random_block_training, is_end_chained_event) VALUES (478, 256, 'Down', 0, 0, 0, 0, 15, 0, 0, 0, 0, 5, null, 0, 0, 0, 0);
INSERT INTO card_events (event_id, event_name, uma_id, uma_name, category) VALUES (257, '總有一天成為閃亮名流♪', 10099, 'vivlos', '隨機事件');
INSERT INTO card_event_choices (choice_id, event_id, choice_label, chain_index, speed, stamina, strength, willpower, intelligence, hp, mood, skill_point, character_favor, event_condition, is_random_value, is_random_attribute, is_random_block_training, is_end_chained_event) VALUES (479, 257, 'Up', 0, 0, 0, 0, 0, 0, 0, 0, 0, 5, null, 0, 0, 0, 0);
INSERT INTO card_event_choices (choice_id, event_id, choice_label, chain_index, speed, stamina, strength, willpower, intelligence, hp, mood, skill_point, character_favor, event_condition, is_random_value, is_random_attribute, is_random_block_training, is_end_chained_event) VALUES (480, 257, 'Down', 0, 0, 0, 10, 0, 0, 0, 0, 0, 5, null, 0, 0, 0, 0);
INSERT INTO card_table (count, uma_id, uma_name) VALUES (100, 10100, 'royce-and-royce');
INSERT INTO card_events (event_id, event_name, uma_id, uma_name, category) VALUES (258, '最強的自我行銷', 10100, 'royce-and-royce', '隨機事件');
INSERT INTO card_event_choices (choice_id, event_id, choice_label, chain_index, speed, stamina, strength, willpower, intelligence, hp, mood, skill_point, character_favor, event_condition, is_random_value, is_random_attribute, is_random_block_training, is_end_chained_event) VALUES (481, 258, 'Up', 0, 0, 0, 0, 0, 0, 0, 0, 0, 5, null, 0, 0, 0, 0);
INSERT INTO card_event_choices (choice_id, event_id, choice_label, chain_index, speed, stamina, strength, willpower, intelligence, hp, mood, skill_point, character_favor, event_condition, is_random_value, is_random_attribute, is_random_block_training, is_end_chained_event) VALUES (482, 258, 'Down', 0, 0, 0, 0, 0, 10, 0, 0, 0, 5, null, 0, 0, 0, 0);
INSERT INTO card_events (event_id, event_name, uma_id, uma_name, category) VALUES (259, '最強分析力', 10100, 'royce-and-royce', '隨機事件');
INSERT INTO card_event_choices (choice_id, event_id, choice_label, chain_index, speed, stamina, strength, willpower, intelligence, hp, mood, skill_point, character_favor, event_condition, is_random_value, is_random_attribute, is_random_block_training, is_end_chained_event) VALUES (483, 259, 'Up', 0, 0, 0, 0, 0, 20, 0, 0, 0, 5, null, 0, 0, 0, 0);
INSERT INTO card_event_choices (choice_id, event_id, choice_label, chain_index, speed, stamina, strength, willpower, intelligence, hp, mood, skill_point, character_favor, event_condition, is_random_value, is_random_attribute, is_random_block_training, is_end_chained_event) VALUES (484, 259, 'Down', 0, 0, 0, 0, 0, 0, 15, 0, 0, 5, null, 0, 0, 0, 0);
INSERT INTO card_table (count, uma_id, uma_name) VALUES (101, 10101, 'duramente');
INSERT INTO card_events (event_id, event_name, uma_id, uma_name, category) VALUES (260, '該流的汗水', 10101, 'duramente', '隨機事件');
INSERT INTO card_event_choices (choice_id, event_id, choice_label, chain_index, speed, stamina, strength, willpower, intelligence, hp, mood, skill_point, character_favor, event_condition, is_random_value, is_random_attribute, is_random_block_training, is_end_chained_event) VALUES (485, 260, 'Up', 0, 10, 0, 0, 10, 0, 0, 0, 0, 5, null, 0, 0, 0, 0);
INSERT INTO card_event_choices (choice_id, event_id, choice_label, chain_index, speed, stamina, strength, willpower, intelligence, hp, mood, skill_point, character_favor, event_condition, is_random_value, is_random_attribute, is_random_block_training, is_end_chained_event) VALUES (486, 260, 'Down', 0, 0, 0, 0, 0, 0, 25, 0, 0, 5, null, 0, 0, 0, 0);
INSERT INTO card_events (event_id, event_name, uma_id, uma_name, category) VALUES (261, '該追逐的背影', 10101, 'duramente', '隨機事件');
INSERT INTO card_event_choices (choice_id, event_id, choice_label, chain_index, speed, stamina, strength, willpower, intelligence, hp, mood, skill_point, character_favor, event_condition, is_random_value, is_random_attribute, is_random_block_training, is_end_chained_event) VALUES (487, 261, 'Up', 0, 0, 15, 0, 0, 0, 0, 0, 0, 5, null, 0, 0, 0, 0);
INSERT INTO card_event_choices (choice_id, event_id, choice_label, chain_index, speed, stamina, strength, willpower, intelligence, hp, mood, skill_point, character_favor, event_condition, is_random_value, is_random_attribute, is_random_block_training, is_end_chained_event) VALUES (488, 261, 'Down', 0, 0, 0, 0, 0, 0, 0, 0, 0, 5, null, 0, 0, 0, 0);
INSERT INTO card_table (count, uma_id, uma_name) VALUES (102, 10102, 'north-flight');
INSERT INTO card_events (event_id, event_name, uma_id, uma_name, category) VALUES (262, '裝飾我自己', 10102, 'north-flight', '隨機事件');
INSERT INTO card_event_choices (choice_id, event_id, choice_label, chain_index, speed, stamina, strength, willpower, intelligence, hp, mood, skill_point, character_favor, event_condition, is_random_value, is_random_attribute, is_random_block_training, is_end_chained_event) VALUES (489, 262, 'Up', 0, 15, 0, 0, 0, 0, 0, 0, 0, 5, null, 0, 0, 0, 0);
INSERT INTO card_event_choices (choice_id, event_id, choice_label, chain_index, speed, stamina, strength, willpower, intelligence, hp, mood, skill_point, character_favor, event_condition, is_random_value, is_random_attribute, is_random_block_training, is_end_chained_event) VALUES (490, 262, 'Down', 0, 0, 0, 0, 15, 0, 0, 0, 0, 5, null, 0, 0, 0, 0);
INSERT INTO card_events (event_id, event_name, uma_id, uma_name, category) VALUES (263, '為你而設計的造型', 10102, 'north-flight', '隨機事件');
INSERT INTO card_event_choices (choice_id, event_id, choice_label, chain_index, speed, stamina, strength, willpower, intelligence, hp, mood, skill_point, character_favor, event_condition, is_random_value, is_random_attribute, is_random_block_training, is_end_chained_event) VALUES (491, 263, 'Up', 0, 0, 0, 0, 0, 0, 0, 0, 0, 5, null, 0, 0, 0, 0);
INSERT INTO card_event_choices (choice_id, event_id, choice_label, chain_index, speed, stamina, strength, willpower, intelligence, hp, mood, skill_point, character_favor, event_condition, is_random_value, is_random_attribute, is_random_block_training, is_end_chained_event) VALUES (492, 263, 'Down', 0, 0, 0, 0, 0, 0, 15, 0, 0, 5, null, 0, 0, 0, 0);
INSERT INTO card_table (count, uma_id, uma_name) VALUES (103, 10103, 'orfevre');
INSERT INTO card_events (event_id, event_name, uma_id, uma_name, category) VALUES (264, '王の賞詞', 10103, 'orfevre', '隨機事件');
INSERT INTO card_event_choices (choice_id, event_id, choice_label, chain_index, speed, stamina, strength, willpower, intelligence, hp, mood, skill_point, character_favor, event_condition, is_random_value, is_random_attribute, is_random_block_training, is_end_chained_event) VALUES (493, 264, 'Up', 0, 20, 0, 0, 0, 0, 0, 0, 0, 5, null, 0, 0, 0, 0);
INSERT INTO card_event_choices (choice_id, event_id, choice_label, chain_index, speed, stamina, strength, willpower, intelligence, hp, mood, skill_point, character_favor, event_condition, is_random_value, is_random_attribute, is_random_block_training, is_end_chained_event) VALUES (494, 264, 'Down', 0, 0, 20, 0, 0, 0, 0, 0, 0, 5, null, 0, 0, 0, 0);
INSERT INTO card_events (event_id, event_name, uma_id, uma_name, category) VALUES (265, '王の覇道', 10103, 'orfevre', '隨機事件');
INSERT INTO card_event_choices (choice_id, event_id, choice_label, chain_index, speed, stamina, strength, willpower, intelligence, hp, mood, skill_point, character_favor, event_condition, is_random_value, is_random_attribute, is_random_block_training, is_end_chained_event) VALUES (495, 265, 'Up', 0, 0, 0, 0, 0, 0, 30, 0, 0, 5, null, 0, 0, 0, 0);
INSERT INTO card_event_choices (choice_id, event_id, choice_label, chain_index, speed, stamina, strength, willpower, intelligence, hp, mood, skill_point, character_favor, event_condition, is_random_value, is_random_attribute, is_random_block_training, is_end_chained_event) VALUES (496, 265, 'Down', 0, 0, 0, 0, 0, 0, 0, 0, 0, 5, null, 0, 0, 0, 0);
INSERT INTO card_table (count, uma_id, uma_name) VALUES (104, 10104, 'ryoka-tsurugi');
INSERT INTO card_events (event_id, event_name, uma_id, uma_name, category) VALUES (266, '(❯) 意外な素顔？', 10104, 'ryoka-tsurugi', '外出');
INSERT INTO card_event_choices (choice_id, event_id, choice_label, chain_index, speed, stamina, strength, willpower, intelligence, hp, mood, skill_point, character_favor, event_condition, is_random_value, is_random_attribute, is_random_block_training, is_end_chained_event) VALUES (497, 266, 'None', 1, 15, 0, 0, 0, 0, 35, 1, 0, 5, null, 0, 0, 0, 0);
INSERT INTO card_events (event_id, event_name, uma_id, uma_name, category) VALUES (267, '(❯❯) 『貴方のおっしゃる通りでした』', 10104, 'ryoka-tsurugi', '外出');
INSERT INTO card_event_choices (choice_id, event_id, choice_label, chain_index, speed, stamina, strength, willpower, intelligence, hp, mood, skill_point, character_favor, event_condition, is_random_value, is_random_attribute, is_random_block_training, is_end_chained_event) VALUES (498, 267, 'None', 2, 10, 0, 0, 0, 10, 30, 1, 0, 5, null, 0, 0, 0, 0);
INSERT INTO card_events (event_id, event_name, uma_id, uma_name, category) VALUES (268, '(❯❯❯) 貴方の胸にも灯を', 10104, 'ryoka-tsurugi', '外出');
INSERT INTO card_event_choices (choice_id, event_id, choice_label, chain_index, speed, stamina, strength, willpower, intelligence, hp, mood, skill_point, character_favor, event_condition, is_random_value, is_random_attribute, is_random_block_training, is_end_chained_event) VALUES (499, 268, 'Up', 3, 0, 0, 0, 0, 0, 50, 1, 0, 5, null, 0, 0, 0, 0);
INSERT INTO card_event_choices (choice_id, event_id, choice_label, chain_index, speed, stamina, strength, willpower, intelligence, hp, mood, skill_point, character_favor, event_condition, is_random_value, is_random_attribute, is_random_block_training, is_end_chained_event) VALUES (500, 268, 'Down', 3, 45, 0, 0, 0, 0, 0, 1, 0, 5, null, 0, 0, 0, 0);
INSERT INTO card_events (event_id, event_name, uma_id, uma_name, category) VALUES (269, '(❯❯❯❯) きっと何色の未来でも', 10104, 'ryoka-tsurugi', '外出');
INSERT INTO card_event_choices (choice_id, event_id, choice_label, chain_index, speed, stamina, strength, willpower, intelligence, hp, mood, skill_point, character_favor, event_condition, is_random_value, is_random_attribute, is_random_block_training, is_end_chained_event) VALUES (501, 269, 'None', 4, 25, 0, 0, 0, 0, 30, 1, 0, 5, null, 0, 0, 0, 0);
INSERT INTO card_events (event_id, event_name, uma_id, uma_name, category) VALUES (270, '(❯❯❯❯❯) その働きに敬意を', 10104, 'ryoka-tsurugi', '外出');
INSERT INTO card_event_choices (choice_id, event_id, choice_label, chain_index, speed, stamina, strength, willpower, intelligence, hp, mood, skill_point, character_favor, event_condition, is_random_value, is_random_attribute, is_random_block_training, is_end_chained_event) VALUES (502, 270, 'None', 5, 30, 0, 0, 0, 0, 40, 1, 0, 5, null, 1, 0, 0, 0);
INSERT INTO card_event_choices (choice_id, event_id, choice_label, chain_index, speed, stamina, strength, willpower, intelligence, hp, mood, skill_point, character_favor, event_condition, is_random_value, is_random_attribute, is_random_block_training, is_end_chained_event) VALUES (503, 270, 'None', 5, 15, 0, 0, 0, 0, 35, 0, 0, 5, null, 0, 0, 0, 0);
INSERT INTO card_events (event_id, event_name, uma_id, uma_name, category) VALUES (271, '忙しいは楽しい！', 10104, 'ryoka-tsurugi', '隨機事件');
INSERT INTO card_event_choices (choice_id, event_id, choice_label, chain_index, speed, stamina, strength, willpower, intelligence, hp, mood, skill_point, character_favor, event_condition, is_random_value, is_random_attribute, is_random_block_training, is_end_chained_event) VALUES (504, 271, 'Up', 5, 15, 0, 0, 0, 0, 0, 0, 0, 5, null, 0, 0, 0, 0);
INSERT INTO card_event_choices (choice_id, event_id, choice_label, chain_index, speed, stamina, strength, willpower, intelligence, hp, mood, skill_point, character_favor, event_condition, is_random_value, is_random_attribute, is_random_block_training, is_end_chained_event) VALUES (505, 271, 'Down', 5, 0, 0, 0, 0, 0, 15, 0, 0, 5, null, 0, 0, 0, 0);
INSERT INTO card_events (event_id, event_name, uma_id, uma_name, category) VALUES (272, '撃ち抜いたのは……', 10104, 'ryoka-tsurugi', '隨機事件');
INSERT INTO card_event_choices (choice_id, event_id, choice_label, chain_index, speed, stamina, strength, willpower, intelligence, hp, mood, skill_point, character_favor, event_condition, is_random_value, is_random_attribute, is_random_block_training, is_end_chained_event) VALUES (506, 272, 'Up', 5, 0, 0, 0, 0, 0, 24, 1, 0, 5, null, 0, 0, 0, 0);
INSERT INTO card_event_choices (choice_id, event_id, choice_label, chain_index, speed, stamina, strength, willpower, intelligence, hp, mood, skill_point, character_favor, event_condition, is_random_value, is_random_attribute, is_random_block_training, is_end_chained_event) VALUES (507, 272, 'Down', 5, 0, 30, 30, 0, 0, 0, 0, 0, -5, null, 0, 0, 0, 1);
INSERT INTO card_events (event_id, event_name, uma_id, uma_name, category) VALUES (273, '広がる笑顔', 10104, 'ryoka-tsurugi', '特殊事件');
INSERT INTO card_event_choices (choice_id, event_id, choice_label, chain_index, speed, stamina, strength, willpower, intelligence, hp, mood, skill_point, character_favor, event_condition, is_random_value, is_random_attribute, is_random_block_training, is_end_chained_event) VALUES (508, 273, 'None', 5, 5, 0, 0, 0, 5, 4, 1, 0, 10, null, 0, 0, 0, 0);
INSERT INTO card_events (event_id, event_name, uma_id, uma_name, category) VALUES (274, 'お疲れ様です！！', 10104, 'ryoka-tsurugi', '特殊事件');
INSERT INTO card_event_choices (choice_id, event_id, choice_label, chain_index, speed, stamina, strength, willpower, intelligence, hp, mood, skill_point, character_favor, event_condition, is_random_value, is_random_attribute, is_random_block_training, is_end_chained_event) VALUES (509, 274, 'None', 5, 0, 0, 0, 0, 0, 7, 1, 0, 5, null, 1, 0, 0, 0);
INSERT INTO card_event_choices (choice_id, event_id, choice_label, chain_index, speed, stamina, strength, willpower, intelligence, hp, mood, skill_point, character_favor, event_condition, is_random_value, is_random_attribute, is_random_block_training, is_end_chained_event) VALUES (510, 274, 'None', 5, 0, 0, 0, 0, 0, 7, 0, 0, 5, null, 0, 0, 0, 0);
INSERT INTO card_events (event_id, event_name, uma_id, uma_name, category) VALUES (275, '涼花との絆・彼女の『強み』', 10104, 'ryoka-tsurugi', '特殊事件');
INSERT INTO card_event_choices (choice_id, event_id, choice_label, chain_index, speed, stamina, strength, willpower, intelligence, hp, mood, skill_point, character_favor, event_condition, is_random_value, is_random_attribute, is_random_block_training, is_end_chained_event) VALUES (511, 275, 'None', 5, 10, 0, 0, 0, 0, 14, 1, 0, 5, null, 0, 0, 0, 0);
INSERT INTO card_table (count, uma_id, uma_name) VALUES (105, 10105, 'cheval-grand');
INSERT INTO card_events (event_id, event_name, uma_id, uma_name, category) VALUES (276, '僕だって、いつか……', 10105, 'cheval-grand', '隨機事件');
INSERT INTO card_event_choices (choice_id, event_id, choice_label, chain_index, speed, stamina, strength, willpower, intelligence, hp, mood, skill_point, character_favor, event_condition, is_random_value, is_random_attribute, is_random_block_training, is_end_chained_event) VALUES (512, 276, 'Up', 0, 0, 0, 0, 0, 0, 0, 0, 0, 5, null, 0, 0, 0, 0);
INSERT INTO card_event_choices (choice_id, event_id, choice_label, chain_index, speed, stamina, strength, willpower, intelligence, hp, mood, skill_point, character_favor, event_condition, is_random_value, is_random_attribute, is_random_block_training, is_end_chained_event) VALUES (513, 276, 'Down', 0, 0, 15, 0, 0, 0, 0, 0, 0, 5, null, 0, 0, 0, 0);
INSERT INTO card_events (event_id, event_name, uma_id, uma_name, category) VALUES (277, '釣りは静かに……', 10105, 'cheval-grand', '隨機事件');
INSERT INTO card_event_choices (choice_id, event_id, choice_label, chain_index, speed, stamina, strength, willpower, intelligence, hp, mood, skill_point, character_favor, event_condition, is_random_value, is_random_attribute, is_random_block_training, is_end_chained_event) VALUES (514, 277, 'Up', 0, 0, 0, 0, 0, 0, 0, 0, 20, 5, null, 0, 0, 0, 0);
INSERT INTO card_event_choices (choice_id, event_id, choice_label, chain_index, speed, stamina, strength, willpower, intelligence, hp, mood, skill_point, character_favor, event_condition, is_random_value, is_random_attribute, is_random_block_training, is_end_chained_event) VALUES (515, 277, 'Down', 0, 0, 0, 0, 15, 0, 0, 0, 0, 5, null, 0, 0, 0, 0);
INSERT INTO card_table (count, uma_id, uma_name) VALUES (106, 10106, 'neo-universe');
INSERT INTO card_events (event_id, event_name, uma_id, uma_name, category) VALUES (278, '“観察者”との放課後', 10106, 'neo-universe', '隨機事件');
INSERT INTO card_event_choices (choice_id, event_id, choice_label, chain_index, speed, stamina, strength, willpower, intelligence, hp, mood, skill_point, character_favor, event_condition, is_random_value, is_random_attribute, is_random_block_training, is_end_chained_event) VALUES (516, 278, 'Up', 0, 0, 0, 0, 0, 20, 0, 0, 0, 5, null, 0, 0, 0, 0);
INSERT INTO card_event_choices (choice_id, event_id, choice_label, chain_index, speed, stamina, strength, willpower, intelligence, hp, mood, skill_point, character_favor, event_condition, is_random_value, is_random_attribute, is_random_block_training, is_end_chained_event) VALUES (517, 278, 'Down', 0, 0, 0, 0, 0, 0, -5, 0, 40, 5, null, 0, 0, 0, 0);
INSERT INTO card_events (event_id, event_name, uma_id, uma_name, category) VALUES (279, '“観測者”との遭遇', 10106, 'neo-universe', '隨機事件');
INSERT INTO card_event_choices (choice_id, event_id, choice_label, chain_index, speed, stamina, strength, willpower, intelligence, hp, mood, skill_point, character_favor, event_condition, is_random_value, is_random_attribute, is_random_block_training, is_end_chained_event) VALUES (518, 279, 'Up', 0, 0, 0, 0, 0, 0, 0, 0, 0, 5, null, 0, 0, 0, 0);
INSERT INTO card_event_choices (choice_id, event_id, choice_label, chain_index, speed, stamina, strength, willpower, intelligence, hp, mood, skill_point, character_favor, event_condition, is_random_value, is_random_attribute, is_random_block_training, is_end_chained_event) VALUES (519, 279, 'Down', 0, 0, 0, 15, 0, 0, 0, 0, 0, 5, null, 0, 0, 0, 0);
INSERT INTO card_table (count, uma_id, uma_name) VALUES (107, 10107, 'hishi-miracle');
INSERT INTO card_events (event_id, event_name, uma_id, uma_name, category) VALUES (280, 'まあ普通にめんどいけど', 10107, 'hishi-miracle', '隨機事件');
INSERT INTO card_event_choices (choice_id, event_id, choice_label, chain_index, speed, stamina, strength, willpower, intelligence, hp, mood, skill_point, character_favor, event_condition, is_random_value, is_random_attribute, is_random_block_training, is_end_chained_event) VALUES (520, 280, 'Up', 0, 0, 0, 0, 10, 0, 4, 0, 0, 5, null, 0, 0, 0, 0);
INSERT INTO card_event_choices (choice_id, event_id, choice_label, chain_index, speed, stamina, strength, willpower, intelligence, hp, mood, skill_point, character_favor, event_condition, is_random_value, is_random_attribute, is_random_block_training, is_end_chained_event) VALUES (521, 280, 'Down', 0, 0, 15, 0, 0, 0, 0, 0, 0, 5, null, 0, 0, 0, 0);
INSERT INTO card_events (event_id, event_name, uma_id, uma_name, category) VALUES (281, 'まあ普通にがんばります', 10107, 'hishi-miracle', '隨機事件');
INSERT INTO card_event_choices (choice_id, event_id, choice_label, chain_index, speed, stamina, strength, willpower, intelligence, hp, mood, skill_point, character_favor, event_condition, is_random_value, is_random_attribute, is_random_block_training, is_end_chained_event) VALUES (522, 281, 'Up', 0, 0, 0, 0, 0, 0, 15, 0, 0, 5, null, 0, 0, 0, 0);
INSERT INTO card_event_choices (choice_id, event_id, choice_label, chain_index, speed, stamina, strength, willpower, intelligence, hp, mood, skill_point, character_favor, event_condition, is_random_value, is_random_attribute, is_random_block_training, is_end_chained_event) VALUES (523, 281, 'Down', 0, 0, 0, 0, 0, 0, 0, 0, 0, 5, null, 0, 0, 0, 0);
INSERT INTO card_table (count, uma_id, uma_name) VALUES (108, 10108, 'dantsu-flame');
INSERT INTO card_events (event_id, event_name, uma_id, uma_name, category) VALUES (282, 'いつものわたしは', 10108, 'dantsu-flame', '隨機事件');
INSERT INTO card_event_choices (choice_id, event_id, choice_label, chain_index, speed, stamina, strength, willpower, intelligence, hp, mood, skill_point, character_favor, event_condition, is_random_value, is_random_attribute, is_random_block_training, is_end_chained_event) VALUES (524, 282, 'Up', 0, 0, 0, 0, 0, 0, 0, 0, 0, 5, null, 0, 0, 0, 0);
INSERT INTO card_event_choices (choice_id, event_id, choice_label, chain_index, speed, stamina, strength, willpower, intelligence, hp, mood, skill_point, character_favor, event_condition, is_random_value, is_random_attribute, is_random_block_training, is_end_chained_event) VALUES (525, 282, 'Down', 0, 0, 15, 0, 0, 0, 0, 0, 0, 5, null, 0, 0, 0, 0);
INSERT INTO card_events (event_id, event_name, uma_id, uma_name, category) VALUES (283, 'いつかのわたしは', 10108, 'dantsu-flame', '隨機事件');
INSERT INTO card_event_choices (choice_id, event_id, choice_label, chain_index, speed, stamina, strength, willpower, intelligence, hp, mood, skill_point, character_favor, event_condition, is_random_value, is_random_attribute, is_random_block_training, is_end_chained_event) VALUES (526, 283, 'Up', 0, 15, 0, 0, 0, 0, 0, 0, 0, 5, null, 0, 0, 0, 0);
INSERT INTO card_event_choices (choice_id, event_id, choice_label, chain_index, speed, stamina, strength, willpower, intelligence, hp, mood, skill_point, character_favor, event_condition, is_random_value, is_random_attribute, is_random_block_training, is_end_chained_event) VALUES (527, 283, 'Down', 0, 0, 0, 0, 0, 15, 0, 0, 0, 5, null, 0, 0, 0, 0);
INSERT INTO card_table (count, uma_id, uma_name) VALUES (109, 10109, 'yayoi-akikawa');
INSERT INTO card_events (event_id, event_name, uma_id, uma_name, category) VALUES (284, '(❯) 提案ッ！まずはご褒美を！', 10109, 'yayoi-akikawa', '外出');
INSERT INTO card_event_choices (choice_id, event_id, choice_label, chain_index, speed, stamina, strength, willpower, intelligence, hp, mood, skill_point, character_favor, event_condition, is_random_value, is_random_attribute, is_random_block_training, is_end_chained_event) VALUES (528, 284, 'None', 1, 0, 0, 0, 20, 0, 30, 1, 0, 5, null, 0, 0, 0, 0);
INSERT INTO card_events (event_id, event_name, uma_id, uma_name, category) VALUES (285, '(❯❯) 堪能ッ！もふもふモーモー！', 10109, 'yayoi-akikawa', '外出');
INSERT INTO card_event_choices (choice_id, event_id, choice_label, chain_index, speed, stamina, strength, willpower, intelligence, hp, mood, skill_point, character_favor, event_condition, is_random_value, is_random_attribute, is_random_block_training, is_end_chained_event) VALUES (529, 285, 'None', 2, 10, 0, 0, 10, 0, 30, 1, 0, 5, 'Snack Time', 0, 0, 0, 0);
INSERT INTO card_events (event_id, event_name, uma_id, uma_name, category) VALUES (286, '(❯❯❯) 記憶ッ！蘇るはあの日のこと', 10109, 'yayoi-akikawa', '外出');
INSERT INTO card_event_choices (choice_id, event_id, choice_label, chain_index, speed, stamina, strength, willpower, intelligence, hp, mood, skill_point, character_favor, event_condition, is_random_value, is_random_attribute, is_random_block_training, is_end_chained_event) VALUES (530, 286, 'Up', 3, 0, 0, 0, 0, 0, 43, 1, 0, 5, null, 0, 0, 0, 0);
INSERT INTO card_event_choices (choice_id, event_id, choice_label, chain_index, speed, stamina, strength, willpower, intelligence, hp, mood, skill_point, character_favor, event_condition, is_random_value, is_random_attribute, is_random_block_training, is_end_chained_event) VALUES (531, 286, 'Down', 3, 0, 0, 0, 29, 0, 0, 1, 0, 5, null, 0, 0, 0, 0);
INSERT INTO card_events (event_id, event_name, uma_id, uma_name, category) VALUES (287, '(❯❯❯❯) 邂逅ッ！同じ空の下で', 10109, 'yayoi-akikawa', '外出');
INSERT INTO card_event_choices (choice_id, event_id, choice_label, chain_index, speed, stamina, strength, willpower, intelligence, hp, mood, skill_point, character_favor, event_condition, is_random_value, is_random_attribute, is_random_block_training, is_end_chained_event) VALUES (532, 287, 'None', 4, 0, 0, 0, 25, 0, 30, 1, 0, 5, null, 0, 0, 0, 0);
INSERT INTO card_events (event_id, event_name, uma_id, uma_name, category) VALUES (288, '(❯❯❯❯❯) 展望ッ！これからのわたしと君と', 10109, 'yayoi-akikawa', '外出');
INSERT INTO card_event_choices (choice_id, event_id, choice_label, chain_index, speed, stamina, strength, willpower, intelligence, hp, mood, skill_point, character_favor, event_condition, is_random_value, is_random_attribute, is_random_block_training, is_end_chained_event) VALUES (533, 288, 'None', 5, 0, 0, 0, 36, 0, 30, 1, 0, 5, 'Snack Time', 1, 0, 0, 0);
INSERT INTO card_event_choices (choice_id, event_id, choice_label, chain_index, speed, stamina, strength, willpower, intelligence, hp, mood, skill_point, character_favor, event_condition, is_random_value, is_random_attribute, is_random_block_training, is_end_chained_event) VALUES (534, 288, 'None', 5, 0, 0, 0, 24, 0, 26, 1, 0, 5, 'Snack Time', 0, 0, 0, 0);
INSERT INTO card_events (event_id, event_name, uma_id, uma_name, category) VALUES (289, '出題ッ！理事長チェック！', 10109, 'yayoi-akikawa', '隨機事件');
INSERT INTO card_event_choices (choice_id, event_id, choice_label, chain_index, speed, stamina, strength, willpower, intelligence, hp, mood, skill_point, character_favor, event_condition, is_random_value, is_random_attribute, is_random_block_training, is_end_chained_event) VALUES (535, 289, 'Up', 5, 0, 0, 0, 20, 0, 0, 0, 0, 5, null, 0, 0, 0, 0);
INSERT INTO card_event_choices (choice_id, event_id, choice_label, chain_index, speed, stamina, strength, willpower, intelligence, hp, mood, skill_point, character_favor, event_condition, is_random_value, is_random_attribute, is_random_block_training, is_end_chained_event) VALUES (536, 289, 'Down', 5, 0, 8, 0, 0, 0, 7, 0, 0, 5, null, 0, 0, 0, 0);
INSERT INTO card_events (event_id, event_name, uma_id, uma_name, category) VALUES (290, '計画ッ！トレセンランド（仮）', 10109, 'yayoi-akikawa', '隨機事件');
INSERT INTO card_event_choices (choice_id, event_id, choice_label, chain_index, speed, stamina, strength, willpower, intelligence, hp, mood, skill_point, character_favor, event_condition, is_random_value, is_random_attribute, is_random_block_training, is_end_chained_event) VALUES (537, 290, 'Up', 5, 0, 0, 0, 0, 0, 25, 1, 0, 5, 'Snack Time', 0, 0, 0, 0);
INSERT INTO card_event_choices (choice_id, event_id, choice_label, chain_index, speed, stamina, strength, willpower, intelligence, hp, mood, skill_point, character_favor, event_condition, is_random_value, is_random_attribute, is_random_block_training, is_end_chained_event) VALUES (538, 290, 'Down', 5, 8, 0, 0, 8, 0, 0, 1, 0, 5, 'Snack Time', 0, 0, 0, 0);
INSERT INTO card_events (event_id, event_name, uma_id, uma_name, category) VALUES (291, '猛歩猛歩ッ！理事長の秘技ッ！', 10109, 'yayoi-akikawa', '特殊事件');
INSERT INTO card_event_choices (choice_id, event_id, choice_label, chain_index, speed, stamina, strength, willpower, intelligence, hp, mood, skill_point, character_favor, event_condition, is_random_value, is_random_attribute, is_random_block_training, is_end_chained_event) VALUES (539, 291, 'None', 5, 14, 0, 0, 0, 0, 0, 1, 0, 10, null, 0, 0, 0, 0);
INSERT INTO card_events (event_id, event_name, uma_id, uma_name, category) VALUES (292, '激励ッ！そのまま進め！', 10109, 'yayoi-akikawa', '特殊事件');
INSERT INTO card_event_choices (choice_id, event_id, choice_label, chain_index, speed, stamina, strength, willpower, intelligence, hp, mood, skill_point, character_favor, event_condition, is_random_value, is_random_attribute, is_random_block_training, is_end_chained_event) VALUES (540, 292, 'None', 5, 12, 0, 0, 12, 0, 0, 3, 0, 15, null, 0, 1, 0, 0);
INSERT INTO card_events (event_id, event_name, uma_id, uma_name, category) VALUES (293, '安息ッ！そして、また明日', 10109, 'yayoi-akikawa', '特殊事件');
INSERT INTO card_event_choices (choice_id, event_id, choice_label, chain_index, speed, stamina, strength, willpower, intelligence, hp, mood, skill_point, character_favor, event_condition, is_random_value, is_random_attribute, is_random_block_training, is_end_chained_event) VALUES (541, 293, 'None', 5, 20, 0, 0, 20, 0, 0, 0, 56, 0, null, 0, 0, 0, 0);
INSERT INTO card_events (event_id, event_name, uma_id, uma_name, category) VALUES (294, '燦然ッ！限界を超えた力ッ！', 10109, 'yayoi-akikawa', '特殊事件');
INSERT INTO card_event_choices (choice_id, event_id, choice_label, chain_index, speed, stamina, strength, willpower, intelligence, hp, mood, skill_point, character_favor, event_condition, is_random_value, is_random_attribute, is_random_block_training, is_end_chained_event) VALUES (542, 294, 'None', 5, 16, 0, 0, 16, 0, 0, 0, 43, 0, null, 0, 0, 0, 0);
INSERT INTO card_events (event_id, event_name, uma_id, uma_name, category) VALUES (295, 'やよいとの絆・これからはっ！', 10109, 'yayoi-akikawa', '特殊事件');
INSERT INTO card_event_choices (choice_id, event_id, choice_label, chain_index, speed, stamina, strength, willpower, intelligence, hp, mood, skill_point, character_favor, event_condition, is_random_value, is_random_attribute, is_random_block_training, is_end_chained_event) VALUES (543, 295, 'None', 5, 24, 0, 0, 0, 0, 0, 1, 0, 5, null, 0, 0, 0, 0);
INSERT INTO card_table (count, uma_id, uma_name) VALUES (110, 10110, 'espoir-city');
INSERT INTO card_events (event_id, event_name, uma_id, uma_name, category) VALUES (296, 'ガチってんだよ！', 10110, 'espoir-city', '隨機事件');
INSERT INTO card_event_choices (choice_id, event_id, choice_label, chain_index, speed, stamina, strength, willpower, intelligence, hp, mood, skill_point, character_favor, event_condition, is_random_value, is_random_attribute, is_random_block_training, is_end_chained_event) VALUES (544, 296, 'Up', 0, 0, 0, 15, 0, 0, 0, 0, 0, 5, null, 0, 0, 0, 0);
INSERT INTO card_event_choices (choice_id, event_id, choice_label, chain_index, speed, stamina, strength, willpower, intelligence, hp, mood, skill_point, character_favor, event_condition, is_random_value, is_random_attribute, is_random_block_training, is_end_chained_event) VALUES (545, 296, 'Down', 0, 5, 0, 0, 0, 0, 10, 0, 0, 5, null, 0, 0, 0, 0);
INSERT INTO card_events (event_id, event_name, uma_id, uma_name, category) VALUES (297, 'ぶちのめすぞ！！', 10110, 'espoir-city', '隨機事件');
INSERT INTO card_event_choices (choice_id, event_id, choice_label, chain_index, speed, stamina, strength, willpower, intelligence, hp, mood, skill_point, character_favor, event_condition, is_random_value, is_random_attribute, is_random_block_training, is_end_chained_event) VALUES (546, 297, 'Up', 0, 0, 0, 0, 0, 0, 0, 0, 25, 5, null, 0, 0, 0, 0);
INSERT INTO card_event_choices (choice_id, event_id, choice_label, chain_index, speed, stamina, strength, willpower, intelligence, hp, mood, skill_point, character_favor, event_condition, is_random_value, is_random_attribute, is_random_block_training, is_end_chained_event) VALUES (547, 297, 'Down', 0, 0, 0, 0, 0, 0, 0, 0, 0, 5, null, 0, 0, 0, 0);
INSERT INTO card_table (count, uma_id, uma_name) VALUES (111, 10111, 'bubble-gum-fellow');
INSERT INTO card_events (event_id, event_name, uma_id, uma_name, category) VALUES (298, 'レッツトライ！', 10111, 'bubble-gum-fellow', '隨機事件');
INSERT INTO card_event_choices (choice_id, event_id, choice_label, chain_index, speed, stamina, strength, willpower, intelligence, hp, mood, skill_point, character_favor, event_condition, is_random_value, is_random_attribute, is_random_block_training, is_end_chained_event) VALUES (548, 298, 'Up', 0, 15, 0, 0, 0, 0, 0, 0, 0, 5, null, 0, 0, 0, 0);
INSERT INTO card_event_choices (choice_id, event_id, choice_label, chain_index, speed, stamina, strength, willpower, intelligence, hp, mood, skill_point, character_favor, event_condition, is_random_value, is_random_attribute, is_random_block_training, is_end_chained_event) VALUES (549, 298, 'Down', 0, 0, 0, 0, 25, 0, -5, 0, 0, 5, null, 0, 0, 0, 0);
INSERT INTO card_events (event_id, event_name, uma_id, uma_name, category) VALUES (299, 'ドゥイット！', 10111, 'bubble-gum-fellow', '隨機事件');
INSERT INTO card_event_choices (choice_id, event_id, choice_label, chain_index, speed, stamina, strength, willpower, intelligence, hp, mood, skill_point, character_favor, event_condition, is_random_value, is_random_attribute, is_random_block_training, is_end_chained_event) VALUES (550, 299, 'Up', 0, 0, 0, 0, 0, 0, 0, 0, 0, 5, null, 0, 0, 0, 0);
INSERT INTO card_event_choices (choice_id, event_id, choice_label, chain_index, speed, stamina, strength, willpower, intelligence, hp, mood, skill_point, character_favor, event_condition, is_random_value, is_random_attribute, is_random_block_training, is_end_chained_event) VALUES (551, 299, 'Down', 0, 0, 0, 10, 0, 0, 0, 1, 0, 5, null, 0, 0, 0, 0);
INSERT INTO card_table (count, uma_id, uma_name) VALUES (112, 10113, 'gentildonna');
INSERT INTO card_events (event_id, event_name, uma_id, uma_name, category) VALUES (300, '力 is Beautiful.', 10113, 'gentildonna', '隨機事件');
INSERT INTO card_event_choices (choice_id, event_id, choice_label, chain_index, speed, stamina, strength, willpower, intelligence, hp, mood, skill_point, character_favor, event_condition, is_random_value, is_random_attribute, is_random_block_training, is_end_chained_event) VALUES (552, 300, 'Up', 0, 0, 0, 20, 0, 0, 0, 0, 0, 5, null, 0, 0, 0, 0);
INSERT INTO card_event_choices (choice_id, event_id, choice_label, chain_index, speed, stamina, strength, willpower, intelligence, hp, mood, skill_point, character_favor, event_condition, is_random_value, is_random_attribute, is_random_block_training, is_end_chained_event) VALUES (553, 300, 'Down', 0, 0, 0, 0, 0, 0, 0, 0, 30, 5, null, 0, 0, 0, 0);
INSERT INTO card_events (event_id, event_name, uma_id, uma_name, category) VALUES (301, '力 is Justice.', 10113, 'gentildonna', '隨機事件');
INSERT INTO card_event_choices (choice_id, event_id, choice_label, chain_index, speed, stamina, strength, willpower, intelligence, hp, mood, skill_point, character_favor, event_condition, is_random_value, is_random_attribute, is_random_block_training, is_end_chained_event) VALUES (554, 301, 'Up', 0, 10, 0, 0, 10, 0, 0, 0, 0, 5, null, 0, 0, 0, 0);
INSERT INTO card_event_choices (choice_id, event_id, choice_label, chain_index, speed, stamina, strength, willpower, intelligence, hp, mood, skill_point, character_favor, event_condition, is_random_value, is_random_attribute, is_random_block_training, is_end_chained_event) VALUES (555, 301, 'Down', 0, 0, 0, 0, 0, 0, 0, 0, 0, 5, null, 0, 0, 0, 0);
INSERT INTO card_table (count, uma_id, uma_name) VALUES (113, 10114, 'rhein-kraft');
INSERT INTO card_events (event_id, event_name, uma_id, uma_name, category) VALUES (302, 'ワクワクでキラキラな夢', 10114, 'rhein-kraft', '隨機事件');
INSERT INTO card_event_choices (choice_id, event_id, choice_label, chain_index, speed, stamina, strength, willpower, intelligence, hp, mood, skill_point, character_favor, event_condition, is_random_value, is_random_attribute, is_random_block_training, is_end_chained_event) VALUES (556, 302, 'Up', 0, 0, 0, 0, 0, 0, 0, 0, 0, 5, null, 0, 0, 0, 0);
INSERT INTO card_event_choices (choice_id, event_id, choice_label, chain_index, speed, stamina, strength, willpower, intelligence, hp, mood, skill_point, character_favor, event_condition, is_random_value, is_random_attribute, is_random_block_training, is_end_chained_event) VALUES (557, 302, 'Down', 0, 15, 0, 0, 0, 0, 0, 0, 0, 5, null, 0, 0, 0, 0);
INSERT INTO card_events (event_id, event_name, uma_id, uma_name, category) VALUES (303, 'ぽかぽかでねむねむな時間', 10114, 'rhein-kraft', '隨機事件');
INSERT INTO card_event_choices (choice_id, event_id, choice_label, chain_index, speed, stamina, strength, willpower, intelligence, hp, mood, skill_point, character_favor, event_condition, is_random_value, is_random_attribute, is_random_block_training, is_end_chained_event) VALUES (558, 303, 'Up', 0, 0, 0, 15, 0, 0, 0, 0, 0, 5, null, 0, 0, 0, 0);
INSERT INTO card_event_choices (choice_id, event_id, choice_label, chain_index, speed, stamina, strength, willpower, intelligence, hp, mood, skill_point, character_favor, event_condition, is_random_value, is_random_attribute, is_random_block_training, is_end_chained_event) VALUES (559, 303, 'Down', 0, 0, 0, 0, 5, 0, 10, 0, 0, 5, null, 0, 0, 0, 0);
INSERT INTO card_table (count, uma_id, uma_name) VALUES (114, 10115, 'cesario');
INSERT INTO card_events (event_id, event_name, uma_id, uma_name, category) VALUES (304, 'オンステージ', 10115, 'cesario', '隨機事件');
INSERT INTO card_event_choices (choice_id, event_id, choice_label, chain_index, speed, stamina, strength, willpower, intelligence, hp, mood, skill_point, character_favor, event_condition, is_random_value, is_random_attribute, is_random_block_training, is_end_chained_event) VALUES (560, 304, 'Up', 0, 0, 0, 0, 0, 20, 0, 0, 0, 5, null, 0, 0, 0, 0);
INSERT INTO card_event_choices (choice_id, event_id, choice_label, chain_index, speed, stamina, strength, willpower, intelligence, hp, mood, skill_point, character_favor, event_condition, is_random_value, is_random_attribute, is_random_block_training, is_end_chained_event) VALUES (561, 304, 'Down', 0, 0, 0, 0, 0, 0, 20, 0, 0, 5, null, 0, 0, 0, 0);
INSERT INTO card_events (event_id, event_name, uma_id, uma_name, category) VALUES (305, 'オフステージ', 10115, 'cesario', '隨機事件');
INSERT INTO card_event_choices (choice_id, event_id, choice_label, chain_index, speed, stamina, strength, willpower, intelligence, hp, mood, skill_point, character_favor, event_condition, is_random_value, is_random_attribute, is_random_block_training, is_end_chained_event) VALUES (562, 305, 'Up', 0, 10, 0, 0, 0, 0, 0, 1, 0, 5, null, 0, 0, 0, 0);
INSERT INTO card_event_choices (choice_id, event_id, choice_label, chain_index, speed, stamina, strength, willpower, intelligence, hp, mood, skill_point, character_favor, event_condition, is_random_value, is_random_attribute, is_random_block_training, is_end_chained_event) VALUES (563, 305, 'Down', 0, 0, 0, 0, 0, 0, 0, 0, 0, 5, null, 0, 0, 0, 0);
INSERT INTO card_table (count, uma_id, uma_name) VALUES (115, 10116, 'blast-onepiece');
INSERT INTO card_events (event_id, event_name, uma_id, uma_name, category) VALUES (306, '見たい見たい！', 10116, 'blast-onepiece', '隨機事件');
INSERT INTO card_event_choices (choice_id, event_id, choice_label, chain_index, speed, stamina, strength, willpower, intelligence, hp, mood, skill_point, character_favor, event_condition, is_random_value, is_random_attribute, is_random_block_training, is_end_chained_event) VALUES (564, 306, 'Up', 0, 0, 0, 0, 15, 0, 0, 0, 0, 5, null, 0, 0, 0, 0);
INSERT INTO card_event_choices (choice_id, event_id, choice_label, chain_index, speed, stamina, strength, willpower, intelligence, hp, mood, skill_point, character_favor, event_condition, is_random_value, is_random_attribute, is_random_block_training, is_end_chained_event) VALUES (565, 306, 'Down', 0, 0, 0, 0, 0, 0, 0, 0, 0, 5, null, 0, 0, 0, 0);
INSERT INTO card_events (event_id, event_name, uma_id, uma_name, category) VALUES (307, '見て見て！', 10116, 'blast-onepiece', '隨機事件');
INSERT INTO card_event_choices (choice_id, event_id, choice_label, chain_index, speed, stamina, strength, willpower, intelligence, hp, mood, skill_point, character_favor, event_condition, is_random_value, is_random_attribute, is_random_block_training, is_end_chained_event) VALUES (566, 307, 'Up', 0, 20, 0, 0, 0, 0, 0, 0, 0, 5, null, 0, 0, 0, 0);
INSERT INTO card_event_choices (choice_id, event_id, choice_label, chain_index, speed, stamina, strength, willpower, intelligence, hp, mood, skill_point, character_favor, event_condition, is_random_value, is_random_attribute, is_random_block_training, is_end_chained_event) VALUES (567, 307, 'Down', 0, 0, 0, 0, 0, 0, 20, 0, 0, 5, null, 0, 0, 0, 0);
INSERT INTO card_table (count, uma_id, uma_name) VALUES (116, 10117, 'no-reason');
INSERT INTO card_events (event_id, event_name, uma_id, uma_name, category) VALUES (308, '甘味争奪合戦之巻', 10117, 'no-reason', '隨機事件');
INSERT INTO card_event_choices (choice_id, event_id, choice_label, chain_index, speed, stamina, strength, willpower, intelligence, hp, mood, skill_point, character_favor, event_condition, is_random_value, is_random_attribute, is_random_block_training, is_end_chained_event) VALUES (568, 308, 'Up', 0, 15, 0, 0, 0, 0, 0, 0, 0, 5, null, 0, 0, 0, 0);
INSERT INTO card_event_choices (choice_id, event_id, choice_label, chain_index, speed, stamina, strength, willpower, intelligence, hp, mood, skill_point, character_favor, event_condition, is_random_value, is_random_attribute, is_random_block_training, is_end_chained_event) VALUES (569, 308, 'Down', 0, 0, 0, 0, 0, 0, 0, 0, 0, 5, null, 0, 0, 0, 0);
INSERT INTO card_events (event_id, event_name, uma_id, uma_name, category) VALUES (309, '昼休、避球試合之巻', 10117, 'no-reason', '隨機事件');
INSERT INTO card_event_choices (choice_id, event_id, choice_label, chain_index, speed, stamina, strength, willpower, intelligence, hp, mood, skill_point, character_favor, event_condition, is_random_value, is_random_attribute, is_random_block_training, is_end_chained_event) VALUES (570, 309, 'Up', 0, 25, 0, 0, 0, 0, -5, 0, 0, 5, null, 0, 0, 0, 0);
INSERT INTO card_event_choices (choice_id, event_id, choice_label, chain_index, speed, stamina, strength, willpower, intelligence, hp, mood, skill_point, character_favor, event_condition, is_random_value, is_random_attribute, is_random_block_training, is_end_chained_event) VALUES (571, 309, 'Down', 0, 0, 0, 15, 0, 0, 0, 0, 0, 5, null, 0, 0, 0, 0);
INSERT INTO card_table (count, uma_id, uma_name) VALUES (117, 10118, 'buena-vista');
INSERT INTO card_events (event_id, event_name, uma_id, uma_name, category) VALUES (310, 'ときめく彼女', 10118, 'buena-vista', '隨機事件');
INSERT INTO card_event_choices (choice_id, event_id, choice_label, chain_index, speed, stamina, strength, willpower, intelligence, hp, mood, skill_point, character_favor, event_condition, is_random_value, is_random_attribute, is_random_block_training, is_end_chained_event) VALUES (572, 310, 'Up', 0, 0, 0, 0, 0, 0, 0, 0, 25, 5, null, 0, 0, 0, 0);
INSERT INTO card_event_choices (choice_id, event_id, choice_label, chain_index, speed, stamina, strength, willpower, intelligence, hp, mood, skill_point, character_favor, event_condition, is_random_value, is_random_attribute, is_random_block_training, is_end_chained_event) VALUES (573, 310, 'Down', 0, 0, 0, 0, 0, 0, 0, 0, 0, 5, null, 0, 0, 0, 0);
INSERT INTO card_events (event_id, event_name, uma_id, uma_name, category) VALUES (311, 'きよらかな彼女', 10118, 'buena-vista', '隨機事件');
INSERT INTO card_event_choices (choice_id, event_id, choice_label, chain_index, speed, stamina, strength, willpower, intelligence, hp, mood, skill_point, character_favor, event_condition, is_random_value, is_random_attribute, is_random_block_training, is_end_chained_event) VALUES (574, 311, 'Up', 0, 0, 0, 0, 20, 0, 0, 0, 0, 5, null, 0, 0, 0, 0);
INSERT INTO card_event_choices (choice_id, event_id, choice_label, chain_index, speed, stamina, strength, willpower, intelligence, hp, mood, skill_point, character_favor, event_condition, is_random_value, is_random_attribute, is_random_block_training, is_end_chained_event) VALUES (575, 311, 'Down', 0, 10, 0, 10, 0, 0, 0, 0, 0, 5, null, 0, 0, 0, 0);
INSERT INTO card_table (count, uma_id, uma_name) VALUES (118, 10119, 'dream-journey');
INSERT INTO card_events (event_id, event_name, uma_id, uma_name, category) VALUES (312, '親切丁寧で思慮深く', 10119, 'dream-journey', '隨機事件');
INSERT INTO card_event_choices (choice_id, event_id, choice_label, chain_index, speed, stamina, strength, willpower, intelligence, hp, mood, skill_point, character_favor, event_condition, is_random_value, is_random_attribute, is_random_block_training, is_end_chained_event) VALUES (576, 312, 'Up', 0, 0, 0, 15, 0, 0, 0, 0, 0, 5, null, 0, 0, 0, 0);
INSERT INTO card_event_choices (choice_id, event_id, choice_label, chain_index, speed, stamina, strength, willpower, intelligence, hp, mood, skill_point, character_favor, event_condition, is_random_value, is_random_attribute, is_random_block_training, is_end_chained_event) VALUES (577, 312, 'Down', 0, 0, 0, 0, 0, 10, 5, 0, 0, 5, null, 0, 0, 0, 0);
INSERT INTO card_events (event_id, event_name, uma_id, uma_name, category) VALUES (313, '用意周到で妹想い', 10119, 'dream-journey', '隨機事件');
INSERT INTO card_event_choices (choice_id, event_id, choice_label, chain_index, speed, stamina, strength, willpower, intelligence, hp, mood, skill_point, character_favor, event_condition, is_random_value, is_random_attribute, is_random_block_training, is_end_chained_event) VALUES (578, 313, 'Up', 0, 0, 0, 0, 0, 0, 0, 0, 0, 5, null, 0, 0, 0, 0);
INSERT INTO card_event_choices (choice_id, event_id, choice_label, chain_index, speed, stamina, strength, willpower, intelligence, hp, mood, skill_point, character_favor, event_condition, is_random_value, is_random_attribute, is_random_block_training, is_end_chained_event) VALUES (579, 313, 'Down', 0, 15, 0, 0, 0, 0, 0, 0, 0, 5, null, 0, 0, 0, 0);
INSERT INTO card_table (count, uma_id, uma_name) VALUES (119, 10120, 'daring-tact');
INSERT INTO card_events (event_id, event_name, uma_id, uma_name, category) VALUES (314, '私が育った場所', 10120, 'daring-tact', '隨機事件');
INSERT INTO card_event_choices (choice_id, event_id, choice_label, chain_index, speed, stamina, strength, willpower, intelligence, hp, mood, skill_point, character_favor, event_condition, is_random_value, is_random_attribute, is_random_block_training, is_end_chained_event) VALUES (580, 314, 'Up', 0, 0, 0, 0, 0, 0, 25, 1, 0, 5, null, 0, 0, 0, 0);
INSERT INTO card_event_choices (choice_id, event_id, choice_label, chain_index, speed, stamina, strength, willpower, intelligence, hp, mood, skill_point, character_favor, event_condition, is_random_value, is_random_attribute, is_random_block_training, is_end_chained_event) VALUES (581, 314, 'Down', 0, 0, 0, 0, 0, 0, 0, 0, 30, 5, null, 0, 0, 0, 0);
INSERT INTO card_events (event_id, event_name, uma_id, uma_name, category) VALUES (315, '私を育てた場所', 10120, 'daring-tact', '隨機事件');
INSERT INTO card_event_choices (choice_id, event_id, choice_label, chain_index, speed, stamina, strength, willpower, intelligence, hp, mood, skill_point, character_favor, event_condition, is_random_value, is_random_attribute, is_random_block_training, is_end_chained_event) VALUES (582, 315, 'Up', 0, 0, 0, 0, 0, 20, 0, 0, 0, 5, null, 0, 0, 0, 0);
INSERT INTO card_event_choices (choice_id, event_id, choice_label, chain_index, speed, stamina, strength, willpower, intelligence, hp, mood, skill_point, character_favor, event_condition, is_random_value, is_random_attribute, is_random_block_training, is_end_chained_event) VALUES (583, 315, 'Down', 0, 0, 0, 0, 0, 0, 0, 0, 0, 5, null, 0, 0, 0, 0);
INSERT INTO card_table (count, uma_id, uma_name) VALUES (120, 10121, 'daring-heart');
INSERT INTO card_events (event_id, event_name, uma_id, uma_name, category) VALUES (316, 'Queen''s Heart', 10121, 'daring-heart', '隨機事件');
INSERT INTO card_event_choices (choice_id, event_id, choice_label, chain_index, speed, stamina, strength, willpower, intelligence, hp, mood, skill_point, character_favor, event_condition, is_random_value, is_random_attribute, is_random_block_training, is_end_chained_event) VALUES (584, 316, 'Up', 0, 0, 0, 0, 0, 0, 0, 1, 10, 5, null, 0, 0, 0, 0);
INSERT INTO card_event_choices (choice_id, event_id, choice_label, chain_index, speed, stamina, strength, willpower, intelligence, hp, mood, skill_point, character_favor, event_condition, is_random_value, is_random_attribute, is_random_block_training, is_end_chained_event) VALUES (585, 316, 'Down', 0, 0, 10, 10, 0, 0, 0, 0, 0, 5, null, 0, 0, 0, 0);
INSERT INTO card_events (event_id, event_name, uma_id, uma_name, category) VALUES (317, 'Away in the Mountains', 10121, 'daring-heart', '隨機事件');
INSERT INTO card_event_choices (choice_id, event_id, choice_label, chain_index, speed, stamina, strength, willpower, intelligence, hp, mood, skill_point, character_favor, event_condition, is_random_value, is_random_attribute, is_random_block_training, is_end_chained_event) VALUES (586, 317, 'Up', 0, 0, 0, 0, 0, 0, 0, 0, 0, 5, null, 0, 0, 0, 0);
INSERT INTO card_event_choices (choice_id, event_id, choice_label, chain_index, speed, stamina, strength, willpower, intelligence, hp, mood, skill_point, character_favor, event_condition, is_random_value, is_random_attribute, is_random_block_training, is_end_chained_event) VALUES (587, 317, 'Down', 0, 0, 0, 0, 15, 0, 0, 0, 0, 5, null, 0, 0, 0, 0);
INSERT INTO card_table (count, uma_id, uma_name) VALUES (121, 10122, 'almond-eye');
INSERT INTO card_events (event_id, event_name, uma_id, uma_name, category) VALUES (318, 'アーモンドアイは逸らさない', 10122, 'almond-eye', '隨機事件');
INSERT INTO card_event_choices (choice_id, event_id, choice_label, chain_index, speed, stamina, strength, willpower, intelligence, hp, mood, skill_point, character_favor, event_condition, is_random_value, is_random_attribute, is_random_block_training, is_end_chained_event) VALUES (588, 318, 'Up', 0, 0, 0, 0, 0, 0, 30, 0, 0, 5, null, 0, 0, 0, 0);
INSERT INTO card_event_choices (choice_id, event_id, choice_label, chain_index, speed, stamina, strength, willpower, intelligence, hp, mood, skill_point, character_favor, event_condition, is_random_value, is_random_attribute, is_random_block_training, is_end_chained_event) VALUES (589, 318, 'Down', 0, 0, 0, 0, 0, 0, 0, 0, 40, 5, null, 0, 0, 0, 0);
INSERT INTO card_events (event_id, event_name, uma_id, uma_name, category) VALUES (319, 'アーモンドアイは見逃さない', 10122, 'almond-eye', '隨機事件');
INSERT INTO card_event_choices (choice_id, event_id, choice_label, chain_index, speed, stamina, strength, willpower, intelligence, hp, mood, skill_point, character_favor, event_condition, is_random_value, is_random_attribute, is_random_block_training, is_end_chained_event) VALUES (590, 319, 'Up', 0, 0, 0, 0, 0, 0, 0, 0, 0, 5, null, 0, 0, 0, 0);
INSERT INTO card_event_choices (choice_id, event_id, choice_label, chain_index, speed, stamina, strength, willpower, intelligence, hp, mood, skill_point, character_favor, event_condition, is_random_value, is_random_attribute, is_random_block_training, is_end_chained_event) VALUES (591, 319, 'Down', 0, 20, 0, 0, 0, 0, 0, 0, 0, 5, null, 0, 0, 0, 0);
INSERT INTO card_table (count, uma_id, uma_name) VALUES (122, 10123, 'lucky-lilac');
INSERT INTO card_events (event_id, event_name, uma_id, uma_name, category) VALUES (320, 'ほな、気張っていこか（A面）', 10123, 'lucky-lilac', '隨機事件');
INSERT INTO card_event_choices (choice_id, event_id, choice_label, chain_index, speed, stamina, strength, willpower, intelligence, hp, mood, skill_point, character_favor, event_condition, is_random_value, is_random_attribute, is_random_block_training, is_end_chained_event) VALUES (592, 320, 'Up', 0, 0, 0, 0, 0, 0, 0, 0, 30, 5, null, 0, 0, 0, 0);
INSERT INTO card_event_choices (choice_id, event_id, choice_label, chain_index, speed, stamina, strength, willpower, intelligence, hp, mood, skill_point, character_favor, event_condition, is_random_value, is_random_attribute, is_random_block_training, is_end_chained_event) VALUES (593, 320, 'Down', 0, 10, 0, 0, 0, 10, 0, 0, 0, 5, null, 0, 0, 0, 0);
INSERT INTO card_events (event_id, event_name, uma_id, uma_name, category) VALUES (321, 'ほな、気張っていこか（B面）', 10123, 'lucky-lilac', '隨機事件');
INSERT INTO card_event_choices (choice_id, event_id, choice_label, chain_index, speed, stamina, strength, willpower, intelligence, hp, mood, skill_point, character_favor, event_condition, is_random_value, is_random_attribute, is_random_block_training, is_end_chained_event) VALUES (594, 321, 'Up', 0, 0, 0, 0, 0, 0, 0, 0, 0, 5, null, 0, 0, 0, 0);
INSERT INTO card_event_choices (choice_id, event_id, choice_label, chain_index, speed, stamina, strength, willpower, intelligence, hp, mood, skill_point, character_favor, event_condition, is_random_value, is_random_attribute, is_random_block_training, is_end_chained_event) VALUES (595, 321, 'Down', 0, 0, 0, 0, 0, 15, 0, 0, 0, 5, null, 0, 0, 0, 0);
INSERT INTO card_table (count, uma_id, uma_name) VALUES (123, 10124, 'gran-alegria');
INSERT INTO card_events (event_id, event_name, uma_id, uma_name, category) VALUES (322, 'マイ・オウン・ウェイ、です！', 10124, 'gran-alegria', '隨機事件');
INSERT INTO card_event_choices (choice_id, event_id, choice_label, chain_index, speed, stamina, strength, willpower, intelligence, hp, mood, skill_point, character_favor, event_condition, is_random_value, is_random_attribute, is_random_block_training, is_end_chained_event) VALUES (596, 322, 'Up', 0, 0, 0, 25, 0, 0, -5, 0, 0, 5, null, 0, 0, 0, 0);
INSERT INTO card_event_choices (choice_id, event_id, choice_label, chain_index, speed, stamina, strength, willpower, intelligence, hp, mood, skill_point, character_favor, event_condition, is_random_value, is_random_attribute, is_random_block_training, is_end_chained_event) VALUES (597, 322, 'Down', 0, 10, 0, 0, 0, 0, 0, 1, 0, 5, null, 0, 0, 0, 0);
INSERT INTO card_events (event_id, event_name, uma_id, uma_name, category) VALUES (323, 'ゴー・マイル・ウェイ、です！', 10124, 'gran-alegria', '隨機事件');
INSERT INTO card_event_choices (choice_id, event_id, choice_label, chain_index, speed, stamina, strength, willpower, intelligence, hp, mood, skill_point, character_favor, event_condition, is_random_value, is_random_attribute, is_random_block_training, is_end_chained_event) VALUES (598, 323, 'Up', 0, 0, 0, 15, 0, 0, 0, 0, 0, 5, null, 0, 0, 0, 0);
INSERT INTO card_event_choices (choice_id, event_id, choice_label, chain_index, speed, stamina, strength, willpower, intelligence, hp, mood, skill_point, character_favor, event_condition, is_random_value, is_random_attribute, is_random_block_training, is_end_chained_event) VALUES (599, 323, 'Down', 0, 0, 0, 0, 0, 0, 0, 0, 0, 5, null, 0, 0, 0, 0);
INSERT INTO card_table (count, uma_id, uma_name) VALUES (124, 10125, 'transcend');
INSERT INTO card_events (event_id, event_name, uma_id, uma_name, category) VALUES (324, '未知への潜入', 10125, 'transcend', '隨機事件');
INSERT INTO card_event_choices (choice_id, event_id, choice_label, chain_index, speed, stamina, strength, willpower, intelligence, hp, mood, skill_point, character_favor, event_condition, is_random_value, is_random_attribute, is_random_block_training, is_end_chained_event) VALUES (600, 324, 'Up', 0, 0, 0, 15, 0, 0, 0, 0, 0, 5, null, 0, 0, 0, 0);
INSERT INTO card_event_choices (choice_id, event_id, choice_label, chain_index, speed, stamina, strength, willpower, intelligence, hp, mood, skill_point, character_favor, event_condition, is_random_value, is_random_attribute, is_random_block_training, is_end_chained_event) VALUES (601, 324, 'Down', 0, 0, 0, 0, 0, 0, 0, 0, 0, 5, null, 0, 0, 0, 0);
INSERT INTO card_events (event_id, event_name, uma_id, uma_name, category) VALUES (325, '高速のフットワーク', 10125, 'transcend', '隨機事件');
INSERT INTO card_event_choices (choice_id, event_id, choice_label, chain_index, speed, stamina, strength, willpower, intelligence, hp, mood, skill_point, character_favor, event_condition, is_random_value, is_random_attribute, is_random_block_training, is_end_chained_event) VALUES (602, 325, 'Up', 0, 0, 10, 0, 10, 0, 0, 0, 0, 5, null, 0, 0, 0, 0);
INSERT INTO card_event_choices (choice_id, event_id, choice_label, chain_index, speed, stamina, strength, willpower, intelligence, hp, mood, skill_point, character_favor, event_condition, is_random_value, is_random_attribute, is_random_block_training, is_end_chained_event) VALUES (603, 325, 'Down', 0, 0, 0, 0, 0, 10, 10, 0, 0, 5, null, 0, 0, 0, 0);
INSERT INTO card_table (count, uma_id, uma_name) VALUES (125, 10126, 'curren-bouquetdor');
INSERT INTO card_events (event_id, event_name, uma_id, uma_name, category) VALUES (326, '争いの種は咲かせない', 10126, 'curren-bouquetdor', '隨機事件');
INSERT INTO card_event_choices (choice_id, event_id, choice_label, chain_index, speed, stamina, strength, willpower, intelligence, hp, mood, skill_point, character_favor, event_condition, is_random_value, is_random_attribute, is_random_block_training, is_end_chained_event) VALUES (604, 326, 'Up', 0, 0, 0, 0, 0, 0, 0, 0, 30, 5, null, 0, 0, 0, 0);
INSERT INTO card_event_choices (choice_id, event_id, choice_label, chain_index, speed, stamina, strength, willpower, intelligence, hp, mood, skill_point, character_favor, event_condition, is_random_value, is_random_attribute, is_random_block_training, is_end_chained_event) VALUES (605, 326, 'Down', 0, 0, 0, 0, 0, 0, 0, 0, 0, 5, null, 0, 0, 0, 0);
INSERT INTO card_events (event_id, event_name, uma_id, uma_name, category) VALUES (327, '想いを咲かせるブーケ', 10126, 'curren-bouquetdor', '隨機事件');
INSERT INTO card_event_choices (choice_id, event_id, choice_label, chain_index, speed, stamina, strength, willpower, intelligence, hp, mood, skill_point, character_favor, event_condition, is_random_value, is_random_attribute, is_random_block_training, is_end_chained_event) VALUES (606, 327, 'Up', 0, 10, 0, 0, 0, 10, 0, 0, 0, 5, null, 0, 0, 0, 0);
INSERT INTO card_event_choices (choice_id, event_id, choice_label, chain_index, speed, stamina, strength, willpower, intelligence, hp, mood, skill_point, character_favor, event_condition, is_random_value, is_random_attribute, is_random_block_training, is_end_chained_event) VALUES (607, 327, 'Down', 0, 0, 0, 20, 0, 0, 0, 0, 0, 5, null, 0, 0, 0, 0);
INSERT INTO card_table (count, uma_id, uma_name) VALUES (126, 10127, 'air-messiah');
INSERT INTO card_table (count, uma_id, uma_name) VALUES (127, 20001, 'fuji-kiseki');
INSERT INTO card_events (event_id, event_name, uma_id, uma_name, category) VALUES (328, '(❯) 阿布拉卡達布拉', 20001, 'fuji-kiseki', '連鎖事件');
INSERT INTO card_event_choices (choice_id, event_id, choice_label, chain_index, speed, stamina, strength, willpower, intelligence, hp, mood, skill_point, character_favor, event_condition, is_random_value, is_random_attribute, is_random_block_training, is_end_chained_event) VALUES (608, 328, 'None', 1, 0, 0, 0, 0, 10, 0, 0, 0, 0, null, 0, 0, 0, 0);
INSERT INTO card_events (event_id, event_name, uma_id, uma_name, category) VALUES (329, '(❯❯) Out Of This World', 20001, 'fuji-kiseki', '連鎖事件');
INSERT INTO card_event_choices (choice_id, event_id, choice_label, chain_index, speed, stamina, strength, willpower, intelligence, hp, mood, skill_point, character_favor, event_condition, is_random_value, is_random_attribute, is_random_block_training, is_end_chained_event) VALUES (609, 329, 'None', 2, 0, 0, 0, 0, 10, 0, 0, 15, 0, null, 0, 0, 0, 0);
INSERT INTO card_events (event_id, event_name, uma_id, uma_name, category) VALUES (330, '戲法', 20001, 'fuji-kiseki', '隨機事件');
INSERT INTO card_event_choices (choice_id, event_id, choice_label, chain_index, speed, stamina, strength, willpower, intelligence, hp, mood, skill_point, character_favor, event_condition, is_random_value, is_random_attribute, is_random_block_training, is_end_chained_event) VALUES (610, 330, 'Up', 2, 0, 0, 0, 0, 5, 0, 0, 15, 5, null, 0, 0, 0, 0);
INSERT INTO card_event_choices (choice_id, event_id, choice_label, chain_index, speed, stamina, strength, willpower, intelligence, hp, mood, skill_point, character_favor, event_condition, is_random_value, is_random_attribute, is_random_block_training, is_end_chained_event) VALUES (611, 330, 'Down', 2, 0, 0, 5, 0, 0, 0, 0, 15, 5, null, 0, 0, 0, 0);
INSERT INTO card_events (event_id, event_name, uma_id, uma_name, category) VALUES (331, '誤導', 20001, 'fuji-kiseki', '隨機事件');
INSERT INTO card_event_choices (choice_id, event_id, choice_label, chain_index, speed, stamina, strength, willpower, intelligence, hp, mood, skill_point, character_favor, event_condition, is_random_value, is_random_attribute, is_random_block_training, is_end_chained_event) VALUES (612, 331, 'Up', 2, 0, 0, 0, 0, 0, 0, 0, 0, 5, null, 0, 0, 0, 0);
INSERT INTO card_event_choices (choice_id, event_id, choice_label, chain_index, speed, stamina, strength, willpower, intelligence, hp, mood, skill_point, character_favor, event_condition, is_random_value, is_random_attribute, is_random_block_training, is_end_chained_event) VALUES (613, 331, 'Down', 2, 0, 0, 0, 0, 0, 0, 0, 30, 5, null, 0, 0, 0, 0);
INSERT INTO card_table (count, uma_id, uma_name) VALUES (128, 20002, 'daiwa-scarlet');
INSERT INTO card_events (event_id, event_name, uma_id, uma_name, category) VALUES (332, '(❯) 無論對手是誰我都不會輸的！', 20002, 'daiwa-scarlet', '連鎖事件');
INSERT INTO card_event_choices (choice_id, event_id, choice_label, chain_index, speed, stamina, strength, willpower, intelligence, hp, mood, skill_point, character_favor, event_condition, is_random_value, is_random_attribute, is_random_block_training, is_end_chained_event) VALUES (614, 332, 'None', 1, 0, 0, 0, 0, 5, 15, 0, 0, 5, null, 0, 0, 0, 0);
INSERT INTO card_events (event_id, event_name, uma_id, uma_name, category) VALUES (333, '(❯❯) 打掃我也不會輸的！', 20002, 'daiwa-scarlet', '連鎖事件');
INSERT INTO card_event_choices (choice_id, event_id, choice_label, chain_index, speed, stamina, strength, willpower, intelligence, hp, mood, skill_point, character_favor, event_condition, is_random_value, is_random_attribute, is_random_block_training, is_end_chained_event) VALUES (615, 333, 'None', 2, 0, 0, 0, 0, 10, 0, 0, 0, 0, null, 0, 0, 0, 0);
INSERT INTO card_events (event_id, event_name, uma_id, uma_name, category) VALUES (334, '明天贏的人是我！', 20002, 'daiwa-scarlet', '隨機事件');
INSERT INTO card_event_choices (choice_id, event_id, choice_label, chain_index, speed, stamina, strength, willpower, intelligence, hp, mood, skill_point, character_favor, event_condition, is_random_value, is_random_attribute, is_random_block_training, is_end_chained_event) VALUES (616, 334, 'Up', 2, 0, 0, 0, 0, 10, 0, 0, 0, 5, null, 0, 0, 0, 0);
INSERT INTO card_event_choices (choice_id, event_id, choice_label, chain_index, speed, stamina, strength, willpower, intelligence, hp, mood, skill_point, character_favor, event_condition, is_random_value, is_random_attribute, is_random_block_training, is_end_chained_event) VALUES (617, 334, 'Down', 2, 0, 0, 0, 0, 0, 0, 1, 15, 5, null, 0, 0, 0, 0);
INSERT INTO card_events (event_id, event_name, uma_id, uma_name, category) VALUES (335, '這點小事沒問題的！', 20002, 'daiwa-scarlet', '隨機事件');
INSERT INTO card_event_choices (choice_id, event_id, choice_label, chain_index, speed, stamina, strength, willpower, intelligence, hp, mood, skill_point, character_favor, event_condition, is_random_value, is_random_attribute, is_random_block_training, is_end_chained_event) VALUES (618, 335, 'Up', 2, 0, 1, 0, 0, 0, 0, 0, 0, 5, null, 0, 0, 0, 0);
INSERT INTO card_event_choices (choice_id, event_id, choice_label, chain_index, speed, stamina, strength, willpower, intelligence, hp, mood, skill_point, character_favor, event_condition, is_random_value, is_random_attribute, is_random_block_training, is_end_chained_event) VALUES (619, 335, 'Down', 2, 0, 0, 0, 0, 0, 20, 1, 0, 5, null, 0, 0, 0, 0);
INSERT INTO card_table (count, uma_id, uma_name) VALUES (129, 20003, 'hishi-amazon');
INSERT INTO card_events (event_id, event_name, uma_id, uma_name, category) VALUES (336, '(❯) 我就要有我的樣子', 20003, 'hishi-amazon', '連鎖事件');
INSERT INTO card_event_choices (choice_id, event_id, choice_label, chain_index, speed, stamina, strength, willpower, intelligence, hp, mood, skill_point, character_favor, event_condition, is_random_value, is_random_attribute, is_random_block_training, is_end_chained_event) VALUES (620, 336, 'None', 1, 5, 0, 5, 0, 0, 0, 0, 0, 5, null, 0, 0, 0, 0);
INSERT INTO card_events (event_id, event_name, uma_id, uma_name, category) VALUES (337, '(❯❯) 大姐流的解決方式', 20003, 'hishi-amazon', '連鎖事件');
INSERT INTO card_event_choices (choice_id, event_id, choice_label, chain_index, speed, stamina, strength, willpower, intelligence, hp, mood, skill_point, character_favor, event_condition, is_random_value, is_random_attribute, is_random_block_training, is_end_chained_event) VALUES (621, 337, 'None', 2, 10, 0, 0, 0, 0, 0, 0, 0, 0, null, 0, 0, 0, 0);
INSERT INTO card_events (event_id, event_name, uma_id, uma_name, category) VALUES (338, '菱亞姐姐奮鬥記　～問題兒童篇～', 20003, 'hishi-amazon', '隨機事件');
INSERT INTO card_event_choices (choice_id, event_id, choice_label, chain_index, speed, stamina, strength, willpower, intelligence, hp, mood, skill_point, character_favor, event_condition, is_random_value, is_random_attribute, is_random_block_training, is_end_chained_event) VALUES (622, 338, 'Up', 2, 0, 0, 0, 0, 5, 10, 0, 0, 5, null, 0, 0, 0, 0);
INSERT INTO card_event_choices (choice_id, event_id, choice_label, chain_index, speed, stamina, strength, willpower, intelligence, hp, mood, skill_point, character_favor, event_condition, is_random_value, is_random_attribute, is_random_block_training, is_end_chained_event) VALUES (623, 338, 'Down', 2, 10, 0, 0, 5, 0, -10, 0, 0, 5, null, 0, 0, 0, 0);
INSERT INTO card_events (event_id, event_name, uma_id, uma_name, category) VALUES (339, '菱亞姐姐奮鬥記　～追到天涯海角篇～', 20003, 'hishi-amazon', '隨機事件');
INSERT INTO card_event_choices (choice_id, event_id, choice_label, chain_index, speed, stamina, strength, willpower, intelligence, hp, mood, skill_point, character_favor, event_condition, is_random_value, is_random_attribute, is_random_block_training, is_end_chained_event) VALUES (624, 339, 'Up', 2, 0, 0, 0, 0, 0, 0, 0, 0, 5, null, 0, 0, 0, 0);
INSERT INTO card_event_choices (choice_id, event_id, choice_label, chain_index, speed, stamina, strength, willpower, intelligence, hp, mood, skill_point, character_favor, event_condition, is_random_value, is_random_attribute, is_random_block_training, is_end_chained_event) VALUES (625, 339, 'Down', 2, 0, 0, 5, 0, 0, 0, 0, 15, 5, null, 0, 0, 0, 0);
INSERT INTO card_table (count, uma_id, uma_name) VALUES (130, 20004, 'air-groove');
INSERT INTO card_events (event_id, event_name, uma_id, uma_name, category) VALUES (340, '(❯) 凜然與蝴蝶蘭', 20004, 'air-groove', '連鎖事件');
INSERT INTO card_event_choices (choice_id, event_id, choice_label, chain_index, speed, stamina, strength, willpower, intelligence, hp, mood, skill_point, character_favor, event_condition, is_random_value, is_random_attribute, is_random_block_training, is_end_chained_event) VALUES (626, 340, 'None', 1, 0, 0, 5, 5, 0, 0, 0, 0, 0, null, 0, 0, 0, 0);
INSERT INTO card_events (event_id, event_name, uma_id, uma_name, category) VALUES (341, '(❯❯) 向橡木綻放', 20004, 'air-groove', '連鎖事件');
INSERT INTO card_event_choices (choice_id, event_id, choice_label, chain_index, speed, stamina, strength, willpower, intelligence, hp, mood, skill_point, character_favor, event_condition, is_random_value, is_random_attribute, is_random_block_training, is_end_chained_event) VALUES (627, 341, 'None', 2, 0, 0, 5, 5, 0, -20, 0, 0, 5, null, 1, 0, 0, 0);
INSERT INTO card_event_choices (choice_id, event_id, choice_label, chain_index, speed, stamina, strength, willpower, intelligence, hp, mood, skill_point, character_favor, event_condition, is_random_value, is_random_attribute, is_random_block_training, is_end_chained_event) VALUES (628, 341, 'None', 2, 0, 5, 5, 10, 0, -10, 0, 0, 5, null, 0, 0, 0, 0);
INSERT INTO card_events (event_id, event_name, uma_id, uma_name, category) VALUES (342, '剛柔並濟', 20004, 'air-groove', '隨機事件');
INSERT INTO card_event_choices (choice_id, event_id, choice_label, chain_index, speed, stamina, strength, willpower, intelligence, hp, mood, skill_point, character_favor, event_condition, is_random_value, is_random_attribute, is_random_block_training, is_end_chained_event) VALUES (629, 342, 'Up', 2, 0, 0, 0, 0, 0, 0, 0, 0, 5, null, 0, 0, 0, 0);
INSERT INTO card_event_choices (choice_id, event_id, choice_label, chain_index, speed, stamina, strength, willpower, intelligence, hp, mood, skill_point, character_favor, event_condition, is_random_value, is_random_attribute, is_random_block_training, is_end_chained_event) VALUES (630, 342, 'Down', 2, 0, 0, 0, 0, 10, 10, 0, 0, 5, null, 0, 0, 0, 0);
INSERT INTO card_events (event_id, event_name, uma_id, uma_name, category) VALUES (343, '聰敏而鐵腕', 20004, 'air-groove', '隨機事件');
INSERT INTO card_event_choices (choice_id, event_id, choice_label, chain_index, speed, stamina, strength, willpower, intelligence, hp, mood, skill_point, character_favor, event_condition, is_random_value, is_random_attribute, is_random_block_training, is_end_chained_event) VALUES (631, 343, 'Up', 2, 0, 0, 15, 0, 0, 0, 0, 0, 5, null, 0, 0, 0, 0);
INSERT INTO card_event_choices (choice_id, event_id, choice_label, chain_index, speed, stamina, strength, willpower, intelligence, hp, mood, skill_point, character_favor, event_condition, is_random_value, is_random_attribute, is_random_block_training, is_end_chained_event) VALUES (632, 343, 'Down', 2, 10, 5, 0, 0, 0, 0, 0, 0, 5, null, 0, 0, 0, 0);
INSERT INTO card_table (count, uma_id, uma_name) VALUES (131, 20005, 'agnes-digital');
INSERT INTO card_events (event_id, event_name, uma_id, uma_name, category) VALUES (344, '(❯) 幸福的宅宅生活', 20005, 'agnes-digital', '連鎖事件');
INSERT INTO card_event_choices (choice_id, event_id, choice_label, chain_index, speed, stamina, strength, willpower, intelligence, hp, mood, skill_point, character_favor, event_condition, is_random_value, is_random_attribute, is_random_block_training, is_end_chained_event) VALUES (633, 344, 'None', 1, 0, 0, 10, 0, 0, 0, 0, 0, 0, null, 0, 0, 0, 0);
INSERT INTO card_events (event_id, event_name, uma_id, uma_name, category) VALUES (345, '(❯❯) 對賽馬娘的愛是永遠的！', 20005, 'agnes-digital', '連鎖事件');
INSERT INTO card_event_choices (choice_id, event_id, choice_label, chain_index, speed, stamina, strength, willpower, intelligence, hp, mood, skill_point, character_favor, event_condition, is_random_value, is_random_attribute, is_random_block_training, is_end_chained_event) VALUES (634, 345, 'None', 2, 5, 0, 10, 0, 0, 0, 0, 0, 0, null, 0, 0, 0, 0);
INSERT INTO card_events (event_id, event_name, uma_id, uma_name, category) VALUES (346, '賽馬娘缺乏症！', 20005, 'agnes-digital', '隨機事件');
INSERT INTO card_event_choices (choice_id, event_id, choice_label, chain_index, speed, stamina, strength, willpower, intelligence, hp, mood, skill_point, character_favor, event_condition, is_random_value, is_random_attribute, is_random_block_training, is_end_chained_event) VALUES (635, 346, 'Up', 2, 5, 0, 0, 0, 0, 5, 0, 0, 5, null, 0, 0, 0, 0);
INSERT INTO card_event_choices (choice_id, event_id, choice_label, chain_index, speed, stamina, strength, willpower, intelligence, hp, mood, skill_point, character_favor, event_condition, is_random_value, is_random_attribute, is_random_block_training, is_end_chained_event) VALUES (636, 346, 'Down', 2, 5, 0, 5, 0, 0, 0, 0, 0, 5, null, 0, 0, 0, 0);
INSERT INTO card_events (event_id, event_name, uma_id, uma_name, category) VALUES (347, '為了感動不懼風雨！', 20005, 'agnes-digital', '隨機事件');
INSERT INTO card_event_choices (choice_id, event_id, choice_label, chain_index, speed, stamina, strength, willpower, intelligence, hp, mood, skill_point, character_favor, event_condition, is_random_value, is_random_attribute, is_random_block_training, is_end_chained_event) VALUES (637, 347, 'Up', 2, 0, 0, 0, 0, 0, 0, 0, 0, 5, null, 0, 0, 0, 0);
INSERT INTO card_event_choices (choice_id, event_id, choice_label, chain_index, speed, stamina, strength, willpower, intelligence, hp, mood, skill_point, character_favor, event_condition, is_random_value, is_random_attribute, is_random_block_training, is_end_chained_event) VALUES (638, 347, 'Down', 2, 0, 0, 0, 0, 0, 0, 0, 0, 5, null, 0, 0, 0, 0);
INSERT INTO card_table (count, uma_id, uma_name) VALUES (132, 20006, 'biwa-hayahide');
INSERT INTO card_events (event_id, event_name, uma_id, uma_name, category) VALUES (348, '(❯) 愛照顧人的大姐姐', 20006, 'biwa-hayahide', '連鎖事件');
INSERT INTO card_event_choices (choice_id, event_id, choice_label, chain_index, speed, stamina, strength, willpower, intelligence, hp, mood, skill_point, character_favor, event_condition, is_random_value, is_random_attribute, is_random_block_training, is_end_chained_event) VALUES (639, 348, 'None', 1, 0, 0, 15, 0, 0, -10, 0, 0, 0, null, 0, 0, 0, 0);
INSERT INTO card_events (event_id, event_name, uma_id, uma_name, category) VALUES (349, '(❯❯) 訓練要符合理論', 20006, 'biwa-hayahide', '連鎖事件');
INSERT INTO card_event_choices (choice_id, event_id, choice_label, chain_index, speed, stamina, strength, willpower, intelligence, hp, mood, skill_point, character_favor, event_condition, is_random_value, is_random_attribute, is_random_block_training, is_end_chained_event) VALUES (640, 349, 'None', 2, 0, 0, 5, 0, 0, -20, 0, 0, 0, null, 1, 0, 0, 0);
INSERT INTO card_event_choices (choice_id, event_id, choice_label, chain_index, speed, stamina, strength, willpower, intelligence, hp, mood, skill_point, character_favor, event_condition, is_random_value, is_random_attribute, is_random_block_training, is_end_chained_event) VALUES (641, 349, 'None', 2, 0, 5, 15, 0, 0, -10, 0, 0, 5, null, 0, 0, 0, 0);
INSERT INTO card_events (event_id, event_name, uma_id, uma_name, category) VALUES (350, '極限的模態邏輯', 20006, 'biwa-hayahide', '隨機事件');
INSERT INTO card_event_choices (choice_id, event_id, choice_label, chain_index, speed, stamina, strength, willpower, intelligence, hp, mood, skill_point, character_favor, event_condition, is_random_value, is_random_attribute, is_random_block_training, is_end_chained_event) VALUES (642, 350, 'Up', 2, 0, 0, 15, 0, 0, 0, 0, 0, 5, null, 0, 0, 0, 0);
INSERT INTO card_event_choices (choice_id, event_id, choice_label, chain_index, speed, stamina, strength, willpower, intelligence, hp, mood, skill_point, character_favor, event_condition, is_random_value, is_random_attribute, is_random_block_training, is_end_chained_event) VALUES (643, 350, 'Down', 2, 10, 0, 0, 0, 0, 0, 0, 15, 5, null, 0, 0, 0, 0);
INSERT INTO card_events (event_id, event_name, uma_id, uma_name, category) VALUES (351, '脫離安全牌理論', 20006, 'biwa-hayahide', '隨機事件');
INSERT INTO card_event_choices (choice_id, event_id, choice_label, chain_index, speed, stamina, strength, willpower, intelligence, hp, mood, skill_point, character_favor, event_condition, is_random_value, is_random_attribute, is_random_block_training, is_end_chained_event) VALUES (644, 351, 'Up', 2, 0, 0, 0, 0, 0, -10, 0, 0, 5, null, 0, 0, 0, 0);
INSERT INTO card_event_choices (choice_id, event_id, choice_label, chain_index, speed, stamina, strength, willpower, intelligence, hp, mood, skill_point, character_favor, event_condition, is_random_value, is_random_attribute, is_random_block_training, is_end_chained_event) VALUES (645, 351, 'Down', 2, 0, 10, 0, 0, 0, 10, 0, 0, 5, null, 0, 0, 0, 0);
INSERT INTO card_table (count, uma_id, uma_name) VALUES (133, 20007, 'mayano-top-gun');
INSERT INTO card_events (event_id, event_name, uma_id, uma_name, category) VALUES (352, '(❯) 還在滑行中？', 20007, 'mayano-top-gun', '連鎖事件');
INSERT INTO card_event_choices (choice_id, event_id, choice_label, chain_index, speed, stamina, strength, willpower, intelligence, hp, mood, skill_point, character_favor, event_condition, is_random_value, is_random_attribute, is_random_block_training, is_end_chained_event) VALUES (646, 352, 'None', 1, 0, 0, 0, 0, 0, 0, 0, 30, 5, null, 0, 0, 0, 0);
INSERT INTO card_events (event_id, event_name, uma_id, uma_name, category) VALUES (353, '(❯❯) 跟上潮流♪', 20007, 'mayano-top-gun', '連鎖事件');
INSERT INTO card_event_choices (choice_id, event_id, choice_label, chain_index, speed, stamina, strength, willpower, intelligence, hp, mood, skill_point, character_favor, event_condition, is_random_value, is_random_attribute, is_random_block_training, is_end_chained_event) VALUES (647, 353, 'None', 2, 0, 10, 0, 0, 0, 0, 0, 15, 5, null, 0, 0, 0, 0);
INSERT INTO card_events (event_id, event_name, uma_id, uma_name, category) VALUES (354, '重砲的點心會議！', 20007, 'mayano-top-gun', '隨機事件');
INSERT INTO card_event_choices (choice_id, event_id, choice_label, chain_index, speed, stamina, strength, willpower, intelligence, hp, mood, skill_point, character_favor, event_condition, is_random_value, is_random_attribute, is_random_block_training, is_end_chained_event) VALUES (648, 354, 'Up', 2, 0, 5, 0, 5, 0, 0, 0, 0, 5, null, 0, 0, 0, 0);
INSERT INTO card_event_choices (choice_id, event_id, choice_label, chain_index, speed, stamina, strength, willpower, intelligence, hp, mood, skill_point, character_favor, event_condition, is_random_value, is_random_attribute, is_random_block_training, is_end_chained_event) VALUES (649, 354, 'Down', 2, 0, 10, 0, 0, 0, 0, 0, 0, 5, null, 0, 0, 0, 0);
INSERT INTO card_events (event_id, event_name, uma_id, uma_name, category) VALUES (355, '重砲的時尚會議！', 20007, 'mayano-top-gun', '隨機事件');
INSERT INTO card_event_choices (choice_id, event_id, choice_label, chain_index, speed, stamina, strength, willpower, intelligence, hp, mood, skill_point, character_favor, event_condition, is_random_value, is_random_attribute, is_random_block_training, is_end_chained_event) VALUES (650, 355, 'Up', 2, 0, 0, 0, 0, 0, 0, 0, 0, 5, null, 0, 0, 0, 0);
INSERT INTO card_event_choices (choice_id, event_id, choice_label, chain_index, speed, stamina, strength, willpower, intelligence, hp, mood, skill_point, character_favor, event_condition, is_random_value, is_random_attribute, is_random_block_training, is_end_chained_event) VALUES (651, 355, 'Down', 2, 0, 10, 0, 0, 0, 0, 0, 0, 5, null, 0, 0, 0, 0);
INSERT INTO card_table (count, uma_id, uma_name) VALUES (134, 20008, 'manhattan-cafe');
INSERT INTO card_events (event_id, event_name, uma_id, uma_name, category) VALUES (356, '(❯) 雨天的邀請', 20008, 'manhattan-cafe', '連鎖事件');
INSERT INTO card_event_choices (choice_id, event_id, choice_label, chain_index, speed, stamina, strength, willpower, intelligence, hp, mood, skill_point, character_favor, event_condition, is_random_value, is_random_attribute, is_random_block_training, is_end_chained_event) VALUES (652, 356, 'None', 1, 0, 0, 0, 0, 0, 15, 0, 15, 0, null, 0, 0, 0, 0);
INSERT INTO card_events (event_id, event_name, uma_id, uma_name, category) VALUES (357, '(❯❯) 大雨天的邀請', 20008, 'manhattan-cafe', '連鎖事件');
INSERT INTO card_event_choices (choice_id, event_id, choice_label, chain_index, speed, stamina, strength, willpower, intelligence, hp, mood, skill_point, character_favor, event_condition, is_random_value, is_random_attribute, is_random_block_training, is_end_chained_event) VALUES (653, 357, 'None', 2, 0, 15, 0, 0, 0, 0, 0, 0, 5, null, 0, 0, 0, 0);
INSERT INTO card_events (event_id, event_name, uma_id, uma_name, category) VALUES (358, '夜晚獨跑', 20008, 'manhattan-cafe', '隨機事件');
INSERT INTO card_event_choices (choice_id, event_id, choice_label, chain_index, speed, stamina, strength, willpower, intelligence, hp, mood, skill_point, character_favor, event_condition, is_random_value, is_random_attribute, is_random_block_training, is_end_chained_event) VALUES (654, 358, 'Up', 2, 0, 10, 0, 0, 0, 0, 0, 0, 5, null, 0, 0, 0, 0);
INSERT INTO card_event_choices (choice_id, event_id, choice_label, chain_index, speed, stamina, strength, willpower, intelligence, hp, mood, skill_point, character_favor, event_condition, is_random_value, is_random_attribute, is_random_block_training, is_end_chained_event) VALUES (655, 358, 'Down', 2, 0, 5, 0, 0, 0, 10, 0, 0, 5, null, 0, 0, 0, 0);
INSERT INTO card_events (event_id, event_name, uma_id, uma_name, category) VALUES (359, '偏好寧靜', 20008, 'manhattan-cafe', '隨機事件');
INSERT INTO card_event_choices (choice_id, event_id, choice_label, chain_index, speed, stamina, strength, willpower, intelligence, hp, mood, skill_point, character_favor, event_condition, is_random_value, is_random_attribute, is_random_block_training, is_end_chained_event) VALUES (656, 359, 'Up', 2, 0, 5, 0, 0, 0, 0, 0, 15, 5, null, 0, 0, 0, 0);
INSERT INTO card_event_choices (choice_id, event_id, choice_label, chain_index, speed, stamina, strength, willpower, intelligence, hp, mood, skill_point, character_favor, event_condition, is_random_value, is_random_attribute, is_random_block_training, is_end_chained_event) VALUES (657, 359, 'Down', 2, 0, 0, 0, 0, 0, 0, 0, 0, 5, null, 0, 0, 0, 0);
INSERT INTO card_table (count, uma_id, uma_name) VALUES (135, 20009, 'mihono-bourbon');
INSERT INTO card_events (event_id, event_name, uma_id, uma_name, category) VALUES (360, '(❯) 並不是改造人', 20009, 'mihono-bourbon', '連鎖事件');
INSERT INTO card_event_choices (choice_id, event_id, choice_label, chain_index, speed, stamina, strength, willpower, intelligence, hp, mood, skill_point, character_favor, event_condition, is_random_value, is_random_attribute, is_random_block_training, is_end_chained_event) VALUES (658, 360, 'Up', 1, 0, 0, 0, 10, 0, 0, 0, 15, 5, null, 0, 0, 0, 0);
INSERT INTO card_event_choices (choice_id, event_id, choice_label, chain_index, speed, stamina, strength, willpower, intelligence, hp, mood, skill_point, character_favor, event_condition, is_random_value, is_random_attribute, is_random_block_training, is_end_chained_event) VALUES (659, 360, 'Down', 1, 0, 0, 0, 0, 0, -10, 0, 0, -5, null, 0, 1, 0, 1);
INSERT INTO card_events (event_id, event_name, uma_id, uma_name, category) VALUES (361, '(❯❯) 安裝新的價值觀', 20009, 'mihono-bourbon', '連鎖事件');
INSERT INTO card_event_choices (choice_id, event_id, choice_label, chain_index, speed, stamina, strength, willpower, intelligence, hp, mood, skill_point, character_favor, event_condition, is_random_value, is_random_attribute, is_random_block_training, is_end_chained_event) VALUES (660, 361, 'None', 2, 0, 0, 5, 5, 0, -10, 0, 0, 5, null, 0, 0, 0, 0);
INSERT INTO card_events (event_id, event_name, uma_id, uma_name, category) VALUES (362, '不可危及他人', 20009, 'mihono-bourbon', '隨機事件');
INSERT INTO card_event_choices (choice_id, event_id, choice_label, chain_index, speed, stamina, strength, willpower, intelligence, hp, mood, skill_point, character_favor, event_condition, is_random_value, is_random_attribute, is_random_block_training, is_end_chained_event) VALUES (661, 362, 'Up', 2, 0, 5, 15, 0, 0, -10, 0, 0, 5, null, 0, 0, 0, 0);
INSERT INTO card_event_choices (choice_id, event_id, choice_label, chain_index, speed, stamina, strength, willpower, intelligence, hp, mood, skill_point, character_favor, event_condition, is_random_value, is_random_attribute, is_random_block_training, is_end_chained_event) VALUES (662, 362, 'Down', 2, 0, 0, 0, 0, 5, 10, 0, 0, 5, null, 0, 0, 0, 0);
INSERT INTO card_events (event_id, event_name, uma_id, uma_name, category) VALUES (363, '不可違反命令', 20009, 'mihono-bourbon', '隨機事件');
INSERT INTO card_event_choices (choice_id, event_id, choice_label, chain_index, speed, stamina, strength, willpower, intelligence, hp, mood, skill_point, character_favor, event_condition, is_random_value, is_random_attribute, is_random_block_training, is_end_chained_event) VALUES (663, 363, 'Up', 2, 0, 0, 0, 0, 0, 0, 0, 0, 5, null, 0, 0, 0, 0);
INSERT INTO card_event_choices (choice_id, event_id, choice_label, chain_index, speed, stamina, strength, willpower, intelligence, hp, mood, skill_point, character_favor, event_condition, is_random_value, is_random_attribute, is_random_block_training, is_end_chained_event) VALUES (664, 363, 'Down', 2, 10, 0, 0, 0, 0, 0, 0, 15, 5, null, 0, 0, 0, 0);
INSERT INTO card_table (count, uma_id, uma_name) VALUES (136, 20010, 'mejiro-ryan');
INSERT INTO card_events (event_id, event_name, uma_id, uma_name, category) VALUES (364, '(❯) 帥氣的理由', 20010, 'mejiro-ryan', '連鎖事件');
INSERT INTO card_event_choices (choice_id, event_id, choice_label, chain_index, speed, stamina, strength, willpower, intelligence, hp, mood, skill_point, character_favor, event_condition, is_random_value, is_random_attribute, is_random_block_training, is_end_chained_event) VALUES (665, 364, 'None', 1, 0, 0, 5, 0, 0, 0, 0, 15, 5, null, 0, 0, 0, 0);
INSERT INTO card_events (event_id, event_name, uma_id, uma_name, category) VALUES (365, '(❯❯) 接受加油的心情', 20010, 'mejiro-ryan', '連鎖事件');
INSERT INTO card_event_choices (choice_id, event_id, choice_label, chain_index, speed, stamina, strength, willpower, intelligence, hp, mood, skill_point, character_favor, event_condition, is_random_value, is_random_attribute, is_random_block_training, is_end_chained_event) VALUES (666, 365, 'None', 2, 0, 0, 15, 0, 0, 0, 0, 0, 5, null, 0, 0, 0, 0);
INSERT INTO card_events (event_id, event_name, uma_id, uma_name, category) VALUES (366, '與肌肉一起邁向明天！', 20010, 'mejiro-ryan', '隨機事件');
INSERT INTO card_event_choices (choice_id, event_id, choice_label, chain_index, speed, stamina, strength, willpower, intelligence, hp, mood, skill_point, character_favor, event_condition, is_random_value, is_random_attribute, is_random_block_training, is_end_chained_event) VALUES (667, 366, 'Up', 2, 0, 0, 15, 0, 0, -10, 0, 0, 5, null, 0, 0, 0, 0);
INSERT INTO card_event_choices (choice_id, event_id, choice_label, chain_index, speed, stamina, strength, willpower, intelligence, hp, mood, skill_point, character_favor, event_condition, is_random_value, is_random_attribute, is_random_block_training, is_end_chained_event) VALUES (668, 366, 'Down', 2, 0, 0, 5, 0, 0, 4, 0, 0, 5, null, 0, 0, 0, 0);
INSERT INTO card_events (event_id, event_name, uma_id, uma_name, category) VALUES (367, '只是被人推薦', 20010, 'mejiro-ryan', '隨機事件');
INSERT INTO card_event_choices (choice_id, event_id, choice_label, chain_index, speed, stamina, strength, willpower, intelligence, hp, mood, skill_point, character_favor, event_condition, is_random_value, is_random_attribute, is_random_block_training, is_end_chained_event) VALUES (669, 367, 'Up', 2, 0, 0, 0, 0, 0, 0, 0, 0, 5, null, 0, 0, 0, 0);
INSERT INTO card_event_choices (choice_id, event_id, choice_label, chain_index, speed, stamina, strength, willpower, intelligence, hp, mood, skill_point, character_favor, event_condition, is_random_value, is_random_attribute, is_random_block_training, is_end_chained_event) VALUES (670, 367, 'Down', 2, 0, 0, 0, 0, 0, 30, 0, 0, 5, null, 0, 0, 0, 0);
INSERT INTO card_table (count, uma_id, uma_name) VALUES (137, 20011, 'yukino-bijin');
INSERT INTO card_events (event_id, event_name, uma_id, uma_name, category) VALUES (368, '(❯) 點餐訓練！', 20011, 'yukino-bijin', '連鎖事件');
INSERT INTO card_event_choices (choice_id, event_id, choice_label, chain_index, speed, stamina, strength, willpower, intelligence, hp, mood, skill_point, character_favor, event_condition, is_random_value, is_random_attribute, is_random_block_training, is_end_chained_event) VALUES (671, 368, 'None', 1, 0, 0, 5, 0, 0, 0, 1, 0, 5, null, 0, 0, 0, 0);
INSERT INTO card_events (event_id, event_name, uma_id, uma_name, category) VALUES (369, '(❯❯) 天然的都市女孩', 20011, 'yukino-bijin', '連鎖事件');
INSERT INTO card_event_choices (choice_id, event_id, choice_label, chain_index, speed, stamina, strength, willpower, intelligence, hp, mood, skill_point, character_favor, event_condition, is_random_value, is_random_attribute, is_random_block_training, is_end_chained_event) VALUES (672, 369, 'None', 2, 0, 0, 0, 0, 25, 0, 1, 0, 0, null, 0, 0, 0, 0);
INSERT INTO card_events (event_id, event_name, uma_id, uma_name, category) VALUES (370, '為了很炫的演唱會', 20011, 'yukino-bijin', '隨機事件');
INSERT INTO card_event_choices (choice_id, event_id, choice_label, chain_index, speed, stamina, strength, willpower, intelligence, hp, mood, skill_point, character_favor, event_condition, is_random_value, is_random_attribute, is_random_block_training, is_end_chained_event) VALUES (673, 370, 'Up', 2, 0, 0, 0, 10, 0, 0, 0, 0, 5, null, 0, 0, 0, 0);
INSERT INTO card_event_choices (choice_id, event_id, choice_label, chain_index, speed, stamina, strength, willpower, intelligence, hp, mood, skill_point, character_favor, event_condition, is_random_value, is_random_attribute, is_random_block_training, is_end_chained_event) VALUES (674, 370, 'Down', 2, 0, 0, 0, 15, 0, -10, 0, 0, 5, null, 0, 0, 0, 0);
INSERT INTO card_events (event_id, event_name, uma_id, uma_name, category) VALUES (371, '鎖定「城市景點」', 20011, 'yukino-bijin', '隨機事件');
INSERT INTO card_event_choices (choice_id, event_id, choice_label, chain_index, speed, stamina, strength, willpower, intelligence, hp, mood, skill_point, character_favor, event_condition, is_random_value, is_random_attribute, is_random_block_training, is_end_chained_event) VALUES (675, 371, 'Up', 2, 0, 0, 0, 10, 0, -10, 1, 0, 5, null, 0, 0, 0, 0);
INSERT INTO card_event_choices (choice_id, event_id, choice_label, chain_index, speed, stamina, strength, willpower, intelligence, hp, mood, skill_point, character_favor, event_condition, is_random_value, is_random_attribute, is_random_block_training, is_end_chained_event) VALUES (676, 371, 'Down', 2, 0, 0, 0, 0, 0, 0, 0, 0, 5, null, 0, 0, 0, 0);
INSERT INTO card_table (count, uma_id, uma_name) VALUES (138, 20012, 'agnes-tachyon');
INSERT INTO card_events (event_id, event_name, uma_id, uma_name, category) VALUES (372, '(❯) Report「特殊鍛鍊所帶來的可能性」', 20012, 'agnes-tachyon', '連鎖事件');
INSERT INTO card_event_choices (choice_id, event_id, choice_label, chain_index, speed, stamina, strength, willpower, intelligence, hp, mood, skill_point, character_favor, event_condition, is_random_value, is_random_attribute, is_random_block_training, is_end_chained_event) VALUES (677, 372, 'None', 1, 0, 0, 0, 0, 5, 0, 0, 15, 0, null, 0, 0, 0, 0);
INSERT INTO card_events (event_id, event_name, uma_id, uma_name, category) VALUES (373, '(❯❯) Report「未定（休息也十分重要）」', 20012, 'agnes-tachyon', '連鎖事件');
INSERT INTO card_event_choices (choice_id, event_id, choice_label, chain_index, speed, stamina, strength, willpower, intelligence, hp, mood, skill_point, character_favor, event_condition, is_random_value, is_random_attribute, is_random_block_training, is_end_chained_event) VALUES (678, 373, 'None', 2, 0, 0, 0, 0, 10, 0, 0, 15, 0, null, 0, 0, 0, 0);
INSERT INTO card_events (event_id, event_name, uma_id, uma_name, category) VALUES (374, '需要驗證．睡眠時間與作業效率', 20012, 'agnes-tachyon', '隨機事件');
INSERT INTO card_event_choices (choice_id, event_id, choice_label, chain_index, speed, stamina, strength, willpower, intelligence, hp, mood, skill_point, character_favor, event_condition, is_random_value, is_random_attribute, is_random_block_training, is_end_chained_event) VALUES (679, 374, 'Up', 2, 0, 0, 5, 0, 5, 0, 0, 0, 5, null, 0, 0, 0, 0);
INSERT INTO card_event_choices (choice_id, event_id, choice_label, chain_index, speed, stamina, strength, willpower, intelligence, hp, mood, skill_point, character_favor, event_condition, is_random_value, is_random_attribute, is_random_block_training, is_end_chained_event) VALUES (680, 374, 'Down', 2, 0, 0, 0, 0, 10, 0, 0, 0, 5, null, 0, 0, 0, 0);
INSERT INTO card_events (event_id, event_name, uma_id, uma_name, category) VALUES (375, '需要驗證．他人介入所導致的偶然', 20012, 'agnes-tachyon', '隨機事件');
INSERT INTO card_event_choices (choice_id, event_id, choice_label, chain_index, speed, stamina, strength, willpower, intelligence, hp, mood, skill_point, character_favor, event_condition, is_random_value, is_random_attribute, is_random_block_training, is_end_chained_event) VALUES (681, 375, 'Up', 2, 0, 0, 0, 0, 0, 0, 0, 0, 5, null, 0, 0, 0, 0);
INSERT INTO card_event_choices (choice_id, event_id, choice_label, chain_index, speed, stamina, strength, willpower, intelligence, hp, mood, skill_point, character_favor, event_condition, is_random_value, is_random_attribute, is_random_block_training, is_end_chained_event) VALUES (682, 375, 'Down', 2, 0, 0, 0, 0, 10, 0, 0, 0, 5, null, 0, 0, 0, 0);
INSERT INTO card_table (count, uma_id, uma_name) VALUES (139, 20013, 'eishin-flash');
INSERT INTO card_events (event_id, event_name, uma_id, uma_name, category) VALUES (376, '(❯) 身為一位好的管理者', 20013, 'eishin-flash', '連鎖事件');
INSERT INTO card_event_choices (choice_id, event_id, choice_label, chain_index, speed, stamina, strength, willpower, intelligence, hp, mood, skill_point, character_favor, event_condition, is_random_value, is_random_attribute, is_random_block_training, is_end_chained_event) VALUES (683, 376, 'None', 1, 0, 0, 0, 0, 0, 14, 1, 0, 0, null, 0, 0, 0, 0);
INSERT INTO card_events (event_id, event_name, uma_id, uma_name, category) VALUES (377, '(❯❯) 身為好朋友該有的樣子', 20013, 'eishin-flash', '連鎖事件');
INSERT INTO card_event_choices (choice_id, event_id, choice_label, chain_index, speed, stamina, strength, willpower, intelligence, hp, mood, skill_point, character_favor, event_condition, is_random_value, is_random_attribute, is_random_block_training, is_end_chained_event) VALUES (684, 377, 'None', 2, 0, 0, 0, 0, 0, 20, 0, 0, 0, null, 0, 0, 0, 0);
INSERT INTO card_events (event_id, event_name, uma_id, uma_name, category) VALUES (378, '預料之外的午餐', 20013, 'eishin-flash', '隨機事件');
INSERT INTO card_event_choices (choice_id, event_id, choice_label, chain_index, speed, stamina, strength, willpower, intelligence, hp, mood, skill_point, character_favor, event_condition, is_random_value, is_random_attribute, is_random_block_training, is_end_chained_event) VALUES (685, 378, 'Up', 2, 0, 0, 0, 0, 0, 15, 0, 0, 5, null, 0, 0, 0, 0);
INSERT INTO card_event_choices (choice_id, event_id, choice_label, chain_index, speed, stamina, strength, willpower, intelligence, hp, mood, skill_point, character_favor, event_condition, is_random_value, is_random_attribute, is_random_block_training, is_end_chained_event) VALUES (686, 378, 'Down', 2, 5, 0, 0, 5, 0, 0, 0, 0, 5, null, 0, 0, 0, 0);
INSERT INTO card_events (event_id, event_name, uma_id, uma_name, category) VALUES (379, '應對突發狀況的方式', 20013, 'eishin-flash', '隨機事件');
INSERT INTO card_event_choices (choice_id, event_id, choice_label, chain_index, speed, stamina, strength, willpower, intelligence, hp, mood, skill_point, character_favor, event_condition, is_random_value, is_random_attribute, is_random_block_training, is_end_chained_event) VALUES (687, 379, 'Up', 2, 0, 0, 0, 10, 0, 0, 0, 0, 5, null, 0, 0, 0, 0);
INSERT INTO card_event_choices (choice_id, event_id, choice_label, chain_index, speed, stamina, strength, willpower, intelligence, hp, mood, skill_point, character_favor, event_condition, is_random_value, is_random_attribute, is_random_block_training, is_end_chained_event) VALUES (688, 379, 'Down', 2, 0, 0, 0, 0, 0, 0, 0, 0, 5, null, 0, 0, 0, 0);
INSERT INTO card_table (count, uma_id, uma_name) VALUES (140, 20014, 'narita-taishin');
INSERT INTO card_events (event_id, event_name, uma_id, uma_name, category) VALUES (380, '(❯) 在夜裡偷偷摸摸……？', 20014, 'narita-taishin', '連鎖事件');
INSERT INTO card_event_choices (choice_id, event_id, choice_label, chain_index, speed, stamina, strength, willpower, intelligence, hp, mood, skill_point, character_favor, event_condition, is_random_value, is_random_attribute, is_random_block_training, is_end_chained_event) VALUES (689, 380, 'None', 1, 5, 5, 0, 0, 0, 0, 0, 0, 0, null, 0, 0, 0, 0);
INSERT INTO card_events (event_id, event_name, uma_id, uma_name, category) VALUES (381, '(❯❯) 享受音樂劇！', 20014, 'narita-taishin', '連鎖事件');
INSERT INTO card_event_choices (choice_id, event_id, choice_label, chain_index, speed, stamina, strength, willpower, intelligence, hp, mood, skill_point, character_favor, event_condition, is_random_value, is_random_attribute, is_random_block_training, is_end_chained_event) VALUES (690, 381, 'None', 2, 5, 5, 5, 0, 0, 0, 0, 0, 0, null, 0, 0, 0, 0);
INSERT INTO card_events (event_id, event_name, uma_id, uma_name, category) VALUES (382, '沒什麼，別管我', 20014, 'narita-taishin', '隨機事件');
INSERT INTO card_event_choices (choice_id, event_id, choice_label, chain_index, speed, stamina, strength, willpower, intelligence, hp, mood, skill_point, character_favor, event_condition, is_random_value, is_random_attribute, is_random_block_training, is_end_chained_event) VALUES (691, 382, 'Up', 2, 0, 5, 0, 0, 0, 0, 0, 15, 5, null, 0, 0, 0, 0);
INSERT INTO card_event_choices (choice_id, event_id, choice_label, chain_index, speed, stamina, strength, willpower, intelligence, hp, mood, skill_point, character_favor, event_condition, is_random_value, is_random_attribute, is_random_block_training, is_end_chained_event) VALUES (692, 382, 'Down', 2, 0, 0, 5, 0, 0, 0, 0, 15, 5, null, 0, 0, 0, 0);
INSERT INTO card_events (event_id, event_name, uma_id, uma_name, category) VALUES (383, '沒什麼，別來煩我', 20014, 'narita-taishin', '隨機事件');
INSERT INTO card_event_choices (choice_id, event_id, choice_label, chain_index, speed, stamina, strength, willpower, intelligence, hp, mood, skill_point, character_favor, event_condition, is_random_value, is_random_attribute, is_random_block_training, is_end_chained_event) VALUES (693, 383, 'Up', 2, 0, 0, 0, 0, 0, 0, 0, 0, 5, null, 0, 0, 0, 0);
INSERT INTO card_event_choices (choice_id, event_id, choice_label, chain_index, speed, stamina, strength, willpower, intelligence, hp, mood, skill_point, character_favor, event_condition, is_random_value, is_random_attribute, is_random_block_training, is_end_chained_event) VALUES (694, 383, 'Down', 2, 0, 0, 0, 0, 0, 0, 0, 30, 5, null, 0, 0, 0, 0);
INSERT INTO card_table (count, uma_id, uma_name) VALUES (141, 20015, 'marvelous-sunday');
INSERT INTO card_events (event_id, event_name, uma_id, uma_name, category) VALUES (384, '(❯) 世界美麗計畫☆', 20015, 'marvelous-sunday', '連鎖事件');
INSERT INTO card_event_choices (choice_id, event_id, choice_label, chain_index, speed, stamina, strength, willpower, intelligence, hp, mood, skill_point, character_favor, event_condition, is_random_value, is_random_attribute, is_random_block_training, is_end_chained_event) VALUES (695, 384, 'None', 1, 0, 0, 0, 5, 5, 0, 0, 0, 0, null, 0, 0, 0, 0);
INSERT INTO card_events (event_id, event_name, uma_id, uma_name, category) VALUES (385, '(❯❯) 美麗是非常了不起的哦☆', 20015, 'marvelous-sunday', '連鎖事件');
INSERT INTO card_event_choices (choice_id, event_id, choice_label, chain_index, speed, stamina, strength, willpower, intelligence, hp, mood, skill_point, character_favor, event_condition, is_random_value, is_random_attribute, is_random_block_training, is_end_chained_event) VALUES (696, 385, 'None', 2, 0, 0, 0, 15, 15, 0, 0, 0, 0, null, 0, 0, 0, 0);
INSERT INTO card_events (event_id, event_name, uma_id, uma_name, category) VALUES (386, '不由分說的美麗☆', 20015, 'marvelous-sunday', '隨機事件');
INSERT INTO card_event_choices (choice_id, event_id, choice_label, chain_index, speed, stamina, strength, willpower, intelligence, hp, mood, skill_point, character_favor, event_condition, is_random_value, is_random_attribute, is_random_block_training, is_end_chained_event) VALUES (697, 386, 'Up', 2, 5, 0, 0, 0, 0, 10, 0, 0, 5, null, 0, 0, 0, 0);
INSERT INTO card_event_choices (choice_id, event_id, choice_label, chain_index, speed, stamina, strength, willpower, intelligence, hp, mood, skill_point, character_favor, event_condition, is_random_value, is_random_attribute, is_random_block_training, is_end_chained_event) VALUES (698, 386, 'Down', 2, 5, 0, 0, 0, 0, 0, 1, 0, 5, null, 0, 0, 0, 0);
INSERT INTO card_events (event_id, event_name, uma_id, uma_name, category) VALUES (387, '為了變得美麗☆', 20015, 'marvelous-sunday', '隨機事件');
INSERT INTO card_event_choices (choice_id, event_id, choice_label, chain_index, speed, stamina, strength, willpower, intelligence, hp, mood, skill_point, character_favor, event_condition, is_random_value, is_random_attribute, is_random_block_training, is_end_chained_event) VALUES (699, 387, 'Up', 2, 0, 0, 0, 0, 0, 10, 1, 0, 5, null, 0, 0, 0, 0);
INSERT INTO card_event_choices (choice_id, event_id, choice_label, chain_index, speed, stamina, strength, willpower, intelligence, hp, mood, skill_point, character_favor, event_condition, is_random_value, is_random_attribute, is_random_block_training, is_end_chained_event) VALUES (700, 387, 'Down', 2, 0, 0, 0, 0, 0, 0, 0, 0, 5, null, 0, 0, 0, 0);
INSERT INTO card_table (count, uma_id, uma_name) VALUES (142, 20016, 'matikanefukukitaru');
INSERT INTO card_events (event_id, event_name, uma_id, uma_name, category) VALUES (388, '(❯) 錢仙大人請幫幫我！', 20016, 'matikanefukukitaru', '連鎖事件');
INSERT INTO card_event_choices (choice_id, event_id, choice_label, chain_index, speed, stamina, strength, willpower, intelligence, hp, mood, skill_point, character_favor, event_condition, is_random_value, is_random_attribute, is_random_block_training, is_end_chained_event) VALUES (701, 388, 'None', 1, 0, 0, 0, 0, 0, 5, 1, 15, 5, null, 0, 0, 0, 0);
INSERT INTO card_events (event_id, event_name, uma_id, uma_name, category) VALUES (389, '(❯❯) 指引與朋友們', 20016, 'matikanefukukitaru', '連鎖事件');
INSERT INTO card_event_choices (choice_id, event_id, choice_label, chain_index, speed, stamina, strength, willpower, intelligence, hp, mood, skill_point, character_favor, event_condition, is_random_value, is_random_attribute, is_random_block_training, is_end_chained_event) VALUES (702, 389, 'Up', 2, 0, 0, 0, 0, 0, 0, 0, 45, 5, null, 0, 0, 0, 0);
INSERT INTO card_event_choices (choice_id, event_id, choice_label, chain_index, speed, stamina, strength, willpower, intelligence, hp, mood, skill_point, character_favor, event_condition, is_random_value, is_random_attribute, is_random_block_training, is_end_chained_event) VALUES (703, 389, 'Down', 2, 0, 0, 0, 0, 0, 10, 1, 0, 5, null, 1, 0, 0, 0);
INSERT INTO card_event_choices (choice_id, event_id, choice_label, chain_index, speed, stamina, strength, willpower, intelligence, hp, mood, skill_point, character_favor, event_condition, is_random_value, is_random_attribute, is_random_block_training, is_end_chained_event) VALUES (704, 389, 'Down', 2, 0, 0, 0, 0, 0, -20, 0, 0, 5, null, 0, 0, 0, 0);
INSERT INTO card_events (event_id, event_name, uma_id, uma_name, category) VALUES (390, '全靈灌注', 20016, 'matikanefukukitaru', '隨機事件');
INSERT INTO card_event_choices (choice_id, event_id, choice_label, chain_index, speed, stamina, strength, willpower, intelligence, hp, mood, skill_point, character_favor, event_condition, is_random_value, is_random_attribute, is_random_block_training, is_end_chained_event) VALUES (705, 390, 'Up', 2, 0, 0, 0, 0, 5, 0, 0, 15, 5, null, 0, 0, 0, 0);
INSERT INTO card_event_choices (choice_id, event_id, choice_label, chain_index, speed, stamina, strength, willpower, intelligence, hp, mood, skill_point, character_favor, event_condition, is_random_value, is_random_attribute, is_random_block_training, is_end_chained_event) VALUES (706, 390, 'Down', 2, 5, 5, 5, 0, 0, -10, 0, 0, 5, null, 0, 0, 0, 0);
INSERT INTO card_events (event_id, event_name, uma_id, uma_name, category) VALUES (391, '當信仰與親切交會時──', 20016, 'matikanefukukitaru', '隨機事件');
INSERT INTO card_event_choices (choice_id, event_id, choice_label, chain_index, speed, stamina, strength, willpower, intelligence, hp, mood, skill_point, character_favor, event_condition, is_random_value, is_random_attribute, is_random_block_training, is_end_chained_event) VALUES (707, 391, 'Up', 2, 0, 0, 0, 0, 0, 0, 0, 30, 5, null, 0, 0, 0, 0);
INSERT INTO card_event_choices (choice_id, event_id, choice_label, chain_index, speed, stamina, strength, willpower, intelligence, hp, mood, skill_point, character_favor, event_condition, is_random_value, is_random_attribute, is_random_block_training, is_end_chained_event) VALUES (708, 391, 'Down', 2, 0, 0, 0, 0, 0, 20, 0, 0, 5, null, 0, 0, 0, 0);
INSERT INTO card_table (count, uma_id, uma_name) VALUES (143, 20017, 'meisho-doto');
INSERT INTO card_events (event_id, event_name, uma_id, uma_name, category) VALUES (392, '(❯) 我的運勢……', 20017, 'meisho-doto', '連鎖事件');
INSERT INTO card_event_choices (choice_id, event_id, choice_label, chain_index, speed, stamina, strength, willpower, intelligence, hp, mood, skill_point, character_favor, event_condition, is_random_value, is_random_attribute, is_random_block_training, is_end_chained_event) VALUES (709, 392, 'Up', 1, 0, 0, 0, 5, 0, 10, 0, 0, 5, null, 0, 0, 0, 0);
INSERT INTO card_event_choices (choice_id, event_id, choice_label, chain_index, speed, stamina, strength, willpower, intelligence, hp, mood, skill_point, character_favor, event_condition, is_random_value, is_random_attribute, is_random_block_training, is_end_chained_event) VALUES (710, 392, 'Down', 1, 0, 0, 0, 0, 5, -10, 0, 0, 0, null, 1, 0, 0, 0);
INSERT INTO card_event_choices (choice_id, event_id, choice_label, chain_index, speed, stamina, strength, willpower, intelligence, hp, mood, skill_point, character_favor, event_condition, is_random_value, is_random_attribute, is_random_block_training, is_end_chained_event) VALUES (711, 392, 'Down', 1, 0, 0, 0, 5, 5, 4, 1, 0, 5, null, 0, 0, 0, 0);
INSERT INTO card_events (event_id, event_name, uma_id, uma_name, category) VALUES (393, '(❯❯) 我想要的東西……', 20017, 'meisho-doto', '連鎖事件');
INSERT INTO card_event_choices (choice_id, event_id, choice_label, chain_index, speed, stamina, strength, willpower, intelligence, hp, mood, skill_point, character_favor, event_condition, is_random_value, is_random_attribute, is_random_block_training, is_end_chained_event) VALUES (712, 393, 'None', 2, 0, 0, 0, 0, 0, 10, 1, 15, 0, null, 0, 0, 0, 0);
INSERT INTO card_events (event_id, event_name, uma_id, uma_name, category) VALUES (394, '我……要改革', 20017, 'meisho-doto', '隨機事件');
INSERT INTO card_event_choices (choice_id, event_id, choice_label, chain_index, speed, stamina, strength, willpower, intelligence, hp, mood, skill_point, character_favor, event_condition, is_random_value, is_random_attribute, is_random_block_training, is_end_chained_event) VALUES (713, 394, 'Up', 2, 0, 0, 0, 0, 0, 10, 1, 0, 5, null, 0, 0, 0, 0);
INSERT INTO card_event_choices (choice_id, event_id, choice_label, chain_index, speed, stamina, strength, willpower, intelligence, hp, mood, skill_point, character_favor, event_condition, is_random_value, is_random_attribute, is_random_block_training, is_end_chained_event) VALUES (714, 394, 'Down', 2, 0, 0, 0, 15, 0, 0, 0, 0, 5, null, 0, 0, 0, 0);
INSERT INTO card_events (event_id, event_name, uma_id, uma_name, category) VALUES (395, '請……買根胡蘿蔔！', 20017, 'meisho-doto', '隨機事件');
INSERT INTO card_event_choices (choice_id, event_id, choice_label, chain_index, speed, stamina, strength, willpower, intelligence, hp, mood, skill_point, character_favor, event_condition, is_random_value, is_random_attribute, is_random_block_training, is_end_chained_event) VALUES (715, 395, 'Up', 2, 0, 0, 0, 0, 5, 10, 0, 0, 5, null, 0, 0, 0, 0);
INSERT INTO card_event_choices (choice_id, event_id, choice_label, chain_index, speed, stamina, strength, willpower, intelligence, hp, mood, skill_point, character_favor, event_condition, is_random_value, is_random_attribute, is_random_block_training, is_end_chained_event) VALUES (716, 395, 'Down', 2, 0, 0, 0, 0, 0, 0, 0, 0, 5, null, 0, 0, 0, 0);
INSERT INTO card_table (count, uma_id, uma_name) VALUES (144, 20018, 'mejiro-dober');
INSERT INTO card_events (event_id, event_name, uma_id, uma_name, category) VALUES (396, '(❯) 就算是受到稱讚', 20018, 'mejiro-dober', '連鎖事件');
INSERT INTO card_event_choices (choice_id, event_id, choice_label, chain_index, speed, stamina, strength, willpower, intelligence, hp, mood, skill_point, character_favor, event_condition, is_random_value, is_random_attribute, is_random_block_training, is_end_chained_event) VALUES (717, 396, 'None', 1, 0, 0, 0, 5, 0, 10, 0, 0, 0, null, 0, 0, 0, 0);
INSERT INTO card_events (event_id, event_name, uma_id, uma_name, category) VALUES (397, '(❯❯) 就算受到注視', 20018, 'mejiro-dober', '連鎖事件');
INSERT INTO card_event_choices (choice_id, event_id, choice_label, chain_index, speed, stamina, strength, willpower, intelligence, hp, mood, skill_point, character_favor, event_condition, is_random_value, is_random_attribute, is_random_block_training, is_end_chained_event) VALUES (718, 397, 'None', 2, 0, 5, 0, 0, 0, 5, 0, 0, 0, null, 1, 0, 0, 0);
INSERT INTO card_event_choices (choice_id, event_id, choice_label, chain_index, speed, stamina, strength, willpower, intelligence, hp, mood, skill_point, character_favor, event_condition, is_random_value, is_random_attribute, is_random_block_training, is_end_chained_event) VALUES (719, 397, 'None', 2, 0, 15, 0, 0, 0, 20, 0, 0, 0, null, 0, 0, 0, 0);
INSERT INTO card_events (event_id, event_name, uma_id, uma_name, category) VALUES (398, '可以做看看', 20018, 'mejiro-dober', '隨機事件');
INSERT INTO card_event_choices (choice_id, event_id, choice_label, chain_index, speed, stamina, strength, willpower, intelligence, hp, mood, skill_point, character_favor, event_condition, is_random_value, is_random_attribute, is_random_block_training, is_end_chained_event) VALUES (720, 398, 'Up', 2, 0, 0, 0, 0, 0, 15, 0, 0, 5, null, 0, 0, 0, 0);
INSERT INTO card_event_choices (choice_id, event_id, choice_label, chain_index, speed, stamina, strength, willpower, intelligence, hp, mood, skill_point, character_favor, event_condition, is_random_value, is_random_attribute, is_random_block_training, is_end_chained_event) VALUES (721, 398, 'Down', 2, 0, 0, 0, 0, 0, 0, 1, 15, 5, null, 0, 0, 0, 0);
INSERT INTO card_events (event_id, event_name, uma_id, uma_name, category) VALUES (399, '會感到高興嗎……', 20018, 'mejiro-dober', '隨機事件');
INSERT INTO card_event_choices (choice_id, event_id, choice_label, chain_index, speed, stamina, strength, willpower, intelligence, hp, mood, skill_point, character_favor, event_condition, is_random_value, is_random_attribute, is_random_block_training, is_end_chained_event) VALUES (722, 399, 'Up', 2, 0, 0, 0, 0, 0, 0, 0, 45, 5, null, 0, 0, 0, 0);
INSERT INTO card_event_choices (choice_id, event_id, choice_label, chain_index, speed, stamina, strength, willpower, intelligence, hp, mood, skill_point, character_favor, event_condition, is_random_value, is_random_attribute, is_random_block_training, is_end_chained_event) VALUES (723, 399, 'Down', 2, 0, 0, 0, 0, 0, 0, 0, 0, 5, null, 0, 0, 0, 0);
INSERT INTO card_table (count, uma_id, uma_name) VALUES (145, 20019, 'nice-nature');
INSERT INTO card_events (event_id, event_name, uma_id, uma_name, category) VALUES (400, '(❯) （程度適中的）善於努力', 20019, 'nice-nature', '連鎖事件');
INSERT INTO card_event_choices (choice_id, event_id, choice_label, chain_index, speed, stamina, strength, willpower, intelligence, hp, mood, skill_point, character_favor, event_condition, is_random_value, is_random_attribute, is_random_block_training, is_end_chained_event) VALUES (724, 400, 'None', 1, 0, 5, 0, 5, 0, 0, 0, 0, 0, null, 0, 0, 0, 0);
INSERT INTO card_events (event_id, event_name, uma_id, uma_name, category) VALUES (401, '(❯❯) 可預見的結果（即使如此！）', 20019, 'nice-nature', '連鎖事件');
INSERT INTO card_event_choices (choice_id, event_id, choice_label, chain_index, speed, stamina, strength, willpower, intelligence, hp, mood, skill_point, character_favor, event_condition, is_random_value, is_random_attribute, is_random_block_training, is_end_chained_event) VALUES (725, 401, 'None', 2, 0, 5, 0, 10, 0, 1, 0, 0, 0, null, 0, 0, 0, 0);
INSERT INTO card_events (event_id, event_name, uma_id, uma_name, category) VALUES (402, '（喵喵什麼的）並不適合我', 20019, 'nice-nature', '隨機事件');
INSERT INTO card_event_choices (choice_id, event_id, choice_label, chain_index, speed, stamina, strength, willpower, intelligence, hp, mood, skill_point, character_favor, event_condition, is_random_value, is_random_attribute, is_random_block_training, is_end_chained_event) VALUES (726, 402, 'Up', 2, 0, 0, 0, 0, 0, 20, 0, 0, 5, null, 0, 0, 0, 0);
INSERT INTO card_event_choices (choice_id, event_id, choice_label, chain_index, speed, stamina, strength, willpower, intelligence, hp, mood, skill_point, character_favor, event_condition, is_random_value, is_random_attribute, is_random_block_training, is_end_chained_event) VALUES (727, 402, 'Down', 2, 0, 0, 0, 0, 5, 10, 0, 0, 5, null, 0, 0, 0, 0);
INSERT INTO card_events (event_id, event_name, uma_id, uma_name, category) VALUES (403, '（好吃的）雞婆', 20019, 'nice-nature', '隨機事件');
INSERT INTO card_event_choices (choice_id, event_id, choice_label, chain_index, speed, stamina, strength, willpower, intelligence, hp, mood, skill_point, character_favor, event_condition, is_random_value, is_random_attribute, is_random_block_training, is_end_chained_event) VALUES (728, 403, 'Up', 2, 0, 0, 0, 0, 0, 0, 0, 0, 5, null, 0, 0, 0, 0);
INSERT INTO card_event_choices (choice_id, event_id, choice_label, chain_index, speed, stamina, strength, willpower, intelligence, hp, mood, skill_point, character_favor, event_condition, is_random_value, is_random_attribute, is_random_block_training, is_end_chained_event) VALUES (729, 403, 'Down', 2, 0, 0, 0, 0, 0, 4, 1, 0, 5, null, 0, 0, 0, 0);
INSERT INTO card_table (count, uma_id, uma_name) VALUES (146, 20020, 'king-halo');
INSERT INTO card_events (event_id, event_name, uma_id, uma_name, category) VALUES (404, '(❯) 一流的指導', 20020, 'king-halo', '連鎖事件');
INSERT INTO card_event_choices (choice_id, event_id, choice_label, chain_index, speed, stamina, strength, willpower, intelligence, hp, mood, skill_point, character_favor, event_condition, is_random_value, is_random_attribute, is_random_block_training, is_end_chained_event) VALUES (730, 404, 'None', 1, 10, 0, 0, 0, 0, 0, 0, 0, 0, null, 0, 0, 0, 0);
INSERT INTO card_events (event_id, event_name, uma_id, uma_name, category) VALUES (405, '(❯❯) 一流的商量對象', 20020, 'king-halo', '連鎖事件');
INSERT INTO card_event_choices (choice_id, event_id, choice_label, chain_index, speed, stamina, strength, willpower, intelligence, hp, mood, skill_point, character_favor, event_condition, is_random_value, is_random_attribute, is_random_block_training, is_end_chained_event) VALUES (731, 405, 'None', 2, 15, 0, 0, 0, 0, 0, 0, 15, 0, null, 0, 0, 0, 0);
INSERT INTO card_events (event_id, event_name, uma_id, uma_name, category) VALUES (406, '給你陪我的權利！', 20020, 'king-halo', '隨機事件');
INSERT INTO card_event_choices (choice_id, event_id, choice_label, chain_index, speed, stamina, strength, willpower, intelligence, hp, mood, skill_point, character_favor, event_condition, is_random_value, is_random_attribute, is_random_block_training, is_end_chained_event) VALUES (732, 406, 'Up', 2, 10, 0, 10, 0, 5, -20, 0, 0, 5, null, 0, 0, 0, 0);
INSERT INTO card_event_choices (choice_id, event_id, choice_label, chain_index, speed, stamina, strength, willpower, intelligence, hp, mood, skill_point, character_favor, event_condition, is_random_value, is_random_attribute, is_random_block_training, is_end_chained_event) VALUES (733, 406, 'Down', 2, 0, 0, 0, 25, 0, 0, -1, 0, 5, null, 0, 0, 0, 0);
INSERT INTO card_events (event_id, event_name, uma_id, uma_name, category) VALUES (407, '給你建議我的權利！', 20020, 'king-halo', '隨機事件');
INSERT INTO card_event_choices (choice_id, event_id, choice_label, chain_index, speed, stamina, strength, willpower, intelligence, hp, mood, skill_point, character_favor, event_condition, is_random_value, is_random_attribute, is_random_block_training, is_end_chained_event) VALUES (734, 407, 'Up', 2, 0, 0, 0, 10, 5, 0, 0, 0, 5, null, 0, 0, 0, 0);
INSERT INTO card_event_choices (choice_id, event_id, choice_label, chain_index, speed, stamina, strength, willpower, intelligence, hp, mood, skill_point, character_favor, event_condition, is_random_value, is_random_attribute, is_random_block_training, is_end_chained_event) VALUES (735, 407, 'Down', 2, 0, 0, 0, 0, 0, 0, 0, 0, 5, null, 0, 0, 0, 0);
INSERT INTO card_table (count, uma_id, uma_name) VALUES (147, 20021, 'aoi-kiryuin');
INSERT INTO card_events (event_id, event_name, uma_id, uma_name, category) VALUES (408, '(❯) 應當親身學習！', 20021, 'aoi-kiryuin', '外出');
INSERT INTO card_event_choices (choice_id, event_id, choice_label, chain_index, speed, stamina, strength, willpower, intelligence, hp, mood, skill_point, character_favor, event_condition, is_random_value, is_random_attribute, is_random_block_training, is_end_chained_event) VALUES (736, 408, 'None', 1, 0, 0, 0, 0, 0, 25, 2, 30, 5, null, 0, 0, 0, 0);
INSERT INTO card_events (event_id, event_name, uma_id, uma_name, category) VALUES (409, '(❯❯) 在公園的玩法', 20021, 'aoi-kiryuin', '外出');
INSERT INTO card_event_choices (choice_id, event_id, choice_label, chain_index, speed, stamina, strength, willpower, intelligence, hp, mood, skill_point, character_favor, event_condition, is_random_value, is_random_attribute, is_random_block_training, is_end_chained_event) VALUES (737, 409, 'Up', 2, 0, 0, 0, 0, 5, 25, 1, 0, 5, null, 0, 1, 0, 0);
INSERT INTO card_event_choices (choice_id, event_id, choice_label, chain_index, speed, stamina, strength, willpower, intelligence, hp, mood, skill_point, character_favor, event_condition, is_random_value, is_random_attribute, is_random_block_training, is_end_chained_event) VALUES (738, 409, 'Down', 2, 0, 0, 0, 0, 0, 0, 0, 15, 5, null, 1, 0, 0, 0);
INSERT INTO card_event_choices (choice_id, event_id, choice_label, chain_index, speed, stamina, strength, willpower, intelligence, hp, mood, skill_point, character_favor, event_condition, is_random_value, is_random_attribute, is_random_block_training, is_end_chained_event) VALUES (739, 409, 'Down', 2, 5, 0, 0, 0, 0, 0, 1, 45, 5, null, 0, 0, 0, 0);
INSERT INTO card_events (event_id, event_name, uma_id, uma_name, category) VALUES (410, '(❯❯❯) 暴走訓練', 20021, 'aoi-kiryuin', '外出');
INSERT INTO card_event_choices (choice_id, event_id, choice_label, chain_index, speed, stamina, strength, willpower, intelligence, hp, mood, skill_point, character_favor, event_condition, is_random_value, is_random_attribute, is_random_block_training, is_end_chained_event) VALUES (740, 410, 'None', 3, 0, 0, 0, 0, 0, 20, 1, 30, 5, null, 0, 0, 0, 0);
INSERT INTO card_events (event_id, event_name, uma_id, uma_name, category) VALUES (411, '(❯❯❯❯) 名為尊重的幸福', 20021, 'aoi-kiryuin', '外出');
INSERT INTO card_event_choices (choice_id, event_id, choice_label, chain_index, speed, stamina, strength, willpower, intelligence, hp, mood, skill_point, character_favor, event_condition, is_random_value, is_random_attribute, is_random_block_training, is_end_chained_event) VALUES (741, 411, 'None', 4, 0, 0, 10, 0, 0, 0, 1, 45, 5, null, 0, 0, 0, 0);
INSERT INTO card_events (event_id, event_name, uma_id, uma_name, category) VALUES (412, '(❯❯❯❯❯) 只要還在追逐夢想', 20021, 'aoi-kiryuin', '外出');
INSERT INTO card_event_choices (choice_id, event_id, choice_label, chain_index, speed, stamina, strength, willpower, intelligence, hp, mood, skill_point, character_favor, event_condition, is_random_value, is_random_attribute, is_random_block_training, is_end_chained_event) VALUES (742, 412, 'None', 5, 0, 5, 0, 0, 0, 0, 0, 15, 5, null, 1, 1, 0, 0);
INSERT INTO card_event_choices (choice_id, event_id, choice_label, chain_index, speed, stamina, strength, willpower, intelligence, hp, mood, skill_point, character_favor, event_condition, is_random_value, is_random_attribute, is_random_block_training, is_end_chained_event) VALUES (743, 412, 'None', 5, 0, 5, 5, 5, 0, 0, 1, 45, 5, null, 0, 0, 0, 0);
INSERT INTO card_events (event_id, event_name, uma_id, uma_name, category) VALUES (413, '訓練員心得「力求不斷改善指導內容」', 20021, 'aoi-kiryuin', '隨機事件');
INSERT INTO card_event_choices (choice_id, event_id, choice_label, chain_index, speed, stamina, strength, willpower, intelligence, hp, mood, skill_point, character_favor, event_condition, is_random_value, is_random_attribute, is_random_block_training, is_end_chained_event) VALUES (744, 413, 'Up', 5, 0, 0, 0, 0, 0, 10, 0, 15, 5, null, 0, 0, 0, 0);
INSERT INTO card_event_choices (choice_id, event_id, choice_label, chain_index, speed, stamina, strength, willpower, intelligence, hp, mood, skill_point, character_favor, event_condition, is_random_value, is_random_attribute, is_random_block_training, is_end_chained_event) VALUES (745, 413, 'Down', 5, 5, 0, 0, 0, 5, 0, 0, 0, 5, null, 0, 0, 0, 0);
INSERT INTO card_events (event_id, event_name, uma_id, uma_name, category) VALUES (414, '尋找興趣', 20021, 'aoi-kiryuin', '隨機事件');
INSERT INTO card_event_choices (choice_id, event_id, choice_label, chain_index, speed, stamina, strength, willpower, intelligence, hp, mood, skill_point, character_favor, event_condition, is_random_value, is_random_attribute, is_random_block_training, is_end_chained_event) VALUES (746, 414, 'Up', 5, 0, 0, 0, 0, 0, 20, 1, 15, 5, null, 0, 0, 0, 0);
INSERT INTO card_event_choices (choice_id, event_id, choice_label, chain_index, speed, stamina, strength, willpower, intelligence, hp, mood, skill_point, character_favor, event_condition, is_random_value, is_random_attribute, is_random_block_training, is_end_chained_event) VALUES (747, 414, 'Down', 5, 0, 0, 0, 0, 0, 0, -1, 0, -5, null, 0, 0, 0, 1);
INSERT INTO card_events (event_id, event_name, uma_id, uma_name, category) VALUES (415, '同期的桐生院訓練員', 20021, 'aoi-kiryuin', '特殊事件');
INSERT INTO card_event_choices (choice_id, event_id, choice_label, chain_index, speed, stamina, strength, willpower, intelligence, hp, mood, skill_point, character_favor, event_condition, is_random_value, is_random_attribute, is_random_block_training, is_end_chained_event) VALUES (748, 415, 'None', 5, 0, 0, 0, 0, 0, 0, 1, 15, 5, null, 0, 0, 0, 0);
INSERT INTO card_events (event_id, event_name, uma_id, uma_name, category) VALUES (416, '辛苦了！', 20021, 'aoi-kiryuin', '特殊事件');
INSERT INTO card_event_choices (choice_id, event_id, choice_label, chain_index, speed, stamina, strength, willpower, intelligence, hp, mood, skill_point, character_favor, event_condition, is_random_value, is_random_attribute, is_random_block_training, is_end_chained_event) VALUES (749, 416, 'None', 5, 0, 0, 0, 0, 3, 0, 1, 0, 5, null, 0, 1, 0, 0);
INSERT INTO card_events (event_id, event_name, uma_id, uma_name, category) VALUES (417, '最初的一本獻給你', 20021, 'aoi-kiryuin', '特殊事件');
INSERT INTO card_event_choices (choice_id, event_id, choice_label, chain_index, speed, stamina, strength, willpower, intelligence, hp, mood, skill_point, character_favor, event_condition, is_random_value, is_random_attribute, is_random_block_training, is_end_chained_event) VALUES (750, 417, 'None', 5, 5, 5, 5, 5, 5, 0, 0, 0, 0, null, 0, 0, 0, 0);
INSERT INTO card_events (event_id, event_name, uma_id, uma_name, category) VALUES (418, '派對就辦在那個地方', 20021, 'aoi-kiryuin', '特殊事件');
INSERT INTO card_event_choices (choice_id, event_id, choice_label, chain_index, speed, stamina, strength, willpower, intelligence, hp, mood, skill_point, character_favor, event_condition, is_random_value, is_random_attribute, is_random_block_training, is_end_chained_event) VALUES (751, 418, 'None', 5, 0, 0, 0, 0, 0, 0, 0, 0, 0, null, 0, 0, 0, 0);
INSERT INTO card_events (event_id, event_name, uma_id, uma_name, category) VALUES (419, '和葵之間的情誼．成為一個好的指導者', 20021, 'aoi-kiryuin', '特殊事件');
INSERT INTO card_event_choices (choice_id, event_id, choice_label, chain_index, speed, stamina, strength, willpower, intelligence, hp, mood, skill_point, character_favor, event_condition, is_random_value, is_random_attribute, is_random_block_training, is_end_chained_event) VALUES (752, 419, 'None', 5, 0, 0, 0, 0, 15, 0, 1, 15, 5, null, 0, 0, 0, 0);
INSERT INTO card_table (count, uma_id, uma_name) VALUES (148, 20022, 'tamamo-cross');
INSERT INTO card_events (event_id, event_name, uma_id, uma_name, category) VALUES (420, '(❯) 人情狂想曲', 20022, 'tamamo-cross', '連鎖事件');
INSERT INTO card_event_choices (choice_id, event_id, choice_label, chain_index, speed, stamina, strength, willpower, intelligence, hp, mood, skill_point, character_favor, event_condition, is_random_value, is_random_attribute, is_random_block_training, is_end_chained_event) VALUES (753, 420, 'Up', 1, 5, 0, 0, 0, 0, 0, 1, 0, 5, null, 0, 0, 0, 0);
INSERT INTO card_event_choices (choice_id, event_id, choice_label, chain_index, speed, stamina, strength, willpower, intelligence, hp, mood, skill_point, character_favor, event_condition, is_random_value, is_random_attribute, is_random_block_training, is_end_chained_event) VALUES (754, 420, 'Down', 1, 0, 5, 0, 0, 0, 10, 0, 0, 5, null, 0, 0, 0, 0);
INSERT INTO card_events (event_id, event_name, uma_id, uma_name, category) VALUES (421, '(❯❯) 買賣之道即做人之道', 20022, 'tamamo-cross', '連鎖事件');
INSERT INTO card_event_choices (choice_id, event_id, choice_label, chain_index, speed, stamina, strength, willpower, intelligence, hp, mood, skill_point, character_favor, event_condition, is_random_value, is_random_attribute, is_random_block_training, is_end_chained_event) VALUES (755, 421, 'Up', 2, 10, 0, 0, 0, 0, 0, 0, 10, 5, null, 0, 0, 0, 0);
INSERT INTO card_event_choices (choice_id, event_id, choice_label, chain_index, speed, stamina, strength, willpower, intelligence, hp, mood, skill_point, character_favor, event_condition, is_random_value, is_random_attribute, is_random_block_training, is_end_chained_event) VALUES (756, 421, 'Down', 2, 0, 10, 0, 0, 0, 0, 0, 10, 5, null, 0, 0, 0, 0);
INSERT INTO card_events (event_id, event_name, uma_id, uma_name, category) VALUES (422, '玉藻前輩的學園介紹', 20022, 'tamamo-cross', '隨機事件');
INSERT INTO card_event_choices (choice_id, event_id, choice_label, chain_index, speed, stamina, strength, willpower, intelligence, hp, mood, skill_point, character_favor, event_condition, is_random_value, is_random_attribute, is_random_block_training, is_end_chained_event) VALUES (757, 422, 'Up', 2, 0, 0, 0, 0, 10, 0, 0, 0, 5, null, 0, 0, 0, 0);
INSERT INTO card_event_choices (choice_id, event_id, choice_label, chain_index, speed, stamina, strength, willpower, intelligence, hp, mood, skill_point, character_favor, event_condition, is_random_value, is_random_attribute, is_random_block_training, is_end_chained_event) VALUES (758, 422, 'Down', 2, 0, 5, 0, 5, 0, 0, 0, 0, 5, null, 0, 0, 0, 0);
INSERT INTO card_events (event_id, event_name, uma_id, uma_name, category) VALUES (423, '不能輸的戰鬥！', 20022, 'tamamo-cross', '隨機事件');
INSERT INTO card_event_choices (choice_id, event_id, choice_label, chain_index, speed, stamina, strength, willpower, intelligence, hp, mood, skill_point, character_favor, event_condition, is_random_value, is_random_attribute, is_random_block_training, is_end_chained_event) VALUES (759, 423, 'Up', 2, 0, 0, 0, 0, 0, 0, 0, 0, 5, null, 0, 0, 0, 0);
INSERT INTO card_event_choices (choice_id, event_id, choice_label, chain_index, speed, stamina, strength, willpower, intelligence, hp, mood, skill_point, character_favor, event_condition, is_random_value, is_random_attribute, is_random_block_training, is_end_chained_event) VALUES (760, 423, 'Down', 2, 0, 5, 0, 0, 5, 0, 0, 0, 5, null, 0, 0, 0, 0);
INSERT INTO card_table (count, uma_id, uma_name) VALUES (149, 20023, 'sweep-tosho');
INSERT INTO card_events (event_id, event_name, uma_id, uma_name, category) VALUES (424, '(❯) 珍藏的好朋友？', 20023, 'sweep-tosho', '連鎖事件');
INSERT INTO card_event_choices (choice_id, event_id, choice_label, chain_index, speed, stamina, strength, willpower, intelligence, hp, mood, skill_point, character_favor, event_condition, is_random_value, is_random_attribute, is_random_block_training, is_end_chained_event) VALUES (761, 424, 'Up', 1, 5, 0, 0, 0, 0, 0, 0, 10, 5, null, 0, 0, 0, 0);
INSERT INTO card_event_choices (choice_id, event_id, choice_label, chain_index, speed, stamina, strength, willpower, intelligence, hp, mood, skill_point, character_favor, event_condition, is_random_value, is_random_attribute, is_random_block_training, is_end_chained_event) VALUES (762, 424, 'Down', 1, 0, 0, 0, 0, 0, 0, -1, 0, 0, null, 0, 0, 0, 0);
INSERT INTO card_events (event_id, event_name, uma_id, uma_name, category) VALUES (425, '(❯❯) 惡作劇要有計畫性', 20023, 'sweep-tosho', '連鎖事件');
INSERT INTO card_event_choices (choice_id, event_id, choice_label, chain_index, speed, stamina, strength, willpower, intelligence, hp, mood, skill_point, character_favor, event_condition, is_random_value, is_random_attribute, is_random_block_training, is_end_chained_event) VALUES (763, 425, 'Up', 2, 10, 0, 0, 0, 0, 0, 0, 20, 5, null, 0, 0, 0, 0);
INSERT INTO card_event_choices (choice_id, event_id, choice_label, chain_index, speed, stamina, strength, willpower, intelligence, hp, mood, skill_point, character_favor, event_condition, is_random_value, is_random_attribute, is_random_block_training, is_end_chained_event) VALUES (764, 425, 'Down', 2, 0, 0, 0, 0, 0, 0, -1, 0, 0, null, 0, 0, 0, 0);
INSERT INTO card_events (event_id, event_name, uma_id, uma_name, category) VALUES (426, 'Miracle☆Escape！', 20023, 'sweep-tosho', '隨機事件');
INSERT INTO card_event_choices (choice_id, event_id, choice_label, chain_index, speed, stamina, strength, willpower, intelligence, hp, mood, skill_point, character_favor, event_condition, is_random_value, is_random_attribute, is_random_block_training, is_end_chained_event) VALUES (765, 426, 'Up', 2, 5, 0, 0, 0, 0, 10, 0, 0, 5, null, 0, 0, 0, 0);
INSERT INTO card_event_choices (choice_id, event_id, choice_label, chain_index, speed, stamina, strength, willpower, intelligence, hp, mood, skill_point, character_favor, event_condition, is_random_value, is_random_attribute, is_random_block_training, is_end_chained_event) VALUES (766, 426, 'Down', 2, 20, 0, 0, 0, 0, -10, 0, 0, 5, null, 0, 0, 0, 0);
INSERT INTO card_events (event_id, event_name, uma_id, uma_name, category) VALUES (427, 'Wonderful☆Mistake！', 20023, 'sweep-tosho', '隨機事件');
INSERT INTO card_event_choices (choice_id, event_id, choice_label, chain_index, speed, stamina, strength, willpower, intelligence, hp, mood, skill_point, character_favor, event_condition, is_random_value, is_random_attribute, is_random_block_training, is_end_chained_event) VALUES (767, 427, 'Up', 2, 0, 0, 0, 0, 0, -15, 0, 40, 0, null, 1, 0, 0, 0);
INSERT INTO card_event_choices (choice_id, event_id, choice_label, chain_index, speed, stamina, strength, willpower, intelligence, hp, mood, skill_point, character_favor, event_condition, is_random_value, is_random_attribute, is_random_block_training, is_end_chained_event) VALUES (768, 427, 'Up', 2, 0, 0, 0, 0, 0, -20, 0, 40, 5, null, 0, 0, 0, 0);
INSERT INTO card_event_choices (choice_id, event_id, choice_label, chain_index, speed, stamina, strength, willpower, intelligence, hp, mood, skill_point, character_favor, event_condition, is_random_value, is_random_attribute, is_random_block_training, is_end_chained_event) VALUES (769, 427, 'Down', 2, 0, 0, 0, 0, 0, 0, 0, 0, 5, '討人喜歡○', 0, 0, 0, 0);
INSERT INTO card_table (count, uma_id, uma_name) VALUES (150, 20024, 'daitaku-helios');
INSERT INTO card_events (event_id, event_name, uma_id, uma_name, category) VALUES (428, '(❯) #bff #Party!', 20024, 'daitaku-helios', '連鎖事件');
INSERT INTO card_event_choices (choice_id, event_id, choice_label, chain_index, speed, stamina, strength, willpower, intelligence, hp, mood, skill_point, character_favor, event_condition, is_random_value, is_random_attribute, is_random_block_training, is_end_chained_event) VALUES (770, 428, 'Up', 1, 0, 0, 10, 0, 0, 0, 0, 0, 5, null, 0, 0, 0, 0);
INSERT INTO card_event_choices (choice_id, event_id, choice_label, chain_index, speed, stamina, strength, willpower, intelligence, hp, mood, skill_point, character_favor, event_condition, is_random_value, is_random_attribute, is_random_block_training, is_end_chained_event) VALUES (771, 428, 'Down', 1, 10, 0, 0, 0, 0, 0, 0, 0, 5, null, 0, 0, 0, 0);
INSERT INTO card_events (event_id, event_name, uma_id, uma_name, category) VALUES (429, '(❯❯) #lol #Party!! #2nd', 20024, 'daitaku-helios', '連鎖事件');
INSERT INTO card_event_choices (choice_id, event_id, choice_label, chain_index, speed, stamina, strength, willpower, intelligence, hp, mood, skill_point, character_favor, event_condition, is_random_value, is_random_attribute, is_random_block_training, is_end_chained_event) VALUES (772, 429, 'Up', 2, 10, 0, 10, 0, 0, 0, 0, 0, 5, null, 0, 1, 0, 0);
INSERT INTO card_event_choices (choice_id, event_id, choice_label, chain_index, speed, stamina, strength, willpower, intelligence, hp, mood, skill_point, character_favor, event_condition, is_random_value, is_random_attribute, is_random_block_training, is_end_chained_event) VALUES (773, 429, 'Down', 2, 0, 0, 0, 0, 0, 20, 0, 0, 5, null, 0, 0, 0, 0);
INSERT INTO card_events (event_id, event_name, uma_id, uma_name, category) VALUES (430, '遭遇太陽☆', 20024, 'daitaku-helios', '隨機事件');
INSERT INTO card_event_choices (choice_id, event_id, choice_label, chain_index, speed, stamina, strength, willpower, intelligence, hp, mood, skill_point, character_favor, event_condition, is_random_value, is_random_attribute, is_random_block_training, is_end_chained_event) VALUES (774, 430, 'Up', 2, 0, 0, 10, 0, 0, 0, 0, 0, 5, null, 0, 0, 0, 0);
INSERT INTO card_event_choices (choice_id, event_id, choice_label, chain_index, speed, stamina, strength, willpower, intelligence, hp, mood, skill_point, character_favor, event_condition, is_random_value, is_random_attribute, is_random_block_training, is_end_chained_event) VALUES (775, 430, 'Down', 2, 0, 0, 0, 0, 0, 0, 0, 0, 5, '備受矚目', 0, 0, 0, 0);
INSERT INTO card_events (event_id, event_name, uma_id, uma_name, category) VALUES (431, '笑容Forever', 20024, 'daitaku-helios', '隨機事件');
INSERT INTO card_event_choices (choice_id, event_id, choice_label, chain_index, speed, stamina, strength, willpower, intelligence, hp, mood, skill_point, character_favor, event_condition, is_random_value, is_random_attribute, is_random_block_training, is_end_chained_event) VALUES (776, 431, 'Up', 2, 5, 0, 10, 0, 0, 0, 0, 0, 5, null, 0, 0, 0, 0);
INSERT INTO card_event_choices (choice_id, event_id, choice_label, chain_index, speed, stamina, strength, willpower, intelligence, hp, mood, skill_point, character_favor, event_condition, is_random_value, is_random_attribute, is_random_block_training, is_end_chained_event) VALUES (777, 431, 'Down', 2, 0, 0, 0, 0, 0, 0, 0, 0, 5, null, 0, 0, 0, 0);
INSERT INTO card_table (count, uma_id, uma_name) VALUES (151, 20025, 'ikuno-dictus');
INSERT INTO card_events (event_id, event_name, uma_id, uma_name, category) VALUES (432, '(❯) 生野式友情的做法', 20025, 'ikuno-dictus', '連鎖事件');
INSERT INTO card_event_choices (choice_id, event_id, choice_label, chain_index, speed, stamina, strength, willpower, intelligence, hp, mood, skill_point, character_favor, event_condition, is_random_value, is_random_attribute, is_random_block_training, is_end_chained_event) VALUES (778, 432, 'None', 1, 0, 0, 0, 0, 10, 0, 0, 20, 0, null, 0, 0, 0, 0);
INSERT INTO card_events (event_id, event_name, uma_id, uma_name, category) VALUES (433, '(❯❯) 生野式支援的做法', 20025, 'ikuno-dictus', '連鎖事件');
INSERT INTO card_event_choices (choice_id, event_id, choice_label, chain_index, speed, stamina, strength, willpower, intelligence, hp, mood, skill_point, character_favor, event_condition, is_random_value, is_random_attribute, is_random_block_training, is_end_chained_event) VALUES (779, 433, 'Up', 2, 0, 0, 0, 0, 15, 0, 0, 0, 5, null, 0, 0, 0, 0);
INSERT INTO card_event_choices (choice_id, event_id, choice_label, chain_index, speed, stamina, strength, willpower, intelligence, hp, mood, skill_point, character_favor, event_condition, is_random_value, is_random_attribute, is_random_block_training, is_end_chained_event) VALUES (780, 433, 'Down', 2, 0, 0, 0, 0, 15, 0, 0, 0, 5, null, 0, 0, 0, 0);
INSERT INTO card_events (event_id, event_name, uma_id, uma_name, category) VALUES (434, '生野式萬全的做法', 20025, 'ikuno-dictus', '隨機事件');
INSERT INTO card_event_choices (choice_id, event_id, choice_label, chain_index, speed, stamina, strength, willpower, intelligence, hp, mood, skill_point, character_favor, event_condition, is_random_value, is_random_attribute, is_random_block_training, is_end_chained_event) VALUES (781, 434, 'Up', 2, 0, 0, 0, 0, 10, 0, 0, 0, 5, null, 0, 0, 0, 0);
INSERT INTO card_event_choices (choice_id, event_id, choice_label, chain_index, speed, stamina, strength, willpower, intelligence, hp, mood, skill_point, character_favor, event_condition, is_random_value, is_random_attribute, is_random_block_training, is_end_chained_event) VALUES (782, 434, 'Down', 2, 0, 0, 0, 0, 0, 0, 0, 30, 5, null, 0, 0, 0, 0);
INSERT INTO card_events (event_id, event_name, uma_id, uma_name, category) VALUES (435, '生野式管理論', 20025, 'ikuno-dictus', '隨機事件');
INSERT INTO card_event_choices (choice_id, event_id, choice_label, chain_index, speed, stamina, strength, willpower, intelligence, hp, mood, skill_point, character_favor, event_condition, is_random_value, is_random_attribute, is_random_block_training, is_end_chained_event) VALUES (783, 435, 'Up', 2, 0, 20, 0, 0, 0, 0, 0, 0, 5, null, 0, 0, 0, 0);
INSERT INTO card_event_choices (choice_id, event_id, choice_label, chain_index, speed, stamina, strength, willpower, intelligence, hp, mood, skill_point, character_favor, event_condition, is_random_value, is_random_attribute, is_random_block_training, is_end_chained_event) VALUES (784, 435, 'Down', 2, 0, 0, 0, 0, 0, 0, 0, 0, 5, null, 0, 0, 0, 0);
INSERT INTO card_table (count, uma_id, uma_name) VALUES (152, 20026, 'nice-nature');
INSERT INTO card_events (event_id, event_name, uma_id, uma_name, category) VALUES (436, '(❯) 追逐背影', 20026, 'nice-nature', '連鎖事件');
INSERT INTO card_event_choices (choice_id, event_id, choice_label, chain_index, speed, stamina, strength, willpower, intelligence, hp, mood, skill_point, character_favor, event_condition, is_random_value, is_random_attribute, is_random_block_training, is_end_chained_event) VALUES (785, 436, 'Up', 1, 0, 0, 0, 0, 3, 5, 0, 0, 5, null, 0, 0, 0, 0);
INSERT INTO card_event_choices (choice_id, event_id, choice_label, chain_index, speed, stamina, strength, willpower, intelligence, hp, mood, skill_point, character_favor, event_condition, is_random_value, is_random_attribute, is_random_block_training, is_end_chained_event) VALUES (786, 436, 'Down', 1, 0, 0, 0, 0, 0, 0, 0, 0, 20, null, 0, 0, 0, 0);
INSERT INTO card_events (event_id, event_name, uma_id, uma_name, category) VALUES (437, '(❯❯) 背後迎來的順風', 20026, 'nice-nature', '連鎖事件');
INSERT INTO card_event_choices (choice_id, event_id, choice_label, chain_index, speed, stamina, strength, willpower, intelligence, hp, mood, skill_point, character_favor, event_condition, is_random_value, is_random_attribute, is_random_block_training, is_end_chained_event) VALUES (787, 437, 'None', 2, 0, 0, 0, 0, 5, 10, 0, 0, 5, null, 0, 0, 0, 0);
INSERT INTO card_events (event_id, event_name, uma_id, uma_name, category) VALUES (438, '（喵喵什麼的）並不適合我', 20026, 'nice-nature', '隨機事件');
INSERT INTO card_event_choices (choice_id, event_id, choice_label, chain_index, speed, stamina, strength, willpower, intelligence, hp, mood, skill_point, character_favor, event_condition, is_random_value, is_random_attribute, is_random_block_training, is_end_chained_event) VALUES (788, 438, 'Up', 2, 0, 0, 0, 0, 0, 20, 0, 0, 5, null, 0, 0, 0, 0);
INSERT INTO card_event_choices (choice_id, event_id, choice_label, chain_index, speed, stamina, strength, willpower, intelligence, hp, mood, skill_point, character_favor, event_condition, is_random_value, is_random_attribute, is_random_block_training, is_end_chained_event) VALUES (789, 438, 'Down', 2, 0, 0, 0, 0, 5, 10, 0, 0, 5, null, 0, 0, 0, 0);
INSERT INTO card_events (event_id, event_name, uma_id, uma_name, category) VALUES (439, '（好吃的）雞婆', 20026, 'nice-nature', '隨機事件');
INSERT INTO card_event_choices (choice_id, event_id, choice_label, chain_index, speed, stamina, strength, willpower, intelligence, hp, mood, skill_point, character_favor, event_condition, is_random_value, is_random_attribute, is_random_block_training, is_end_chained_event) VALUES (790, 439, 'Up', 2, 0, 0, 0, 0, 0, 0, 0, 0, 5, null, 0, 0, 0, 0);
INSERT INTO card_event_choices (choice_id, event_id, choice_label, chain_index, speed, stamina, strength, willpower, intelligence, hp, mood, skill_point, character_favor, event_condition, is_random_value, is_random_attribute, is_random_block_training, is_end_chained_event) VALUES (791, 439, 'Down', 2, 0, 0, 0, 0, 0, 4, 1, 0, 5, null, 0, 0, 0, 0);
INSERT INTO card_table (count, uma_id, uma_name) VALUES (153, 20027, 'nishino-flower');
INSERT INTO card_events (event_id, event_name, uma_id, uma_name, category) VALUES (440, '(❯) 希望妳能休息……！', 20027, 'nishino-flower', '連鎖事件');
INSERT INTO card_event_choices (choice_id, event_id, choice_label, chain_index, speed, stamina, strength, willpower, intelligence, hp, mood, skill_point, character_favor, event_condition, is_random_value, is_random_attribute, is_random_block_training, is_end_chained_event) VALUES (792, 440, 'None', 1, 3, 0, 3, 0, 3, 0, 1, 0, 0, null, 0, 0, 0, 0);
INSERT INTO card_events (event_id, event_name, uma_id, uma_name, category) VALUES (441, '(❯❯) 想要說聲謝謝……！', 20027, 'nishino-flower', '連鎖事件');
INSERT INTO card_event_choices (choice_id, event_id, choice_label, chain_index, speed, stamina, strength, willpower, intelligence, hp, mood, skill_point, character_favor, event_condition, is_random_value, is_random_attribute, is_random_block_training, is_end_chained_event) VALUES (793, 441, 'Up', 2, 0, 0, 5, 0, 0, 0, 0, 0, 5, null, 0, 0, 0, 0);
INSERT INTO card_event_choices (choice_id, event_id, choice_label, chain_index, speed, stamina, strength, willpower, intelligence, hp, mood, skill_point, character_favor, event_condition, is_random_value, is_random_attribute, is_random_block_training, is_end_chained_event) VALUES (794, 441, 'Down', 2, 0, 0, 0, 0, 5, 0, 0, 0, 5, null, 0, 0, 0, 0);
INSERT INTO card_events (event_id, event_name, uma_id, uma_name, category) VALUES (442, '溫暖的愛心便當', 20027, 'nishino-flower', '隨機事件');
INSERT INTO card_event_choices (choice_id, event_id, choice_label, chain_index, speed, stamina, strength, willpower, intelligence, hp, mood, skill_point, character_favor, event_condition, is_random_value, is_random_attribute, is_random_block_training, is_end_chained_event) VALUES (795, 442, 'Up', 2, 0, 0, 0, 0, 0, 0, 0, 0, 5, '討人喜歡○', 0, 0, 0, 0);
INSERT INTO card_event_choices (choice_id, event_id, choice_label, chain_index, speed, stamina, strength, willpower, intelligence, hp, mood, skill_point, character_favor, event_condition, is_random_value, is_random_attribute, is_random_block_training, is_end_chained_event) VALUES (796, 442, 'Down', 2, 0, 0, 0, 0, 0, 20, 0, 0, 5, null, 0, 0, 0, 0);
INSERT INTO card_events (event_id, event_name, uma_id, uma_name, category) VALUES (443, '要開美美的花喔♪', 20027, 'nishino-flower', '隨機事件');
INSERT INTO card_event_choices (choice_id, event_id, choice_label, chain_index, speed, stamina, strength, willpower, intelligence, hp, mood, skill_point, character_favor, event_condition, is_random_value, is_random_attribute, is_random_block_training, is_end_chained_event) VALUES (797, 443, 'Up', 2, 0, 0, 0, 0, 15, 0, 0, 0, 5, null, 0, 0, 0, 0);
INSERT INTO card_event_choices (choice_id, event_id, choice_label, chain_index, speed, stamina, strength, willpower, intelligence, hp, mood, skill_point, character_favor, event_condition, is_random_value, is_random_attribute, is_random_block_training, is_end_chained_event) VALUES (798, 443, 'Down', 2, 10, 0, 5, 0, 0, 0, 0, 0, 5, null, 0, 0, 0, 0);
INSERT INTO card_table (count, uma_id, uma_name) VALUES (154, 20028, 'zenno-rob-roy');
INSERT INTO card_events (event_id, event_name, uma_id, uma_name, category) VALUES (444, '(❯) 閱讀少女和魔法少女？', 20028, 'zenno-rob-roy', '連鎖事件');
INSERT INTO card_event_choices (choice_id, event_id, choice_label, chain_index, speed, stamina, strength, willpower, intelligence, hp, mood, skill_point, character_favor, event_condition, is_random_value, is_random_attribute, is_random_block_training, is_end_chained_event) VALUES (799, 444, 'Up', 1, 0, 5, 0, 0, 5, 0, 0, 0, 5, null, 0, 0, 0, 0);
INSERT INTO card_event_choices (choice_id, event_id, choice_label, chain_index, speed, stamina, strength, willpower, intelligence, hp, mood, skill_point, character_favor, event_condition, is_random_value, is_random_attribute, is_random_block_training, is_end_chained_event) VALUES (800, 444, 'Down', 1, 0, 0, 10, 0, 0, 20, 0, 0, 5, null, 0, 0, 0, 1);
INSERT INTO card_events (event_id, event_name, uma_id, uma_name, category) VALUES (445, '(❯❯) 有一天要成為「故事」主角', 20028, 'zenno-rob-roy', '連鎖事件');
INSERT INTO card_event_choices (choice_id, event_id, choice_label, chain_index, speed, stamina, strength, willpower, intelligence, hp, mood, skill_point, character_favor, event_condition, is_random_value, is_random_attribute, is_random_block_training, is_end_chained_event) VALUES (801, 445, 'None', 2, 0, 10, 0, 0, 10, 0, 0, 0, 0, null, 0, 0, 0, 0);
INSERT INTO card_events (event_id, event_name, uma_id, uma_name, category) VALUES (446, '愛書人常遇到的', 20028, 'zenno-rob-roy', '隨機事件');
INSERT INTO card_event_choices (choice_id, event_id, choice_label, chain_index, speed, stamina, strength, willpower, intelligence, hp, mood, skill_point, character_favor, event_condition, is_random_value, is_random_attribute, is_random_block_training, is_end_chained_event) VALUES (802, 446, 'Up', 2, 5, 0, 0, 0, 5, 0, 0, 0, 5, null, 0, 0, 0, 0);
INSERT INTO card_event_choices (choice_id, event_id, choice_label, chain_index, speed, stamina, strength, willpower, intelligence, hp, mood, skill_point, character_favor, event_condition, is_random_value, is_random_attribute, is_random_block_training, is_end_chained_event) VALUES (803, 446, 'Down', 2, 0, 0, 5, 0, 0, 10, 0, 0, 5, null, 0, 0, 0, 0);
INSERT INTO card_events (event_id, event_name, uma_id, uma_name, category) VALUES (447, '被託付的故事', 20028, 'zenno-rob-roy', '隨機事件');
INSERT INTO card_event_choices (choice_id, event_id, choice_label, chain_index, speed, stamina, strength, willpower, intelligence, hp, mood, skill_point, character_favor, event_condition, is_random_value, is_random_attribute, is_random_block_training, is_end_chained_event) VALUES (804, 447, 'Up', 2, 0, 10, 0, 0, 10, 0, 0, 0, 5, null, 0, 0, 0, 0);
INSERT INTO card_event_choices (choice_id, event_id, choice_label, chain_index, speed, stamina, strength, willpower, intelligence, hp, mood, skill_point, character_favor, event_condition, is_random_value, is_random_attribute, is_random_block_training, is_end_chained_event) VALUES (805, 447, 'Down', 2, 0, 0, 0, 0, 0, 0, 0, 0, 5, null, 0, 0, 0, 0);
INSERT INTO card_table (count, uma_id, uma_name) VALUES (155, 20029, 'seeking-the-pearl');
INSERT INTO card_events (event_id, event_name, uma_id, uma_name, category) VALUES (448, '(❯) 不能用言語♪要用身體來表達！', 20029, 'seeking-the-pearl', '連鎖事件');
INSERT INTO card_event_choices (choice_id, event_id, choice_label, chain_index, speed, stamina, strength, willpower, intelligence, hp, mood, skill_point, character_favor, event_condition, is_random_value, is_random_attribute, is_random_block_training, is_end_chained_event) VALUES (806, 448, 'Up', 1, 0, 0, 0, 0, 0, 0, 1, 0, 5, null, 0, 0, 0, 0);
INSERT INTO card_event_choices (choice_id, event_id, choice_label, chain_index, speed, stamina, strength, willpower, intelligence, hp, mood, skill_point, character_favor, event_condition, is_random_value, is_random_attribute, is_random_block_training, is_end_chained_event) VALUES (807, 448, 'Middle', 1, 0, 0, 10, 10, 0, 0, 0, 0, 5, null, 0, 0, 0, 0);
INSERT INTO card_event_choices (choice_id, event_id, choice_label, chain_index, speed, stamina, strength, willpower, intelligence, hp, mood, skill_point, character_favor, event_condition, is_random_value, is_random_attribute, is_random_block_training, is_end_chained_event) VALUES (808, 448, 'Down', 1, 0, 0, 0, 0, 0, 30, 0, 0, 0, null, 0, 0, 0, 0);
INSERT INTO card_events (event_id, event_name, uma_id, uma_name, category) VALUES (449, '(❯❯) 不要放棄！可能性無限大！', 20029, 'seeking-the-pearl', '連鎖事件');
INSERT INTO card_event_choices (choice_id, event_id, choice_label, chain_index, speed, stamina, strength, willpower, intelligence, hp, mood, skill_point, character_favor, event_condition, is_random_value, is_random_attribute, is_random_block_training, is_end_chained_event) VALUES (809, 449, 'None', 2, 0, 0, 5, 5, 0, 0, 0, 0, 0, null, 0, 0, 0, 0);
INSERT INTO card_events (event_id, event_name, uma_id, uma_name, category) VALUES (450, '全力發揮熱情！', 20029, 'seeking-the-pearl', '隨機事件');
INSERT INTO card_event_choices (choice_id, event_id, choice_label, chain_index, speed, stamina, strength, willpower, intelligence, hp, mood, skill_point, character_favor, event_condition, is_random_value, is_random_attribute, is_random_block_training, is_end_chained_event) VALUES (810, 450, 'Up', 2, 0, 0, 0, 0, 0, 10, 1, 0, 5, null, 0, 0, 0, 0);
INSERT INTO card_event_choices (choice_id, event_id, choice_label, chain_index, speed, stamina, strength, willpower, intelligence, hp, mood, skill_point, character_favor, event_condition, is_random_value, is_random_attribute, is_random_block_training, is_end_chained_event) VALUES (811, 450, 'Down', 2, 0, 0, 5, 5, 0, 0, 0, 0, 5, null, 0, 0, 0, 0);
INSERT INTO card_events (event_id, event_name, uma_id, uma_name, category) VALUES (451, '全力思考！', 20029, 'seeking-the-pearl', '隨機事件');
INSERT INTO card_event_choices (choice_id, event_id, choice_label, chain_index, speed, stamina, strength, willpower, intelligence, hp, mood, skill_point, character_favor, event_condition, is_random_value, is_random_attribute, is_random_block_training, is_end_chained_event) VALUES (812, 451, 'Up', 2, 0, 0, 0, 0, 20, 0, 0, 0, 5, null, 0, 0, 0, 0);
INSERT INTO card_event_choices (choice_id, event_id, choice_label, chain_index, speed, stamina, strength, willpower, intelligence, hp, mood, skill_point, character_favor, event_condition, is_random_value, is_random_attribute, is_random_block_training, is_end_chained_event) VALUES (813, 451, 'Down', 2, 0, 0, 0, 0, 0, -10, 0, 0, 5, null, 0, 0, 0, 0);
INSERT INTO card_table (count, uma_id, uma_name) VALUES (156, 20030, 'ines-fujin');
INSERT INTO card_events (event_id, event_name, uma_id, uma_name, category) VALUES (452, '(❯) 替你的心補充能量！', 20030, 'ines-fujin', '連鎖事件');
INSERT INTO card_event_choices (choice_id, event_id, choice_label, chain_index, speed, stamina, strength, willpower, intelligence, hp, mood, skill_point, character_favor, event_condition, is_random_value, is_random_attribute, is_random_block_training, is_end_chained_event) VALUES (814, 452, 'Up', 1, 0, 0, 0, 0, 0, 4, 0, 0, 5, null, 0, 0, 0, 0);
INSERT INTO card_event_choices (choice_id, event_id, choice_label, chain_index, speed, stamina, strength, willpower, intelligence, hp, mood, skill_point, character_favor, event_condition, is_random_value, is_random_attribute, is_random_block_training, is_end_chained_event) VALUES (815, 452, 'Down', 1, 0, 0, 0, 0, 0, 0, 2, 0, 5, null, 0, 0, 0, 0);
INSERT INTO card_events (event_id, event_name, uma_id, uma_name, category) VALUES (453, '(❯❯) 隨時都在妳心裡……', 20030, 'ines-fujin', '連鎖事件');
INSERT INTO card_event_choices (choice_id, event_id, choice_label, chain_index, speed, stamina, strength, willpower, intelligence, hp, mood, skill_point, character_favor, event_condition, is_random_value, is_random_attribute, is_random_block_training, is_end_chained_event) VALUES (816, 453, 'Up', 2, 10, 0, 0, 0, 0, 0, 0, 0, 5, null, 0, 0, 0, 0);
INSERT INTO card_event_choices (choice_id, event_id, choice_label, chain_index, speed, stamina, strength, willpower, intelligence, hp, mood, skill_point, character_favor, event_condition, is_random_value, is_random_attribute, is_random_block_training, is_end_chained_event) VALUES (817, 453, 'Down', 2, 0, 0, 0, 0, 10, 0, 0, 0, 5, null, 0, 0, 0, 0);
INSERT INTO card_events (event_id, event_name, uma_id, uma_name, category) VALUES (454, '是鬼抓人喔！', 20030, 'ines-fujin', '隨機事件');
INSERT INTO card_event_choices (choice_id, event_id, choice_label, chain_index, speed, stamina, strength, willpower, intelligence, hp, mood, skill_point, character_favor, event_condition, is_random_value, is_random_attribute, is_random_block_training, is_end_chained_event) VALUES (818, 454, 'Up', 2, 5, 0, 0, 0, 0, 10, 0, 0, 5, null, 0, 0, 0, 0);
INSERT INTO card_event_choices (choice_id, event_id, choice_label, chain_index, speed, stamina, strength, willpower, intelligence, hp, mood, skill_point, character_favor, event_condition, is_random_value, is_random_attribute, is_random_block_training, is_end_chained_event) VALUES (819, 454, 'Down', 2, 0, 0, 0, 0, 0, 0, 0, 0, 5, null, 0, 0, 0, 0);
INSERT INTO card_events (event_id, event_name, uma_id, uma_name, category) VALUES (455, '還有十分鐘喔！', 20030, 'ines-fujin', '隨機事件');
INSERT INTO card_event_choices (choice_id, event_id, choice_label, chain_index, speed, stamina, strength, willpower, intelligence, hp, mood, skill_point, character_favor, event_condition, is_random_value, is_random_attribute, is_random_block_training, is_end_chained_event) VALUES (820, 455, 'Up', 2, 0, 0, 0, 15, 0, 0, 0, 0, 5, null, 0, 0, 0, 0);
INSERT INTO card_event_choices (choice_id, event_id, choice_label, chain_index, speed, stamina, strength, willpower, intelligence, hp, mood, skill_point, character_favor, event_condition, is_random_value, is_random_attribute, is_random_block_training, is_end_chained_event) VALUES (821, 455, 'Down', 2, 0, 0, 0, 0, 15, 0, 0, 0, 5, null, 0, 0, 0, 0);
INSERT INTO card_table (count, uma_id, uma_name) VALUES (157, 20031, 'shinko-windy');
INSERT INTO card_events (event_id, event_name, uma_id, uma_name, category) VALUES (456, '(❯) 挖這裡，新光風！', 20031, 'shinko-windy', '連鎖事件');
INSERT INTO card_event_choices (choice_id, event_id, choice_label, chain_index, speed, stamina, strength, willpower, intelligence, hp, mood, skill_point, character_favor, event_condition, is_random_value, is_random_attribute, is_random_block_training, is_end_chained_event) VALUES (822, 456, 'Up', 1, 10, 0, 0, 0, 0, 0, 0, 0, 5, null, 0, 0, 0, 0);
INSERT INTO card_event_choices (choice_id, event_id, choice_label, chain_index, speed, stamina, strength, willpower, intelligence, hp, mood, skill_point, character_favor, event_condition, is_random_value, is_random_attribute, is_random_block_training, is_end_chained_event) VALUES (823, 456, 'Down', 1, 0, 0, 0, 0, 0, -5, 0, 30, 5, null, 0, 0, 0, 0);
INSERT INTO card_events (event_id, event_name, uma_id, uma_name, category) VALUES (457, '(❯❯) 開啟吧！閘門！', 20031, 'shinko-windy', '連鎖事件');
INSERT INTO card_event_choices (choice_id, event_id, choice_label, chain_index, speed, stamina, strength, willpower, intelligence, hp, mood, skill_point, character_favor, event_condition, is_random_value, is_random_attribute, is_random_block_training, is_end_chained_event) VALUES (824, 457, 'None', 2, 10, 0, 0, 0, 0, 0, 0, 15, 5, null, 1, 0, 0, 0);
INSERT INTO card_event_choices (choice_id, event_id, choice_label, chain_index, speed, stamina, strength, willpower, intelligence, hp, mood, skill_point, character_favor, event_condition, is_random_value, is_random_attribute, is_random_block_training, is_end_chained_event) VALUES (825, 457, 'None', 2, 5, 0, 0, 0, 0, 0, 0, 10, 5, null, 0, 0, 0, 0);
INSERT INTO card_events (event_id, event_name, uma_id, uma_name, category) VALUES (458, '一口氣撲滅！', 20031, 'shinko-windy', '隨機事件');
INSERT INTO card_event_choices (choice_id, event_id, choice_label, chain_index, speed, stamina, strength, willpower, intelligence, hp, mood, skill_point, character_favor, event_condition, is_random_value, is_random_attribute, is_random_block_training, is_end_chained_event) VALUES (826, 458, 'Up', 2, 3, 0, 0, 0, 0, 0, 1, 0, 5, null, 0, 0, 0, 0);
INSERT INTO card_event_choices (choice_id, event_id, choice_label, chain_index, speed, stamina, strength, willpower, intelligence, hp, mood, skill_point, character_favor, event_condition, is_random_value, is_random_attribute, is_random_block_training, is_end_chained_event) VALUES (827, 458, 'Down', 2, 0, 0, 0, 0, 0, 10, 0, 5, 5, null, 0, 0, 0, 0);
INSERT INTO card_events (event_id, event_name, uma_id, uma_name, category) VALUES (459, '一口氣突擊！', 20031, 'shinko-windy', '隨機事件');
INSERT INTO card_event_choices (choice_id, event_id, choice_label, chain_index, speed, stamina, strength, willpower, intelligence, hp, mood, skill_point, character_favor, event_condition, is_random_value, is_random_attribute, is_random_block_training, is_end_chained_event) VALUES (828, 459, 'Up', 2, 0, 0, 0, 0, 0, 0, 0, 15, 5, null, 0, 0, 0, 0);
INSERT INTO card_event_choices (choice_id, event_id, choice_label, chain_index, speed, stamina, strength, willpower, intelligence, hp, mood, skill_point, character_favor, event_condition, is_random_value, is_random_attribute, is_random_block_training, is_end_chained_event) VALUES (829, 459, 'Down', 2, 3, 0, 0, 0, 0, 0, 0, 0, 5, null, 0, 0, 0, 0);
INSERT INTO card_table (count, uma_id, uma_name) VALUES (158, 20032, 'inari-one');
INSERT INTO card_events (event_id, event_name, uma_id, uma_name, category) VALUES (460, '(❯) 瀟灑點！', 20032, 'inari-one', '連鎖事件');
INSERT INTO card_event_choices (choice_id, event_id, choice_label, chain_index, speed, stamina, strength, willpower, intelligence, hp, mood, skill_point, character_favor, event_condition, is_random_value, is_random_attribute, is_random_block_training, is_end_chained_event) VALUES (830, 460, 'None', 1, 12, 0, 12, 0, 0, -10, 0, 0, 5, null, 0, 0, 0, 0);
INSERT INTO card_events (event_id, event_name, uma_id, uma_name, category) VALUES (461, '(❯❯) 翻天覆地鬧一場！', 20032, 'inari-one', '連鎖事件');
INSERT INTO card_event_choices (choice_id, event_id, choice_label, chain_index, speed, stamina, strength, willpower, intelligence, hp, mood, skill_point, character_favor, event_condition, is_random_value, is_random_attribute, is_random_block_training, is_end_chained_event) VALUES (831, 461, 'Up', 2, 3, 0, 3, 3, 0, -5, 2, 0, 5, null, 0, 0, 0, 0);
INSERT INTO card_event_choices (choice_id, event_id, choice_label, chain_index, speed, stamina, strength, willpower, intelligence, hp, mood, skill_point, character_favor, event_condition, is_random_value, is_random_attribute, is_random_block_training, is_end_chained_event) VALUES (832, 461, 'Down', 2, 10, 0, 0, 0, 0, -5, 0, 0, 5, null, 0, 0, 0, 0);
INSERT INTO card_events (event_id, event_name, uma_id, uma_name, category) VALUES (462, '打架啦嘿呀', 20032, 'inari-one', '隨機事件');
INSERT INTO card_event_choices (choice_id, event_id, choice_label, chain_index, speed, stamina, strength, willpower, intelligence, hp, mood, skill_point, character_favor, event_condition, is_random_value, is_random_attribute, is_random_block_training, is_end_chained_event) VALUES (833, 462, 'Up', 2, 0, 0, 15, 0, 0, -5, 0, 0, 5, null, 0, 0, 0, 0);
INSERT INTO card_event_choices (choice_id, event_id, choice_label, chain_index, speed, stamina, strength, willpower, intelligence, hp, mood, skill_point, character_favor, event_condition, is_random_value, is_random_attribute, is_random_block_training, is_end_chained_event) VALUES (834, 462, 'Down', 2, 0, 0, 0, 5, 0, 0, 1, 0, 5, null, 0, 0, 0, 0);
INSERT INTO card_events (event_id, event_name, uma_id, uma_name, category) VALUES (463, '神轎來嘿呀', 20032, 'inari-one', '隨機事件');
INSERT INTO card_event_choices (choice_id, event_id, choice_label, chain_index, speed, stamina, strength, willpower, intelligence, hp, mood, skill_point, character_favor, event_condition, is_random_value, is_random_attribute, is_random_block_training, is_end_chained_event) VALUES (835, 463, 'Up', 2, 0, 0, 0, 0, 0, 0, 0, 15, 5, null, 0, 0, 0, 0);
INSERT INTO card_event_choices (choice_id, event_id, choice_label, chain_index, speed, stamina, strength, willpower, intelligence, hp, mood, skill_point, character_favor, event_condition, is_random_value, is_random_attribute, is_random_block_training, is_end_chained_event) VALUES (836, 463, 'Down', 2, 0, 0, 0, 0, 0, 0, 0, 0, 5, null, 0, 0, 0, 0);
INSERT INTO card_table (count, uma_id, uma_name) VALUES (159, 20033, 'el-condor-pasa');
INSERT INTO card_events (event_id, event_name, uma_id, uma_name, category) VALUES (464, '(❯) 熱情，而且美麗！', 20033, 'el-condor-pasa', '連鎖事件');
INSERT INTO card_event_choices (choice_id, event_id, choice_label, chain_index, speed, stamina, strength, willpower, intelligence, hp, mood, skill_point, character_favor, event_condition, is_random_value, is_random_attribute, is_random_block_training, is_end_chained_event) VALUES (837, 464, 'Up', 1, 5, 0, 5, 0, 0, 10, 0, 0, 5, null, 0, 0, 0, 0);
INSERT INTO card_event_choices (choice_id, event_id, choice_label, chain_index, speed, stamina, strength, willpower, intelligence, hp, mood, skill_point, character_favor, event_condition, is_random_value, is_random_attribute, is_random_block_training, is_end_chained_event) VALUES (838, 464, 'Down', 1, 15, 0, 10, 0, 0, -10, 0, 0, 5, null, 0, 0, 0, 0);
INSERT INTO card_events (event_id, event_name, uma_id, uma_name, category) VALUES (465, '(❯❯) 滿身泥巴的英雄們', 20033, 'el-condor-pasa', '連鎖事件');
INSERT INTO card_event_choices (choice_id, event_id, choice_label, chain_index, speed, stamina, strength, willpower, intelligence, hp, mood, skill_point, character_favor, event_condition, is_random_value, is_random_attribute, is_random_block_training, is_end_chained_event) VALUES (839, 465, 'None', 2, 15, 0, 15, 0, 0, -10, 0, 0, 7, null, 0, 0, 0, 0);
INSERT INTO card_events (event_id, event_name, uma_id, uma_name, category) VALUES (466, '熊熊燃燒．Fire！', 20033, 'el-condor-pasa', '隨機事件');
INSERT INTO card_event_choices (choice_id, event_id, choice_label, chain_index, speed, stamina, strength, willpower, intelligence, hp, mood, skill_point, character_favor, event_condition, is_random_value, is_random_attribute, is_random_block_training, is_end_chained_event) VALUES (840, 466, 'Up', 2, 0, 10, 0, 0, 0, 0, 0, 0, 5, null, 0, 0, 0, 0);
INSERT INTO card_event_choices (choice_id, event_id, choice_label, chain_index, speed, stamina, strength, willpower, intelligence, hp, mood, skill_point, character_favor, event_condition, is_random_value, is_random_attribute, is_random_block_training, is_end_chained_event) VALUES (841, 466, 'Down', 2, 0, 0, 20, 0, 0, -10, 0, 0, 5, null, 0, 0, 0, 0);
INSERT INTO card_events (event_id, event_name, uma_id, uma_name, category) VALUES (467, 'Secret note！', 20033, 'el-condor-pasa', '隨機事件');
INSERT INTO card_event_choices (choice_id, event_id, choice_label, chain_index, speed, stamina, strength, willpower, intelligence, hp, mood, skill_point, character_favor, event_condition, is_random_value, is_random_attribute, is_random_block_training, is_end_chained_event) VALUES (842, 467, 'Up', 2, 0, 0, 10, 0, 0, 0, 0, 0, 5, null, 0, 0, 0, 0);
INSERT INTO card_event_choices (choice_id, event_id, choice_label, chain_index, speed, stamina, strength, willpower, intelligence, hp, mood, skill_point, character_favor, event_condition, is_random_value, is_random_attribute, is_random_block_training, is_end_chained_event) VALUES (843, 467, 'Down', 2, 0, 0, 0, 0, 0, 0, 0, 0, 5, null, 0, 0, 0, 0);
INSERT INTO card_table (count, uma_id, uma_name) VALUES (160, 20034, 'mejiro-ardan');
INSERT INTO card_events (event_id, event_name, uma_id, uma_name, category) VALUES (468, '(❯) 大家一起做的特製飲料♪', 20034, 'mejiro-ardan', '連鎖事件');
INSERT INTO card_event_choices (choice_id, event_id, choice_label, chain_index, speed, stamina, strength, willpower, intelligence, hp, mood, skill_point, character_favor, event_condition, is_random_value, is_random_attribute, is_random_block_training, is_end_chained_event) VALUES (844, 468, 'Up', 1, 5, 0, 0, 0, 5, 10, 0, 10, 0, null, 1, 0, 0, 0);
INSERT INTO card_event_choices (choice_id, event_id, choice_label, chain_index, speed, stamina, strength, willpower, intelligence, hp, mood, skill_point, character_favor, event_condition, is_random_value, is_random_attribute, is_random_block_training, is_end_chained_event) VALUES (845, 468, 'Up', 1, 0, 0, 0, 0, 10, 0, 0, 0, 0, null, 0, 0, 0, 0);
INSERT INTO card_event_choices (choice_id, event_id, choice_label, chain_index, speed, stamina, strength, willpower, intelligence, hp, mood, skill_point, character_favor, event_condition, is_random_value, is_random_attribute, is_random_block_training, is_end_chained_event) VALUES (846, 468, 'Down', 1, 10, 0, 0, 0, 0, 0, 1, 0, 0, null, 0, 0, 0, 0);
INSERT INTO card_events (event_id, event_name, uma_id, uma_name, category) VALUES (469, '(❯❯) 想站的地方只有一處', 20034, 'mejiro-ardan', '連鎖事件');
INSERT INTO card_event_choices (choice_id, event_id, choice_label, chain_index, speed, stamina, strength, willpower, intelligence, hp, mood, skill_point, character_favor, event_condition, is_random_value, is_random_attribute, is_random_block_training, is_end_chained_event) VALUES (847, 469, 'None', 2, 0, 0, 0, 0, 0, 30, 1, 0, 0, null, 0, 0, 0, 0);
INSERT INTO card_events (event_id, event_name, uma_id, uma_name, category) VALUES (470, '玻璃少女想學習', 20034, 'mejiro-ardan', '隨機事件');
INSERT INTO card_event_choices (choice_id, event_id, choice_label, chain_index, speed, stamina, strength, willpower, intelligence, hp, mood, skill_point, character_favor, event_condition, is_random_value, is_random_attribute, is_random_block_training, is_end_chained_event) VALUES (848, 470, 'Up', 2, 10, 0, 0, 0, 0, 0, 0, 0, 5, null, 0, 0, 0, 0);
INSERT INTO card_event_choices (choice_id, event_id, choice_label, chain_index, speed, stamina, strength, willpower, intelligence, hp, mood, skill_point, character_favor, event_condition, is_random_value, is_random_attribute, is_random_block_training, is_end_chained_event) VALUES (849, 470, 'Down', 2, 0, 0, 0, 0, 5, 10, 0, 0, 5, null, 0, 0, 0, 0);
INSERT INTO card_events (event_id, event_name, uma_id, uma_name, category) VALUES (471, '玻璃少女想遊戲', 20034, 'mejiro-ardan', '隨機事件');
INSERT INTO card_event_choices (choice_id, event_id, choice_label, chain_index, speed, stamina, strength, willpower, intelligence, hp, mood, skill_point, character_favor, event_condition, is_random_value, is_random_attribute, is_random_block_training, is_end_chained_event) VALUES (850, 471, 'Up', 2, 10, 0, 0, 0, 10, 0, 0, 0, 5, null, 0, 0, 0, 0);
INSERT INTO card_event_choices (choice_id, event_id, choice_label, chain_index, speed, stamina, strength, willpower, intelligence, hp, mood, skill_point, character_favor, event_condition, is_random_value, is_random_attribute, is_random_block_training, is_end_chained_event) VALUES (851, 471, 'Down', 2, 0, 0, 0, 0, 0, 0, 0, 0, 5, null, 0, 0, 0, 0);
INSERT INTO card_table (count, uma_id, uma_name) VALUES (161, 20035, 'tosen-jordan');
INSERT INTO card_events (event_id, event_name, uma_id, uma_name, category) VALUES (472, '(❯) 賽場上的美甲師', 20035, 'tosen-jordan', '連鎖事件');
INSERT INTO card_event_choices (choice_id, event_id, choice_label, chain_index, speed, stamina, strength, willpower, intelligence, hp, mood, skill_point, character_favor, event_condition, is_random_value, is_random_attribute, is_random_block_training, is_end_chained_event) VALUES (852, 472, 'Up', 1, 0, 0, 0, 0, 0, 0, 0, 40, 5, null, 1, 0, 0, 0);
INSERT INTO card_event_choices (choice_id, event_id, choice_label, chain_index, speed, stamina, strength, willpower, intelligence, hp, mood, skill_point, character_favor, event_condition, is_random_value, is_random_attribute, is_random_block_training, is_end_chained_event) VALUES (853, 472, 'Up', 1, 0, 0, 0, 0, 0, 0, -1, 10, 0, null, 0, 0, 0, 0);
INSERT INTO card_event_choices (choice_id, event_id, choice_label, chain_index, speed, stamina, strength, willpower, intelligence, hp, mood, skill_point, character_favor, event_condition, is_random_value, is_random_attribute, is_random_block_training, is_end_chained_event) VALUES (854, 472, 'Down', 1, 0, 10, 0, 0, 0, 0, 0, 0, 5, null, 0, 0, 0, 0);
INSERT INTO card_events (event_id, event_name, uma_id, uma_name, category) VALUES (473, '(❯❯) 基礎打好才能做美甲吧', 20035, 'tosen-jordan', '連鎖事件');
INSERT INTO card_event_choices (choice_id, event_id, choice_label, chain_index, speed, stamina, strength, willpower, intelligence, hp, mood, skill_point, character_favor, event_condition, is_random_value, is_random_attribute, is_random_block_training, is_end_chained_event) VALUES (855, 473, 'Up', 2, 0, 0, 0, 0, 0, 10, 0, 0, 5, null, 1, 0, 0, 0);
INSERT INTO card_event_choices (choice_id, event_id, choice_label, chain_index, speed, stamina, strength, willpower, intelligence, hp, mood, skill_point, character_favor, event_condition, is_random_value, is_random_attribute, is_random_block_training, is_end_chained_event) VALUES (856, 473, 'Up', 2, 0, 0, 0, 0, 0, 0, 0, 0, 0, null, 0, 0, 0, 0);
INSERT INTO card_event_choices (choice_id, event_id, choice_label, chain_index, speed, stamina, strength, willpower, intelligence, hp, mood, skill_point, character_favor, event_condition, is_random_value, is_random_attribute, is_random_block_training, is_end_chained_event) VALUES (857, 473, 'Down', 2, 0, 20, 0, 0, 0, -5, 0, 0, 5, null, 0, 0, 0, 0);
INSERT INTO card_events (event_id, event_name, uma_id, uma_name, category) VALUES (474, '手機不就是時間小偷嗎？', 20035, 'tosen-jordan', '隨機事件');
INSERT INTO card_event_choices (choice_id, event_id, choice_label, chain_index, speed, stamina, strength, willpower, intelligence, hp, mood, skill_point, character_favor, event_condition, is_random_value, is_random_attribute, is_random_block_training, is_end_chained_event) VALUES (858, 474, 'Up', 2, 5, 0, 0, 0, 0, 0, 1, 0, 5, null, 0, 0, 0, 0);
INSERT INTO card_event_choices (choice_id, event_id, choice_label, chain_index, speed, stamina, strength, willpower, intelligence, hp, mood, skill_point, character_favor, event_condition, is_random_value, is_random_attribute, is_random_block_training, is_end_chained_event) VALUES (859, 474, 'Down', 2, 0, 10, 0, 0, 0, 0, 0, 0, 5, null, 0, 0, 0, 0);
INSERT INTO card_events (event_id, event_name, uma_id, uma_name, category) VALUES (475, '評論只能參考一半', 20035, 'tosen-jordan', '隨機事件');
INSERT INTO card_event_choices (choice_id, event_id, choice_label, chain_index, speed, stamina, strength, willpower, intelligence, hp, mood, skill_point, character_favor, event_condition, is_random_value, is_random_attribute, is_random_block_training, is_end_chained_event) VALUES (860, 475, 'Up', 2, 0, 0, 0, 0, 0, 10, 1, 0, 5, null, 0, 0, 0, 0);
INSERT INTO card_event_choices (choice_id, event_id, choice_label, chain_index, speed, stamina, strength, willpower, intelligence, hp, mood, skill_point, character_favor, event_condition, is_random_value, is_random_attribute, is_random_block_training, is_end_chained_event) VALUES (861, 475, 'Down', 2, 0, 0, 0, 0, 0, 0, 0, 0, 5, null, 0, 0, 0, 0);
INSERT INTO card_table (count, uma_id, uma_name) VALUES (162, 20036, 'mejiro-palmer');
INSERT INTO card_events (event_id, event_name, uma_id, uma_name, category) VALUES (476, '(❯) 耕せ！デリシャス・フィールド！', 20036, 'mejiro-palmer', '連鎖事件');
INSERT INTO card_event_choices (choice_id, event_id, choice_label, chain_index, speed, stamina, strength, willpower, intelligence, hp, mood, skill_point, character_favor, event_condition, is_random_value, is_random_attribute, is_random_block_training, is_end_chained_event) VALUES (862, 476, 'Up', 1, 0, 15, 0, 0, 0, 0, 0, 0, 5, null, 0, 0, 0, 0);
INSERT INTO card_event_choices (choice_id, event_id, choice_label, chain_index, speed, stamina, strength, willpower, intelligence, hp, mood, skill_point, character_favor, event_condition, is_random_value, is_random_attribute, is_random_block_training, is_end_chained_event) VALUES (863, 476, 'Down', 1, 0, 0, 0, 15, 0, 0, 0, 0, 5, null, 0, 0, 0, 0);
INSERT INTO card_events (event_id, event_name, uma_id, uma_name, category) VALUES (477, '(❯❯) 弾けろ！感謝のバーベキュー', 20036, 'mejiro-palmer', '連鎖事件');
INSERT INTO card_event_choices (choice_id, event_id, choice_label, chain_index, speed, stamina, strength, willpower, intelligence, hp, mood, skill_point, character_favor, event_condition, is_random_value, is_random_attribute, is_random_block_training, is_end_chained_event) VALUES (864, 477, 'None', 2, 0, 15, 0, 0, 0, 0, 0, 0, 5, null, 0, 0, 0, 0);
INSERT INTO card_events (event_id, event_name, uma_id, uma_name, category) VALUES (478, '逃げられない選択？', 20036, 'mejiro-palmer', '隨機事件');
INSERT INTO card_event_choices (choice_id, event_id, choice_label, chain_index, speed, stamina, strength, willpower, intelligence, hp, mood, skill_point, character_favor, event_condition, is_random_value, is_random_attribute, is_random_block_training, is_end_chained_event) VALUES (865, 478, 'Up', 2, 0, 0, 0, 20, 0, -15, 0, 0, 5, null, 0, 0, 0, 0);
INSERT INTO card_event_choices (choice_id, event_id, choice_label, chain_index, speed, stamina, strength, willpower, intelligence, hp, mood, skill_point, character_favor, event_condition, is_random_value, is_random_attribute, is_random_block_training, is_end_chained_event) VALUES (866, 478, 'Down', 2, 0, 0, 5, 0, 0, 0, 0, 15, 5, null, 0, 0, 0, 0);
INSERT INTO card_events (event_id, event_name, uma_id, uma_name, category) VALUES (479, 'ポジティブな逃げ', 20036, 'mejiro-palmer', '隨機事件');
INSERT INTO card_event_choices (choice_id, event_id, choice_label, chain_index, speed, stamina, strength, willpower, intelligence, hp, mood, skill_point, character_favor, event_condition, is_random_value, is_random_attribute, is_random_block_training, is_end_chained_event) VALUES (867, 479, 'Up', 2, 0, 0, 0, 15, 0, 0, 0, 0, 5, null, 0, 0, 0, 0);
INSERT INTO card_event_choices (choice_id, event_id, choice_label, chain_index, speed, stamina, strength, willpower, intelligence, hp, mood, skill_point, character_favor, event_condition, is_random_value, is_random_attribute, is_random_block_training, is_end_chained_event) VALUES (868, 479, 'Down', 2, 0, 0, 0, 0, 0, 0, 0, 0, 5, null, 0, 0, 0, 0);
INSERT INTO card_table (count, uma_id, uma_name) VALUES (163, 20037, 'fine-motion');
INSERT INTO card_events (event_id, event_name, uma_id, uma_name, category) VALUES (480, '(❯) 兩邊都是我的日常呢～', 20037, 'fine-motion', '連鎖事件');
INSERT INTO card_event_choices (choice_id, event_id, choice_label, chain_index, speed, stamina, strength, willpower, intelligence, hp, mood, skill_point, character_favor, event_condition, is_random_value, is_random_attribute, is_random_block_training, is_end_chained_event) VALUES (869, 480, 'None', 1, 0, 0, 5, 0, 0, 15, 0, 10, 0, null, 0, 0, 0, 0);
INSERT INTO card_events (event_id, event_name, uma_id, uma_name, category) VALUES (481, '(❯❯) 妳也是四葉草喔♪', 20037, 'fine-motion', '連鎖事件');
INSERT INTO card_event_choices (choice_id, event_id, choice_label, chain_index, speed, stamina, strength, willpower, intelligence, hp, mood, skill_point, character_favor, event_condition, is_random_value, is_random_attribute, is_random_block_training, is_end_chained_event) VALUES (870, 481, 'None', 2, 0, 0, 0, 0, 0, 0, 0, 20, 0, null, 0, 0, 0, 0);
INSERT INTO card_events (event_id, event_name, uma_id, uma_name, category) VALUES (482, '心跳加速運動鞋', 20037, 'fine-motion', '隨機事件');
INSERT INTO card_event_choices (choice_id, event_id, choice_label, chain_index, speed, stamina, strength, willpower, intelligence, hp, mood, skill_point, character_favor, event_condition, is_random_value, is_random_attribute, is_random_block_training, is_end_chained_event) VALUES (871, 482, 'Up', 2, 5, 0, 0, 0, 0, 0, 0, 10, 5, null, 0, 0, 0, 0);
INSERT INTO card_event_choices (choice_id, event_id, choice_label, chain_index, speed, stamina, strength, willpower, intelligence, hp, mood, skill_point, character_favor, event_condition, is_random_value, is_random_attribute, is_random_block_training, is_end_chained_event) VALUES (872, 482, 'Down', 2, 0, 5, 0, 0, 0, -10, 0, 20, 5, null, 0, 0, 0, 0);
INSERT INTO card_events (event_id, event_name, uma_id, uma_name, category) VALUES (483, '回憶的三葉草', 20037, 'fine-motion', '隨機事件');
INSERT INTO card_event_choices (choice_id, event_id, choice_label, chain_index, speed, stamina, strength, willpower, intelligence, hp, mood, skill_point, character_favor, event_condition, is_random_value, is_random_attribute, is_random_block_training, is_end_chained_event) VALUES (873, 483, 'Up', 2, 0, 0, 0, 0, 0, 0, 0, 0, 5, null, 0, 0, 0, 0);
INSERT INTO card_event_choices (choice_id, event_id, choice_label, chain_index, speed, stamina, strength, willpower, intelligence, hp, mood, skill_point, character_favor, event_condition, is_random_value, is_random_attribute, is_random_block_training, is_end_chained_event) VALUES (874, 483, 'Down', 2, 0, 0, 0, 15, 0, 0, 0, 0, 5, null, 0, 0, 0, 0);
INSERT INTO card_table (count, uma_id, uma_name) VALUES (164, 20038, 'sirius-symboli');
INSERT INTO card_events (event_id, event_name, uma_id, uma_name, category) VALUES (484, '(❯) 問題學生們的王', 20038, 'sirius-symboli', '連鎖事件');
INSERT INTO card_event_choices (choice_id, event_id, choice_label, chain_index, speed, stamina, strength, willpower, intelligence, hp, mood, skill_point, character_favor, event_condition, is_random_value, is_random_attribute, is_random_block_training, is_end_chained_event) VALUES (875, 484, 'None', 1, 0, 0, 0, 15, 0, 0, 0, 0, 5, null, 0, 0, 0, 0);
INSERT INTO card_events (event_id, event_name, uma_id, uma_name, category) VALUES (485, '(❯❯) 油水不相溶', 20038, 'sirius-symboli', '連鎖事件');
INSERT INTO card_event_choices (choice_id, event_id, choice_label, chain_index, speed, stamina, strength, willpower, intelligence, hp, mood, skill_point, character_favor, event_condition, is_random_value, is_random_attribute, is_random_block_training, is_end_chained_event) VALUES (876, 485, 'Up', 2, 15, 0, 15, 0, 0, 0, 0, 0, 5, null, 1, 0, 0, 0);
INSERT INTO card_event_choices (choice_id, event_id, choice_label, chain_index, speed, stamina, strength, willpower, intelligence, hp, mood, skill_point, character_favor, event_condition, is_random_value, is_random_attribute, is_random_block_training, is_end_chained_event) VALUES (877, 485, 'Up', 2, 10, 0, 0, 0, 0, -5, 0, 0, -5, null, 0, 0, 0, 0);
INSERT INTO card_event_choices (choice_id, event_id, choice_label, chain_index, speed, stamina, strength, willpower, intelligence, hp, mood, skill_point, character_favor, event_condition, is_random_value, is_random_attribute, is_random_block_training, is_end_chained_event) VALUES (878, 485, 'Down', 2, 0, 0, 0, 0, 0, 0, 0, 20, 5, null, 0, 0, 0, 0);
INSERT INTO card_events (event_id, event_name, uma_id, uma_name, category) VALUES (486, '要我教你嗎？', 20038, 'sirius-symboli', '隨機事件');
INSERT INTO card_event_choices (choice_id, event_id, choice_label, chain_index, speed, stamina, strength, willpower, intelligence, hp, mood, skill_point, character_favor, event_condition, is_random_value, is_random_attribute, is_random_block_training, is_end_chained_event) VALUES (879, 486, 'Up', 2, 0, 20, 0, 0, 0, -5, 0, 0, 5, null, 0, 0, 0, 0);
INSERT INTO card_event_choices (choice_id, event_id, choice_label, chain_index, speed, stamina, strength, willpower, intelligence, hp, mood, skill_point, character_favor, event_condition, is_random_value, is_random_attribute, is_random_block_training, is_end_chained_event) VALUES (880, 486, 'Down', 2, 0, 0, 0, 0, 10, 0, 0, 0, 5, null, 0, 0, 0, 0);
INSERT INTO card_events (event_id, event_name, uma_id, uma_name, category) VALUES (487, '要我幫你嗎？', 20038, 'sirius-symboli', '隨機事件');
INSERT INTO card_event_choices (choice_id, event_id, choice_label, chain_index, speed, stamina, strength, willpower, intelligence, hp, mood, skill_point, character_favor, event_condition, is_random_value, is_random_attribute, is_random_block_training, is_end_chained_event) VALUES (881, 487, 'Up', 2, 0, 0, 0, 0, 5, 0, 0, 0, 5, null, 0, 0, 0, 0);
INSERT INTO card_event_choices (choice_id, event_id, choice_label, chain_index, speed, stamina, strength, willpower, intelligence, hp, mood, skill_point, character_favor, event_condition, is_random_value, is_random_attribute, is_random_block_training, is_end_chained_event) VALUES (882, 487, 'Down', 2, 0, 0, 0, 0, 0, 0, 0, 15, 5, null, 0, 0, 0, 0);
INSERT INTO card_table (count, uma_id, uma_name) VALUES (165, 20039, 'vodka');
INSERT INTO card_events (event_id, event_name, uma_id, uma_name, category) VALUES (488, '(❯) 黃昏時刻偷懶一下', 20039, 'vodka', '連鎖事件');
INSERT INTO card_event_choices (choice_id, event_id, choice_label, chain_index, speed, stamina, strength, willpower, intelligence, hp, mood, skill_point, character_favor, event_condition, is_random_value, is_random_attribute, is_random_block_training, is_end_chained_event) VALUES (883, 488, 'Up', 1, 0, 0, 10, 0, 0, 4, 0, 0, 5, null, 0, 0, 0, 0);
INSERT INTO card_event_choices (choice_id, event_id, choice_label, chain_index, speed, stamina, strength, willpower, intelligence, hp, mood, skill_point, character_favor, event_condition, is_random_value, is_random_attribute, is_random_block_training, is_end_chained_event) VALUES (884, 488, 'Down', 1, 15, 0, 0, 0, 0, 0, 0, 0, 5, null, 1, 0, 0, 0);
INSERT INTO card_event_choices (choice_id, event_id, choice_label, chain_index, speed, stamina, strength, willpower, intelligence, hp, mood, skill_point, character_favor, event_condition, is_random_value, is_random_attribute, is_random_block_training, is_end_chained_event) VALUES (885, 488, 'Down', 1, 5, 0, 0, 0, 0, 0, 0, 0, 5, null, 0, 0, 0, 0);
INSERT INTO card_events (event_id, event_name, uma_id, uma_name, category) VALUES (489, '(❯❯) 勇敢奮戰永不放棄', 20039, 'vodka', '連鎖事件');
INSERT INTO card_event_choices (choice_id, event_id, choice_label, chain_index, speed, stamina, strength, willpower, intelligence, hp, mood, skill_point, character_favor, event_condition, is_random_value, is_random_attribute, is_random_block_training, is_end_chained_event) VALUES (886, 489, 'None', 2, 15, 0, 0, 0, 0, 0, 0, 15, 0, null, 0, 0, 0, 0);
INSERT INTO card_events (event_id, event_name, uma_id, uma_name, category) VALUES (490, '憧憬的那句話', 20039, 'vodka', '隨機事件');
INSERT INTO card_event_choices (choice_id, event_id, choice_label, chain_index, speed, stamina, strength, willpower, intelligence, hp, mood, skill_point, character_favor, event_condition, is_random_value, is_random_attribute, is_random_block_training, is_end_chained_event) VALUES (887, 490, 'Up', 2, 0, 0, 10, 0, 0, 0, 0, 0, 5, null, 0, 0, 0, 0);
INSERT INTO card_event_choices (choice_id, event_id, choice_label, chain_index, speed, stamina, strength, willpower, intelligence, hp, mood, skill_point, character_favor, event_condition, is_random_value, is_random_attribute, is_random_block_training, is_end_chained_event) VALUES (888, 490, 'Down', 2, 0, 0, 5, 0, 0, 0, 0, 15, 5, null, 0, 0, 0, 0);
INSERT INTO card_events (event_id, event_name, uma_id, uma_name, category) VALUES (491, '大街上的強敵', 20039, 'vodka', '隨機事件');
INSERT INTO card_event_choices (choice_id, event_id, choice_label, chain_index, speed, stamina, strength, willpower, intelligence, hp, mood, skill_point, character_favor, event_condition, is_random_value, is_random_attribute, is_random_block_training, is_end_chained_event) VALUES (889, 491, 'Up', 2, 0, 0, 0, 0, 0, 0, 0, 0, 5, null, 0, 0, 0, 0);
INSERT INTO card_event_choices (choice_id, event_id, choice_label, chain_index, speed, stamina, strength, willpower, intelligence, hp, mood, skill_point, character_favor, event_condition, is_random_value, is_random_attribute, is_random_block_training, is_end_chained_event) VALUES (890, 491, 'Down', 2, 0, 0, 5, 0, 0, 0, 0, 15, 5, null, 0, 0, 0, 0);
INSERT INTO card_table (count, uma_id, uma_name) VALUES (166, 20040, 'mejiro-ryan');
INSERT INTO card_events (event_id, event_name, uma_id, uma_name, category) VALUES (492, '(❯) 條條大路通肌肉！', 20040, 'mejiro-ryan', '連鎖事件');
INSERT INTO card_event_choices (choice_id, event_id, choice_label, chain_index, speed, stamina, strength, willpower, intelligence, hp, mood, skill_point, character_favor, event_condition, is_random_value, is_random_attribute, is_random_block_training, is_end_chained_event) VALUES (891, 492, 'None', 1, 0, 10, 0, 0, 0, 0, 0, 0, 5, null, 0, 0, 0, 0);
INSERT INTO card_events (event_id, event_name, uma_id, uma_name, category) VALUES (493, '(❯❯) 千里之行，始於重訓！', 20040, 'mejiro-ryan', '連鎖事件');
INSERT INTO card_event_choices (choice_id, event_id, choice_label, chain_index, speed, stamina, strength, willpower, intelligence, hp, mood, skill_point, character_favor, event_condition, is_random_value, is_random_attribute, is_random_block_training, is_end_chained_event) VALUES (892, 493, 'Up', 2, 0, 0, 0, 0, 0, 25, 0, 0, 5, null, 0, 0, 0, 0);
INSERT INTO card_event_choices (choice_id, event_id, choice_label, chain_index, speed, stamina, strength, willpower, intelligence, hp, mood, skill_point, character_favor, event_condition, is_random_value, is_random_attribute, is_random_block_training, is_end_chained_event) VALUES (893, 493, 'Down', 2, 0, 10, 5, 0, 0, 0, 0, 0, 5, null, 0, 0, 0, 0);
INSERT INTO card_events (event_id, event_name, uma_id, uma_name, category) VALUES (494, '與肌肉一起邁向明天！', 20040, 'mejiro-ryan', '隨機事件');
INSERT INTO card_event_choices (choice_id, event_id, choice_label, chain_index, speed, stamina, strength, willpower, intelligence, hp, mood, skill_point, character_favor, event_condition, is_random_value, is_random_attribute, is_random_block_training, is_end_chained_event) VALUES (894, 494, 'Up', 2, 0, 0, 15, 0, 0, -10, 0, 0, 5, null, 0, 0, 0, 0);
INSERT INTO card_event_choices (choice_id, event_id, choice_label, chain_index, speed, stamina, strength, willpower, intelligence, hp, mood, skill_point, character_favor, event_condition, is_random_value, is_random_attribute, is_random_block_training, is_end_chained_event) VALUES (895, 494, 'Down', 2, 0, 0, 5, 0, 0, 4, 0, 0, 5, null, 0, 0, 0, 0);
INSERT INTO card_events (event_id, event_name, uma_id, uma_name, category) VALUES (495, '只是被人推薦', 20040, 'mejiro-ryan', '隨機事件');
INSERT INTO card_event_choices (choice_id, event_id, choice_label, chain_index, speed, stamina, strength, willpower, intelligence, hp, mood, skill_point, character_favor, event_condition, is_random_value, is_random_attribute, is_random_block_training, is_end_chained_event) VALUES (896, 495, 'Up', 2, 0, 0, 0, 0, 0, 0, 0, 0, 5, null, 0, 0, 0, 0);
INSERT INTO card_event_choices (choice_id, event_id, choice_label, chain_index, speed, stamina, strength, willpower, intelligence, hp, mood, skill_point, character_favor, event_condition, is_random_value, is_random_attribute, is_random_block_training, is_end_chained_event) VALUES (897, 495, 'Down', 2, 0, 0, 0, 0, 0, 30, 0, 0, 5, null, 0, 0, 0, 0);
INSERT INTO card_table (count, uma_id, uma_name) VALUES (167, 20041, 'admire-vega');
INSERT INTO card_events (event_id, event_name, uma_id, uma_name, category) VALUES (496, '(❯) 與彼此相伴的幸福', 20041, 'admire-vega', '連鎖事件');
INSERT INTO card_event_choices (choice_id, event_id, choice_label, chain_index, speed, stamina, strength, willpower, intelligence, hp, mood, skill_point, character_favor, event_condition, is_random_value, is_random_attribute, is_random_block_training, is_end_chained_event) VALUES (898, 496, 'Up', 1, 10, 0, 0, 0, 0, 20, 0, 0, 5, null, 0, 0, 0, 0);
INSERT INTO card_event_choices (choice_id, event_id, choice_label, chain_index, speed, stamina, strength, willpower, intelligence, hp, mood, skill_point, character_favor, event_condition, is_random_value, is_random_attribute, is_random_block_training, is_end_chained_event) VALUES (899, 496, 'Down', 1, 0, 0, 0, 0, 10, 0, 0, 0, 5, '擅長練習○', 0, 0, 0, 0);
INSERT INTO card_events (event_id, event_name, uma_id, uma_name, category) VALUES (497, '(❯❯) 勇往直前的一等星', 20041, 'admire-vega', '連鎖事件');
INSERT INTO card_event_choices (choice_id, event_id, choice_label, chain_index, speed, stamina, strength, willpower, intelligence, hp, mood, skill_point, character_favor, event_condition, is_random_value, is_random_attribute, is_random_block_training, is_end_chained_event) VALUES (900, 497, 'None', 2, 0, 0, 0, 10, 0, 0, 0, 0, 5, null, 0, 0, 0, 0);
INSERT INTO card_events (event_id, event_name, uma_id, uma_name, category) VALUES (498, '笨拙的三角星座', 20041, 'admire-vega', '隨機事件');
INSERT INTO card_event_choices (choice_id, event_id, choice_label, chain_index, speed, stamina, strength, willpower, intelligence, hp, mood, skill_point, character_favor, event_condition, is_random_value, is_random_attribute, is_random_block_training, is_end_chained_event) VALUES (901, 498, 'Up', 2, 0, 0, 15, 0, 0, 0, 0, 0, 5, null, 0, 0, 0, 0);
INSERT INTO card_event_choices (choice_id, event_id, choice_label, chain_index, speed, stamina, strength, willpower, intelligence, hp, mood, skill_point, character_favor, event_condition, is_random_value, is_random_attribute, is_random_block_training, is_end_chained_event) VALUES (902, 498, 'Down', 2, 0, 0, 0, 0, 0, 10, 0, 0, 5, null, 0, 0, 0, 0);
INSERT INTO card_events (event_id, event_name, uma_id, uma_name, category) VALUES (499, '孤傲的仙王座', 20041, 'admire-vega', '隨機事件');
INSERT INTO card_event_choices (choice_id, event_id, choice_label, chain_index, speed, stamina, strength, willpower, intelligence, hp, mood, skill_point, character_favor, event_condition, is_random_value, is_random_attribute, is_random_block_training, is_end_chained_event) VALUES (903, 499, 'Up', 2, 0, 0, 0, 0, 0, 0, 0, 0, 5, null, 0, 0, 0, 0);
INSERT INTO card_event_choices (choice_id, event_id, choice_label, chain_index, speed, stamina, strength, willpower, intelligence, hp, mood, skill_point, character_favor, event_condition, is_random_value, is_random_attribute, is_random_block_training, is_end_chained_event) VALUES (904, 499, 'Down', 2, 0, 0, 0, 0, 10, 0, 0, 0, 5, null, 0, 0, 0, 0);
INSERT INTO card_table (count, uma_id, uma_name) VALUES (168, 20042, 'sakura-bakushin-o');
INSERT INTO card_events (event_id, event_name, uma_id, uma_name, category) VALUES (500, '(❯) 問候驀進運動！！', 20042, 'sakura-bakushin-o', '連鎖事件');
INSERT INTO card_event_choices (choice_id, event_id, choice_label, chain_index, speed, stamina, strength, willpower, intelligence, hp, mood, skill_point, character_favor, event_condition, is_random_value, is_random_attribute, is_random_block_training, is_end_chained_event) VALUES (905, 500, 'Up', 1, 30, 0, 0, 0, 0, -10, 0, 0, 5, null, 0, 0, 0, 0);
INSERT INTO card_event_choices (choice_id, event_id, choice_label, chain_index, speed, stamina, strength, willpower, intelligence, hp, mood, skill_point, character_favor, event_condition, is_random_value, is_random_attribute, is_random_block_training, is_end_chained_event) VALUES (906, 500, 'Down', 1, 0, 0, 0, 0, 0, -10, 0, 30, 5, null, 0, 0, 0, 0);
INSERT INTO card_events (event_id, event_name, uma_id, uma_name, category) VALUES (501, '(❯❯) 問候的驚人效果！！', 20042, 'sakura-bakushin-o', '連鎖事件');
INSERT INTO card_event_choices (choice_id, event_id, choice_label, chain_index, speed, stamina, strength, willpower, intelligence, hp, mood, skill_point, character_favor, event_condition, is_random_value, is_random_attribute, is_random_block_training, is_end_chained_event) VALUES (907, 501, 'None', 2, 0, 0, 10, 0, 0, -10, 0, 0, 5, null, 0, 0, 0, 0);
INSERT INTO card_events (event_id, event_name, uma_id, uma_name, category) VALUES (502, '模範生的一舉兩得！！', 20042, 'sakura-bakushin-o', '隨機事件');
INSERT INTO card_event_choices (choice_id, event_id, choice_label, chain_index, speed, stamina, strength, willpower, intelligence, hp, mood, skill_point, character_favor, event_condition, is_random_value, is_random_attribute, is_random_block_training, is_end_chained_event) VALUES (908, 502, 'Up', 2, 15, 0, 0, 0, 0, 0, 0, 0, 5, null, 0, 0, 0, 0);
INSERT INTO card_event_choices (choice_id, event_id, choice_label, chain_index, speed, stamina, strength, willpower, intelligence, hp, mood, skill_point, character_favor, event_condition, is_random_value, is_random_attribute, is_random_block_training, is_end_chained_event) VALUES (909, 502, 'Down', 2, 5, 0, 10, 0, 0, 0, 0, 0, 5, null, 0, 0, 0, 0);
INSERT INTO card_events (event_id, event_name, uma_id, uma_name, category) VALUES (503, '讓人想立刻開跑！！', 20042, 'sakura-bakushin-o', '隨機事件');
INSERT INTO card_event_choices (choice_id, event_id, choice_label, chain_index, speed, stamina, strength, willpower, intelligence, hp, mood, skill_point, character_favor, event_condition, is_random_value, is_random_attribute, is_random_block_training, is_end_chained_event) VALUES (910, 503, 'Up', 2, 0, 0, 0, 0, 0, 0, 0, 0, 5, null, 0, 0, 0, 0);
INSERT INTO card_event_choices (choice_id, event_id, choice_label, chain_index, speed, stamina, strength, willpower, intelligence, hp, mood, skill_point, character_favor, event_condition, is_random_value, is_random_attribute, is_random_block_training, is_end_chained_event) VALUES (911, 503, 'Down', 2, 10, 0, 5, 0, 0, -10, 0, 0, 5, null, 0, 0, 0, 0);
INSERT INTO card_table (count, uma_id, uma_name) VALUES (169, 20043, 'special-week');
INSERT INTO card_events (event_id, event_name, uma_id, uma_name, category) VALUES (504, '(❯) 沒能說出口的話語', 20043, 'special-week', '連鎖事件');
INSERT INTO card_event_choices (choice_id, event_id, choice_label, chain_index, speed, stamina, strength, willpower, intelligence, hp, mood, skill_point, character_favor, event_condition, is_random_value, is_random_attribute, is_random_block_training, is_end_chained_event) VALUES (912, 504, 'None', 1, 0, 0, 0, 0, 0, 15, 1, 0, 5, null, 0, 0, 0, 0);
INSERT INTO card_events (event_id, event_name, uma_id, uma_name, category) VALUES (505, '(❯❯) 小小的「謝謝」', 20043, 'special-week', '連鎖事件');
INSERT INTO card_event_choices (choice_id, event_id, choice_label, chain_index, speed, stamina, strength, willpower, intelligence, hp, mood, skill_point, character_favor, event_condition, is_random_value, is_random_attribute, is_random_block_training, is_end_chained_event) VALUES (913, 505, 'None', 2, 0, 0, 0, 0, 0, 10, 0, 0, 5, null, 1, 0, 0, 0);
INSERT INTO card_event_choices (choice_id, event_id, choice_label, chain_index, speed, stamina, strength, willpower, intelligence, hp, mood, skill_point, character_favor, event_condition, is_random_value, is_random_attribute, is_random_block_training, is_end_chained_event) VALUES (914, 505, 'None', 2, 0, 0, 0, 0, 0, 10, 0, 0, 0, null, 0, 0, 0, 0);
INSERT INTO card_events (event_id, event_name, uma_id, uma_name, category) VALUES (506, '我會多注意轉角處！', 20043, 'special-week', '隨機事件');
INSERT INTO card_event_choices (choice_id, event_id, choice_label, chain_index, speed, stamina, strength, willpower, intelligence, hp, mood, skill_point, character_favor, event_condition, is_random_value, is_random_attribute, is_random_block_training, is_end_chained_event) VALUES (915, 506, 'Up', 2, 0, 0, 0, 0, 0, 1, 0, 0, 5, null, 0, 0, 0, 0);
INSERT INTO card_event_choices (choice_id, event_id, choice_label, chain_index, speed, stamina, strength, willpower, intelligence, hp, mood, skill_point, character_favor, event_condition, is_random_value, is_random_attribute, is_random_block_training, is_end_chained_event) VALUES (916, 506, 'Down', 2, 0, 0, 0, 15, 0, 0, 0, 0, 5, null, 0, 0, 0, 0);
INSERT INTO card_events (event_id, event_name, uma_id, uma_name, category) VALUES (507, '這個也好那個也不錯，真煩惱！', 20043, 'special-week', '隨機事件');
INSERT INTO card_event_choices (choice_id, event_id, choice_label, chain_index, speed, stamina, strength, willpower, intelligence, hp, mood, skill_point, character_favor, event_condition, is_random_value, is_random_attribute, is_random_block_training, is_end_chained_event) VALUES (917, 507, 'Up', 2, 0, 0, 0, 0, 0, 10, 1, 0, 5, null, 0, 0, 0, 0);
INSERT INTO card_event_choices (choice_id, event_id, choice_label, chain_index, speed, stamina, strength, willpower, intelligence, hp, mood, skill_point, character_favor, event_condition, is_random_value, is_random_attribute, is_random_block_training, is_end_chained_event) VALUES (918, 507, 'Down', 2, 0, 15, 0, 0, 0, -10, 0, 15, 5, null, 0, 0, 0, 0);
INSERT INTO card_table (count, uma_id, uma_name) VALUES (170, 20044, 'curren-chan');
INSERT INTO card_events (event_id, event_name, uma_id, uma_name, category) VALUES (508, '(❯) #找到了Curren', 20044, 'curren-chan', '連鎖事件');
INSERT INTO card_event_choices (choice_id, event_id, choice_label, chain_index, speed, stamina, strength, willpower, intelligence, hp, mood, skill_point, character_favor, event_condition, is_random_value, is_random_attribute, is_random_block_training, is_end_chained_event) VALUES (919, 508, 'Up', 1, 20, 0, 0, 0, 0, 0, 0, 0, 5, null, 0, 0, 0, 0);
INSERT INTO card_event_choices (choice_id, event_id, choice_label, chain_index, speed, stamina, strength, willpower, intelligence, hp, mood, skill_point, character_favor, event_condition, is_random_value, is_random_attribute, is_random_block_training, is_end_chained_event) VALUES (920, 508, 'Down', 1, 0, 0, 0, 0, 0, 0, 0, 10, 5, null, 0, 0, 0, 0);
INSERT INTO card_events (event_id, event_name, uma_id, uma_name, category) VALUES (509, '(❯❯) #可愛軟綿綿', 20044, 'curren-chan', '連鎖事件');
INSERT INTO card_event_choices (choice_id, event_id, choice_label, chain_index, speed, stamina, strength, willpower, intelligence, hp, mood, skill_point, character_favor, event_condition, is_random_value, is_random_attribute, is_random_block_training, is_end_chained_event) VALUES (921, 509, 'None', 2, 0, 0, 0, 0, 0, 0, 0, 0, 5, null, 0, 0, 0, 0);
INSERT INTO card_events (event_id, event_name, uma_id, uma_name, category) VALUES (510, '#專屬於妳的可愛', 20044, 'curren-chan', '隨機事件');
INSERT INTO card_event_choices (choice_id, event_id, choice_label, chain_index, speed, stamina, strength, willpower, intelligence, hp, mood, skill_point, character_favor, event_condition, is_random_value, is_random_attribute, is_random_block_training, is_end_chained_event) VALUES (922, 510, 'Up', 2, 5, 0, 0, 0, 10, 0, 0, 0, 5, null, 0, 0, 0, 0);
INSERT INTO card_event_choices (choice_id, event_id, choice_label, chain_index, speed, stamina, strength, willpower, intelligence, hp, mood, skill_point, character_favor, event_condition, is_random_value, is_random_attribute, is_random_block_training, is_end_chained_event) VALUES (923, 510, 'Down', 2, 10, 0, 5, 0, 0, 0, 0, 0, 5, null, 0, 0, 0, 0);
INSERT INTO card_events (event_id, event_name, uma_id, uma_name, category) VALUES (511, '#將可愛獻給你☆', 20044, 'curren-chan', '隨機事件');
INSERT INTO card_event_choices (choice_id, event_id, choice_label, chain_index, speed, stamina, strength, willpower, intelligence, hp, mood, skill_point, character_favor, event_condition, is_random_value, is_random_attribute, is_random_block_training, is_end_chained_event) VALUES (924, 511, 'Up', 2, 0, 0, 0, 0, 0, 0, 0, 15, 5, null, 0, 0, 0, 0);
INSERT INTO card_event_choices (choice_id, event_id, choice_label, chain_index, speed, stamina, strength, willpower, intelligence, hp, mood, skill_point, character_favor, event_condition, is_random_value, is_random_attribute, is_random_block_training, is_end_chained_event) VALUES (925, 511, 'Down', 2, 0, 0, 0, 0, 0, 0, 0, 0, 5, null, 0, 0, 0, 0);
INSERT INTO card_table (count, uma_id, uma_name) VALUES (171, 20045, 'smart-falcon');
INSERT INTO card_events (event_id, event_name, uma_id, uma_name, category) VALUES (512, '(❯) What is 賽馬娘偶像？', 20045, 'smart-falcon', '連鎖事件');
INSERT INTO card_event_choices (choice_id, event_id, choice_label, chain_index, speed, stamina, strength, willpower, intelligence, hp, mood, skill_point, character_favor, event_condition, is_random_value, is_random_attribute, is_random_block_training, is_end_chained_event) VALUES (926, 512, 'Up', 1, 0, 0, 0, 0, 0, 0, 0, 0, 5, null, 0, 0, 0, 0);
INSERT INTO card_event_choices (choice_id, event_id, choice_label, chain_index, speed, stamina, strength, willpower, intelligence, hp, mood, skill_point, character_favor, event_condition, is_random_value, is_random_attribute, is_random_block_training, is_end_chained_event) VALUES (927, 512, 'Down', 1, 0, 0, 5, 0, 0, 10, 0, 0, 5, null, 0, 0, 0, 0);
INSERT INTO card_events (event_id, event_name, uma_id, uma_name, category) VALUES (513, '(❯❯) This is 賽馬娘偶像！', 20045, 'smart-falcon', '連鎖事件');
INSERT INTO card_event_choices (choice_id, event_id, choice_label, chain_index, speed, stamina, strength, willpower, intelligence, hp, mood, skill_point, character_favor, event_condition, is_random_value, is_random_attribute, is_random_block_training, is_end_chained_event) VALUES (928, 513, 'None', 2, 0, 0, 0, 0, 0, 0, 0, 25, 5, null, 0, 0, 0, 0);
INSERT INTO card_events (event_id, event_name, uma_id, uma_name, category) VALUES (514, '演唱會的靈魂在於粉絲互動☆', 20045, 'smart-falcon', '隨機事件');
INSERT INTO card_event_choices (choice_id, event_id, choice_label, chain_index, speed, stamina, strength, willpower, intelligence, hp, mood, skill_point, character_favor, event_condition, is_random_value, is_random_attribute, is_random_block_training, is_end_chained_event) VALUES (929, 514, 'Up', 2, 0, 5, 0, 10, 0, 0, 0, 0, 5, null, 0, 0, 0, 0);
INSERT INTO card_event_choices (choice_id, event_id, choice_label, chain_index, speed, stamina, strength, willpower, intelligence, hp, mood, skill_point, character_favor, event_condition, is_random_value, is_random_attribute, is_random_block_training, is_end_chained_event) VALUES (930, 514, 'Down', 2, 0, 0, 0, 0, 15, 0, 0, 0, 5, null, 0, 0, 0, 0);
INSERT INTO card_events (event_id, event_name, uma_id, uma_name, category) VALUES (515, '可愛的話一定要來看喔☆', 20045, 'smart-falcon', '隨機事件');
INSERT INTO card_event_choices (choice_id, event_id, choice_label, chain_index, speed, stamina, strength, willpower, intelligence, hp, mood, skill_point, character_favor, event_condition, is_random_value, is_random_attribute, is_random_block_training, is_end_chained_event) VALUES (931, 515, 'Up', 2, 0, 0, 10, 0, 0, -10, 0, 0, 5, null, 0, 0, 0, 0);
INSERT INTO card_event_choices (choice_id, event_id, choice_label, chain_index, speed, stamina, strength, willpower, intelligence, hp, mood, skill_point, character_favor, event_condition, is_random_value, is_random_attribute, is_random_block_training, is_end_chained_event) VALUES (932, 515, 'Down', 2, 0, 0, 0, 0, 5, 10, 0, 0, 5, null, 0, 0, 0, 0);
INSERT INTO card_table (count, uma_id, uma_name) VALUES (172, 20046, 'sweep-tosho');
INSERT INTO card_events (event_id, event_name, uma_id, uma_name, category) VALUES (516, '(❯) 耍任性的原因……', 20046, 'sweep-tosho', '連鎖事件');
INSERT INTO card_event_choices (choice_id, event_id, choice_label, chain_index, speed, stamina, strength, willpower, intelligence, hp, mood, skill_point, character_favor, event_condition, is_random_value, is_random_attribute, is_random_block_training, is_end_chained_event) VALUES (933, 516, 'None', 1, 0, 0, 0, 0, 0, 0, 0, 30, 5, null, 0, 0, 0, 0);
INSERT INTO card_events (event_id, event_name, uma_id, uma_name, category) VALUES (517, '(❯❯) 能夠持續努力的祕訣……！', 20046, 'sweep-tosho', '連鎖事件');
INSERT INTO card_event_choices (choice_id, event_id, choice_label, chain_index, speed, stamina, strength, willpower, intelligence, hp, mood, skill_point, character_favor, event_condition, is_random_value, is_random_attribute, is_random_block_training, is_end_chained_event) VALUES (934, 517, 'Up', 2, 0, 0, 0, 0, 10, 0, 0, 0, 5, null, 0, 0, 0, 0);
INSERT INTO card_event_choices (choice_id, event_id, choice_label, chain_index, speed, stamina, strength, willpower, intelligence, hp, mood, skill_point, character_favor, event_condition, is_random_value, is_random_attribute, is_random_block_training, is_end_chained_event) VALUES (935, 517, 'Down', 2, 10, 0, 0, 0, 0, 0, 0, 0, 5, null, 0, 0, 0, 0);
INSERT INTO card_events (event_id, event_name, uma_id, uma_name, category) VALUES (518, 'Miracle☆Escape！', 20046, 'sweep-tosho', '隨機事件');
INSERT INTO card_event_choices (choice_id, event_id, choice_label, chain_index, speed, stamina, strength, willpower, intelligence, hp, mood, skill_point, character_favor, event_condition, is_random_value, is_random_attribute, is_random_block_training, is_end_chained_event) VALUES (936, 518, 'Up', 2, 5, 0, 0, 0, 0, 10, 0, 0, 5, null, 0, 0, 0, 0);
INSERT INTO card_event_choices (choice_id, event_id, choice_label, chain_index, speed, stamina, strength, willpower, intelligence, hp, mood, skill_point, character_favor, event_condition, is_random_value, is_random_attribute, is_random_block_training, is_end_chained_event) VALUES (937, 518, 'Down', 2, 20, 0, 0, 0, 0, -10, 0, 0, 5, null, 0, 0, 0, 0);
INSERT INTO card_events (event_id, event_name, uma_id, uma_name, category) VALUES (519, 'Wonderful☆Mistake！', 20046, 'sweep-tosho', '隨機事件');
INSERT INTO card_event_choices (choice_id, event_id, choice_label, chain_index, speed, stamina, strength, willpower, intelligence, hp, mood, skill_point, character_favor, event_condition, is_random_value, is_random_attribute, is_random_block_training, is_end_chained_event) VALUES (938, 519, 'Up', 2, 0, 0, 0, 0, 0, -15, 0, 40, 0, null, 1, 0, 0, 0);
INSERT INTO card_event_choices (choice_id, event_id, choice_label, chain_index, speed, stamina, strength, willpower, intelligence, hp, mood, skill_point, character_favor, event_condition, is_random_value, is_random_attribute, is_random_block_training, is_end_chained_event) VALUES (939, 519, 'Up', 2, 0, 0, 0, 0, 0, -20, 0, 40, 5, null, 0, 0, 0, 0);
INSERT INTO card_event_choices (choice_id, event_id, choice_label, chain_index, speed, stamina, strength, willpower, intelligence, hp, mood, skill_point, character_favor, event_condition, is_random_value, is_random_attribute, is_random_block_training, is_end_chained_event) VALUES (940, 519, 'Down', 2, 0, 0, 0, 0, 0, 0, 0, 0, 5, '討人喜歡○', 0, 0, 0, 0);
INSERT INTO card_table (count, uma_id, uma_name) VALUES (173, 20047, 'tokai-teio');
INSERT INTO card_events (event_id, event_name, uma_id, uma_name, category) VALUES (520, '(❯) 任性？舞步', 20047, 'tokai-teio', '連鎖事件');
INSERT INTO card_event_choices (choice_id, event_id, choice_label, chain_index, speed, stamina, strength, willpower, intelligence, hp, mood, skill_point, character_favor, event_condition, is_random_value, is_random_attribute, is_random_block_training, is_end_chained_event) VALUES (941, 520, 'None', 1, 0, 0, 0, 0, 0, 4, 0, 10, 5, null, 0, 0, 0, 0);
INSERT INTO card_events (event_id, event_name, uma_id, uma_name, category) VALUES (521, '(❯❯) 推廣！舞步', 20047, 'tokai-teio', '連鎖事件');
INSERT INTO card_event_choices (choice_id, event_id, choice_label, chain_index, speed, stamina, strength, willpower, intelligence, hp, mood, skill_point, character_favor, event_condition, is_random_value, is_random_attribute, is_random_block_training, is_end_chained_event) VALUES (942, 521, 'Up', 2, 0, 0, 0, 0, 0, 0, 0, 15, 5, null, 0, 0, 0, 0);
INSERT INTO card_event_choices (choice_id, event_id, choice_label, chain_index, speed, stamina, strength, willpower, intelligence, hp, mood, skill_point, character_favor, event_condition, is_random_value, is_random_attribute, is_random_block_training, is_end_chained_event) VALUES (943, 521, 'Down', 2, 0, 0, 0, 0, 0, 20, 0, 0, 5, null, 0, 0, 0, 0);
INSERT INTO card_events (event_id, event_name, uma_id, uma_name, category) VALUES (522, '我的作法', 20047, 'tokai-teio', '隨機事件');
INSERT INTO card_event_choices (choice_id, event_id, choice_label, chain_index, speed, stamina, strength, willpower, intelligence, hp, mood, skill_point, character_favor, event_condition, is_random_value, is_random_attribute, is_random_block_training, is_end_chained_event) VALUES (944, 522, 'Up', 2, 0, 0, 0, 0, 0, 0, 1, 15, 5, null, 0, 0, 0, 0);
INSERT INTO card_event_choices (choice_id, event_id, choice_label, chain_index, speed, stamina, strength, willpower, intelligence, hp, mood, skill_point, character_favor, event_condition, is_random_value, is_random_attribute, is_random_block_training, is_end_chained_event) VALUES (945, 522, 'Down', 2, 0, 0, 0, 15, 0, 0, 0, 0, 5, null, 0, 0, 0, 0);
INSERT INTO card_events (event_id, event_name, uma_id, uma_name, category) VALUES (523, '我的武器', 20047, 'tokai-teio', '隨機事件');
INSERT INTO card_event_choices (choice_id, event_id, choice_label, chain_index, speed, stamina, strength, willpower, intelligence, hp, mood, skill_point, character_favor, event_condition, is_random_value, is_random_attribute, is_random_block_training, is_end_chained_event) VALUES (946, 523, 'Up', 2, 0, 0, 0, 10, 0, 0, 1, 0, 5, null, 0, 0, 0, 0);
INSERT INTO card_event_choices (choice_id, event_id, choice_label, chain_index, speed, stamina, strength, willpower, intelligence, hp, mood, skill_point, character_favor, event_condition, is_random_value, is_random_attribute, is_random_block_training, is_end_chained_event) VALUES (947, 523, 'Down', 2, 0, 0, 0, 0, 0, 0, 0, 0, 5, null, 0, 0, 0, 0);
INSERT INTO card_table (count, uma_id, uma_name) VALUES (174, 20048, 'oguri-cap');
INSERT INTO card_events (event_id, event_name, uma_id, uma_name, category) VALUES (524, '(❯) 不放棄吃飯──小栗帽', 20048, 'oguri-cap', '連鎖事件');
INSERT INTO card_event_choices (choice_id, event_id, choice_label, chain_index, speed, stamina, strength, willpower, intelligence, hp, mood, skill_point, character_favor, event_condition, is_random_value, is_random_attribute, is_random_block_training, is_end_chained_event) VALUES (948, 524, 'Up', 1, 0, 0, 0, 0, 0, 0, 0, 0, 15, null, 0, 0, 0, 0);
INSERT INTO card_event_choices (choice_id, event_id, choice_label, chain_index, speed, stamina, strength, willpower, intelligence, hp, mood, skill_point, character_favor, event_condition, is_random_value, is_random_attribute, is_random_block_training, is_end_chained_event) VALUES (949, 524, 'Down', 1, 0, 0, 0, 15, 0, -10, 0, 0, 5, null, 0, 1, 0, 0);
INSERT INTO card_events (event_id, event_name, uma_id, uma_name, category) VALUES (525, '(❯❯) 享用幸福──小栗帽', 20048, 'oguri-cap', '連鎖事件');
INSERT INTO card_event_choices (choice_id, event_id, choice_label, chain_index, speed, stamina, strength, willpower, intelligence, hp, mood, skill_point, character_favor, event_condition, is_random_value, is_random_attribute, is_random_block_training, is_end_chained_event) VALUES (950, 525, 'None', 2, 0, 0, 7, 7, 0, 0, 0, 10, 5, null, 0, 0, 0, 0);
INSERT INTO card_events (event_id, event_name, uma_id, uma_name, category) VALUES (526, '該如何回答才好……', 20048, 'oguri-cap', '隨機事件');
INSERT INTO card_event_choices (choice_id, event_id, choice_label, chain_index, speed, stamina, strength, willpower, intelligence, hp, mood, skill_point, character_favor, event_condition, is_random_value, is_random_attribute, is_random_block_training, is_end_chained_event) VALUES (951, 526, 'Up', 2, 0, 0, 5, 0, 0, 5, 0, 0, 5, null, 0, 0, 0, 0);
INSERT INTO card_event_choices (choice_id, event_id, choice_label, chain_index, speed, stamina, strength, willpower, intelligence, hp, mood, skill_point, character_favor, event_condition, is_random_value, is_random_attribute, is_random_block_training, is_end_chained_event) VALUES (952, 526, 'Down', 2, 0, 0, 0, 15, 0, -10, 0, 0, 5, null, 0, 0, 0, 0);
INSERT INTO card_events (event_id, event_name, uma_id, uma_name, category) VALUES (527, '人潮很麻煩呢……', 20048, 'oguri-cap', '隨機事件');
INSERT INTO card_event_choices (choice_id, event_id, choice_label, chain_index, speed, stamina, strength, willpower, intelligence, hp, mood, skill_point, character_favor, event_condition, is_random_value, is_random_attribute, is_random_block_training, is_end_chained_event) VALUES (953, 527, 'Up', 2, 0, 0, 5, 0, 0, 0, 0, 15, 5, null, 0, 0, 0, 0);
INSERT INTO card_event_choices (choice_id, event_id, choice_label, chain_index, speed, stamina, strength, willpower, intelligence, hp, mood, skill_point, character_favor, event_condition, is_random_value, is_random_attribute, is_random_block_training, is_end_chained_event) VALUES (954, 527, 'Down', 2, 0, 0, 0, 0, 0, 0, 0, 0, 5, null, 0, 0, 0, 0);
INSERT INTO card_table (count, uma_id, uma_name) VALUES (175, 20049, 'gold-city');
INSERT INTO card_events (event_id, event_name, uma_id, uma_name, category) VALUES (528, '(❯) 我能靠自己解決', 20049, 'gold-city', '連鎖事件');
INSERT INTO card_event_choices (choice_id, event_id, choice_label, chain_index, speed, stamina, strength, willpower, intelligence, hp, mood, skill_point, character_favor, event_condition, is_random_value, is_random_attribute, is_random_block_training, is_end_chained_event) VALUES (955, 528, 'None', 1, 0, 0, 0, 0, 0, 0, 0, 30, 5, null, 0, 0, 0, 0);
INSERT INTO card_events (event_id, event_name, uma_id, uma_name, category) VALUES (529, '(❯❯) 偶爾仰賴他人的協助', 20049, 'gold-city', '連鎖事件');
INSERT INTO card_event_choices (choice_id, event_id, choice_label, chain_index, speed, stamina, strength, willpower, intelligence, hp, mood, skill_point, character_favor, event_condition, is_random_value, is_random_attribute, is_random_block_training, is_end_chained_event) VALUES (956, 529, 'Up', 2, 10, 0, 0, 0, 0, 0, 0, 10, 5, null, 0, 0, 0, 0);
INSERT INTO card_event_choices (choice_id, event_id, choice_label, chain_index, speed, stamina, strength, willpower, intelligence, hp, mood, skill_point, character_favor, event_condition, is_random_value, is_random_attribute, is_random_block_training, is_end_chained_event) VALUES (957, 529, 'Down', 2, 0, 0, 0, 0, 10, 0, 0, 10, 5, null, 0, 0, 0, 0);
INSERT INTO card_events (event_id, event_name, uma_id, uma_name, category) VALUES (530, '08：36／睡過頭，糟糕', 20049, 'gold-city', '隨機事件');
INSERT INTO card_event_choices (choice_id, event_id, choice_label, chain_index, speed, stamina, strength, willpower, intelligence, hp, mood, skill_point, character_favor, event_condition, is_random_value, is_random_attribute, is_random_block_training, is_end_chained_event) VALUES (958, 530, 'Up', 2, 0, 0, 0, 0, 0, 0, -1, 45, 5, null, 0, 0, 0, 0);
INSERT INTO card_event_choices (choice_id, event_id, choice_label, chain_index, speed, stamina, strength, willpower, intelligence, hp, mood, skill_point, character_favor, event_condition, is_random_value, is_random_attribute, is_random_block_training, is_end_chained_event) VALUES (959, 530, 'Down', 2, 0, 0, 0, 0, 5, 10, 0, 0, 5, null, 0, 0, 0, 0);
INSERT INTO card_events (event_id, event_name, uma_id, uma_name, category) VALUES (531, '13：12／午休，必須拿出幹勁', 20049, 'gold-city', '隨機事件');
INSERT INTO card_event_choices (choice_id, event_id, choice_label, chain_index, speed, stamina, strength, willpower, intelligence, hp, mood, skill_point, character_favor, event_condition, is_random_value, is_random_attribute, is_random_block_training, is_end_chained_event) VALUES (960, 531, 'Up', 2, 0, 0, 0, 0, 0, 0, 0, 30, 5, null, 0, 0, 0, 0);
INSERT INTO card_event_choices (choice_id, event_id, choice_label, chain_index, speed, stamina, strength, willpower, intelligence, hp, mood, skill_point, character_favor, event_condition, is_random_value, is_random_attribute, is_random_block_training, is_end_chained_event) VALUES (961, 531, 'Down', 2, 0, 0, 0, 0, 0, 0, 0, 0, 5, null, 0, 0, 0, 0);
INSERT INTO card_table (count, uma_id, uma_name) VALUES (176, 20050, 'seiun-sky');
INSERT INTO card_events (event_id, event_name, uma_id, uma_name, category) VALUES (532, '(❯) 船釣後……', 20050, 'seiun-sky', '連鎖事件');
INSERT INTO card_event_choices (choice_id, event_id, choice_label, chain_index, speed, stamina, strength, willpower, intelligence, hp, mood, skill_point, character_favor, event_condition, is_random_value, is_random_attribute, is_random_block_training, is_end_chained_event) VALUES (962, 532, 'None', 1, 0, 10, 0, 0, 0, 0, 0, 0, 5, null, 0, 0, 0, 0);
INSERT INTO card_events (event_id, event_name, uma_id, uma_name, category) VALUES (533, '(❯❯) 下次再去船釣吧', 20050, 'seiun-sky', '連鎖事件');
INSERT INTO card_event_choices (choice_id, event_id, choice_label, chain_index, speed, stamina, strength, willpower, intelligence, hp, mood, skill_point, character_favor, event_condition, is_random_value, is_random_attribute, is_random_block_training, is_end_chained_event) VALUES (963, 533, 'Up', 2, 15, 15, 0, 0, 0, 0, 0, 0, 5, null, 0, 0, 0, 0);
INSERT INTO card_event_choices (choice_id, event_id, choice_label, chain_index, speed, stamina, strength, willpower, intelligence, hp, mood, skill_point, character_favor, event_condition, is_random_value, is_random_attribute, is_random_block_training, is_end_chained_event) VALUES (964, 533, 'Down', 2, 0, 0, 0, 0, 0, 0, 1, 0, 15, null, 0, 0, 0, 0);
INSERT INTO card_events (event_id, event_name, uma_id, uma_name, category) VALUES (534, '隨便招募，捕捉小貓的方法', 20050, 'seiun-sky', '隨機事件');
INSERT INTO card_event_choices (choice_id, event_id, choice_label, chain_index, speed, stamina, strength, willpower, intelligence, hp, mood, skill_point, character_favor, event_condition, is_random_value, is_random_attribute, is_random_block_training, is_end_chained_event) VALUES (965, 534, 'Up', 2, 0, 0, 0, 0, 5, 10, 0, 0, 5, null, 0, 0, 0, 0);
INSERT INTO card_event_choices (choice_id, event_id, choice_label, chain_index, speed, stamina, strength, willpower, intelligence, hp, mood, skill_point, character_favor, event_condition, is_random_value, is_random_attribute, is_random_block_training, is_end_chained_event) VALUES (966, 534, 'Down', 2, 15, 5, 0, 0, 0, -10, 0, 0, 5, null, 0, 0, 0, 0);
INSERT INTO card_events (event_id, event_name, uma_id, uma_name, category) VALUES (535, '隨便招募，給建議的人', 20050, 'seiun-sky', '隨機事件');
INSERT INTO card_event_choices (choice_id, event_id, choice_label, chain_index, speed, stamina, strength, willpower, intelligence, hp, mood, skill_point, character_favor, event_condition, is_random_value, is_random_attribute, is_random_block_training, is_end_chained_event) VALUES (967, 535, 'Up', 2, 0, 0, 0, 0, 15, 0, 0, 0, 5, null, 0, 0, 0, 0);
INSERT INTO card_event_choices (choice_id, event_id, choice_label, chain_index, speed, stamina, strength, willpower, intelligence, hp, mood, skill_point, character_favor, event_condition, is_random_value, is_random_attribute, is_random_block_training, is_end_chained_event) VALUES (968, 535, 'Down', 2, 0, 0, 0, 0, 0, 0, 0, 0, 5, null, 0, 0, 0, 0);
INSERT INTO card_table (count, uma_id, uma_name) VALUES (177, 20051, 'ksmiracle');
INSERT INTO card_events (event_id, event_name, uma_id, uma_name, category) VALUES (536, '(❯) 平靜的水面', 20051, 'ksmiracle', '連鎖事件');
INSERT INTO card_event_choices (choice_id, event_id, choice_label, chain_index, speed, stamina, strength, willpower, intelligence, hp, mood, skill_point, character_favor, event_condition, is_random_value, is_random_attribute, is_random_block_training, is_end_chained_event) VALUES (969, 536, 'None', 1, 5, 0, 5, 5, 0, 0, 0, 0, 5, null, 0, 0, 0, 0);
INSERT INTO card_events (event_id, event_name, uma_id, uma_name, category) VALUES (537, '(❯❯) 薄冰之上', 20051, 'ksmiracle', '連鎖事件');
INSERT INTO card_event_choices (choice_id, event_id, choice_label, chain_index, speed, stamina, strength, willpower, intelligence, hp, mood, skill_point, character_favor, event_condition, is_random_value, is_random_attribute, is_random_block_training, is_end_chained_event) VALUES (970, 537, 'Up', 2, 0, 0, 0, 0, 0, 0, 0, 35, 5, null, 0, 0, 0, 0);
INSERT INTO card_event_choices (choice_id, event_id, choice_label, chain_index, speed, stamina, strength, willpower, intelligence, hp, mood, skill_point, character_favor, event_condition, is_random_value, is_random_attribute, is_random_block_training, is_end_chained_event) VALUES (971, 537, 'Down', 2, 0, 0, 0, 0, 0, 30, 0, 0, 5, null, 0, 0, 0, 0);
INSERT INTO card_events (event_id, event_name, uma_id, uma_name, category) VALUES (538, '分享體貼', 20051, 'ksmiracle', '隨機事件');
INSERT INTO card_event_choices (choice_id, event_id, choice_label, chain_index, speed, stamina, strength, willpower, intelligence, hp, mood, skill_point, character_favor, event_condition, is_random_value, is_random_attribute, is_random_block_training, is_end_chained_event) VALUES (972, 538, 'Up', 2, 5, 0, 5, 5, 0, 0, 0, 0, 5, null, 0, 0, 0, 0);
INSERT INTO card_event_choices (choice_id, event_id, choice_label, chain_index, speed, stamina, strength, willpower, intelligence, hp, mood, skill_point, character_favor, event_condition, is_random_value, is_random_attribute, is_random_block_training, is_end_chained_event) VALUES (973, 538, 'Down', 2, 0, 0, 0, 0, 0, 0, 2, 0, 5, null, 0, 0, 0, 0);
INSERT INTO card_events (event_id, event_name, uma_id, uma_name, category) VALUES (539, '溼透也沒關係', 20051, 'ksmiracle', '隨機事件');
INSERT INTO card_event_choices (choice_id, event_id, choice_label, chain_index, speed, stamina, strength, willpower, intelligence, hp, mood, skill_point, character_favor, event_condition, is_random_value, is_random_attribute, is_random_block_training, is_end_chained_event) VALUES (974, 539, 'Up', 2, 0, 0, 0, 0, 20, 0, 0, 0, 5, null, 0, 0, 0, 0);
INSERT INTO card_event_choices (choice_id, event_id, choice_label, chain_index, speed, stamina, strength, willpower, intelligence, hp, mood, skill_point, character_favor, event_condition, is_random_value, is_random_attribute, is_random_block_training, is_end_chained_event) VALUES (975, 539, 'Down', 2, 0, 0, 0, 0, 0, 0, 0, 0, 5, null, 0, 0, 0, 0);
INSERT INTO card_table (count, uma_id, uma_name) VALUES (178, 20052, 'tsurumaru-tsuyoshi');
INSERT INTO card_events (event_id, event_name, uma_id, uma_name, category) VALUES (540, '(❯) 我有在積極評估！！', 20052, 'tsurumaru-tsuyoshi', '連鎖事件');
INSERT INTO card_event_choices (choice_id, event_id, choice_label, chain_index, speed, stamina, strength, willpower, intelligence, hp, mood, skill_point, character_favor, event_condition, is_random_value, is_random_attribute, is_random_block_training, is_end_chained_event) VALUES (976, 540, 'None', 1, 7, 0, 0, 7, 0, -5, 0, 7, 5, null, 0, 0, 0, 0);
INSERT INTO card_events (event_id, event_name, uma_id, uma_name, category) VALUES (541, '(❯❯) 只屬於我的強項！！', 20052, 'tsurumaru-tsuyoshi', '連鎖事件');
INSERT INTO card_event_choices (choice_id, event_id, choice_label, chain_index, speed, stamina, strength, willpower, intelligence, hp, mood, skill_point, character_favor, event_condition, is_random_value, is_random_attribute, is_random_block_training, is_end_chained_event) VALUES (977, 541, 'None', 2, 10, 0, 10, 10, 0, -5, 0, 0, 5, null, 0, 0, 0, 0);
INSERT INTO card_events (event_id, event_name, uma_id, uma_name, category) VALUES (542, '盡全力準備囉～！', 20052, 'tsurumaru-tsuyoshi', '隨機事件');
INSERT INTO card_event_choices (choice_id, event_id, choice_label, chain_index, speed, stamina, strength, willpower, intelligence, hp, mood, skill_point, character_favor, event_condition, is_random_value, is_random_attribute, is_random_block_training, is_end_chained_event) VALUES (978, 542, 'Up', 2, 0, 0, 0, 0, 0, 10, 1, 0, 5, null, 0, 0, 0, 0);
INSERT INTO card_event_choices (choice_id, event_id, choice_label, chain_index, speed, stamina, strength, willpower, intelligence, hp, mood, skill_point, character_favor, event_condition, is_random_value, is_random_attribute, is_random_block_training, is_end_chained_event) VALUES (979, 542, 'Down', 2, 15, 0, 0, 0, 0, 0, 0, 0, 5, null, 0, 0, 0, 0);
INSERT INTO card_events (event_id, event_name, uma_id, uma_name, category) VALUES (543, '盡全力幫忙囉～！', 20052, 'tsurumaru-tsuyoshi', '隨機事件');
INSERT INTO card_event_choices (choice_id, event_id, choice_label, chain_index, speed, stamina, strength, willpower, intelligence, hp, mood, skill_point, character_favor, event_condition, is_random_value, is_random_attribute, is_random_block_training, is_end_chained_event) VALUES (980, 543, 'Up', 2, 0, 0, 0, 0, 0, 0, 0, 0, 5, null, 0, 0, 0, 0);
INSERT INTO card_event_choices (choice_id, event_id, choice_label, chain_index, speed, stamina, strength, willpower, intelligence, hp, mood, skill_point, character_favor, event_condition, is_random_value, is_random_attribute, is_random_block_training, is_end_chained_event) VALUES (981, 543, 'Down', 2, 0, 0, 0, 15, 0, 0, 0, 0, 5, null, 0, 0, 0, 0);
INSERT INTO card_table (count, uma_id, uma_name) VALUES (179, 20053, 'narita-top-road');
INSERT INTO card_events (event_id, event_name, uma_id, uma_name, category) VALUES (544, '(❯) 沒關係喔，班長！', 20053, 'narita-top-road', '連鎖事件');
INSERT INTO card_event_choices (choice_id, event_id, choice_label, chain_index, speed, stamina, strength, willpower, intelligence, hp, mood, skill_point, character_favor, event_condition, is_random_value, is_random_attribute, is_random_block_training, is_end_chained_event) VALUES (982, 544, 'Up', 1, 0, 10, 10, 0, 0, -5, 0, 0, 5, null, 0, 0, 0, 0);
INSERT INTO card_event_choices (choice_id, event_id, choice_label, chain_index, speed, stamina, strength, willpower, intelligence, hp, mood, skill_point, character_favor, event_condition, is_random_value, is_random_attribute, is_random_block_training, is_end_chained_event) VALUES (983, 544, 'Down', 1, 0, 0, 0, 0, 0, 10, 0, 15, 5, null, 0, 0, 0, 0);
INSERT INTO card_events (event_id, event_name, uma_id, uma_name, category) VALUES (545, '(❯❯) 不輕言放棄的班長！', 20053, 'narita-top-road', '連鎖事件');
INSERT INTO card_event_choices (choice_id, event_id, choice_label, chain_index, speed, stamina, strength, willpower, intelligence, hp, mood, skill_point, character_favor, event_condition, is_random_value, is_random_attribute, is_random_block_training, is_end_chained_event) VALUES (984, 545, 'None', 2, 0, 10, 10, 0, 0, 0, 0, 15, 5, null, 0, 0, 0, 0);
INSERT INTO card_events (event_id, event_name, uma_id, uma_name, category) VALUES (546, '仔細檢查！', 20053, 'narita-top-road', '隨機事件');
INSERT INTO card_event_choices (choice_id, event_id, choice_label, chain_index, speed, stamina, strength, willpower, intelligence, hp, mood, skill_point, character_favor, event_condition, is_random_value, is_random_attribute, is_random_block_training, is_end_chained_event) VALUES (985, 546, 'Up', 2, 0, 0, 0, 0, 0, 20, 0, 0, 5, null, 0, 0, 0, 0);
INSERT INTO card_event_choices (choice_id, event_id, choice_label, chain_index, speed, stamina, strength, willpower, intelligence, hp, mood, skill_point, character_favor, event_condition, is_random_value, is_random_attribute, is_random_block_training, is_end_chained_event) VALUES (986, 546, 'Down', 2, 25, 0, 0, 0, 0, -10, 0, 0, 5, null, 0, 0, 0, 0);
INSERT INTO card_events (event_id, event_name, uma_id, uma_name, category) VALUES (547, '好好努力！', 20053, 'narita-top-road', '隨機事件');
INSERT INTO card_event_choices (choice_id, event_id, choice_label, chain_index, speed, stamina, strength, willpower, intelligence, hp, mood, skill_point, character_favor, event_condition, is_random_value, is_random_attribute, is_random_block_training, is_end_chained_event) VALUES (987, 547, 'Up', 2, 0, 10, 0, 0, 0, 0, 0, 0, 5, null, 0, 0, 0, 0);
INSERT INTO card_event_choices (choice_id, event_id, choice_label, chain_index, speed, stamina, strength, willpower, intelligence, hp, mood, skill_point, character_favor, event_condition, is_random_value, is_random_attribute, is_random_block_training, is_end_chained_event) VALUES (988, 547, 'Down', 2, 0, 0, 0, 0, 0, 0, 0, 0, 5, null, 0, 0, 0, 0);
INSERT INTO card_table (count, uma_id, uma_name) VALUES (180, 20054, 'tm-opera-o');
INSERT INTO card_events (event_id, event_name, uma_id, uma_name, category) VALUES (548, '(❯) 堅定可靠的好歌劇', 20054, 'tm-opera-o', '連鎖事件');
INSERT INTO card_event_choices (choice_id, event_id, choice_label, chain_index, speed, stamina, strength, willpower, intelligence, hp, mood, skill_point, character_favor, event_condition, is_random_value, is_random_attribute, is_random_block_training, is_end_chained_event) VALUES (989, 548, 'None', 1, 0, 10, 0, 0, 0, 0, 0, 10, 5, null, 0, 0, 0, 0);
INSERT INTO card_events (event_id, event_name, uma_id, uma_name, category) VALUES (549, '(❯❯) 大家的好歌劇', 20054, 'tm-opera-o', '連鎖事件');
INSERT INTO card_event_choices (choice_id, event_id, choice_label, chain_index, speed, stamina, strength, willpower, intelligence, hp, mood, skill_point, character_favor, event_condition, is_random_value, is_random_attribute, is_random_block_training, is_end_chained_event) VALUES (990, 549, 'Up', 2, 0, 0, 0, 0, 0, 0, 1, 0, 15, null, 0, 0, 0, 0);
INSERT INTO card_event_choices (choice_id, event_id, choice_label, chain_index, speed, stamina, strength, willpower, intelligence, hp, mood, skill_point, character_favor, event_condition, is_random_value, is_random_attribute, is_random_block_training, is_end_chained_event) VALUES (991, 549, 'Down', 2, 0, 15, 0, 0, 0, 0, 0, 0, 5, null, 0, 0, 0, 0);
INSERT INTO card_events (event_id, event_name, uma_id, uma_name, category) VALUES (550, '成為贏家的練習曲', 20054, 'tm-opera-o', '隨機事件');
INSERT INTO card_event_choices (choice_id, event_id, choice_label, chain_index, speed, stamina, strength, willpower, intelligence, hp, mood, skill_point, character_favor, event_condition, is_random_value, is_random_attribute, is_random_block_training, is_end_chained_event) VALUES (992, 550, 'Up', 2, 5, 0, 0, 0, 0, 0, -1, 30, 5, null, 0, 0, 0, 0);
INSERT INTO card_event_choices (choice_id, event_id, choice_label, chain_index, speed, stamina, strength, willpower, intelligence, hp, mood, skill_point, character_favor, event_condition, is_random_value, is_random_attribute, is_random_block_training, is_end_chained_event) VALUES (993, 550, 'Down', 2, 0, 0, 5, 0, 0, 0, 0, 15, 5, null, 0, 0, 0, 0);
INSERT INTO card_events (event_id, event_name, uma_id, uma_name, category) VALUES (551, '超越有限的時間', 20054, 'tm-opera-o', '隨機事件');
INSERT INTO card_event_choices (choice_id, event_id, choice_label, chain_index, speed, stamina, strength, willpower, intelligence, hp, mood, skill_point, character_favor, event_condition, is_random_value, is_random_attribute, is_random_block_training, is_end_chained_event) VALUES (994, 551, 'Up', 2, 0, 0, 0, 0, 0, 10, 0, 15, 5, null, 0, 0, 0, 0);
INSERT INTO card_event_choices (choice_id, event_id, choice_label, chain_index, speed, stamina, strength, willpower, intelligence, hp, mood, skill_point, character_favor, event_condition, is_random_value, is_random_attribute, is_random_block_training, is_end_chained_event) VALUES (995, 551, 'Down', 2, 0, 0, 0, 0, 0, 0, 0, 0, 5, null, 0, 0, 0, 0);
INSERT INTO card_table (count, uma_id, uma_name) VALUES (181, 20055, 'aston-machan');
INSERT INTO card_events (event_id, event_name, uma_id, uma_name, category) VALUES (552, '(❯) 讓我送你們到大海吧', 20055, 'aston-machan', '連鎖事件');
INSERT INTO card_event_choices (choice_id, event_id, choice_label, chain_index, speed, stamina, strength, willpower, intelligence, hp, mood, skill_point, character_favor, event_condition, is_random_value, is_random_attribute, is_random_block_training, is_end_chained_event) VALUES (996, 552, 'Up', 1, 0, 0, 0, 0, 0, 10, 1, 0, 10, null, 0, 0, 0, 0);
INSERT INTO card_event_choices (choice_id, event_id, choice_label, chain_index, speed, stamina, strength, willpower, intelligence, hp, mood, skill_point, character_favor, event_condition, is_random_value, is_random_attribute, is_random_block_training, is_end_chained_event) VALUES (997, 552, 'Middle', 1, 10, 0, 0, 0, 0, 0, 0, 0, 10, null, 0, 0, 0, 0);
INSERT INTO card_event_choices (choice_id, event_id, choice_label, chain_index, speed, stamina, strength, willpower, intelligence, hp, mood, skill_point, character_favor, event_condition, is_random_value, is_random_attribute, is_random_block_training, is_end_chained_event) VALUES (998, 552, 'Down', 1, 0, 0, 0, 0, 0, 0, 0, 20, 5, null, 0, 0, 0, 0);
INSERT INTO card_events (event_id, event_name, uma_id, uma_name, category) VALUES (553, '(❯❯) 在抵達新天地前，努力掙扎', 20055, 'aston-machan', '連鎖事件');
INSERT INTO card_event_choices (choice_id, event_id, choice_label, chain_index, speed, stamina, strength, willpower, intelligence, hp, mood, skill_point, character_favor, event_condition, is_random_value, is_random_attribute, is_random_block_training, is_end_chained_event) VALUES (999, 553, 'Up', 2, 0, 0, 0, 0, 0, 10, 0, 0, 10, null, 0, 0, 0, 0);
INSERT INTO card_event_choices (choice_id, event_id, choice_label, chain_index, speed, stamina, strength, willpower, intelligence, hp, mood, skill_point, character_favor, event_condition, is_random_value, is_random_attribute, is_random_block_training, is_end_chained_event) VALUES (1000, 553, 'Down', 2, 7, 0, 7, 0, 0, 0, 0, 0, 5, null, 0, 0, 0, 0);
INSERT INTO card_events (event_id, event_name, uma_id, uma_name, category) VALUES (554, '永遠在一旁盯著你', 20055, 'aston-machan', '隨機事件');
INSERT INTO card_event_choices (choice_id, event_id, choice_label, chain_index, speed, stamina, strength, willpower, intelligence, hp, mood, skill_point, character_favor, event_condition, is_random_value, is_random_attribute, is_random_block_training, is_end_chained_event) VALUES (1001, 554, 'Up', 2, 0, 0, 0, 0, 0, 15, 0, 0, 5, null, 0, 0, 0, 0);
INSERT INTO card_event_choices (choice_id, event_id, choice_label, chain_index, speed, stamina, strength, willpower, intelligence, hp, mood, skill_point, character_favor, event_condition, is_random_value, is_random_attribute, is_random_block_training, is_end_chained_event) VALUES (1002, 554, 'Down', 2, 20, 0, 0, 0, 0, -5, 0, 0, 5, null, 0, 0, 0, 0);
INSERT INTO card_events (event_id, event_name, uma_id, uma_name, category) VALUES (555, '永遠透過照片盯著你', 20055, 'aston-machan', '隨機事件');
INSERT INTO card_event_choices (choice_id, event_id, choice_label, chain_index, speed, stamina, strength, willpower, intelligence, hp, mood, skill_point, character_favor, event_condition, is_random_value, is_random_attribute, is_random_block_training, is_end_chained_event) VALUES (1003, 555, 'Up', 2, 0, 0, 0, 0, 0, 0, 0, 30, 5, null, 0, 0, 0, 0);
INSERT INTO card_event_choices (choice_id, event_id, choice_label, chain_index, speed, stamina, strength, willpower, intelligence, hp, mood, skill_point, character_favor, event_condition, is_random_value, is_random_attribute, is_random_block_training, is_end_chained_event) VALUES (1004, 555, 'Down', 2, 0, 0, 0, 0, 0, 0, 0, 0, 5, null, 0, 0, 0, 0);
INSERT INTO card_table (count, uma_id, uma_name) VALUES (182, 20056, 'jungle-pocket');
INSERT INTO card_events (event_id, event_name, uma_id, uma_name, category) VALUES (556, '(❯) 與「幻影」共「舞」', 20056, 'jungle-pocket', '連鎖事件');
INSERT INTO card_event_choices (choice_id, event_id, choice_label, chain_index, speed, stamina, strength, willpower, intelligence, hp, mood, skill_point, character_favor, event_condition, is_random_value, is_random_attribute, is_random_block_training, is_end_chained_event) VALUES (1005, 556, 'None', 1, 7, 0, 7, 0, 0, 0, 0, 0, 5, null, 0, 0, 0, 0);
INSERT INTO card_events (event_id, event_name, uma_id, uma_name, category) VALUES (557, '(❯❯) 「互相追逐」正合我意', 20056, 'jungle-pocket', '連鎖事件');
INSERT INTO card_event_choices (choice_id, event_id, choice_label, chain_index, speed, stamina, strength, willpower, intelligence, hp, mood, skill_point, character_favor, event_condition, is_random_value, is_random_attribute, is_random_block_training, is_end_chained_event) VALUES (1006, 557, 'Up', 2, 15, 0, 0, 0, 0, 0, 0, 0, 5, null, 1, 0, 0, 0);
INSERT INTO card_event_choices (choice_id, event_id, choice_label, chain_index, speed, stamina, strength, willpower, intelligence, hp, mood, skill_point, character_favor, event_condition, is_random_value, is_random_attribute, is_random_block_training, is_end_chained_event) VALUES (1007, 557, 'Up', 2, 10, 0, 0, 0, 0, 0, 0, 0, 5, null, 0, 0, 0, 0);
INSERT INTO card_event_choices (choice_id, event_id, choice_label, chain_index, speed, stamina, strength, willpower, intelligence, hp, mood, skill_point, character_favor, event_condition, is_random_value, is_random_attribute, is_random_block_training, is_end_chained_event) VALUES (1008, 557, 'Down', 2, 0, 0, 0, 0, 0, 20, 1, 0, 5, '治癒一個負', 0, 0, 0, 0);
INSERT INTO card_events (event_id, event_name, uma_id, uma_name, category) VALUES (558, '「戰吼」之鬼', 20056, 'jungle-pocket', '隨機事件');
INSERT INTO card_event_choices (choice_id, event_id, choice_label, chain_index, speed, stamina, strength, willpower, intelligence, hp, mood, skill_point, character_favor, event_condition, is_random_value, is_random_attribute, is_random_block_training, is_end_chained_event) VALUES (1009, 558, 'Up', 2, 0, 0, 15, 0, 0, 0, 0, 0, 5, null, 0, 0, 0, 0);
INSERT INTO card_event_choices (choice_id, event_id, choice_label, chain_index, speed, stamina, strength, willpower, intelligence, hp, mood, skill_point, character_favor, event_condition, is_random_value, is_random_attribute, is_random_block_training, is_end_chained_event) VALUES (1010, 558, 'Down', 2, 15, 10, 0, 0, 0, -10, 0, 0, 5, null, 0, 0, 0, 0);
INSERT INTO card_events (event_id, event_name, uma_id, uma_name, category) VALUES (559, '像「魔術」一樣', 20056, 'jungle-pocket', '隨機事件');
INSERT INTO card_event_choices (choice_id, event_id, choice_label, chain_index, speed, stamina, strength, willpower, intelligence, hp, mood, skill_point, character_favor, event_condition, is_random_value, is_random_attribute, is_random_block_training, is_end_chained_event) VALUES (1011, 559, 'Up', 2, 0, 15, 0, 0, 0, 0, 0, 0, 5, null, 0, 0, 0, 0);
INSERT INTO card_event_choices (choice_id, event_id, choice_label, chain_index, speed, stamina, strength, willpower, intelligence, hp, mood, skill_point, character_favor, event_condition, is_random_value, is_random_attribute, is_random_block_training, is_end_chained_event) VALUES (1012, 559, 'Down', 2, 0, 0, 0, 0, 0, 0, 0, 0, 5, null, 0, 0, 0, 0);
INSERT INTO card_table (count, uma_id, uma_name) VALUES (183, 20057, 'mejiro-dober');
INSERT INTO card_events (event_id, event_name, uma_id, uma_name, category) VALUES (560, '(❯) 可靠的前輩', 20057, 'mejiro-dober', '連鎖事件');
INSERT INTO card_event_choices (choice_id, event_id, choice_label, chain_index, speed, stamina, strength, willpower, intelligence, hp, mood, skill_point, character_favor, event_condition, is_random_value, is_random_attribute, is_random_block_training, is_end_chained_event) VALUES (1013, 560, 'Up', 1, 0, 0, 0, 15, 0, 0, 0, 10, 5, null, 0, 0, 0, 0);
INSERT INTO card_event_choices (choice_id, event_id, choice_label, chain_index, speed, stamina, strength, willpower, intelligence, hp, mood, skill_point, character_favor, event_condition, is_random_value, is_random_attribute, is_random_block_training, is_end_chained_event) VALUES (1014, 560, 'Down', 1, 0, 0, 0, 0, 0, 0, 0, 0, 0, '擅長練習○', 0, 0, 0, 0);
INSERT INTO card_events (event_id, event_name, uma_id, uma_name, category) VALUES (561, '(❯❯) 和多伯一起', 20057, 'mejiro-dober', '連鎖事件');
INSERT INTO card_event_choices (choice_id, event_id, choice_label, chain_index, speed, stamina, strength, willpower, intelligence, hp, mood, skill_point, character_favor, event_condition, is_random_value, is_random_attribute, is_random_block_training, is_end_chained_event) VALUES (1015, 561, 'None', 2, 0, 0, 0, 0, 0, 0, 0, 30, 5, null, 0, 0, 0, 0);
INSERT INTO card_events (event_id, event_name, uma_id, uma_name, category) VALUES (562, '可以做看看', 20057, 'mejiro-dober', '隨機事件');
INSERT INTO card_event_choices (choice_id, event_id, choice_label, chain_index, speed, stamina, strength, willpower, intelligence, hp, mood, skill_point, character_favor, event_condition, is_random_value, is_random_attribute, is_random_block_training, is_end_chained_event) VALUES (1016, 562, 'Up', 2, 0, 0, 0, 0, 0, 15, 0, 0, 5, null, 0, 0, 0, 0);
INSERT INTO card_event_choices (choice_id, event_id, choice_label, chain_index, speed, stamina, strength, willpower, intelligence, hp, mood, skill_point, character_favor, event_condition, is_random_value, is_random_attribute, is_random_block_training, is_end_chained_event) VALUES (1017, 562, 'Down', 2, 0, 0, 0, 0, 0, 0, 1, 15, 5, null, 0, 0, 0, 0);
INSERT INTO card_events (event_id, event_name, uma_id, uma_name, category) VALUES (563, '會感到高興嗎……', 20057, 'mejiro-dober', '隨機事件');
INSERT INTO card_event_choices (choice_id, event_id, choice_label, chain_index, speed, stamina, strength, willpower, intelligence, hp, mood, skill_point, character_favor, event_condition, is_random_value, is_random_attribute, is_random_block_training, is_end_chained_event) VALUES (1018, 563, 'Up', 2, 0, 0, 0, 0, 0, 0, 0, 45, 5, null, 0, 0, 0, 0);
INSERT INTO card_event_choices (choice_id, event_id, choice_label, chain_index, speed, stamina, strength, willpower, intelligence, hp, mood, skill_point, character_favor, event_condition, is_random_value, is_random_attribute, is_random_block_training, is_end_chained_event) VALUES (1019, 563, 'Down', 2, 0, 0, 0, 0, 0, 0, 0, 0, 5, null, 0, 0, 0, 0);
INSERT INTO card_table (count, uma_id, uma_name) VALUES (184, 20058, 'symboli-rudolf');
INSERT INTO card_events (event_id, event_name, uma_id, uma_name, category) VALUES (564, '(❯) 走在流行尖端的人們', 20058, 'symboli-rudolf', '連鎖事件');
INSERT INTO card_event_choices (choice_id, event_id, choice_label, chain_index, speed, stamina, strength, willpower, intelligence, hp, mood, skill_point, character_favor, event_condition, is_random_value, is_random_attribute, is_random_block_training, is_end_chained_event) VALUES (1020, 564, 'Up', 1, 0, 10, 0, 0, 0, 0, 0, 0, 5, null, 0, 0, 0, 0);
INSERT INTO card_event_choices (choice_id, event_id, choice_label, chain_index, speed, stamina, strength, willpower, intelligence, hp, mood, skill_point, character_favor, event_condition, is_random_value, is_random_attribute, is_random_block_training, is_end_chained_event) VALUES (1021, 564, 'Down', 1, 0, 0, 0, 0, 10, 0, 0, 0, 5, null, 0, 0, 0, 0);
INSERT INTO card_events (event_id, event_name, uma_id, uma_name, category) VALUES (565, '(❯❯) 「皇帝」的小小朋友', 20058, 'symboli-rudolf', '連鎖事件');
INSERT INTO card_event_choices (choice_id, event_id, choice_label, chain_index, speed, stamina, strength, willpower, intelligence, hp, mood, skill_point, character_favor, event_condition, is_random_value, is_random_attribute, is_random_block_training, is_end_chained_event) VALUES (1022, 565, 'None', 2, 0, 20, 0, 0, 20, 0, 0, 0, 10, null, 0, 0, 0, 0);
INSERT INTO card_events (event_id, event_name, uma_id, uma_name, category) VALUES (566, '「皇帝」的激勵', 20058, 'symboli-rudolf', '隨機事件');
INSERT INTO card_event_choices (choice_id, event_id, choice_label, chain_index, speed, stamina, strength, willpower, intelligence, hp, mood, skill_point, character_favor, event_condition, is_random_value, is_random_attribute, is_random_block_training, is_end_chained_event) VALUES (1023, 566, 'Up', 2, 10, 0, 0, 0, 0, 0, 0, 0, 5, null, 0, 0, 0, 0);
INSERT INTO card_event_choices (choice_id, event_id, choice_label, chain_index, speed, stamina, strength, willpower, intelligence, hp, mood, skill_point, character_favor, event_condition, is_random_value, is_random_attribute, is_random_block_training, is_end_chained_event) VALUES (1024, 566, 'Down', 2, 0, 0, 0, 0, 0, -10, 0, 30, 5, null, 0, 0, 0, 0);
INSERT INTO card_events (event_id, event_name, uma_id, uma_name, category) VALUES (567, '學生會會長的思緒', 20058, 'symboli-rudolf', '隨機事件');
INSERT INTO card_event_choices (choice_id, event_id, choice_label, chain_index, speed, stamina, strength, willpower, intelligence, hp, mood, skill_point, character_favor, event_condition, is_random_value, is_random_attribute, is_random_block_training, is_end_chained_event) VALUES (1025, 567, 'Up', 2, 0, 0, 0, 0, 0, 0, 0, 0, 5, null, 0, 0, 0, 0);
INSERT INTO card_event_choices (choice_id, event_id, choice_label, chain_index, speed, stamina, strength, willpower, intelligence, hp, mood, skill_point, character_favor, event_condition, is_random_value, is_random_attribute, is_random_block_training, is_end_chained_event) VALUES (1026, 567, 'Down', 2, 0, 15, 0, 0, 0, 0, 0, 0, 5, null, 0, 0, 0, 0);
INSERT INTO card_table (count, uma_id, uma_name) VALUES (185, 20059, 'agnes-tachyon');
INSERT INTO card_events (event_id, event_name, uma_id, uma_name, category) VALUES (568, '(❯) 考察．科學家會想要被照顧嗎', 20059, 'agnes-tachyon', '連鎖事件');
INSERT INTO card_event_choices (choice_id, event_id, choice_label, chain_index, speed, stamina, strength, willpower, intelligence, hp, mood, skill_point, character_favor, event_condition, is_random_value, is_random_attribute, is_random_block_training, is_end_chained_event) VALUES (1027, 568, 'None', 1, 0, 0, 10, 0, 0, 0, 0, 0, 5, null, 0, 0, 0, 0);
INSERT INTO card_events (event_id, event_name, uma_id, uma_name, category) VALUES (569, '(❯❯) 結論．速子，暢談甜味', 20059, 'agnes-tachyon', '連鎖事件');
INSERT INTO card_event_choices (choice_id, event_id, choice_label, chain_index, speed, stamina, strength, willpower, intelligence, hp, mood, skill_point, character_favor, event_condition, is_random_value, is_random_attribute, is_random_block_training, is_end_chained_event) VALUES (1028, 569, 'Up', 2, 40, 0, -15, 0, 0, 0, 0, 0, 5, null, 0, 0, 0, 0);
INSERT INTO card_event_choices (choice_id, event_id, choice_label, chain_index, speed, stamina, strength, willpower, intelligence, hp, mood, skill_point, character_favor, event_condition, is_random_value, is_random_attribute, is_random_block_training, is_end_chained_event) VALUES (1029, 569, 'Middle', 2, -15, 0, 40, 0, 0, 0, 0, 0, 5, null, 0, 0, 0, 0);
INSERT INTO card_event_choices (choice_id, event_id, choice_label, chain_index, speed, stamina, strength, willpower, intelligence, hp, mood, skill_point, character_favor, event_condition, is_random_value, is_random_attribute, is_random_block_training, is_end_chained_event) VALUES (1030, 569, 'Down', 2, 0, 0, 0, 0, 0, 10, 0, 0, 0, null, 0, 0, 0, 0);
INSERT INTO card_events (event_id, event_name, uma_id, uma_name, category) VALUES (570, '需要驗證．睡眠時間與作業效率', 20059, 'agnes-tachyon', '隨機事件');
INSERT INTO card_event_choices (choice_id, event_id, choice_label, chain_index, speed, stamina, strength, willpower, intelligence, hp, mood, skill_point, character_favor, event_condition, is_random_value, is_random_attribute, is_random_block_training, is_end_chained_event) VALUES (1031, 570, 'Up', 2, 0, 0, 5, 0, 5, 0, 0, 0, 5, null, 0, 0, 0, 0);
INSERT INTO card_event_choices (choice_id, event_id, choice_label, chain_index, speed, stamina, strength, willpower, intelligence, hp, mood, skill_point, character_favor, event_condition, is_random_value, is_random_attribute, is_random_block_training, is_end_chained_event) VALUES (1032, 570, 'Down', 2, 0, 0, 0, 0, 10, 0, 0, 0, 5, null, 0, 0, 0, 0);
INSERT INTO card_events (event_id, event_name, uma_id, uma_name, category) VALUES (571, '需要驗證．他人介入所導致的偶然', 20059, 'agnes-tachyon', '隨機事件');
INSERT INTO card_event_choices (choice_id, event_id, choice_label, chain_index, speed, stamina, strength, willpower, intelligence, hp, mood, skill_point, character_favor, event_condition, is_random_value, is_random_attribute, is_random_block_training, is_end_chained_event) VALUES (1033, 571, 'Up', 2, 0, 0, 0, 0, 0, 0, 0, 0, 5, null, 0, 0, 0, 0);
INSERT INTO card_event_choices (choice_id, event_id, choice_label, chain_index, speed, stamina, strength, willpower, intelligence, hp, mood, skill_point, character_favor, event_condition, is_random_value, is_random_attribute, is_random_block_training, is_end_chained_event) VALUES (1034, 571, 'Down', 2, 0, 0, 0, 0, 10, 0, 0, 0, 5, null, 0, 0, 0, 0);
INSERT INTO card_table (count, uma_id, uma_name) VALUES (186, 20060, 'hishi-akebono');
INSERT INTO card_events (event_id, event_name, uma_id, uma_name, category) VALUES (572, '(❯) 菱曙，觀賞摔角', 20060, 'hishi-akebono', '連鎖事件');
INSERT INTO card_event_choices (choice_id, event_id, choice_label, chain_index, speed, stamina, strength, willpower, intelligence, hp, mood, skill_point, character_favor, event_condition, is_random_value, is_random_attribute, is_random_block_training, is_end_chained_event) VALUES (1035, 572, 'None', 1, 0, 0, 10, 0, 0, 10, 0, 0, 5, null, 0, 0, 0, 0);
INSERT INTO card_events (event_id, event_name, uma_id, uma_name, category) VALUES (573, '(❯❯) Buono的報恩', 20060, 'hishi-akebono', '連鎖事件');
INSERT INTO card_event_choices (choice_id, event_id, choice_label, chain_index, speed, stamina, strength, willpower, intelligence, hp, mood, skill_point, character_favor, event_condition, is_random_value, is_random_attribute, is_random_block_training, is_end_chained_event) VALUES (1036, 573, 'Up', 2, 0, 0, 15, 10, 0, 0, 0, 0, 5, null, 0, 0, 0, 0);
INSERT INTO card_event_choices (choice_id, event_id, choice_label, chain_index, speed, stamina, strength, willpower, intelligence, hp, mood, skill_point, character_favor, event_condition, is_random_value, is_random_attribute, is_random_block_training, is_end_chained_event) VALUES (1037, 573, 'Down', 2, 0, 0, 0, 0, 0, 20, 0, 20, 5, null, 0, 0, 0, 0);
INSERT INTO card_events (event_id, event_name, uma_id, uma_name, category) VALUES (574, '盡情☆享用吧♪', 20060, 'hishi-akebono', '隨機事件');
INSERT INTO card_event_choices (choice_id, event_id, choice_label, chain_index, speed, stamina, strength, willpower, intelligence, hp, mood, skill_point, character_favor, event_condition, is_random_value, is_random_attribute, is_random_block_training, is_end_chained_event) VALUES (1038, 574, 'Up', 2, 0, 0, 0, 0, 0, 10, 0, 0, 5, null, 0, 0, 0, 0);
INSERT INTO card_event_choices (choice_id, event_id, choice_label, chain_index, speed, stamina, strength, willpower, intelligence, hp, mood, skill_point, character_favor, event_condition, is_random_value, is_random_attribute, is_random_block_training, is_end_chained_event) VALUES (1039, 574, 'Down', 2, 0, 0, 15, 0, 0, -5, 0, 0, 5, null, 0, 0, 0, 0);
INSERT INTO card_events (event_id, event_name, uma_id, uma_name, category) VALUES (575, '儘管☆交給我吧♪', 20060, 'hishi-akebono', '隨機事件');
INSERT INTO card_event_choices (choice_id, event_id, choice_label, chain_index, speed, stamina, strength, willpower, intelligence, hp, mood, skill_point, character_favor, event_condition, is_random_value, is_random_attribute, is_random_block_training, is_end_chained_event) VALUES (1040, 575, 'Up', 2, 0, 10, 0, 0, 0, 0, 0, 0, 5, null, 0, 0, 0, 0);
INSERT INTO card_event_choices (choice_id, event_id, choice_label, chain_index, speed, stamina, strength, willpower, intelligence, hp, mood, skill_point, character_favor, event_condition, is_random_value, is_random_attribute, is_random_block_training, is_end_chained_event) VALUES (1041, 575, 'Down', 2, 0, 0, 0, 0, 0, -15, 0, 0, 5, null, 0, 0, 0, 0);
INSERT INTO card_table (count, uma_id, uma_name) VALUES (187, 20061, 'gold-ship');
INSERT INTO card_events (event_id, event_name, uma_id, uma_name, category) VALUES (576, '(❯) 贏得錄取資格吧！', 20061, 'gold-ship', '連鎖事件');
INSERT INTO card_event_choices (choice_id, event_id, choice_label, chain_index, speed, stamina, strength, willpower, intelligence, hp, mood, skill_point, character_favor, event_condition, is_random_value, is_random_attribute, is_random_block_training, is_end_chained_event) VALUES (1042, 576, 'Up', 1, 0, 7, 0, 7, 0, 0, 0, 0, 5, null, 0, 0, 0, 0);
INSERT INTO card_event_choices (choice_id, event_id, choice_label, chain_index, speed, stamina, strength, willpower, intelligence, hp, mood, skill_point, character_favor, event_condition, is_random_value, is_random_attribute, is_random_block_training, is_end_chained_event) VALUES (1043, 576, 'Down', 1, 0, 0, 0, 0, 15, 0, 0, 0, 5, null, 0, 0, 0, 0);
INSERT INTO card_events (event_id, event_name, uma_id, uma_name, category) VALUES (577, '(❯❯) 炒麵能拯救一切', 20061, 'gold-ship', '連鎖事件');
INSERT INTO card_event_choices (choice_id, event_id, choice_label, chain_index, speed, stamina, strength, willpower, intelligence, hp, mood, skill_point, character_favor, event_condition, is_random_value, is_random_attribute, is_random_block_training, is_end_chained_event) VALUES (1044, 577, 'Up', 2, 0, 15, 0, 0, 0, 0, 0, 0, 5, null, 0, 0, 0, 0);
INSERT INTO card_event_choices (choice_id, event_id, choice_label, chain_index, speed, stamina, strength, willpower, intelligence, hp, mood, skill_point, character_favor, event_condition, is_random_value, is_random_attribute, is_random_block_training, is_end_chained_event) VALUES (1045, 577, 'Middle', 2, 0, 0, 0, 0, 15, 0, 0, 0, 5, null, 0, 0, 0, 0);
INSERT INTO card_event_choices (choice_id, event_id, choice_label, chain_index, speed, stamina, strength, willpower, intelligence, hp, mood, skill_point, character_favor, event_condition, is_random_value, is_random_attribute, is_random_block_training, is_end_chained_event) VALUES (1046, 577, 'Down', 2, 0, 0, 0, 0, 0, 25, 0, 0, 5, '治癒一個負', 0, 0, 0, 0);
INSERT INTO card_events (event_id, event_name, uma_id, uma_name, category) VALUES (578, '冒險家黃金船', 20061, 'gold-ship', '隨機事件');
INSERT INTO card_event_choices (choice_id, event_id, choice_label, chain_index, speed, stamina, strength, willpower, intelligence, hp, mood, skill_point, character_favor, event_condition, is_random_value, is_random_attribute, is_random_block_training, is_end_chained_event) VALUES (1047, 578, 'Up', 2, 0, 15, 0, 0, 0, 0, 0, 0, 5, null, 0, 0, 0, 0);
INSERT INTO card_event_choices (choice_id, event_id, choice_label, chain_index, speed, stamina, strength, willpower, intelligence, hp, mood, skill_point, character_favor, event_condition, is_random_value, is_random_attribute, is_random_block_training, is_end_chained_event) VALUES (1048, 578, 'Down', 2, 0, 0, 0, 10, 0, 0, 0, 15, 5, null, 0, 0, 0, 0);
INSERT INTO card_events (event_id, event_name, uma_id, uma_name, category) VALUES (579, '復活吧！阿船標章的醬汁炒麵！', 20061, 'gold-ship', '隨機事件');
INSERT INTO card_event_choices (choice_id, event_id, choice_label, chain_index, speed, stamina, strength, willpower, intelligence, hp, mood, skill_point, character_favor, event_condition, is_random_value, is_random_attribute, is_random_block_training, is_end_chained_event) VALUES (1049, 579, 'Up', 2, 0, 5, 0, 0, 0, 0, 1, 0, 5, null, 0, 0, 0, 0);
INSERT INTO card_event_choices (choice_id, event_id, choice_label, chain_index, speed, stamina, strength, willpower, intelligence, hp, mood, skill_point, character_favor, event_condition, is_random_value, is_random_attribute, is_random_block_training, is_end_chained_event) VALUES (1050, 579, 'Down', 2, 0, 0, 0, 0, 0, 0, 0, 0, 5, null, 0, 0, 0, 0);
INSERT INTO card_table (count, uma_id, uma_name) VALUES (188, 20062, 'maruzensky');
INSERT INTO card_events (event_id, event_name, uma_id, uma_name, category) VALUES (580, '(❯) 心跳加速☆今晚要外宿！', 20062, 'maruzensky', '連鎖事件');
INSERT INTO card_event_choices (choice_id, event_id, choice_label, chain_index, speed, stamina, strength, willpower, intelligence, hp, mood, skill_point, character_favor, event_condition, is_random_value, is_random_attribute, is_random_block_training, is_end_chained_event) VALUES (1051, 580, 'None', 1, 0, 0, 0, 0, 10, 0, 0, 0, 5, null, 0, 0, 0, 0);
INSERT INTO card_events (event_id, event_name, uma_id, uma_name, category) VALUES (581, '(❯❯) 耶！以超讚為目標！', 20062, 'maruzensky', '連鎖事件');
INSERT INTO card_event_choices (choice_id, event_id, choice_label, chain_index, speed, stamina, strength, willpower, intelligence, hp, mood, skill_point, character_favor, event_condition, is_random_value, is_random_attribute, is_random_block_training, is_end_chained_event) VALUES (1052, 581, 'Up', 2, 0, 0, 0, 0, 20, 0, 0, 0, 5, null, 0, 0, 0, 0);
INSERT INTO card_event_choices (choice_id, event_id, choice_label, chain_index, speed, stamina, strength, willpower, intelligence, hp, mood, skill_point, character_favor, event_condition, is_random_value, is_random_attribute, is_random_block_training, is_end_chained_event) VALUES (1053, 581, 'Down', 2, 20, 0, 0, 0, 0, 0, 0, 0, 5, null, 0, 0, 0, 0);
INSERT INTO card_events (event_id, event_name, uma_id, uma_name, category) VALUES (582, '都是為了可愛的後輩嘛', 20062, 'maruzensky', '隨機事件');
INSERT INTO card_event_choices (choice_id, event_id, choice_label, chain_index, speed, stamina, strength, willpower, intelligence, hp, mood, skill_point, character_favor, event_condition, is_random_value, is_random_attribute, is_random_block_training, is_end_chained_event) VALUES (1054, 582, 'Up', 2, 0, 0, 0, 0, 0, 0, 0, 0, 5, null, 0, 0, 0, 0);
INSERT INTO card_event_choices (choice_id, event_id, choice_label, chain_index, speed, stamina, strength, willpower, intelligence, hp, mood, skill_point, character_favor, event_condition, is_random_value, is_random_attribute, is_random_block_training, is_end_chained_event) VALUES (1055, 582, 'Down', 2, 10, 0, 0, 0, 0, 5, 0, 0, 5, null, 0, 0, 0, 0);
INSERT INTO card_events (event_id, event_name, uma_id, uma_name, category) VALUES (583, '揪～四要酷炫兜風', 20062, 'maruzensky', '隨機事件');
INSERT INTO card_event_choices (choice_id, event_id, choice_label, chain_index, speed, stamina, strength, willpower, intelligence, hp, mood, skill_point, character_favor, event_condition, is_random_value, is_random_attribute, is_random_block_training, is_end_chained_event) VALUES (1056, 583, 'Up', 2, 5, 0, 0, 0, 0, 0, 1, 0, 5, null, 0, 0, 0, 0);
INSERT INTO card_event_choices (choice_id, event_id, choice_label, chain_index, speed, stamina, strength, willpower, intelligence, hp, mood, skill_point, character_favor, event_condition, is_random_value, is_random_attribute, is_random_block_training, is_end_chained_event) VALUES (1057, 583, 'Down', 2, 0, 0, 0, 0, 5, 0, 1, 0, 5, null, 0, 0, 0, 0);
INSERT INTO card_table (count, uma_id, uma_name) VALUES (189, 20063, 'silence-suzuka');
INSERT INTO card_events (event_id, event_name, uma_id, uma_name, category) VALUES (584, '(❯) 傳達到天空', 20063, 'silence-suzuka', '連鎖事件');
INSERT INTO card_event_choices (choice_id, event_id, choice_label, chain_index, speed, stamina, strength, willpower, intelligence, hp, mood, skill_point, character_favor, event_condition, is_random_value, is_random_attribute, is_random_block_training, is_end_chained_event) VALUES (1058, 584, 'Up', 1, 0, 0, 0, 0, 0, 0, 0, 15, 5, null, 0, 0, 0, 0);
INSERT INTO card_event_choices (choice_id, event_id, choice_label, chain_index, speed, stamina, strength, willpower, intelligence, hp, mood, skill_point, character_favor, event_condition, is_random_value, is_random_attribute, is_random_block_training, is_end_chained_event) VALUES (1059, 584, 'Down', 1, 0, 0, 0, 0, 0, 15, 0, 0, 5, null, 0, 0, 0, 0);
INSERT INTO card_events (event_id, event_name, uma_id, uma_name, category) VALUES (585, '(❯❯) 晴朗的心境', 20063, 'silence-suzuka', '連鎖事件');
INSERT INTO card_event_choices (choice_id, event_id, choice_label, chain_index, speed, stamina, strength, willpower, intelligence, hp, mood, skill_point, character_favor, event_condition, is_random_value, is_random_attribute, is_random_block_training, is_end_chained_event) VALUES (1060, 585, 'None', 2, 15, 0, 0, 0, 0, 0, 0, 0, 5, null, 0, 0, 0, 0);
INSERT INTO card_events (event_id, event_name, uma_id, uma_name, category) VALUES (586, '無論到何處', 20063, 'silence-suzuka', '隨機事件');
INSERT INTO card_event_choices (choice_id, event_id, choice_label, chain_index, speed, stamina, strength, willpower, intelligence, hp, mood, skill_point, character_favor, event_condition, is_random_value, is_random_attribute, is_random_block_training, is_end_chained_event) VALUES (1061, 586, 'Up', 2, 10, 5, 0, 0, 0, 0, 0, 0, 5, null, 0, 0, 0, 0);
INSERT INTO card_event_choices (choice_id, event_id, choice_label, chain_index, speed, stamina, strength, willpower, intelligence, hp, mood, skill_point, character_favor, event_condition, is_random_value, is_random_attribute, is_random_block_training, is_end_chained_event) VALUES (1062, 586, 'Down', 2, 15, 0, 0, 0, 0, 0, 0, 0, 5, null, 0, 0, 0, 0);
INSERT INTO card_events (event_id, event_name, uma_id, uma_name, category) VALUES (587, '該怎麼做', 20063, 'silence-suzuka', '隨機事件');
INSERT INTO card_event_choices (choice_id, event_id, choice_label, chain_index, speed, stamina, strength, willpower, intelligence, hp, mood, skill_point, character_favor, event_condition, is_random_value, is_random_attribute, is_random_block_training, is_end_chained_event) VALUES (1063, 587, 'Up', 2, 5, 5, 0, 0, 5, 0, 0, 0, 5, null, 0, 0, 0, 0);
INSERT INTO card_event_choices (choice_id, event_id, choice_label, chain_index, speed, stamina, strength, willpower, intelligence, hp, mood, skill_point, character_favor, event_condition, is_random_value, is_random_attribute, is_random_block_training, is_end_chained_event) VALUES (1064, 587, 'Down', 2, 0, 0, 0, 0, 0, 0, 0, 0, 5, null, 0, 0, 0, 0);
INSERT INTO card_table (count, uma_id, uma_name) VALUES (190, 20064, 'copano-rickey');
INSERT INTO card_events (event_id, event_name, uma_id, uma_name, category) VALUES (588, '(❯) 有人會在某處守護你的幸福', 20064, 'copano-rickey', '連鎖事件');
INSERT INTO card_event_choices (choice_id, event_id, choice_label, chain_index, speed, stamina, strength, willpower, intelligence, hp, mood, skill_point, character_favor, event_condition, is_random_value, is_random_attribute, is_random_block_training, is_end_chained_event) VALUES (1065, 588, 'Up', 1, 10, 0, 0, 0, 0, 0, 0, 0, 5, null, 0, 0, 0, 0);
INSERT INTO card_event_choices (choice_id, event_id, choice_label, chain_index, speed, stamina, strength, willpower, intelligence, hp, mood, skill_point, character_favor, event_condition, is_random_value, is_random_attribute, is_random_block_training, is_end_chained_event) VALUES (1066, 588, 'Down', 1, 0, 0, 10, 0, 0, 0, 0, 0, 5, null, 0, 0, 0, 0);
INSERT INTO card_events (event_id, event_name, uma_id, uma_name, category) VALUES (589, '(❯❯) 特雷森學園會毀滅！？', 20064, 'copano-rickey', '連鎖事件');
INSERT INTO card_event_choices (choice_id, event_id, choice_label, chain_index, speed, stamina, strength, willpower, intelligence, hp, mood, skill_point, character_favor, event_condition, is_random_value, is_random_attribute, is_random_block_training, is_end_chained_event) VALUES (1067, 589, 'None', 2, 10, 0, 10, 0, 0, 0, 0, 0, 5, null, 0, 0, 0, 0);
INSERT INTO card_events (event_id, event_name, uma_id, uma_name, category) VALUES (590, '開運☆你也會happy', 20064, 'copano-rickey', '隨機事件');
INSERT INTO card_event_choices (choice_id, event_id, choice_label, chain_index, speed, stamina, strength, willpower, intelligence, hp, mood, skill_point, character_favor, event_condition, is_random_value, is_random_attribute, is_random_block_training, is_end_chained_event) VALUES (1068, 590, 'Up', 2, 15, 0, 0, 0, 0, 0, 0, 0, 5, null, 0, 0, 0, 0);
INSERT INTO card_event_choices (choice_id, event_id, choice_label, chain_index, speed, stamina, strength, willpower, intelligence, hp, mood, skill_point, character_favor, event_condition, is_random_value, is_random_attribute, is_random_block_training, is_end_chained_event) VALUES (1069, 590, 'Down', 2, 0, 0, 15, 0, 0, 0, 0, 0, 5, null, 0, 0, 0, 0);
INSERT INTO card_events (event_id, event_name, uma_id, uma_name, category) VALUES (591, '吉利☆大家一起歡笑', 20064, 'copano-rickey', '隨機事件');
INSERT INTO card_event_choices (choice_id, event_id, choice_label, chain_index, speed, stamina, strength, willpower, intelligence, hp, mood, skill_point, character_favor, event_condition, is_random_value, is_random_attribute, is_random_block_training, is_end_chained_event) VALUES (1070, 591, 'Up', 2, 0, 0, 0, 0, 0, 10, 0, 10, 5, null, 0, 0, 0, 0);
INSERT INTO card_event_choices (choice_id, event_id, choice_label, chain_index, speed, stamina, strength, willpower, intelligence, hp, mood, skill_point, character_favor, event_condition, is_random_value, is_random_attribute, is_random_block_training, is_end_chained_event) VALUES (1071, 591, 'Down', 2, 0, 0, 0, 0, 0, 0, 1, 0, 5, null, 0, 0, 0, 0);
INSERT INTO card_table (count, uma_id, uma_name) VALUES (191, 20065, 'grass-wonder');
INSERT INTO card_events (event_id, event_name, uma_id, uma_name, category) VALUES (592, '(❯) 草上飛最喜歡的東西', 20065, 'grass-wonder', '連鎖事件');
INSERT INTO card_event_choices (choice_id, event_id, choice_label, chain_index, speed, stamina, strength, willpower, intelligence, hp, mood, skill_point, character_favor, event_condition, is_random_value, is_random_attribute, is_random_block_training, is_end_chained_event) VALUES (1072, 592, 'Up', 1, 0, 0, 10, 0, 0, 0, 0, 10, 5, null, 0, 0, 0, 0);
INSERT INTO card_event_choices (choice_id, event_id, choice_label, chain_index, speed, stamina, strength, willpower, intelligence, hp, mood, skill_point, character_favor, event_condition, is_random_value, is_random_attribute, is_random_block_training, is_end_chained_event) VALUES (1073, 592, 'Down', 1, 0, 0, 0, 0, 0, 10, 0, 0, 5, null, 0, 0, 0, 0);
INSERT INTO card_events (event_id, event_name, uma_id, uma_name, category) VALUES (593, '(❯❯) 隱藏在蒲公英中的心意', 20065, 'grass-wonder', '連鎖事件');
INSERT INTO card_event_choices (choice_id, event_id, choice_label, chain_index, speed, stamina, strength, willpower, intelligence, hp, mood, skill_point, character_favor, event_condition, is_random_value, is_random_attribute, is_random_block_training, is_end_chained_event) VALUES (1074, 593, 'None', 2, 0, 0, 20, 0, 0, 0, 0, 0, 5, null, 1, 0, 0, 0);
INSERT INTO card_event_choices (choice_id, event_id, choice_label, chain_index, speed, stamina, strength, willpower, intelligence, hp, mood, skill_point, character_favor, event_condition, is_random_value, is_random_attribute, is_random_block_training, is_end_chained_event) VALUES (1075, 593, 'None', 2, 0, 0, 5, 0, 0, 0, 0, 0, 5, null, 0, 0, 0, 0);
INSERT INTO card_events (event_id, event_name, uma_id, uma_name, category) VALUES (594, '書庫，煩思', 20065, 'grass-wonder', '隨機事件');
INSERT INTO card_event_choices (choice_id, event_id, choice_label, chain_index, speed, stamina, strength, willpower, intelligence, hp, mood, skill_point, character_favor, event_condition, is_random_value, is_random_attribute, is_random_block_training, is_end_chained_event) VALUES (1076, 594, 'Up', 2, 0, 0, 0, 0, 10, 0, 0, 0, 5, null, 0, 0, 0, 0);
INSERT INTO card_event_choices (choice_id, event_id, choice_label, chain_index, speed, stamina, strength, willpower, intelligence, hp, mood, skill_point, character_favor, event_condition, is_random_value, is_random_attribute, is_random_block_training, is_end_chained_event) VALUES (1077, 594, 'Down', 2, 0, 0, 0, 5, 5, 0, 0, 0, 5, null, 0, 0, 0, 0);
INSERT INTO card_events (event_id, event_name, uma_id, uma_name, category) VALUES (595, '正午，議論', 20065, 'grass-wonder', '隨機事件');
INSERT INTO card_event_choices (choice_id, event_id, choice_label, chain_index, speed, stamina, strength, willpower, intelligence, hp, mood, skill_point, character_favor, event_condition, is_random_value, is_random_attribute, is_random_block_training, is_end_chained_event) VALUES (1078, 595, 'Up', 2, 0, 0, 0, 0, 0, 0, 0, 0, 5, null, 0, 0, 0, 0);
INSERT INTO card_event_choices (choice_id, event_id, choice_label, chain_index, speed, stamina, strength, willpower, intelligence, hp, mood, skill_point, character_favor, event_condition, is_random_value, is_random_attribute, is_random_block_training, is_end_chained_event) VALUES (1079, 595, 'Down', 2, 0, 0, 0, 0, 0, 0, 0, 0, 5, null, 0, 0, 0, 0);
INSERT INTO card_table (count, uma_id, uma_name) VALUES (192, 20066, 'kitasan-black');
INSERT INTO card_events (event_id, event_name, uma_id, uma_name, category) VALUES (596, '(❯) 去哪尋求魔法之力', 20066, 'kitasan-black', '連鎖事件');
INSERT INTO card_event_choices (choice_id, event_id, choice_label, chain_index, speed, stamina, strength, willpower, intelligence, hp, mood, skill_point, character_favor, event_condition, is_random_value, is_random_attribute, is_random_block_training, is_end_chained_event) VALUES (1080, 596, 'None', 1, 0, 5, 0, 0, 0, 0, 1, 10, 5, null, 0, 0, 0, 0);
INSERT INTO card_events (event_id, event_name, uma_id, uma_name, category) VALUES (597, '(❯❯) 妳的話語，魔法咒語', 20066, 'kitasan-black', '連鎖事件');
INSERT INTO card_event_choices (choice_id, event_id, choice_label, chain_index, speed, stamina, strength, willpower, intelligence, hp, mood, skill_point, character_favor, event_condition, is_random_value, is_random_attribute, is_random_block_training, is_end_chained_event) VALUES (1081, 597, 'Up', 2, 0, 0, 0, 0, 0, 10, 0, 0, 5, null, 0, 0, 0, 0);
INSERT INTO card_event_choices (choice_id, event_id, choice_label, chain_index, speed, stamina, strength, willpower, intelligence, hp, mood, skill_point, character_favor, event_condition, is_random_value, is_random_attribute, is_random_block_training, is_end_chained_event) VALUES (1082, 597, 'Down', 2, 10, 10, 0, 0, 0, 0, 0, 10, 5, null, 0, 0, 0, 0);
INSERT INTO card_events (event_id, event_name, uma_id, uma_name, category) VALUES (598, '啊啊，友情', 20066, 'kitasan-black', '隨機事件');
INSERT INTO card_event_choices (choice_id, event_id, choice_label, chain_index, speed, stamina, strength, willpower, intelligence, hp, mood, skill_point, character_favor, event_condition, is_random_value, is_random_attribute, is_random_block_training, is_end_chained_event) VALUES (1083, 598, 'Up', 2, 0, 0, 5, 0, 0, 0, 1, 0, 5, null, 0, 0, 0, 0);
INSERT INTO card_event_choices (choice_id, event_id, choice_label, chain_index, speed, stamina, strength, willpower, intelligence, hp, mood, skill_point, character_favor, event_condition, is_random_value, is_random_attribute, is_random_block_training, is_end_chained_event) VALUES (1084, 598, 'Down', 2, 0, 0, 0, 0, 0, 10, 0, 0, 5, null, 0, 0, 0, 0);
INSERT INTO card_events (event_id, event_name, uma_id, uma_name, category) VALUES (599, '啊啊，故鄉', 20066, 'kitasan-black', '隨機事件');
INSERT INTO card_event_choices (choice_id, event_id, choice_label, chain_index, speed, stamina, strength, willpower, intelligence, hp, mood, skill_point, character_favor, event_condition, is_random_value, is_random_attribute, is_random_block_training, is_end_chained_event) VALUES (1085, 599, 'Up', 2, 5, 0, 10, 0, 0, 0, 0, 0, 5, null, 0, 0, 0, 0);
INSERT INTO card_event_choices (choice_id, event_id, choice_label, chain_index, speed, stamina, strength, willpower, intelligence, hp, mood, skill_point, character_favor, event_condition, is_random_value, is_random_attribute, is_random_block_training, is_end_chained_event) VALUES (1086, 599, 'Down', 2, 0, 0, 0, 0, 0, 0, 0, 0, 5, '擅長練習○', 0, 0, 0, 0);
INSERT INTO card_table (count, uma_id, uma_name) VALUES (193, 20067, 'taiki-shuttle');
INSERT INTO card_events (event_id, event_name, uma_id, uma_name, category) VALUES (600, '(❯) 可以依靠妳們嗎？', 20067, 'taiki-shuttle', '連鎖事件');
INSERT INTO card_event_choices (choice_id, event_id, choice_label, chain_index, speed, stamina, strength, willpower, intelligence, hp, mood, skill_point, character_favor, event_condition, is_random_value, is_random_attribute, is_random_block_training, is_end_chained_event) VALUES (1087, 600, 'None', 1, 0, 0, 0, 0, 10, 0, 0, 0, 5, null, 0, 0, 0, 0);
INSERT INTO card_events (event_id, event_name, uma_id, uma_name, category) VALUES (601, '(❯❯) 可以依靠我喔？', 20067, 'taiki-shuttle', '連鎖事件');
INSERT INTO card_event_choices (choice_id, event_id, choice_label, chain_index, speed, stamina, strength, willpower, intelligence, hp, mood, skill_point, character_favor, event_condition, is_random_value, is_random_attribute, is_random_block_training, is_end_chained_event) VALUES (1088, 601, 'None', 2, 0, 0, 0, 0, 15, 0, 0, 0, 5, null, 0, 0, 0, 0);
INSERT INTO card_events (event_id, event_name, uma_id, uma_name, category) VALUES (602, 'Yes！Let''s抱抱☆', 20067, 'taiki-shuttle', '隨機事件');
INSERT INTO card_event_choices (choice_id, event_id, choice_label, chain_index, speed, stamina, strength, willpower, intelligence, hp, mood, skill_point, character_favor, event_condition, is_random_value, is_random_attribute, is_random_block_training, is_end_chained_event) VALUES (1089, 602, 'Up', 2, 10, 0, 0, 0, 0, 0, 0, 0, 5, null, 0, 0, 0, 0);
INSERT INTO card_event_choices (choice_id, event_id, choice_label, chain_index, speed, stamina, strength, willpower, intelligence, hp, mood, skill_point, character_favor, event_condition, is_random_value, is_random_attribute, is_random_block_training, is_end_chained_event) VALUES (1090, 602, 'Down', 2, 5, 0, 5, 0, 0, 0, 0, 0, 5, null, 0, 0, 0, 0);
INSERT INTO card_events (event_id, event_name, uma_id, uma_name, category) VALUES (603, 'Oh！Tonight．派對☆', 20067, 'taiki-shuttle', '隨機事件');
INSERT INTO card_event_choices (choice_id, event_id, choice_label, chain_index, speed, stamina, strength, willpower, intelligence, hp, mood, skill_point, character_favor, event_condition, is_random_value, is_random_attribute, is_random_block_training, is_end_chained_event) VALUES (1091, 603, 'Up', 2, 5, 0, 10, 0, 0, -10, 0, 0, 5, null, 0, 0, 0, 0);
INSERT INTO card_event_choices (choice_id, event_id, choice_label, chain_index, speed, stamina, strength, willpower, intelligence, hp, mood, skill_point, character_favor, event_condition, is_random_value, is_random_attribute, is_random_block_training, is_end_chained_event) VALUES (1092, 603, 'Down', 2, 0, 0, 0, 0, 0, 0, 0, 0, 5, null, 0, 0, 0, 0);
INSERT INTO card_table (count, uma_id, uma_name) VALUES (194, 20068, 'nice-nature');
INSERT INTO card_events (event_id, event_name, uma_id, uma_name, category) VALUES (604, '(❯) 平時的素質呢？拜拜優秀～♪', 20068, 'nice-nature', '連鎖事件');
INSERT INTO card_event_choices (choice_id, event_id, choice_label, chain_index, speed, stamina, strength, willpower, intelligence, hp, mood, skill_point, character_favor, event_condition, is_random_value, is_random_attribute, is_random_block_training, is_end_chained_event) VALUES (1093, 604, 'Up', 1, 0, 15, 0, 0, 0, 0, 0, 0, 5, null, 0, 0, 0, 0);
INSERT INTO card_event_choices (choice_id, event_id, choice_label, chain_index, speed, stamina, strength, willpower, intelligence, hp, mood, skill_point, character_favor, event_condition, is_random_value, is_random_attribute, is_random_block_training, is_end_chained_event) VALUES (1094, 604, 'Down', 1, 0, 0, 0, 0, 0, 0, 0, 15, 5, null, 0, 0, 0, 0);
INSERT INTO card_events (event_id, event_name, uma_id, uma_name, category) VALUES (605, '(❯❯) 碰到危機也要笑！拜拜優秀～♪', 20068, 'nice-nature', '連鎖事件');
INSERT INTO card_event_choices (choice_id, event_id, choice_label, chain_index, speed, stamina, strength, willpower, intelligence, hp, mood, skill_point, character_favor, event_condition, is_random_value, is_random_attribute, is_random_block_training, is_end_chained_event) VALUES (1095, 605, 'Up', 2, 0, 10, 0, 0, 0, 0, 0, 0, 5, null, 0, 0, 0, 0);
INSERT INTO card_event_choices (choice_id, event_id, choice_label, chain_index, speed, stamina, strength, willpower, intelligence, hp, mood, skill_point, character_favor, event_condition, is_random_value, is_random_attribute, is_random_block_training, is_end_chained_event) VALUES (1096, 605, 'Down', 2, 0, 0, 0, 0, 0, 10, 0, 15, 5, null, 0, 0, 0, 0);
INSERT INTO card_events (event_id, event_name, uma_id, uma_name, category) VALUES (606, '（喵喵什麼的）並不適合我', 20068, 'nice-nature', '隨機事件');
INSERT INTO card_event_choices (choice_id, event_id, choice_label, chain_index, speed, stamina, strength, willpower, intelligence, hp, mood, skill_point, character_favor, event_condition, is_random_value, is_random_attribute, is_random_block_training, is_end_chained_event) VALUES (1097, 606, 'Up', 2, 0, 0, 0, 0, 0, 20, 0, 0, 5, null, 0, 0, 0, 0);
INSERT INTO card_event_choices (choice_id, event_id, choice_label, chain_index, speed, stamina, strength, willpower, intelligence, hp, mood, skill_point, character_favor, event_condition, is_random_value, is_random_attribute, is_random_block_training, is_end_chained_event) VALUES (1098, 606, 'Down', 2, 0, 0, 0, 0, 5, 10, 0, 0, 5, null, 0, 0, 0, 0);
INSERT INTO card_events (event_id, event_name, uma_id, uma_name, category) VALUES (607, '（好吃的）雞婆', 20068, 'nice-nature', '隨機事件');
INSERT INTO card_event_choices (choice_id, event_id, choice_label, chain_index, speed, stamina, strength, willpower, intelligence, hp, mood, skill_point, character_favor, event_condition, is_random_value, is_random_attribute, is_random_block_training, is_end_chained_event) VALUES (1099, 607, 'Up', 2, 0, 0, 0, 0, 0, 0, 0, 0, 5, null, 0, 0, 0, 0);
INSERT INTO card_event_choices (choice_id, event_id, choice_label, chain_index, speed, stamina, strength, willpower, intelligence, hp, mood, skill_point, character_favor, event_condition, is_random_value, is_random_attribute, is_random_block_training, is_end_chained_event) VALUES (1100, 607, 'Down', 2, 0, 0, 0, 0, 0, 4, 1, 0, 5, null, 0, 0, 0, 0);
INSERT INTO card_table (count, uma_id, uma_name) VALUES (195, 20069, 'matikanetannhauser');
INSERT INTO card_events (event_id, event_name, uma_id, uma_name, category) VALUES (608, '(❯) 占卜店整修後重新開幕！！', 20069, 'matikanetannhauser', '連鎖事件');
INSERT INTO card_event_choices (choice_id, event_id, choice_label, chain_index, speed, stamina, strength, willpower, intelligence, hp, mood, skill_point, character_favor, event_condition, is_random_value, is_random_attribute, is_random_block_training, is_end_chained_event) VALUES (1101, 608, 'Up', 1, 10, 0, 10, 0, 0, 0, 0, 0, 5, null, 0, 0, 0, 0);
INSERT INTO card_event_choices (choice_id, event_id, choice_label, chain_index, speed, stamina, strength, willpower, intelligence, hp, mood, skill_point, character_favor, event_condition, is_random_value, is_random_attribute, is_random_block_training, is_end_chained_event) VALUES (1102, 608, 'Down', 1, 0, 0, 0, 0, 0, 15, 0, 0, 5, null, 0, 0, 0, 0);
INSERT INTO card_events (event_id, event_name, uma_id, uma_name, category) VALUES (609, '(❯❯) 地球的最後一天！嗎……？', 20069, 'matikanetannhauser', '連鎖事件');
INSERT INTO card_event_choices (choice_id, event_id, choice_label, chain_index, speed, stamina, strength, willpower, intelligence, hp, mood, skill_point, character_favor, event_condition, is_random_value, is_random_attribute, is_random_block_training, is_end_chained_event) VALUES (1103, 609, 'None', 2, 15, 0, 0, 0, 0, 0, 0, 0, 5, null, 0, 0, 0, 0);
INSERT INTO card_events (event_id, event_name, uma_id, uma_name, category) VALUES (610, '這也是普通的努力！', 20069, 'matikanetannhauser', '隨機事件');
INSERT INTO card_event_choices (choice_id, event_id, choice_label, chain_index, speed, stamina, strength, willpower, intelligence, hp, mood, skill_point, character_favor, event_condition, is_random_value, is_random_attribute, is_random_block_training, is_end_chained_event) VALUES (1104, 610, 'Up', 2, 10, 0, 0, 0, 0, 0, 0, 0, 5, null, 0, 0, 0, 0);
INSERT INTO card_event_choices (choice_id, event_id, choice_label, chain_index, speed, stamina, strength, willpower, intelligence, hp, mood, skill_point, character_favor, event_condition, is_random_value, is_random_attribute, is_random_block_training, is_end_chained_event) VALUES (1105, 610, 'Down', 2, 0, 0, 10, 0, 0, 0, 0, 0, 5, null, 0, 0, 0, 0);
INSERT INTO card_events (event_id, event_name, uma_id, uma_name, category) VALUES (611, '這也是普通的意外！？', 20069, 'matikanetannhauser', '隨機事件');
INSERT INTO card_event_choices (choice_id, event_id, choice_label, chain_index, speed, stamina, strength, willpower, intelligence, hp, mood, skill_point, character_favor, event_condition, is_random_value, is_random_attribute, is_random_block_training, is_end_chained_event) VALUES (1106, 611, 'Up', 2, 0, 5, 0, 10, 0, 0, 0, 0, 5, null, 0, 0, 0, 0);
INSERT INTO card_event_choices (choice_id, event_id, choice_label, chain_index, speed, stamina, strength, willpower, intelligence, hp, mood, skill_point, character_favor, event_condition, is_random_value, is_random_attribute, is_random_block_training, is_end_chained_event) VALUES (1107, 611, 'Down', 2, 0, 0, 0, 0, 0, 0, 0, 0, 5, null, 0, 0, 0, 0);
INSERT INTO card_table (count, uma_id, uma_name) VALUES (196, 20070, 'verxina');
INSERT INTO card_events (event_id, event_name, uma_id, uma_name, category) VALUES (612, '(❯) 長姊與愛撒嬌三女', 20070, 'verxina', '連鎖事件');
INSERT INTO card_event_choices (choice_id, event_id, choice_label, chain_index, speed, stamina, strength, willpower, intelligence, hp, mood, skill_point, character_favor, event_condition, is_random_value, is_random_attribute, is_random_block_training, is_end_chained_event) VALUES (1108, 612, 'None', 1, 0, 0, 0, 15, 0, 0, 0, 0, 5, null, 0, 0, 0, 0);
INSERT INTO card_events (event_id, event_name, uma_id, uma_name, category) VALUES (613, '(❯❯) 長姊與無法坦率的次女', 20070, 'verxina', '連鎖事件');
INSERT INTO card_event_choices (choice_id, event_id, choice_label, chain_index, speed, stamina, strength, willpower, intelligence, hp, mood, skill_point, character_favor, event_condition, is_random_value, is_random_attribute, is_random_block_training, is_end_chained_event) VALUES (1109, 613, 'None', 2, 5, 0, 5, 5, 0, 0, 0, 0, 5, null, 0, 0, 0, 0);
INSERT INTO card_events (event_id, event_name, uma_id, uma_name, category) VALUES (614, '女王陛下令人意外的一面', 20070, 'verxina', '隨機事件');
INSERT INTO card_event_choices (choice_id, event_id, choice_label, chain_index, speed, stamina, strength, willpower, intelligence, hp, mood, skill_point, character_favor, event_condition, is_random_value, is_random_attribute, is_random_block_training, is_end_chained_event) VALUES (1110, 614, 'Up', 2, 0, 0, 0, 30, 0, -10, 0, 0, 5, null, 0, 0, 0, 0);
INSERT INTO card_event_choices (choice_id, event_id, choice_label, chain_index, speed, stamina, strength, willpower, intelligence, hp, mood, skill_point, character_favor, event_condition, is_random_value, is_random_attribute, is_random_block_training, is_end_chained_event) VALUES (1111, 614, 'Down', 2, 0, 0, 0, 0, 0, 15, 0, 0, 5, null, 0, 0, 0, 0);
INSERT INTO card_events (event_id, event_name, uma_id, uma_name, category) VALUES (615, '配得上女王陛下的東西', 20070, 'verxina', '隨機事件');
INSERT INTO card_event_choices (choice_id, event_id, choice_label, chain_index, speed, stamina, strength, willpower, intelligence, hp, mood, skill_point, character_favor, event_condition, is_random_value, is_random_attribute, is_random_block_training, is_end_chained_event) VALUES (1112, 615, 'Up', 2, 0, 0, 0, 0, 0, 0, 0, 0, 5, null, 0, 0, 0, 0);
INSERT INTO card_event_choices (choice_id, event_id, choice_label, chain_index, speed, stamina, strength, willpower, intelligence, hp, mood, skill_point, character_favor, event_condition, is_random_value, is_random_attribute, is_random_block_training, is_end_chained_event) VALUES (1113, 615, 'Down', 2, 10, 0, 5, 0, 0, 0, 0, 0, 5, null, 0, 0, 0, 0);
INSERT INTO card_table (count, uma_id, uma_name) VALUES (197, 20071, 'royce-and-royce');
INSERT INTO card_events (event_id, event_name, uma_id, uma_name, category) VALUES (616, '(❯) 測試＆測試！', 20071, 'royce-and-royce', '連鎖事件');
INSERT INTO card_event_choices (choice_id, event_id, choice_label, chain_index, speed, stamina, strength, willpower, intelligence, hp, mood, skill_point, character_favor, event_condition, is_random_value, is_random_attribute, is_random_block_training, is_end_chained_event) VALUES (1114, 616, 'None', 1, 0, 0, 5, 0, 0, 0, 0, 15, 5, null, 0, 0, 0, 0);
INSERT INTO card_events (event_id, event_name, uma_id, uma_name, category) VALUES (617, '(❯❯) 再次嘗試＆重新驗證！', 20071, 'royce-and-royce', '連鎖事件');
INSERT INTO card_event_choices (choice_id, event_id, choice_label, chain_index, speed, stamina, strength, willpower, intelligence, hp, mood, skill_point, character_favor, event_condition, is_random_value, is_random_attribute, is_random_block_training, is_end_chained_event) VALUES (1115, 617, 'None', 2, 0, 0, 5, 0, 0, 10, 0, 0, 5, null, 0, 0, 0, 0);
INSERT INTO card_events (event_id, event_name, uma_id, uma_name, category) VALUES (618, '最強的自我行銷', 20071, 'royce-and-royce', '隨機事件');
INSERT INTO card_event_choices (choice_id, event_id, choice_label, chain_index, speed, stamina, strength, willpower, intelligence, hp, mood, skill_point, character_favor, event_condition, is_random_value, is_random_attribute, is_random_block_training, is_end_chained_event) VALUES (1116, 618, 'Up', 2, 0, 0, 0, 0, 0, 0, 0, 0, 5, null, 0, 0, 0, 0);
INSERT INTO card_event_choices (choice_id, event_id, choice_label, chain_index, speed, stamina, strength, willpower, intelligence, hp, mood, skill_point, character_favor, event_condition, is_random_value, is_random_attribute, is_random_block_training, is_end_chained_event) VALUES (1117, 618, 'Down', 2, 0, 0, 0, 0, 10, 0, 0, 0, 5, null, 0, 0, 0, 0);
INSERT INTO card_events (event_id, event_name, uma_id, uma_name, category) VALUES (619, '最強分析力', 20071, 'royce-and-royce', '隨機事件');
INSERT INTO card_event_choices (choice_id, event_id, choice_label, chain_index, speed, stamina, strength, willpower, intelligence, hp, mood, skill_point, character_favor, event_condition, is_random_value, is_random_attribute, is_random_block_training, is_end_chained_event) VALUES (1118, 619, 'Up', 2, 0, 0, 0, 0, 20, 0, 0, 0, 5, null, 0, 0, 0, 0);
INSERT INTO card_event_choices (choice_id, event_id, choice_label, chain_index, speed, stamina, strength, willpower, intelligence, hp, mood, skill_point, character_favor, event_condition, is_random_value, is_random_attribute, is_random_block_training, is_end_chained_event) VALUES (1119, 619, 'Down', 2, 0, 0, 0, 0, 0, 15, 0, 0, 5, null, 0, 0, 0, 0);
INSERT INTO card_table (count, uma_id, uma_name) VALUES (198, 20072, 'tanino-gimlet');
INSERT INTO card_events (event_id, event_name, uma_id, uma_name, category) VALUES (620, '(❯) 虛無的陶醉', 20072, 'tanino-gimlet', '連鎖事件');
INSERT INTO card_event_choices (choice_id, event_id, choice_label, chain_index, speed, stamina, strength, willpower, intelligence, hp, mood, skill_point, character_favor, event_condition, is_random_value, is_random_attribute, is_random_block_training, is_end_chained_event) VALUES (1120, 620, 'Up', 1, 0, 0, 0, 0, 10, 5, 0, 0, 5, null, 0, 0, 0, 0);
INSERT INTO card_event_choices (choice_id, event_id, choice_label, chain_index, speed, stamina, strength, willpower, intelligence, hp, mood, skill_point, character_favor, event_condition, is_random_value, is_random_attribute, is_random_block_training, is_end_chained_event) VALUES (1121, 620, 'Down', 1, 0, 0, 0, 0, 0, 0, 0, 0, 15, null, 0, 0, 0, 0);
INSERT INTO card_events (event_id, event_name, uma_id, uma_name, category) VALUES (621, '(❯❯) 為迷途羔羊舉杯祝賀', 20072, 'tanino-gimlet', '連鎖事件');
INSERT INTO card_event_choices (choice_id, event_id, choice_label, chain_index, speed, stamina, strength, willpower, intelligence, hp, mood, skill_point, character_favor, event_condition, is_random_value, is_random_attribute, is_random_block_training, is_end_chained_event) VALUES (1122, 621, 'None', 2, 0, 0, 0, 0, 0, 0, 0, 15, 5, null, 0, 0, 0, 0);
INSERT INTO card_events (event_id, event_name, uma_id, uma_name, category) VALUES (622, '享受破壞的喜悅……！！', 20072, 'tanino-gimlet', '隨機事件');
INSERT INTO card_event_choices (choice_id, event_id, choice_label, chain_index, speed, stamina, strength, willpower, intelligence, hp, mood, skill_point, character_favor, event_condition, is_random_value, is_random_attribute, is_random_block_training, is_end_chained_event) VALUES (1123, 622, 'Up', 2, 0, 0, 0, 0, 0, 15, 0, 0, 5, null, 0, 0, 0, 0);
INSERT INTO card_event_choices (choice_id, event_id, choice_label, chain_index, speed, stamina, strength, willpower, intelligence, hp, mood, skill_point, character_favor, event_condition, is_random_value, is_random_attribute, is_random_block_training, is_end_chained_event) VALUES (1124, 622, 'Down', 2, 0, 0, 0, 0, 0, 0, 0, 30, 5, null, 0, 0, 0, 0);
INSERT INTO card_events (event_id, event_name, uma_id, uma_name, category) VALUES (623, '活在鮮明的當下……！！', 20072, 'tanino-gimlet', '隨機事件');
INSERT INTO card_event_choices (choice_id, event_id, choice_label, chain_index, speed, stamina, strength, willpower, intelligence, hp, mood, skill_point, character_favor, event_condition, is_random_value, is_random_attribute, is_random_block_training, is_end_chained_event) VALUES (1125, 623, 'Up', 2, 0, 0, 10, 0, 0, 0, 0, 5, 5, null, 0, 0, 0, 0);
INSERT INTO card_event_choices (choice_id, event_id, choice_label, chain_index, speed, stamina, strength, willpower, intelligence, hp, mood, skill_point, character_favor, event_condition, is_random_value, is_random_attribute, is_random_block_training, is_end_chained_event) VALUES (1126, 623, 'Down', 2, 0, 0, 0, 0, 0, 0, 0, 0, 5, null, 0, 0, 0, 0);
INSERT INTO card_table (count, uma_id, uma_name) VALUES (199, 20073, 'tosen-jordan');
INSERT INTO card_events (event_id, event_name, uma_id, uma_name, category) VALUES (624, '(❯) とりま甘いもん食わね？', 20073, 'tosen-jordan', '連鎖事件');
INSERT INTO card_event_choices (choice_id, event_id, choice_label, chain_index, speed, stamina, strength, willpower, intelligence, hp, mood, skill_point, character_favor, event_condition, is_random_value, is_random_attribute, is_random_block_training, is_end_chained_event) VALUES (1127, 624, 'Up', 1, 10, 0, 0, 0, 0, 10, 0, 0, 5, null, 0, 0, 0, 0);
INSERT INTO card_event_choices (choice_id, event_id, choice_label, chain_index, speed, stamina, strength, willpower, intelligence, hp, mood, skill_point, character_favor, event_condition, is_random_value, is_random_attribute, is_random_block_training, is_end_chained_event) VALUES (1128, 624, 'Down', 1, 0, 0, 0, 0, 0, 0, 0, 0, 5, '幸運體質', 0, 0, 0, 0);
INSERT INTO card_events (event_id, event_name, uma_id, uma_name, category) VALUES (625, '(❯❯) えらすぎ賞あげてーんだが', 20073, 'tosen-jordan', '連鎖事件');
INSERT INTO card_event_choices (choice_id, event_id, choice_label, chain_index, speed, stamina, strength, willpower, intelligence, hp, mood, skill_point, character_favor, event_condition, is_random_value, is_random_attribute, is_random_block_training, is_end_chained_event) VALUES (1129, 625, 'Up', 2, 10, 0, 0, 0, 0, 0, 0, 0, 0, null, 0, 0, 0, 0);
INSERT INTO card_event_choices (choice_id, event_id, choice_label, chain_index, speed, stamina, strength, willpower, intelligence, hp, mood, skill_point, character_favor, event_condition, is_random_value, is_random_attribute, is_random_block_training, is_end_chained_event) VALUES (1130, 625, 'Down', 2, 0, 0, 0, 0, 0, 15, 0, 0, 5, null, 0, 0, 0, 0);
INSERT INTO card_events (event_id, event_name, uma_id, uma_name, category) VALUES (626, 'スマホって時間泥棒じゃん？', 20073, 'tosen-jordan', '隨機事件');
INSERT INTO card_event_choices (choice_id, event_id, choice_label, chain_index, speed, stamina, strength, willpower, intelligence, hp, mood, skill_point, character_favor, event_condition, is_random_value, is_random_attribute, is_random_block_training, is_end_chained_event) VALUES (1131, 626, 'Up', 2, 5, 0, 0, 0, 0, 0, 1, 0, 5, null, 0, 0, 0, 0);
INSERT INTO card_event_choices (choice_id, event_id, choice_label, chain_index, speed, stamina, strength, willpower, intelligence, hp, mood, skill_point, character_favor, event_condition, is_random_value, is_random_attribute, is_random_block_training, is_end_chained_event) VALUES (1132, 626, 'Down', 2, 0, 10, 0, 0, 0, 0, 0, 0, 5, null, 0, 0, 0, 0);
INSERT INTO card_events (event_id, event_name, uma_id, uma_name, category) VALUES (627, 'レビューって半分賭けじゃん？', 20073, 'tosen-jordan', '隨機事件');
INSERT INTO card_event_choices (choice_id, event_id, choice_label, chain_index, speed, stamina, strength, willpower, intelligence, hp, mood, skill_point, character_favor, event_condition, is_random_value, is_random_attribute, is_random_block_training, is_end_chained_event) VALUES (1133, 627, 'Up', 2, 0, 0, 0, 0, 0, 10, 1, 0, 5, null, 0, 0, 0, 0);
INSERT INTO card_event_choices (choice_id, event_id, choice_label, chain_index, speed, stamina, strength, willpower, intelligence, hp, mood, skill_point, character_favor, event_condition, is_random_value, is_random_attribute, is_random_block_training, is_end_chained_event) VALUES (1134, 627, 'Down', 2, 0, 0, 0, 0, 0, 0, 0, 0, 5, null, 0, 0, 0, 0);
INSERT INTO card_table (count, uma_id, uma_name) VALUES (200, 20074, 'yaeno-muteki');
INSERT INTO card_events (event_id, event_name, uma_id, uma_name, category) VALUES (628, '(❯) 燃える心と、心強さと', 20074, 'yaeno-muteki', '連鎖事件');
INSERT INTO card_event_choices (choice_id, event_id, choice_label, chain_index, speed, stamina, strength, willpower, intelligence, hp, mood, skill_point, character_favor, event_condition, is_random_value, is_random_attribute, is_random_block_training, is_end_chained_event) VALUES (1135, 628, 'None', 1, 0, 15, 0, 0, 0, 0, 0, 0, 15, null, 1, 0, 0, 0);
INSERT INTO card_event_choices (choice_id, event_id, choice_label, chain_index, speed, stamina, strength, willpower, intelligence, hp, mood, skill_point, character_favor, event_condition, is_random_value, is_random_attribute, is_random_block_training, is_end_chained_event) VALUES (1136, 628, 'None', 1, 0, 5, 0, 0, 0, 0, 0, 0, 5, null, 0, 0, 0, 0);
INSERT INTO card_events (event_id, event_name, uma_id, uma_name, category) VALUES (629, '(❯❯) 萌ゆる心を忍ぶれど', 20074, 'yaeno-muteki', '連鎖事件');
INSERT INTO card_event_choices (choice_id, event_id, choice_label, chain_index, speed, stamina, strength, willpower, intelligence, hp, mood, skill_point, character_favor, event_condition, is_random_value, is_random_attribute, is_random_block_training, is_end_chained_event) VALUES (1137, 629, 'None', 2, 0, 10, 0, 5, 0, 0, 0, 0, 5, null, 0, 0, 0, 0);
INSERT INTO card_events (event_id, event_name, uma_id, uma_name, category) VALUES (630, '剛毅朴訥、仁に近し', 20074, 'yaeno-muteki', '隨機事件');
INSERT INTO card_event_choices (choice_id, event_id, choice_label, chain_index, speed, stamina, strength, willpower, intelligence, hp, mood, skill_point, character_favor, event_condition, is_random_value, is_random_attribute, is_random_block_training, is_end_chained_event) VALUES (1138, 630, 'Up', 2, 10, 0, 0, 0, 0, 0, 0, 0, 5, null, 0, 0, 0, 0);
INSERT INTO card_event_choices (choice_id, event_id, choice_label, chain_index, speed, stamina, strength, willpower, intelligence, hp, mood, skill_point, character_favor, event_condition, is_random_value, is_random_attribute, is_random_block_training, is_end_chained_event) VALUES (1139, 630, 'Down', 2, 0, 0, 5, 0, 0, 0, 1, 0, 5, null, 0, 0, 0, 0);
INSERT INTO card_events (event_id, event_name, uma_id, uma_name, category) VALUES (631, '嗚呼、守りたい……！', 20074, 'yaeno-muteki', '隨機事件');
INSERT INTO card_event_choices (choice_id, event_id, choice_label, chain_index, speed, stamina, strength, willpower, intelligence, hp, mood, skill_point, character_favor, event_condition, is_random_value, is_random_attribute, is_random_block_training, is_end_chained_event) VALUES (1140, 631, 'Up', 2, 0, 10, 10, 0, 0, 0, 0, 0, 5, null, 0, 0, 0, 0);
INSERT INTO card_event_choices (choice_id, event_id, choice_label, chain_index, speed, stamina, strength, willpower, intelligence, hp, mood, skill_point, character_favor, event_condition, is_random_value, is_random_attribute, is_random_block_training, is_end_chained_event) VALUES (1141, 631, 'Down', 2, 0, 0, 0, 0, 0, 0, 0, 0, 5, null, 0, 0, 0, 0);
INSERT INTO card_table (count, uma_id, uma_name) VALUES (201, 20075, 'tap-dance-city');
INSERT INTO card_events (event_id, event_name, uma_id, uma_name, category) VALUES (632, '(❯) Sloppy Captain', 20075, 'tap-dance-city', '連鎖事件');
INSERT INTO card_event_choices (choice_id, event_id, choice_label, chain_index, speed, stamina, strength, willpower, intelligence, hp, mood, skill_point, character_favor, event_condition, is_random_value, is_random_attribute, is_random_block_training, is_end_chained_event) VALUES (1142, 632, 'None', 1, 0, 0, 0, 5, 0, 0, 0, 0, 5, null, 1, 0, 0, 0);
INSERT INTO card_event_choices (choice_id, event_id, choice_label, chain_index, speed, stamina, strength, willpower, intelligence, hp, mood, skill_point, character_favor, event_condition, is_random_value, is_random_attribute, is_random_block_training, is_end_chained_event) VALUES (1143, 632, 'None', 1, 0, 0, 0, 15, 0, 0, 0, 0, 15, null, 0, 0, 0, 0);
INSERT INTO card_events (event_id, event_name, uma_id, uma_name, category) VALUES (633, '(❯❯) Sloppy Captain?', 20075, 'tap-dance-city', '連鎖事件');
INSERT INTO card_event_choices (choice_id, event_id, choice_label, chain_index, speed, stamina, strength, willpower, intelligence, hp, mood, skill_point, character_favor, event_condition, is_random_value, is_random_attribute, is_random_block_training, is_end_chained_event) VALUES (1144, 633, 'None', 2, 5, 0, 5, 5, 0, 0, 0, 0, 5, null, 0, 0, 0, 0);
INSERT INTO card_events (event_id, event_name, uma_id, uma_name, category) VALUES (634, 'いざ守らん、Precious Venue', 20075, 'tap-dance-city', '隨機事件');
INSERT INTO card_event_choices (choice_id, event_id, choice_label, chain_index, speed, stamina, strength, willpower, intelligence, hp, mood, skill_point, character_favor, event_condition, is_random_value, is_random_attribute, is_random_block_training, is_end_chained_event) VALUES (1145, 634, 'Up', 2, 0, 0, 0, 0, 0, 10, 0, 10, 5, null, 0, 0, 0, 0);
INSERT INTO card_event_choices (choice_id, event_id, choice_label, chain_index, speed, stamina, strength, willpower, intelligence, hp, mood, skill_point, character_favor, event_condition, is_random_value, is_random_attribute, is_random_block_training, is_end_chained_event) VALUES (1146, 634, 'Down', 2, 10, 0, 10, 0, 0, 0, 0, 0, 5, null, 0, 0, 0, 0);
INSERT INTO card_events (event_id, event_name, uma_id, uma_name, category) VALUES (635, 'いざ求めん、夢多きTreasure', 20075, 'tap-dance-city', '隨機事件');
INSERT INTO card_event_choices (choice_id, event_id, choice_label, chain_index, speed, stamina, strength, willpower, intelligence, hp, mood, skill_point, character_favor, event_condition, is_random_value, is_random_attribute, is_random_block_training, is_end_chained_event) VALUES (1147, 635, 'Up', 2, 0, 0, 0, 15, 0, 0, 0, 0, 5, null, 0, 0, 0, 0);
INSERT INTO card_event_choices (choice_id, event_id, choice_label, chain_index, speed, stamina, strength, willpower, intelligence, hp, mood, skill_point, character_favor, event_condition, is_random_value, is_random_attribute, is_random_block_training, is_end_chained_event) VALUES (1148, 635, 'Down', 2, 0, 0, 0, 0, 0, 0, 0, 0, 0, null, 0, 0, 0, 0);
INSERT INTO card_table (count, uma_id, uma_name) VALUES (202, 20076, 'air-shakur');
INSERT INTO card_events (event_id, event_name, uma_id, uma_name, category) VALUES (636, '(❯) well-behavedの変化', 20076, 'air-shakur', '連鎖事件');
INSERT INTO card_event_choices (choice_id, event_id, choice_label, chain_index, speed, stamina, strength, willpower, intelligence, hp, mood, skill_point, character_favor, event_condition, is_random_value, is_random_attribute, is_random_block_training, is_end_chained_event) VALUES (1149, 636, 'None', 1, 0, 10, 10, 0, 0, 0, 0, 0, 5, null, 0, 0, 0, 0);
INSERT INTO card_events (event_id, event_name, uma_id, uma_name, category) VALUES (637, '(❯❯) ill-behavedの感化', 20076, 'air-shakur', '連鎖事件');
INSERT INTO card_event_choices (choice_id, event_id, choice_label, chain_index, speed, stamina, strength, willpower, intelligence, hp, mood, skill_point, character_favor, event_condition, is_random_value, is_random_attribute, is_random_block_training, is_end_chained_event) VALUES (1150, 637, 'Up', 2, 0, 10, 0, 5, 0, 0, 0, 0, 5, null, 0, 0, 0, 0);
INSERT INTO card_event_choices (choice_id, event_id, choice_label, chain_index, speed, stamina, strength, willpower, intelligence, hp, mood, skill_point, character_favor, event_condition, is_random_value, is_random_attribute, is_random_block_training, is_end_chained_event) VALUES (1151, 637, 'Down', 2, 0, 10, 0, 0, 0, 0, 0, 15, 5, null, 0, 0, 0, 0);
INSERT INTO card_events (event_id, event_name, uma_id, uma_name, category) VALUES (638, '//要検証', 20076, 'air-shakur', '隨機事件');
INSERT INTO card_event_choices (choice_id, event_id, choice_label, chain_index, speed, stamina, strength, willpower, intelligence, hp, mood, skill_point, character_favor, event_condition, is_random_value, is_random_attribute, is_random_block_training, is_end_chained_event) VALUES (1152, 638, 'Up', 2, 0, 0, 0, 5, 0, 10, 0, 0, 5, null, 0, 0, 0, 0);
INSERT INTO card_event_choices (choice_id, event_id, choice_label, chain_index, speed, stamina, strength, willpower, intelligence, hp, mood, skill_point, character_favor, event_condition, is_random_value, is_random_attribute, is_random_block_training, is_end_chained_event) VALUES (1153, 638, 'Down', 2, 0, 5, 0, 10, 0, -10, 0, 0, 5, null, 0, 0, 0, 0);
INSERT INTO card_events (event_id, event_name, uma_id, uma_name, category) VALUES (639, '//絶対欲しい', 20076, 'air-shakur', '隨機事件');
INSERT INTO card_event_choices (choice_id, event_id, choice_label, chain_index, speed, stamina, strength, willpower, intelligence, hp, mood, skill_point, character_favor, event_condition, is_random_value, is_random_attribute, is_random_block_training, is_end_chained_event) VALUES (1154, 639, 'Up', 2, 0, 0, 0, 0, 0, 0, 0, 0, 5, null, 0, 0, 0, 0);
INSERT INTO card_event_choices (choice_id, event_id, choice_label, chain_index, speed, stamina, strength, willpower, intelligence, hp, mood, skill_point, character_favor, event_condition, is_random_value, is_random_attribute, is_random_block_training, is_end_chained_event) VALUES (1155, 639, 'Down', 2, 0, 0, 0, 5, 0, 4, 0, 0, 5, null, 0, 0, 0, 0);
INSERT INTO card_table (count, uma_id, uma_name) VALUES (203, 20077, 'dantsu-flame');
INSERT INTO card_events (event_id, event_name, uma_id, uma_name, category) VALUES (640, '(❯) 困ったら、頼ってね。', 20077, 'dantsu-flame', '連鎖事件');
INSERT INTO card_event_choices (choice_id, event_id, choice_label, chain_index, speed, stamina, strength, willpower, intelligence, hp, mood, skill_point, character_favor, event_condition, is_random_value, is_random_attribute, is_random_block_training, is_end_chained_event) VALUES (1156, 640, 'None', 1, 5, 0, 0, 0, 5, 0, 0, 10, 5, null, 0, 0, 0, 0);
INSERT INTO card_events (event_id, event_name, uma_id, uma_name, category) VALUES (641, '(❯❯) すべすべ。ぷにぷに。', 20077, 'dantsu-flame', '連鎖事件');
INSERT INTO card_event_choices (choice_id, event_id, choice_label, chain_index, speed, stamina, strength, willpower, intelligence, hp, mood, skill_point, character_favor, event_condition, is_random_value, is_random_attribute, is_random_block_training, is_end_chained_event) VALUES (1157, 641, 'Up', 2, 5, 0, 0, 0, 10, 0, 0, 0, 5, null, 0, 0, 0, 0);
INSERT INTO card_event_choices (choice_id, event_id, choice_label, chain_index, speed, stamina, strength, willpower, intelligence, hp, mood, skill_point, character_favor, event_condition, is_random_value, is_random_attribute, is_random_block_training, is_end_chained_event) VALUES (1158, 641, 'Down', 2, 0, 0, 0, 0, 0, 0, 0, 30, 5, null, 0, 0, 0, 0);
INSERT INTO card_events (event_id, event_name, uma_id, uma_name, category) VALUES (642, 'いつものわたしは', 20077, 'dantsu-flame', '隨機事件');
INSERT INTO card_event_choices (choice_id, event_id, choice_label, chain_index, speed, stamina, strength, willpower, intelligence, hp, mood, skill_point, character_favor, event_condition, is_random_value, is_random_attribute, is_random_block_training, is_end_chained_event) VALUES (1159, 642, 'Up', 2, 0, 0, 0, 0, 0, 0, 0, 0, 5, null, 0, 0, 0, 0);
INSERT INTO card_event_choices (choice_id, event_id, choice_label, chain_index, speed, stamina, strength, willpower, intelligence, hp, mood, skill_point, character_favor, event_condition, is_random_value, is_random_attribute, is_random_block_training, is_end_chained_event) VALUES (1160, 642, 'Down', 2, 0, 15, 0, 0, 0, 0, 0, 0, 5, null, 0, 0, 0, 0);
INSERT INTO card_events (event_id, event_name, uma_id, uma_name, category) VALUES (643, 'いつかのわたしは', 20077, 'dantsu-flame', '隨機事件');
INSERT INTO card_event_choices (choice_id, event_id, choice_label, chain_index, speed, stamina, strength, willpower, intelligence, hp, mood, skill_point, character_favor, event_condition, is_random_value, is_random_attribute, is_random_block_training, is_end_chained_event) VALUES (1161, 643, 'Up', 2, 15, 0, 0, 0, 0, 0, 0, 0, 5, null, 0, 0, 0, 0);
INSERT INTO card_event_choices (choice_id, event_id, choice_label, chain_index, speed, stamina, strength, willpower, intelligence, hp, mood, skill_point, character_favor, event_condition, is_random_value, is_random_attribute, is_random_block_training, is_end_chained_event) VALUES (1162, 643, 'Down', 2, 0, 0, 0, 0, 15, 0, 0, 0, 5, null, 0, 0, 0, 0);
INSERT INTO card_table (count, uma_id, uma_name) VALUES (204, 20078, 'matikanefukukitaru');
INSERT INTO card_events (event_id, event_name, uma_id, uma_name, category) VALUES (644, '(❯) これぞ、思し召し？', 20078, 'matikanefukukitaru', '連鎖事件');
INSERT INTO card_event_choices (choice_id, event_id, choice_label, chain_index, speed, stamina, strength, willpower, intelligence, hp, mood, skill_point, character_favor, event_condition, is_random_value, is_random_attribute, is_random_block_training, is_end_chained_event) VALUES (1163, 644, 'None', 1, 15, 0, 0, 0, 0, 0, 0, 0, 5, null, 0, 0, 0, 0);
INSERT INTO card_events (event_id, event_name, uma_id, uma_name, category) VALUES (645, '(❯❯) これぞ、大吉なのですっ！', 20078, 'matikanefukukitaru', '連鎖事件');
INSERT INTO card_event_choices (choice_id, event_id, choice_label, chain_index, speed, stamina, strength, willpower, intelligence, hp, mood, skill_point, character_favor, event_condition, is_random_value, is_random_attribute, is_random_block_training, is_end_chained_event) VALUES (1164, 645, 'None', 2, 20, 0, 0, 0, 0, 0, 0, 0, 5, null, 0, 0, 0, 0);
INSERT INTO card_events (event_id, event_name, uma_id, uma_name, category) VALUES (646, '全力スピリチュアル', 20078, 'matikanefukukitaru', '隨機事件');
INSERT INTO card_event_choices (choice_id, event_id, choice_label, chain_index, speed, stamina, strength, willpower, intelligence, hp, mood, skill_point, character_favor, event_condition, is_random_value, is_random_attribute, is_random_block_training, is_end_chained_event) VALUES (1165, 646, 'Up', 2, 0, 0, 0, 0, 5, 0, 0, 15, 5, null, 0, 0, 0, 0);
INSERT INTO card_event_choices (choice_id, event_id, choice_label, chain_index, speed, stamina, strength, willpower, intelligence, hp, mood, skill_point, character_favor, event_condition, is_random_value, is_random_attribute, is_random_block_training, is_end_chained_event) VALUES (1166, 646, 'Down', 2, 5, 5, 5, 0, 0, -10, 0, 0, 5, null, 0, 0, 0, 0);
INSERT INTO card_events (event_id, event_name, uma_id, uma_name, category) VALUES (647, '信仰心と親切心が交わる時――', 20078, 'matikanefukukitaru', '隨機事件');
INSERT INTO card_event_choices (choice_id, event_id, choice_label, chain_index, speed, stamina, strength, willpower, intelligence, hp, mood, skill_point, character_favor, event_condition, is_random_value, is_random_attribute, is_random_block_training, is_end_chained_event) VALUES (1167, 647, 'Up', 2, 0, 0, 0, 0, 0, 0, 0, 30, 5, null, 0, 0, 0, 0);
INSERT INTO card_event_choices (choice_id, event_id, choice_label, chain_index, speed, stamina, strength, willpower, intelligence, hp, mood, skill_point, character_favor, event_condition, is_random_value, is_random_attribute, is_random_block_training, is_end_chained_event) VALUES (1168, 647, 'Down', 2, 0, 0, 0, 0, 0, 20, 0, 0, 5, null, 0, 0, 0, 0);
INSERT INTO card_table (count, uma_id, uma_name) VALUES (205, 20079, 'marvelous-sunday');
INSERT INTO card_events (event_id, event_name, uma_id, uma_name, category) VALUES (648, '(❯) 知りたいことはマーベラス☆', 20079, 'marvelous-sunday', '連鎖事件');
INSERT INTO card_event_choices (choice_id, event_id, choice_label, chain_index, speed, stamina, strength, willpower, intelligence, hp, mood, skill_point, character_favor, event_condition, is_random_value, is_random_attribute, is_random_block_training, is_end_chained_event) VALUES (1169, 648, 'None', 1, 5, 0, 5, 5, 0, 0, 0, 0, 5, null, 0, 0, 0, 0);
INSERT INTO card_events (event_id, event_name, uma_id, uma_name, category) VALUES (649, '(❯❯) 轟け世界にマーベラス☆', 20079, 'marvelous-sunday', '連鎖事件');
INSERT INTO card_event_choices (choice_id, event_id, choice_label, chain_index, speed, stamina, strength, willpower, intelligence, hp, mood, skill_point, character_favor, event_condition, is_random_value, is_random_attribute, is_random_block_training, is_end_chained_event) VALUES (1170, 649, 'Up', 2, 0, 0, 0, 0, 0, 0, 0, 15, 5, null, 0, 0, 0, 0);
INSERT INTO card_event_choices (choice_id, event_id, choice_label, chain_index, speed, stamina, strength, willpower, intelligence, hp, mood, skill_point, character_favor, event_condition, is_random_value, is_random_attribute, is_random_block_training, is_end_chained_event) VALUES (1171, 649, 'Down', 2, 10, 0, 10, 10, 0, 0, 0, 0, 5, null, 0, 0, 0, 0);
INSERT INTO card_events (event_id, event_name, uma_id, uma_name, category) VALUES (650, '問答無用のマーベラス☆', 20079, 'marvelous-sunday', '隨機事件');
INSERT INTO card_event_choices (choice_id, event_id, choice_label, chain_index, speed, stamina, strength, willpower, intelligence, hp, mood, skill_point, character_favor, event_condition, is_random_value, is_random_attribute, is_random_block_training, is_end_chained_event) VALUES (1172, 650, 'Up', 2, 5, 0, 0, 0, 0, 10, 0, 0, 5, null, 0, 0, 0, 0);
INSERT INTO card_event_choices (choice_id, event_id, choice_label, chain_index, speed, stamina, strength, willpower, intelligence, hp, mood, skill_point, character_favor, event_condition, is_random_value, is_random_attribute, is_random_block_training, is_end_chained_event) VALUES (1173, 650, 'Down', 2, 5, 0, 0, 0, 0, 0, 1, 0, 5, null, 0, 0, 0, 0);
INSERT INTO card_events (event_id, event_name, uma_id, uma_name, category) VALUES (651, 'マーベラスにするために☆', 20079, 'marvelous-sunday', '隨機事件');
INSERT INTO card_event_choices (choice_id, event_id, choice_label, chain_index, speed, stamina, strength, willpower, intelligence, hp, mood, skill_point, character_favor, event_condition, is_random_value, is_random_attribute, is_random_block_training, is_end_chained_event) VALUES (1174, 651, 'Up', 2, 0, 0, 0, 0, 0, 10, 1, 0, 5, null, 0, 0, 0, 0);
INSERT INTO card_event_choices (choice_id, event_id, choice_label, chain_index, speed, stamina, strength, willpower, intelligence, hp, mood, skill_point, character_favor, event_condition, is_random_value, is_random_attribute, is_random_block_training, is_end_chained_event) VALUES (1175, 651, 'Down', 2, 0, 0, 0, 0, 0, 0, 0, 0, 5, null, 0, 0, 0, 0);
INSERT INTO card_table (count, uma_id, uma_name) VALUES (206, 20080, 'sakura-laurel');
INSERT INTO card_events (event_id, event_name, uma_id, uma_name, category) VALUES (652, '(❯) 同室からの贈り物', 20080, 'sakura-laurel', '連鎖事件');
INSERT INTO card_event_choices (choice_id, event_id, choice_label, chain_index, speed, stamina, strength, willpower, intelligence, hp, mood, skill_point, character_favor, event_condition, is_random_value, is_random_attribute, is_random_block_training, is_end_chained_event) VALUES (1176, 652, 'None', 1, 0, 0, 0, 0, 10, 0, 0, 10, 5, null, 0, 0, 0, 0);
INSERT INTO card_events (event_id, event_name, uma_id, uma_name, category) VALUES (653, '(❯❯) サクラの想いは重なって', 20080, 'sakura-laurel', '連鎖事件');
INSERT INTO card_event_choices (choice_id, event_id, choice_label, chain_index, speed, stamina, strength, willpower, intelligence, hp, mood, skill_point, character_favor, event_condition, is_random_value, is_random_attribute, is_random_block_training, is_end_chained_event) VALUES (1177, 653, 'None', 2, 0, 0, 0, 0, 15, 0, 0, 0, 5, null, 0, 0, 0, 0);
INSERT INTO card_events (event_id, event_name, uma_id, uma_name, category) VALUES (654, 'いつだって前向きに！', 20080, 'sakura-laurel', '隨機事件');
INSERT INTO card_event_choices (choice_id, event_id, choice_label, chain_index, speed, stamina, strength, willpower, intelligence, hp, mood, skill_point, character_favor, event_condition, is_random_value, is_random_attribute, is_random_block_training, is_end_chained_event) VALUES (1178, 654, 'Up', 2, 0, 15, 0, 0, 0, 0, 0, 0, 5, null, 0, 0, 0, 0);
INSERT INTO card_event_choices (choice_id, event_id, choice_label, chain_index, speed, stamina, strength, willpower, intelligence, hp, mood, skill_point, character_favor, event_condition, is_random_value, is_random_attribute, is_random_block_training, is_end_chained_event) VALUES (1179, 654, 'Down', 2, 0, 0, 0, 0, 0, 0, 2, 0, 5, null, 0, 0, 0, 0);
INSERT INTO card_events (event_id, event_name, uma_id, uma_name, category) VALUES (655, 'なんだって前向きに！', 20080, 'sakura-laurel', '隨機事件');
INSERT INTO card_event_choices (choice_id, event_id, choice_label, chain_index, speed, stamina, strength, willpower, intelligence, hp, mood, skill_point, character_favor, event_condition, is_random_value, is_random_attribute, is_random_block_training, is_end_chained_event) VALUES (1180, 655, 'Up', 2, 0, 0, 0, 0, 0, 10, 0, 0, 5, null, 0, 0, 0, 0);
INSERT INTO card_event_choices (choice_id, event_id, choice_label, chain_index, speed, stamina, strength, willpower, intelligence, hp, mood, skill_point, character_favor, event_condition, is_random_value, is_random_attribute, is_random_block_training, is_end_chained_event) VALUES (1181, 655, 'Down', 2, 0, 0, 0, 0, 0, 0, 0, 0, 5, null, 0, 0, 0, 0);
INSERT INTO card_table (count, uma_id, uma_name) VALUES (207, 20081, 'north-flight');
INSERT INTO card_events (event_id, event_name, uma_id, uma_name, category) VALUES (656, '(❯) 大切を見つけて', 20081, 'north-flight', '連鎖事件');
INSERT INTO card_event_choices (choice_id, event_id, choice_label, chain_index, speed, stamina, strength, willpower, intelligence, hp, mood, skill_point, character_favor, event_condition, is_random_value, is_random_attribute, is_random_block_training, is_end_chained_event) VALUES (1182, 656, 'None', 1, 0, 0, 10, 5, 0, 0, 0, 0, 5, null, 0, 0, 0, 0);
INSERT INTO card_events (event_id, event_name, uma_id, uma_name, category) VALUES (657, '(❯❯) しっかりとちゃっかりと', 20081, 'north-flight', '連鎖事件');
INSERT INTO card_event_choices (choice_id, event_id, choice_label, chain_index, speed, stamina, strength, willpower, intelligence, hp, mood, skill_point, character_favor, event_condition, is_random_value, is_random_attribute, is_random_block_training, is_end_chained_event) VALUES (1183, 657, 'None', 2, 0, 0, 15, 0, 0, 0, 0, 0, 5, null, 0, 0, 0, 0);
INSERT INTO card_events (event_id, event_name, uma_id, uma_name, category) VALUES (658, 'わたしをデコレート', 20081, 'north-flight', '隨機事件');
INSERT INTO card_event_choices (choice_id, event_id, choice_label, chain_index, speed, stamina, strength, willpower, intelligence, hp, mood, skill_point, character_favor, event_condition, is_random_value, is_random_attribute, is_random_block_training, is_end_chained_event) VALUES (1184, 658, 'Up', 2, 15, 0, 0, 0, 0, 0, 0, 0, 5, null, 0, 0, 0, 0);
INSERT INTO card_event_choices (choice_id, event_id, choice_label, chain_index, speed, stamina, strength, willpower, intelligence, hp, mood, skill_point, character_favor, event_condition, is_random_value, is_random_attribute, is_random_block_training, is_end_chained_event) VALUES (1185, 658, 'Down', 2, 0, 0, 0, 15, 0, 0, 0, 0, 5, null, 0, 0, 0, 0);
INSERT INTO card_events (event_id, event_name, uma_id, uma_name, category) VALUES (659, 'あなたのためのスタイリング', 20081, 'north-flight', '隨機事件');
INSERT INTO card_event_choices (choice_id, event_id, choice_label, chain_index, speed, stamina, strength, willpower, intelligence, hp, mood, skill_point, character_favor, event_condition, is_random_value, is_random_attribute, is_random_block_training, is_end_chained_event) VALUES (1186, 659, 'Up', 2, 0, 0, 0, 0, 0, 0, 0, 0, 5, null, 0, 0, 0, 0);
INSERT INTO card_event_choices (choice_id, event_id, choice_label, chain_index, speed, stamina, strength, willpower, intelligence, hp, mood, skill_point, character_favor, event_condition, is_random_value, is_random_attribute, is_random_block_training, is_end_chained_event) VALUES (1187, 659, 'Down', 2, 0, 0, 0, 0, 0, 15, 0, 0, 5, null, 0, 0, 0, 0);
INSERT INTO card_table (count, uma_id, uma_name) VALUES (208, 20082, 'bubble-gum-fellow');
INSERT INTO card_events (event_id, event_name, uma_id, uma_name, category) VALUES (660, '(❯) ハジケる勇気！', 20082, 'bubble-gum-fellow', '連鎖事件');
INSERT INTO card_event_choices (choice_id, event_id, choice_label, chain_index, speed, stamina, strength, willpower, intelligence, hp, mood, skill_point, character_favor, event_condition, is_random_value, is_random_attribute, is_random_block_training, is_end_chained_event) VALUES (1188, 660, 'Up', 1, 10, 0, 0, 0, 0, 5, 0, 0, 5, null, 0, 0, 0, 0);
INSERT INTO card_event_choices (choice_id, event_id, choice_label, chain_index, speed, stamina, strength, willpower, intelligence, hp, mood, skill_point, character_favor, event_condition, is_random_value, is_random_attribute, is_random_block_training, is_end_chained_event) VALUES (1189, 660, 'Down', 1, 0, 0, 0, 0, 0, 0, 0, 0, 15, null, 0, 0, 0, 0);
INSERT INTO card_events (event_id, event_name, uma_id, uma_name, category) VALUES (661, '(❯❯) 揺るがぬ矜持', 20082, 'bubble-gum-fellow', '連鎖事件');
INSERT INTO card_event_choices (choice_id, event_id, choice_label, chain_index, speed, stamina, strength, willpower, intelligence, hp, mood, skill_point, character_favor, event_condition, is_random_value, is_random_attribute, is_random_block_training, is_end_chained_event) VALUES (1190, 661, 'None', 2, 20, 0, 0, 0, 0, 0, 0, 0, 5, null, 0, 0, 0, 0);
INSERT INTO card_events (event_id, event_name, uma_id, uma_name, category) VALUES (662, 'レッツトライ！', 20082, 'bubble-gum-fellow', '隨機事件');
INSERT INTO card_event_choices (choice_id, event_id, choice_label, chain_index, speed, stamina, strength, willpower, intelligence, hp, mood, skill_point, character_favor, event_condition, is_random_value, is_random_attribute, is_random_block_training, is_end_chained_event) VALUES (1191, 662, 'Up', 2, 15, 0, 0, 0, 0, 0, 0, 0, 5, null, 0, 0, 0, 0);
INSERT INTO card_event_choices (choice_id, event_id, choice_label, chain_index, speed, stamina, strength, willpower, intelligence, hp, mood, skill_point, character_favor, event_condition, is_random_value, is_random_attribute, is_random_block_training, is_end_chained_event) VALUES (1192, 662, 'Down', 2, 0, 0, 0, 25, 0, -5, 0, 0, 5, null, 0, 0, 0, 0);
INSERT INTO card_events (event_id, event_name, uma_id, uma_name, category) VALUES (663, 'ドゥイット！', 20082, 'bubble-gum-fellow', '隨機事件');
INSERT INTO card_event_choices (choice_id, event_id, choice_label, chain_index, speed, stamina, strength, willpower, intelligence, hp, mood, skill_point, character_favor, event_condition, is_random_value, is_random_attribute, is_random_block_training, is_end_chained_event) VALUES (1193, 663, 'Up', 2, 0, 0, 0, 0, 0, 0, 0, 0, 5, null, 0, 0, 0, 0);
INSERT INTO card_event_choices (choice_id, event_id, choice_label, chain_index, speed, stamina, strength, willpower, intelligence, hp, mood, skill_point, character_favor, event_condition, is_random_value, is_random_attribute, is_random_block_training, is_end_chained_event) VALUES (1194, 663, 'Down', 2, 0, 0, 10, 0, 0, 0, 1, 0, 5, null, 0, 0, 0, 0);
INSERT INTO card_table (count, uma_id, uma_name) VALUES (209, 20083, 'mejiro-ramonu');
INSERT INTO card_events (event_id, event_name, uma_id, uma_name, category) VALUES (664, '(❯) 全ては愛しいものがため', 20083, 'mejiro-ramonu', '連鎖事件');
INSERT INTO card_event_choices (choice_id, event_id, choice_label, chain_index, speed, stamina, strength, willpower, intelligence, hp, mood, skill_point, character_favor, event_condition, is_random_value, is_random_attribute, is_random_block_training, is_end_chained_event) VALUES (1195, 664, 'None', 1, 0, 15, 0, 0, 0, 0, 0, 0, 10, null, 0, 0, 0, 0);
INSERT INTO card_events (event_id, event_name, uma_id, uma_name, category) VALUES (665, '(❯❯) 愛は遍く', 20083, 'mejiro-ramonu', '連鎖事件');
INSERT INTO card_event_choices (choice_id, event_id, choice_label, chain_index, speed, stamina, strength, willpower, intelligence, hp, mood, skill_point, character_favor, event_condition, is_random_value, is_random_attribute, is_random_block_training, is_end_chained_event) VALUES (1196, 665, 'None', 2, 0, 5, 5, 5, 0, 0, 0, 0, 5, null, 0, 0, 0, 0);
INSERT INTO card_events (event_id, event_name, uma_id, uma_name, category) VALUES (666, '一瞥にて', 20083, 'mejiro-ramonu', '隨機事件');
INSERT INTO card_event_choices (choice_id, event_id, choice_label, chain_index, speed, stamina, strength, willpower, intelligence, hp, mood, skill_point, character_favor, event_condition, is_random_value, is_random_attribute, is_random_block_training, is_end_chained_event) VALUES (1197, 666, 'Up', 2, 0, 0, 0, 0, 0, 0, 1, 10, 5, null, 0, 0, 0, 0);
INSERT INTO card_event_choices (choice_id, event_id, choice_label, chain_index, speed, stamina, strength, willpower, intelligence, hp, mood, skill_point, character_favor, event_condition, is_random_value, is_random_attribute, is_random_block_training, is_end_chained_event) VALUES (1198, 666, 'Down', 2, 0, 0, 0, 0, 15, 0, 0, 0, 5, null, 0, 0, 0, 0);
INSERT INTO card_events (event_id, event_name, uma_id, uma_name, category) VALUES (667, '傅いて', 20083, 'mejiro-ramonu', '隨機事件');
INSERT INTO card_event_choices (choice_id, event_id, choice_label, chain_index, speed, stamina, strength, willpower, intelligence, hp, mood, skill_point, character_favor, event_condition, is_random_value, is_random_attribute, is_random_block_training, is_end_chained_event) VALUES (1199, 667, 'Up', 2, 10, 5, 0, 0, 0, 0, 0, 0, 5, null, 0, 0, 0, 0);
INSERT INTO card_event_choices (choice_id, event_id, choice_label, chain_index, speed, stamina, strength, willpower, intelligence, hp, mood, skill_point, character_favor, event_condition, is_random_value, is_random_attribute, is_random_block_training, is_end_chained_event) VALUES (1200, 667, 'Down', 2, 0, 0, 0, 0, 0, 0, 0, 0, 5, null, 0, 0, 0, 0);
INSERT INTO card_table (count, uma_id, uma_name) VALUES (210, 20084, 'lucky-lilac');
INSERT INTO card_events (event_id, event_name, uma_id, uma_name, category) VALUES (668, '(❯) 荒天の下、凜とたおやかに', 20084, 'lucky-lilac', '連鎖事件');
INSERT INTO card_event_choices (choice_id, event_id, choice_label, chain_index, speed, stamina, strength, willpower, intelligence, hp, mood, skill_point, character_favor, event_condition, is_random_value, is_random_attribute, is_random_block_training, is_end_chained_event) VALUES (1201, 668, 'None', 1, 0, 0, 0, 0, 15, 0, 0, 0, 5, null, 0, 0, 0, 0);
INSERT INTO card_events (event_id, event_name, uma_id, uma_name, category) VALUES (669, '(❯❯) どうすんねん！？どうにかすんねん！', 20084, 'lucky-lilac', '連鎖事件');
INSERT INTO card_event_choices (choice_id, event_id, choice_label, chain_index, speed, stamina, strength, willpower, intelligence, hp, mood, skill_point, character_favor, event_condition, is_random_value, is_random_attribute, is_random_block_training, is_end_chained_event) VALUES (1202, 669, 'None', 2, 0, 0, 0, 0, 20, 0, 0, 0, 5, null, 0, 0, 0, 0);
INSERT INTO card_events (event_id, event_name, uma_id, uma_name, category) VALUES (670, 'ほな、気張っていこか（A面）', 20084, 'lucky-lilac', '隨機事件');
INSERT INTO card_event_choices (choice_id, event_id, choice_label, chain_index, speed, stamina, strength, willpower, intelligence, hp, mood, skill_point, character_favor, event_condition, is_random_value, is_random_attribute, is_random_block_training, is_end_chained_event) VALUES (1203, 670, 'Up', 2, 0, 0, 0, 0, 0, 0, 0, 30, 5, null, 0, 0, 0, 0);
INSERT INTO card_event_choices (choice_id, event_id, choice_label, chain_index, speed, stamina, strength, willpower, intelligence, hp, mood, skill_point, character_favor, event_condition, is_random_value, is_random_attribute, is_random_block_training, is_end_chained_event) VALUES (1204, 670, 'Down', 2, 10, 0, 0, 0, 10, 0, 0, 0, 5, null, 0, 0, 0, 0);
INSERT INTO card_events (event_id, event_name, uma_id, uma_name, category) VALUES (671, 'ほな、気張っていこか（B面）', 20084, 'lucky-lilac', '隨機事件');
INSERT INTO card_event_choices (choice_id, event_id, choice_label, chain_index, speed, stamina, strength, willpower, intelligence, hp, mood, skill_point, character_favor, event_condition, is_random_value, is_random_attribute, is_random_block_training, is_end_chained_event) VALUES (1205, 671, 'Up', 2, 0, 0, 0, 0, 0, 0, 0, 0, 5, null, 0, 0, 0, 0);
INSERT INTO card_event_choices (choice_id, event_id, choice_label, chain_index, speed, stamina, strength, willpower, intelligence, hp, mood, skill_point, character_favor, event_condition, is_random_value, is_random_attribute, is_random_block_training, is_end_chained_event) VALUES (1206, 671, 'Down', 2, 0, 0, 0, 0, 15, 0, 0, 0, 5, null, 0, 0, 0, 0);
INSERT INTO card_table (count, uma_id, uma_name) VALUES (211, 20085, 'mejiro-mcqueen');
INSERT INTO card_events (event_id, event_name, uma_id, uma_name, category) VALUES (672, '(❯) パフェの誘惑', 20085, 'mejiro-mcqueen', '連鎖事件');
INSERT INTO card_event_choices (choice_id, event_id, choice_label, chain_index, speed, stamina, strength, willpower, intelligence, hp, mood, skill_point, character_favor, event_condition, is_random_value, is_random_attribute, is_random_block_training, is_end_chained_event) VALUES (1207, 672, 'None', 1, 0, 0, 0, 10, 0, 10, 0, 0, 5, null, 0, 0, 0, 0);
INSERT INTO card_events (event_id, event_name, uma_id, uma_name, category) VALUES (673, '(❯❯) 愛の激励！', 20085, 'mejiro-mcqueen', '連鎖事件');
INSERT INTO card_event_choices (choice_id, event_id, choice_label, chain_index, speed, stamina, strength, willpower, intelligence, hp, mood, skill_point, character_favor, event_condition, is_random_value, is_random_attribute, is_random_block_training, is_end_chained_event) VALUES (1208, 673, 'Up', 2, 0, 0, 0, 15, 0, 0, 0, 0, 5, null, 0, 0, 0, 0);
INSERT INTO card_event_choices (choice_id, event_id, choice_label, chain_index, speed, stamina, strength, willpower, intelligence, hp, mood, skill_point, character_favor, event_condition, is_random_value, is_random_attribute, is_random_block_training, is_end_chained_event) VALUES (1209, 673, 'Down', 2, 10, 0, 10, 10, 0, 0, 0, 0, 5, null, 0, 0, 0, 0);
INSERT INTO card_events (event_id, event_name, uma_id, uma_name, category) VALUES (674, '体重を保つ為', 20085, 'mejiro-mcqueen', '隨機事件');
INSERT INTO card_event_choices (choice_id, event_id, choice_label, chain_index, speed, stamina, strength, willpower, intelligence, hp, mood, skill_point, character_favor, event_condition, is_random_value, is_random_attribute, is_random_block_training, is_end_chained_event) VALUES (1210, 674, 'Up', 2, 0, 15, 0, 0, 0, -10, 0, 0, 5, null, 0, 0, 0, 0);
INSERT INTO card_event_choices (choice_id, event_id, choice_label, chain_index, speed, stamina, strength, willpower, intelligence, hp, mood, skill_point, character_favor, event_condition, is_random_value, is_random_attribute, is_random_block_training, is_end_chained_event) VALUES (1211, 674, 'Down', 2, 0, 5, 0, 0, 0, 4, 0, 0, 5, null, 0, 0, 0, 0);
INSERT INTO card_events (event_id, event_name, uma_id, uma_name, category) VALUES (675, '高みに至る為', 20085, 'mejiro-mcqueen', '隨機事件');
INSERT INTO card_event_choices (choice_id, event_id, choice_label, chain_index, speed, stamina, strength, willpower, intelligence, hp, mood, skill_point, character_favor, event_condition, is_random_value, is_random_attribute, is_random_block_training, is_end_chained_event) VALUES (1212, 675, 'Up', 2, 0, 5, 0, 5, 0, 0, 0, 0, 5, null, 0, 0, 0, 0);
INSERT INTO card_event_choices (choice_id, event_id, choice_label, chain_index, speed, stamina, strength, willpower, intelligence, hp, mood, skill_point, character_favor, event_condition, is_random_value, is_random_attribute, is_random_block_training, is_end_chained_event) VALUES (1213, 675, 'Down', 2, 0, 0, 0, 0, 0, 0, 0, 0, 5, null, 0, 0, 0, 0);
INSERT INTO card_table (count, uma_id, uma_name) VALUES (212, 20086, 'rice-shower');
INSERT INTO card_events (event_id, event_name, uma_id, uma_name, category) VALUES (676, '(❯) お話ランチ', 20086, 'rice-shower', '連鎖事件');
INSERT INTO card_event_choices (choice_id, event_id, choice_label, chain_index, speed, stamina, strength, willpower, intelligence, hp, mood, skill_point, character_favor, event_condition, is_random_value, is_random_attribute, is_random_block_training, is_end_chained_event) VALUES (1214, 676, 'None', 1, 10, 0, 0, 0, 0, 10, 0, 0, 5, null, 0, 0, 0, 0);
INSERT INTO card_events (event_id, event_name, uma_id, uma_name, category) VALUES (677, '(❯❯) 学園見学で……', 20086, 'rice-shower', '連鎖事件');
INSERT INTO card_event_choices (choice_id, event_id, choice_label, chain_index, speed, stamina, strength, willpower, intelligence, hp, mood, skill_point, character_favor, event_condition, is_random_value, is_random_attribute, is_random_block_training, is_end_chained_event) VALUES (1215, 677, 'None', 2, 10, 0, 0, 0, 0, 0, 0, 0, 5, null, 0, 0, 0, 0);
INSERT INTO card_events (event_id, event_name, uma_id, uma_name, category) VALUES (678, 'お花屋さんでの1ページ', 20086, 'rice-shower', '隨機事件');
INSERT INTO card_event_choices (choice_id, event_id, choice_label, chain_index, speed, stamina, strength, willpower, intelligence, hp, mood, skill_point, character_favor, event_condition, is_random_value, is_random_attribute, is_random_block_training, is_end_chained_event) VALUES (1216, 678, 'Up', 2, 0, 0, 0, 0, 0, 0, 2, 0, 5, null, 0, 0, 0, 0);
INSERT INTO card_event_choices (choice_id, event_id, choice_label, chain_index, speed, stamina, strength, willpower, intelligence, hp, mood, skill_point, character_favor, event_condition, is_random_value, is_random_attribute, is_random_block_training, is_end_chained_event) VALUES (1217, 678, 'Down', 2, 0, 10, 0, 0, 0, 0, 0, 0, 5, null, 0, 0, 0, 0);
INSERT INTO card_events (event_id, event_name, uma_id, uma_name, category) VALUES (679, '曇りの日の1ページ', 20086, 'rice-shower', '隨機事件');
INSERT INTO card_event_choices (choice_id, event_id, choice_label, chain_index, speed, stamina, strength, willpower, intelligence, hp, mood, skill_point, character_favor, event_condition, is_random_value, is_random_attribute, is_random_block_training, is_end_chained_event) VALUES (1218, 679, 'Up', 2, 5, 0, 0, 5, 0, 0, 0, 0, 5, null, 0, 0, 0, 0);
INSERT INTO card_event_choices (choice_id, event_id, choice_label, chain_index, speed, stamina, strength, willpower, intelligence, hp, mood, skill_point, character_favor, event_condition, is_random_value, is_random_attribute, is_random_block_training, is_end_chained_event) VALUES (1219, 679, 'Down', 2, 0, 0, 0, 0, 0, 0, 0, 0, 5, null, 0, 0, 0, 0);
INSERT INTO card_table (count, uma_id, uma_name) VALUES (213, 20087, 'daring-heart');
INSERT INTO card_events (event_id, event_name, uma_id, uma_name, category) VALUES (680, '(❯) 競炎Spirit!', 20087, 'daring-heart', '連鎖事件');
INSERT INTO card_event_choices (choice_id, event_id, choice_label, chain_index, speed, stamina, strength, willpower, intelligence, hp, mood, skill_point, character_favor, event_condition, is_random_value, is_random_attribute, is_random_block_training, is_end_chained_event) VALUES (1220, 680, 'None', 1, 0, 0, 15, 0, 0, 0, 0, 0, 10, null, 1, 0, 0, 0);
INSERT INTO card_event_choices (choice_id, event_id, choice_label, chain_index, speed, stamina, strength, willpower, intelligence, hp, mood, skill_point, character_favor, event_condition, is_random_value, is_random_attribute, is_random_block_training, is_end_chained_event) VALUES (1221, 680, 'None', 1, 0, 0, 5, 0, 0, 0, 0, 0, 5, null, 0, 0, 0, 0);
INSERT INTO card_events (event_id, event_name, uma_id, uma_name, category) VALUES (681, '(❯❯) いつだってEnjoy!', 20087, 'daring-heart', '連鎖事件');
INSERT INTO card_event_choices (choice_id, event_id, choice_label, chain_index, speed, stamina, strength, willpower, intelligence, hp, mood, skill_point, character_favor, event_condition, is_random_value, is_random_attribute, is_random_block_training, is_end_chained_event) VALUES (1222, 681, 'Up', 2, 0, 0, 15, 0, 0, 0, 0, 0, 5, null, 0, 0, 0, 0);
INSERT INTO card_event_choices (choice_id, event_id, choice_label, chain_index, speed, stamina, strength, willpower, intelligence, hp, mood, skill_point, character_favor, event_condition, is_random_value, is_random_attribute, is_random_block_training, is_end_chained_event) VALUES (1223, 681, 'Down', 2, 0, 0, 0, 0, 0, 15, 0, 0, 5, null, 0, 0, 0, 0);
INSERT INTO card_events (event_id, event_name, uma_id, uma_name, category) VALUES (682, 'Queen''s Heart', 20087, 'daring-heart', '隨機事件');
INSERT INTO card_event_choices (choice_id, event_id, choice_label, chain_index, speed, stamina, strength, willpower, intelligence, hp, mood, skill_point, character_favor, event_condition, is_random_value, is_random_attribute, is_random_block_training, is_end_chained_event) VALUES (1224, 682, 'Up', 2, 0, 0, 0, 0, 0, 0, 1, 10, 5, null, 0, 0, 0, 0);
INSERT INTO card_event_choices (choice_id, event_id, choice_label, chain_index, speed, stamina, strength, willpower, intelligence, hp, mood, skill_point, character_favor, event_condition, is_random_value, is_random_attribute, is_random_block_training, is_end_chained_event) VALUES (1225, 682, 'Down', 2, 0, 10, 10, 0, 0, 0, 0, 0, 5, null, 0, 0, 0, 0);
INSERT INTO card_events (event_id, event_name, uma_id, uma_name, category) VALUES (683, 'Away in the Mountains', 20087, 'daring-heart', '隨機事件');
INSERT INTO card_event_choices (choice_id, event_id, choice_label, chain_index, speed, stamina, strength, willpower, intelligence, hp, mood, skill_point, character_favor, event_condition, is_random_value, is_random_attribute, is_random_block_training, is_end_chained_event) VALUES (1226, 683, 'Up', 2, 0, 0, 0, 0, 0, 0, 0, 0, 5, null, 0, 0, 0, 0);
INSERT INTO card_event_choices (choice_id, event_id, choice_label, chain_index, speed, stamina, strength, willpower, intelligence, hp, mood, skill_point, character_favor, event_condition, is_random_value, is_random_attribute, is_random_block_training, is_end_chained_event) VALUES (1227, 683, 'Down', 2, 0, 0, 0, 15, 0, 0, 0, 0, 5, null, 0, 0, 0, 0);
INSERT INTO card_table (count, uma_id, uma_name) VALUES (214, 20088, 'curren-bouquetdor');
INSERT INTO card_events (event_id, event_name, uma_id, uma_name, category) VALUES (684, '(❯) 癒しの花になりますように', 20088, 'curren-bouquetdor', '連鎖事件');
INSERT INTO card_event_choices (choice_id, event_id, choice_label, chain_index, speed, stamina, strength, willpower, intelligence, hp, mood, skill_point, character_favor, event_condition, is_random_value, is_random_attribute, is_random_block_training, is_end_chained_event) VALUES (1228, 684, 'Up', 1, 0, 15, 0, 0, 0, 0, 0, 0, 5, null, 0, 0, 0, 0);
INSERT INTO card_event_choices (choice_id, event_id, choice_label, chain_index, speed, stamina, strength, willpower, intelligence, hp, mood, skill_point, character_favor, event_condition, is_random_value, is_random_attribute, is_random_block_training, is_end_chained_event) VALUES (1229, 684, 'Down', 1, 0, 0, 0, 0, 0, 0, 0, 15, 5, null, 0, 0, 0, 0);
INSERT INTO card_events (event_id, event_name, uma_id, uma_name, category) VALUES (685, '(❯❯) 花開くときを待つ', 20088, 'curren-bouquetdor', '連鎖事件');
INSERT INTO card_event_choices (choice_id, event_id, choice_label, chain_index, speed, stamina, strength, willpower, intelligence, hp, mood, skill_point, character_favor, event_condition, is_random_value, is_random_attribute, is_random_block_training, is_end_chained_event) VALUES (1230, 685, 'Up', 2, 0, 15, 0, 0, 0, 0, 0, 0, 5, null, 0, 0, 0, 0);
INSERT INTO card_event_choices (choice_id, event_id, choice_label, chain_index, speed, stamina, strength, willpower, intelligence, hp, mood, skill_point, character_favor, event_condition, is_random_value, is_random_attribute, is_random_block_training, is_end_chained_event) VALUES (1231, 685, 'Down', 2, 0, 10, 0, 10, 0, 10, 0, 0, 5, null, 0, 0, 0, 0);
INSERT INTO card_events (event_id, event_name, uma_id, uma_name, category) VALUES (686, '争いの種は咲かせない', 20088, 'curren-bouquetdor', '隨機事件');
INSERT INTO card_event_choices (choice_id, event_id, choice_label, chain_index, speed, stamina, strength, willpower, intelligence, hp, mood, skill_point, character_favor, event_condition, is_random_value, is_random_attribute, is_random_block_training, is_end_chained_event) VALUES (1232, 686, 'Up', 2, 0, 0, 0, 0, 0, 0, 0, 30, 5, null, 0, 0, 0, 0);
INSERT INTO card_event_choices (choice_id, event_id, choice_label, chain_index, speed, stamina, strength, willpower, intelligence, hp, mood, skill_point, character_favor, event_condition, is_random_value, is_random_attribute, is_random_block_training, is_end_chained_event) VALUES (1233, 686, 'Down', 2, 0, 0, 0, 0, 0, 0, 0, 0, 5, null, 0, 0, 0, 0);
INSERT INTO card_events (event_id, event_name, uma_id, uma_name, category) VALUES (687, '想いを咲かせるブーケ', 20088, 'curren-bouquetdor', '隨機事件');
INSERT INTO card_event_choices (choice_id, event_id, choice_label, chain_index, speed, stamina, strength, willpower, intelligence, hp, mood, skill_point, character_favor, event_condition, is_random_value, is_random_attribute, is_random_block_training, is_end_chained_event) VALUES (1234, 687, 'Up', 2, 10, 0, 0, 0, 10, 0, 0, 0, 5, null, 0, 0, 0, 0);
INSERT INTO card_event_choices (choice_id, event_id, choice_label, chain_index, speed, stamina, strength, willpower, intelligence, hp, mood, skill_point, character_favor, event_condition, is_random_value, is_random_attribute, is_random_block_training, is_end_chained_event) VALUES (1235, 687, 'Down', 2, 0, 0, 20, 0, 0, 0, 0, 0, 5, null, 0, 0, 0, 0);
INSERT INTO card_table (count, uma_id, uma_name) VALUES (215, 30001, 'special-week');
INSERT INTO card_events (event_id, event_name, uma_id, uma_name, category) VALUES (688, '(❯) 以蹄鐵踏出步伐！', 30001, 'special-week', '連鎖事件');
INSERT INTO card_event_choices (choice_id, event_id, choice_label, chain_index, speed, stamina, strength, willpower, intelligence, hp, mood, skill_point, character_favor, event_condition, is_random_value, is_random_attribute, is_random_block_training, is_end_chained_event) VALUES (1236, 688, 'None', 1, 10, 10, 0, 0, 0, 0, 0, 0, 0, null, 0, 0, 0, 0);
INSERT INTO card_events (event_id, event_name, uma_id, uma_name, category) VALUES (689, '(❯❯) 願為雲霄飛車！', 30001, 'special-week', '連鎖事件');
INSERT INTO card_event_choices (choice_id, event_id, choice_label, chain_index, speed, stamina, strength, willpower, intelligence, hp, mood, skill_point, character_favor, event_condition, is_random_value, is_random_attribute, is_random_block_training, is_end_chained_event) VALUES (1237, 689, 'Up', 2, 10, 10, 0, 10, 0, -10, 1, 0, 5, null, 0, 0, 0, 0);
INSERT INTO card_event_choices (choice_id, event_id, choice_label, chain_index, speed, stamina, strength, willpower, intelligence, hp, mood, skill_point, character_favor, event_condition, is_random_value, is_random_attribute, is_random_block_training, is_end_chained_event) VALUES (1238, 689, 'Down', 2, 0, 0, 0, 0, 10, 20, 0, 0, 5, null, 0, 0, 0, 1);
INSERT INTO card_events (event_id, event_name, uma_id, uma_name, category) VALUES (690, '(❯❯❯) 我們的勝利頒獎台！', 30001, 'special-week', '連鎖事件');
INSERT INTO card_event_choices (choice_id, event_id, choice_label, chain_index, speed, stamina, strength, willpower, intelligence, hp, mood, skill_point, character_favor, event_condition, is_random_value, is_random_attribute, is_random_block_training, is_end_chained_event) VALUES (1239, 690, 'None', 3, 5, 5, 0, 5, 0, -10, 0, 0, 5, null, 1, 0, 0, 0);
INSERT INTO card_event_choices (choice_id, event_id, choice_label, chain_index, speed, stamina, strength, willpower, intelligence, hp, mood, skill_point, character_favor, event_condition, is_random_value, is_random_attribute, is_random_block_training, is_end_chained_event) VALUES (1240, 690, 'None', 3, 15, 15, 0, 15, 0, -10, 0, 0, 5, null, 0, 0, 0, 0);
INSERT INTO card_events (event_id, event_name, uma_id, uma_name, category) VALUES (691, '我會多注意轉角處！', 30001, 'special-week', '隨機事件');
INSERT INTO card_event_choices (choice_id, event_id, choice_label, chain_index, speed, stamina, strength, willpower, intelligence, hp, mood, skill_point, character_favor, event_condition, is_random_value, is_random_attribute, is_random_block_training, is_end_chained_event) VALUES (1241, 691, 'Up', 3, 0, 0, 0, 0, 0, 1, 0, 0, 5, null, 0, 0, 0, 0);
INSERT INTO card_event_choices (choice_id, event_id, choice_label, chain_index, speed, stamina, strength, willpower, intelligence, hp, mood, skill_point, character_favor, event_condition, is_random_value, is_random_attribute, is_random_block_training, is_end_chained_event) VALUES (1242, 691, 'Down', 3, 0, 0, 0, 15, 0, 0, 0, 0, 5, null, 0, 0, 0, 0);
INSERT INTO card_events (event_id, event_name, uma_id, uma_name, category) VALUES (692, '這個也好那個也不錯，真煩惱！', 30001, 'special-week', '隨機事件');
INSERT INTO card_event_choices (choice_id, event_id, choice_label, chain_index, speed, stamina, strength, willpower, intelligence, hp, mood, skill_point, character_favor, event_condition, is_random_value, is_random_attribute, is_random_block_training, is_end_chained_event) VALUES (1243, 692, 'Up', 3, 0, 0, 0, 0, 0, 10, 1, 0, 5, null, 0, 0, 0, 0);
INSERT INTO card_event_choices (choice_id, event_id, choice_label, chain_index, speed, stamina, strength, willpower, intelligence, hp, mood, skill_point, character_favor, event_condition, is_random_value, is_random_attribute, is_random_block_training, is_end_chained_event) VALUES (1244, 692, 'Down', 3, 0, 15, 0, 0, 0, -10, 0, 15, 5, null, 0, 0, 0, 0);
INSERT INTO card_table (count, uma_id, uma_name) VALUES (216, 30002, 'silence-suzuka');
INSERT INTO card_events (event_id, event_name, uma_id, uma_name, category) VALUES (693, '(❯) 信→？', 30002, 'silence-suzuka', '連鎖事件');
INSERT INTO card_event_choices (choice_id, event_id, choice_label, chain_index, speed, stamina, strength, willpower, intelligence, hp, mood, skill_point, character_favor, event_condition, is_random_value, is_random_attribute, is_random_block_training, is_end_chained_event) VALUES (1245, 693, 'None', 1, 10, 0, 0, 0, 0, 0, 0, 0, 5, null, 0, 0, 0, 0);
INSERT INTO card_events (event_id, event_name, uma_id, uma_name, category) VALUES (694, '(❯❯) 信→大家的心意→？', 30002, 'silence-suzuka', '連鎖事件');
INSERT INTO card_event_choices (choice_id, event_id, choice_label, chain_index, speed, stamina, strength, willpower, intelligence, hp, mood, skill_point, character_favor, event_condition, is_random_value, is_random_attribute, is_random_block_training, is_end_chained_event) VALUES (1246, 694, 'None', 2, 10, 0, 10, 0, 0, 0, 1, 0, 5, null, 0, 0, 0, 0);
INSERT INTO card_events (event_id, event_name, uma_id, uma_name, category) VALUES (695, '(❯❯❯) 信→大家的心意→要好好等我喔', 30002, 'silence-suzuka', '連鎖事件');
INSERT INTO card_event_choices (choice_id, event_id, choice_label, chain_index, speed, stamina, strength, willpower, intelligence, hp, mood, skill_point, character_favor, event_condition, is_random_value, is_random_attribute, is_random_block_training, is_end_chained_event) VALUES (1247, 695, 'None', 3, 10, 0, 0, 0, 0, 0, 0, 0, 5, null, 0, 0, 0, 0);
INSERT INTO card_events (event_id, event_name, uma_id, uma_name, category) VALUES (696, '無論到何處', 30002, 'silence-suzuka', '隨機事件');
INSERT INTO card_event_choices (choice_id, event_id, choice_label, chain_index, speed, stamina, strength, willpower, intelligence, hp, mood, skill_point, character_favor, event_condition, is_random_value, is_random_attribute, is_random_block_training, is_end_chained_event) VALUES (1248, 696, 'Up', 3, 10, 5, 0, 0, 0, 0, 0, 0, 5, null, 0, 0, 0, 0);
INSERT INTO card_event_choices (choice_id, event_id, choice_label, chain_index, speed, stamina, strength, willpower, intelligence, hp, mood, skill_point, character_favor, event_condition, is_random_value, is_random_attribute, is_random_block_training, is_end_chained_event) VALUES (1249, 696, 'Down', 3, 15, 0, 0, 0, 0, 0, 0, 0, 5, null, 0, 0, 0, 0);
INSERT INTO card_events (event_id, event_name, uma_id, uma_name, category) VALUES (697, '該怎麼做', 30002, 'silence-suzuka', '隨機事件');
INSERT INTO card_event_choices (choice_id, event_id, choice_label, chain_index, speed, stamina, strength, willpower, intelligence, hp, mood, skill_point, character_favor, event_condition, is_random_value, is_random_attribute, is_random_block_training, is_end_chained_event) VALUES (1250, 697, 'Up', 3, 5, 5, 0, 0, 5, 0, 0, 0, 5, null, 0, 0, 0, 0);
INSERT INTO card_event_choices (choice_id, event_id, choice_label, chain_index, speed, stamina, strength, willpower, intelligence, hp, mood, skill_point, character_favor, event_condition, is_random_value, is_random_attribute, is_random_block_training, is_end_chained_event) VALUES (1251, 697, 'Down', 3, 0, 0, 0, 0, 0, 0, 0, 0, 5, null, 0, 0, 0, 0);
INSERT INTO card_table (count, uma_id, uma_name) VALUES (217, 30003, 'tokai-teio');
INSERT INTO card_events (event_id, event_name, uma_id, uma_name, category) VALUES (698, '(❯) 揭幕的預感', 30003, 'tokai-teio', '連鎖事件');
INSERT INTO card_event_choices (choice_id, event_id, choice_label, chain_index, speed, stamina, strength, willpower, intelligence, hp, mood, skill_point, character_favor, event_condition, is_random_value, is_random_attribute, is_random_block_training, is_end_chained_event) VALUES (1252, 698, 'None', 1, 5, 0, 0, 0, 0, 10, 0, 0, 0, null, 0, 0, 0, 0);
INSERT INTO card_events (event_id, event_name, uma_id, uma_name, category) VALUES (699, '(❯❯) 短暫的中場休息', 30003, 'tokai-teio', '連鎖事件');
INSERT INTO card_event_choices (choice_id, event_id, choice_label, chain_index, speed, stamina, strength, willpower, intelligence, hp, mood, skill_point, character_favor, event_condition, is_random_value, is_random_attribute, is_random_block_training, is_end_chained_event) VALUES (1253, 699, 'None', 2, 5, 0, 0, 0, 5, 10, 0, 0, 0, null, 0, 0, 0, 0);
INSERT INTO card_events (event_id, event_name, uma_id, uma_name, category) VALUES (700, '(❯❯❯) 傳說的一幕', 30003, 'tokai-teio', '連鎖事件');
INSERT INTO card_event_choices (choice_id, event_id, choice_label, chain_index, speed, stamina, strength, willpower, intelligence, hp, mood, skill_point, character_favor, event_condition, is_random_value, is_random_attribute, is_random_block_training, is_end_chained_event) VALUES (1254, 700, 'None', 3, 5, 0, 0, 0, 0, 10, 0, 0, 5, null, 0, 0, 0, 0);
INSERT INTO card_events (event_id, event_name, uma_id, uma_name, category) VALUES (701, '我的作法', 30003, 'tokai-teio', '隨機事件');
INSERT INTO card_event_choices (choice_id, event_id, choice_label, chain_index, speed, stamina, strength, willpower, intelligence, hp, mood, skill_point, character_favor, event_condition, is_random_value, is_random_attribute, is_random_block_training, is_end_chained_event) VALUES (1255, 701, 'Up', 3, 0, 0, 0, 0, 0, 0, 1, 15, 5, null, 0, 0, 0, 0);
INSERT INTO card_event_choices (choice_id, event_id, choice_label, chain_index, speed, stamina, strength, willpower, intelligence, hp, mood, skill_point, character_favor, event_condition, is_random_value, is_random_attribute, is_random_block_training, is_end_chained_event) VALUES (1256, 701, 'Down', 3, 0, 0, 0, 15, 0, 0, 0, 0, 5, null, 0, 0, 0, 0);
INSERT INTO card_events (event_id, event_name, uma_id, uma_name, category) VALUES (702, '我的武器', 30003, 'tokai-teio', '隨機事件');
INSERT INTO card_event_choices (choice_id, event_id, choice_label, chain_index, speed, stamina, strength, willpower, intelligence, hp, mood, skill_point, character_favor, event_condition, is_random_value, is_random_attribute, is_random_block_training, is_end_chained_event) VALUES (1257, 702, 'Up', 3, 0, 0, 0, 10, 0, 0, 1, 0, 5, null, 0, 0, 0, 0);
INSERT INTO card_event_choices (choice_id, event_id, choice_label, chain_index, speed, stamina, strength, willpower, intelligence, hp, mood, skill_point, character_favor, event_condition, is_random_value, is_random_attribute, is_random_block_training, is_end_chained_event) VALUES (1258, 702, 'Down', 3, 0, 0, 0, 0, 0, 0, 0, 0, 5, null, 0, 0, 0, 0);
INSERT INTO card_table (count, uma_id, uma_name) VALUES (218, 30004, 'gold-ship');
INSERT INTO card_events (event_id, event_name, uma_id, uma_name, category) VALUES (703, '(❯) 熱血！空氣籃球！', 30004, 'gold-ship', '連鎖事件');
INSERT INTO card_event_choices (choice_id, event_id, choice_label, chain_index, speed, stamina, strength, willpower, intelligence, hp, mood, skill_point, character_favor, event_condition, is_random_value, is_random_attribute, is_random_block_training, is_end_chained_event) VALUES (1259, 703, 'None', 1, 0, 25, 0, 0, 0, -10, 0, 10, 5, null, 0, 0, 0, 0);
INSERT INTO card_events (event_id, event_name, uma_id, uma_name, category) VALUES (704, '(❯❯) 致敬鮭魚！', 30004, 'gold-ship', '連鎖事件');
INSERT INTO card_event_choices (choice_id, event_id, choice_label, chain_index, speed, stamina, strength, willpower, intelligence, hp, mood, skill_point, character_favor, event_condition, is_random_value, is_random_attribute, is_random_block_training, is_end_chained_event) VALUES (1260, 704, 'None', 2, 0, 10, 0, 25, 0, -10, 0, 10, 5, null, 0, 0, 0, 0);
INSERT INTO card_events (event_id, event_name, uma_id, uma_name, category) VALUES (705, '(❯❯❯) 寫成強敵念成「朋友」！！', 30004, 'gold-ship', '連鎖事件');
INSERT INTO card_event_choices (choice_id, event_id, choice_label, chain_index, speed, stamina, strength, willpower, intelligence, hp, mood, skill_point, character_favor, event_condition, is_random_value, is_random_attribute, is_random_block_training, is_end_chained_event) VALUES (1261, 705, 'None', 3, 0, 20, 0, 0, 0, 0, 0, 15, 5, null, 0, 0, 0, 0);
INSERT INTO card_events (event_id, event_name, uma_id, uma_name, category) VALUES (706, '冒險家黃金船', 30004, 'gold-ship', '隨機事件');
INSERT INTO card_event_choices (choice_id, event_id, choice_label, chain_index, speed, stamina, strength, willpower, intelligence, hp, mood, skill_point, character_favor, event_condition, is_random_value, is_random_attribute, is_random_block_training, is_end_chained_event) VALUES (1262, 706, 'Up', 3, 0, 15, 0, 0, 0, 0, 0, 0, 5, null, 0, 0, 0, 0);
INSERT INTO card_event_choices (choice_id, event_id, choice_label, chain_index, speed, stamina, strength, willpower, intelligence, hp, mood, skill_point, character_favor, event_condition, is_random_value, is_random_attribute, is_random_block_training, is_end_chained_event) VALUES (1263, 706, 'Down', 3, 0, 0, 0, 10, 0, 0, 0, 15, 5, null, 0, 0, 0, 0);
INSERT INTO card_events (event_id, event_name, uma_id, uma_name, category) VALUES (707, '復活吧！阿船標章的醬汁炒麵！', 30004, 'gold-ship', '隨機事件');
INSERT INTO card_event_choices (choice_id, event_id, choice_label, chain_index, speed, stamina, strength, willpower, intelligence, hp, mood, skill_point, character_favor, event_condition, is_random_value, is_random_attribute, is_random_block_training, is_end_chained_event) VALUES (1264, 707, 'Up', 3, 0, 5, 0, 0, 0, 0, 1, 0, 5, null, 0, 0, 0, 0);
INSERT INTO card_event_choices (choice_id, event_id, choice_label, chain_index, speed, stamina, strength, willpower, intelligence, hp, mood, skill_point, character_favor, event_condition, is_random_value, is_random_attribute, is_random_block_training, is_end_chained_event) VALUES (1265, 707, 'Down', 3, 0, 0, 0, 0, 0, 0, 0, 0, 5, null, 0, 0, 0, 0);
INSERT INTO card_table (count, uma_id, uma_name) VALUES (219, 30005, 'vodka');
INSERT INTO card_events (event_id, event_name, uma_id, uma_name, category) VALUES (708, '(❯) 順從自己的心', 30005, 'vodka', '連鎖事件');
INSERT INTO card_event_choices (choice_id, event_id, choice_label, chain_index, speed, stamina, strength, willpower, intelligence, hp, mood, skill_point, character_favor, event_condition, is_random_value, is_random_attribute, is_random_block_training, is_end_chained_event) VALUES (1266, 708, 'None', 1, 0, 0, 10, 0, 0, 0, 0, 15, 5, null, 0, 0, 0, 0);
INSERT INTO card_events (event_id, event_name, uma_id, uma_name, category) VALUES (709, '(❯❯) 向夕陽立下輝煌誓言', 30005, 'vodka', '連鎖事件');
INSERT INTO card_event_choices (choice_id, event_id, choice_label, chain_index, speed, stamina, strength, willpower, intelligence, hp, mood, skill_point, character_favor, event_condition, is_random_value, is_random_attribute, is_random_block_training, is_end_chained_event) VALUES (1267, 709, 'None', 2, 0, 0, 15, 0, 0, 0, 0, 15, 5, null, 0, 0, 0, 0);
INSERT INTO card_events (event_id, event_name, uma_id, uma_name, category) VALUES (710, '(❯❯❯) 要留在紀錄中喔？', 30005, 'vodka', '連鎖事件');
INSERT INTO card_event_choices (choice_id, event_id, choice_label, chain_index, speed, stamina, strength, willpower, intelligence, hp, mood, skill_point, character_favor, event_condition, is_random_value, is_random_attribute, is_random_block_training, is_end_chained_event) VALUES (1268, 710, 'None', 3, 0, 0, 25, 0, 0, 0, 0, 30, 5, null, 0, 0, 0, 0);
INSERT INTO card_events (event_id, event_name, uma_id, uma_name, category) VALUES (711, '憧憬的那句話', 30005, 'vodka', '隨機事件');
INSERT INTO card_event_choices (choice_id, event_id, choice_label, chain_index, speed, stamina, strength, willpower, intelligence, hp, mood, skill_point, character_favor, event_condition, is_random_value, is_random_attribute, is_random_block_training, is_end_chained_event) VALUES (1269, 711, 'Up', 3, 0, 0, 10, 0, 0, 0, 0, 0, 5, null, 0, 0, 0, 0);
INSERT INTO card_event_choices (choice_id, event_id, choice_label, chain_index, speed, stamina, strength, willpower, intelligence, hp, mood, skill_point, character_favor, event_condition, is_random_value, is_random_attribute, is_random_block_training, is_end_chained_event) VALUES (1270, 711, 'Down', 3, 0, 0, 5, 0, 0, 0, 0, 15, 5, null, 0, 0, 0, 0);
INSERT INTO card_events (event_id, event_name, uma_id, uma_name, category) VALUES (712, '大街上的強敵', 30005, 'vodka', '隨機事件');
INSERT INTO card_event_choices (choice_id, event_id, choice_label, chain_index, speed, stamina, strength, willpower, intelligence, hp, mood, skill_point, character_favor, event_condition, is_random_value, is_random_attribute, is_random_block_training, is_end_chained_event) VALUES (1271, 712, 'Up', 3, 0, 0, 0, 0, 0, 0, 0, 0, 5, null, 0, 0, 0, 0);
INSERT INTO card_event_choices (choice_id, event_id, choice_label, chain_index, speed, stamina, strength, willpower, intelligence, hp, mood, skill_point, character_favor, event_condition, is_random_value, is_random_attribute, is_random_block_training, is_end_chained_event) VALUES (1272, 712, 'Down', 3, 0, 0, 5, 0, 0, 0, 0, 15, 5, null, 0, 0, 0, 0);
INSERT INTO card_table (count, uma_id, uma_name) VALUES (220, 30006, 'grass-wonder');
INSERT INTO card_events (event_id, event_name, uma_id, uma_name, category) VALUES (713, '(❯) 祕藏的熱情', 30006, 'grass-wonder', '連鎖事件');
INSERT INTO card_event_choices (choice_id, event_id, choice_label, chain_index, speed, stamina, strength, willpower, intelligence, hp, mood, skill_point, character_favor, event_condition, is_random_value, is_random_attribute, is_random_block_training, is_end_chained_event) VALUES (1273, 713, 'None', 1, 0, 0, 0, 0, 5, 10, 0, 15, 5, null, 0, 0, 0, 0);
INSERT INTO card_events (event_id, event_name, uma_id, uma_name, category) VALUES (714, '(❯❯) 片刻的寧靜', 30006, 'grass-wonder', '連鎖事件');
INSERT INTO card_event_choices (choice_id, event_id, choice_label, chain_index, speed, stamina, strength, willpower, intelligence, hp, mood, skill_point, character_favor, event_condition, is_random_value, is_random_attribute, is_random_block_training, is_end_chained_event) VALUES (1274, 714, 'Up', 2, 0, 0, 0, 0, 0, 25, 0, 0, 5, null, 0, 0, 0, 0);
INSERT INTO card_event_choices (choice_id, event_id, choice_label, chain_index, speed, stamina, strength, willpower, intelligence, hp, mood, skill_point, character_favor, event_condition, is_random_value, is_random_attribute, is_random_block_training, is_end_chained_event) VALUES (1275, 714, 'Down', 2, 0, 0, 0, 5, 0, -10, 0, 0, 0, null, 1, 0, 0, 0);
INSERT INTO card_event_choices (choice_id, event_id, choice_label, chain_index, speed, stamina, strength, willpower, intelligence, hp, mood, skill_point, character_favor, event_condition, is_random_value, is_random_attribute, is_random_block_training, is_end_chained_event) VALUES (1276, 714, 'Down', 2, 0, 0, 10, 10, 10, 0, 0, 0, 10, null, 0, 0, 0, 0);
INSERT INTO card_events (event_id, event_name, uma_id, uma_name, category) VALUES (715, '(❯❯❯) 祕則為花', 30006, 'grass-wonder', '連鎖事件');
INSERT INTO card_event_choices (choice_id, event_id, choice_label, chain_index, speed, stamina, strength, willpower, intelligence, hp, mood, skill_point, character_favor, event_condition, is_random_value, is_random_attribute, is_random_block_training, is_end_chained_event) VALUES (1277, 715, 'None', 3, 5, 0, 0, 5, 5, -10, 0, 0, 5, null, 1, 0, 0, 0);
INSERT INTO card_event_choices (choice_id, event_id, choice_label, chain_index, speed, stamina, strength, willpower, intelligence, hp, mood, skill_point, character_favor, event_condition, is_random_value, is_random_attribute, is_random_block_training, is_end_chained_event) VALUES (1278, 715, 'None', 3, 15, 0, 0, 15, 15, -10, 0, 0, 5, null, 0, 0, 0, 0);
INSERT INTO card_events (event_id, event_name, uma_id, uma_name, category) VALUES (716, '書庫，煩思', 30006, 'grass-wonder', '隨機事件');
INSERT INTO card_event_choices (choice_id, event_id, choice_label, chain_index, speed, stamina, strength, willpower, intelligence, hp, mood, skill_point, character_favor, event_condition, is_random_value, is_random_attribute, is_random_block_training, is_end_chained_event) VALUES (1279, 716, 'Up', 3, 0, 0, 0, 0, 10, 0, 0, 0, 5, null, 0, 0, 0, 0);
INSERT INTO card_event_choices (choice_id, event_id, choice_label, chain_index, speed, stamina, strength, willpower, intelligence, hp, mood, skill_point, character_favor, event_condition, is_random_value, is_random_attribute, is_random_block_training, is_end_chained_event) VALUES (1280, 716, 'Down', 3, 0, 0, 0, 5, 5, 0, 0, 0, 5, null, 0, 0, 0, 0);
INSERT INTO card_events (event_id, event_name, uma_id, uma_name, category) VALUES (717, '正午，議論', 30006, 'grass-wonder', '隨機事件');
INSERT INTO card_event_choices (choice_id, event_id, choice_label, chain_index, speed, stamina, strength, willpower, intelligence, hp, mood, skill_point, character_favor, event_condition, is_random_value, is_random_attribute, is_random_block_training, is_end_chained_event) VALUES (1281, 717, 'Up', 3, 0, 0, 0, 0, 0, 0, 0, 0, 5, null, 0, 0, 0, 0);
INSERT INTO card_event_choices (choice_id, event_id, choice_label, chain_index, speed, stamina, strength, willpower, intelligence, hp, mood, skill_point, character_favor, event_condition, is_random_value, is_random_attribute, is_random_block_training, is_end_chained_event) VALUES (1282, 717, 'Down', 3, 0, 0, 0, 0, 0, 0, 0, 0, 5, null, 0, 0, 0, 0);
INSERT INTO card_table (count, uma_id, uma_name) VALUES (221, 30007, 'el-condor-pasa');
INSERT INTO card_events (event_id, event_name, uma_id, uma_name, category) VALUES (718, '(❯) 世界級的……！？', 30007, 'el-condor-pasa', '連鎖事件');
INSERT INTO card_event_choices (choice_id, event_id, choice_label, chain_index, speed, stamina, strength, willpower, intelligence, hp, mood, skill_point, character_favor, event_condition, is_random_value, is_random_attribute, is_random_block_training, is_end_chained_event) VALUES (1283, 718, 'None', 1, 0, 0, 10, 10, 0, 0, 0, 0, 5, null, 0, 0, 0, 0);
INSERT INTO card_events (event_id, event_name, uma_id, uma_name, category) VALUES (719, '(❯❯) 重要的是湯頭！！', 30007, 'el-condor-pasa', '連鎖事件');
INSERT INTO card_event_choices (choice_id, event_id, choice_label, chain_index, speed, stamina, strength, willpower, intelligence, hp, mood, skill_point, character_favor, event_condition, is_random_value, is_random_attribute, is_random_block_training, is_end_chained_event) VALUES (1284, 719, 'Up', 2, 0, 0, 0, 0, 0, 30, 0, 0, 5, null, 0, 0, 0, 0);
INSERT INTO card_event_choices (choice_id, event_id, choice_label, chain_index, speed, stamina, strength, willpower, intelligence, hp, mood, skill_point, character_favor, event_condition, is_random_value, is_random_attribute, is_random_block_training, is_end_chained_event) VALUES (1285, 719, 'Down', 2, 0, 1, 0, 0, 0, 0, 0, 0, 5, null, 0, 0, 0, 1);
INSERT INTO card_events (event_id, event_name, uma_id, uma_name, category) VALUES (720, '(❯❯❯) 女子摔角選手．神鷹！！', 30007, 'el-condor-pasa', '連鎖事件');
INSERT INTO card_event_choices (choice_id, event_id, choice_label, chain_index, speed, stamina, strength, willpower, intelligence, hp, mood, skill_point, character_favor, event_condition, is_random_value, is_random_attribute, is_random_block_training, is_end_chained_event) VALUES (1286, 720, 'None', 3, 0, 0, 15, 0, 0, 0, 0, 0, 0, null, 0, 0, 0, 0);
INSERT INTO card_events (event_id, event_name, uma_id, uma_name, category) VALUES (721, '熊熊燃燒．Fire！', 30007, 'el-condor-pasa', '隨機事件');
INSERT INTO card_event_choices (choice_id, event_id, choice_label, chain_index, speed, stamina, strength, willpower, intelligence, hp, mood, skill_point, character_favor, event_condition, is_random_value, is_random_attribute, is_random_block_training, is_end_chained_event) VALUES (1287, 721, 'Up', 3, 0, 10, 0, 0, 0, 0, 0, 0, 5, null, 0, 0, 0, 0);
INSERT INTO card_event_choices (choice_id, event_id, choice_label, chain_index, speed, stamina, strength, willpower, intelligence, hp, mood, skill_point, character_favor, event_condition, is_random_value, is_random_attribute, is_random_block_training, is_end_chained_event) VALUES (1288, 721, 'Down', 3, 0, 0, 20, 0, 0, -10, 0, 0, 5, null, 0, 0, 0, 0);
INSERT INTO card_events (event_id, event_name, uma_id, uma_name, category) VALUES (722, 'Secret note！', 30007, 'el-condor-pasa', '隨機事件');
INSERT INTO card_event_choices (choice_id, event_id, choice_label, chain_index, speed, stamina, strength, willpower, intelligence, hp, mood, skill_point, character_favor, event_condition, is_random_value, is_random_attribute, is_random_block_training, is_end_chained_event) VALUES (1289, 722, 'Up', 3, 0, 0, 10, 0, 0, 0, 0, 0, 5, null, 0, 0, 0, 0);
INSERT INTO card_event_choices (choice_id, event_id, choice_label, chain_index, speed, stamina, strength, willpower, intelligence, hp, mood, skill_point, character_favor, event_condition, is_random_value, is_random_attribute, is_random_block_training, is_end_chained_event) VALUES (1290, 722, 'Down', 3, 0, 0, 0, 0, 0, 0, 0, 0, 5, null, 0, 0, 0, 0);
INSERT INTO card_table (count, uma_id, uma_name) VALUES (222, 30008, 'seiun-sky');
INSERT INTO card_events (event_id, event_name, uma_id, uma_name, category) VALUES (723, '(❯) 使用時務必要有戰略性☆', 30008, 'seiun-sky', '連鎖事件');
INSERT INTO card_event_choices (choice_id, event_id, choice_label, chain_index, speed, stamina, strength, willpower, intelligence, hp, mood, skill_point, character_favor, event_condition, is_random_value, is_random_attribute, is_random_block_training, is_end_chained_event) VALUES (1291, 723, 'Up', 1, 0, 0, 0, 0, 5, 10, 1, 0, 5, null, 0, 0, 0, 0);
INSERT INTO card_event_choices (choice_id, event_id, choice_label, chain_index, speed, stamina, strength, willpower, intelligence, hp, mood, skill_point, character_favor, event_condition, is_random_value, is_random_attribute, is_random_block_training, is_end_chained_event) VALUES (1292, 723, 'Down', 1, 0, 0, 0, 0, 0, 0, 0, 30, -5, null, 0, 0, 0, 1);
INSERT INTO card_events (event_id, event_name, uma_id, uma_name, category) VALUES (724, '(❯❯) 注意陷阱', 30008, 'seiun-sky', '連鎖事件');
INSERT INTO card_event_choices (choice_id, event_id, choice_label, chain_index, speed, stamina, strength, willpower, intelligence, hp, mood, skill_point, character_favor, event_condition, is_random_value, is_random_attribute, is_random_block_training, is_end_chained_event) VALUES (1293, 724, 'None', 2, 15, 15, 0, 0, 0, 0, 0, 0, 0, null, 0, 0, 0, 0);
INSERT INTO card_events (event_id, event_name, uma_id, uma_name, category) VALUES (725, '(❯❯❯) 一切都是為了獲勝', 30008, 'seiun-sky', '連鎖事件');
INSERT INTO card_event_choices (choice_id, event_id, choice_label, chain_index, speed, stamina, strength, willpower, intelligence, hp, mood, skill_point, character_favor, event_condition, is_random_value, is_random_attribute, is_random_block_training, is_end_chained_event) VALUES (1294, 725, 'None', 3, 5, 5, 0, 0, 5, 10, 1, 5, 0, null, 1, 0, 0, 0);
INSERT INTO card_event_choices (choice_id, event_id, choice_label, chain_index, speed, stamina, strength, willpower, intelligence, hp, mood, skill_point, character_favor, event_condition, is_random_value, is_random_attribute, is_random_block_training, is_end_chained_event) VALUES (1295, 725, 'None', 3, 10, 10, 0, 0, 10, 10, 1, 30, 0, null, 0, 0, 0, 0);
INSERT INTO card_events (event_id, event_name, uma_id, uma_name, category) VALUES (726, '隨便招募，捕捉小貓的方法', 30008, 'seiun-sky', '隨機事件');
INSERT INTO card_event_choices (choice_id, event_id, choice_label, chain_index, speed, stamina, strength, willpower, intelligence, hp, mood, skill_point, character_favor, event_condition, is_random_value, is_random_attribute, is_random_block_training, is_end_chained_event) VALUES (1296, 726, 'Up', 3, 0, 0, 0, 0, 5, 10, 0, 0, 5, null, 0, 0, 0, 0);
INSERT INTO card_event_choices (choice_id, event_id, choice_label, chain_index, speed, stamina, strength, willpower, intelligence, hp, mood, skill_point, character_favor, event_condition, is_random_value, is_random_attribute, is_random_block_training, is_end_chained_event) VALUES (1297, 726, 'Down', 3, 15, 5, 0, 0, 0, -10, 0, 0, 5, null, 0, 0, 0, 0);
INSERT INTO card_events (event_id, event_name, uma_id, uma_name, category) VALUES (727, '隨便招募，給建議的人', 30008, 'seiun-sky', '隨機事件');
INSERT INTO card_event_choices (choice_id, event_id, choice_label, chain_index, speed, stamina, strength, willpower, intelligence, hp, mood, skill_point, character_favor, event_condition, is_random_value, is_random_attribute, is_random_block_training, is_end_chained_event) VALUES (1298, 727, 'Up', 3, 0, 0, 0, 0, 15, 0, 0, 0, 5, null, 0, 0, 0, 0);
INSERT INTO card_event_choices (choice_id, event_id, choice_label, chain_index, speed, stamina, strength, willpower, intelligence, hp, mood, skill_point, character_favor, event_condition, is_random_value, is_random_attribute, is_random_block_training, is_end_chained_event) VALUES (1299, 727, 'Down', 3, 0, 0, 0, 0, 0, 0, 0, 0, 5, null, 0, 0, 0, 0);
INSERT INTO card_table (count, uma_id, uma_name) VALUES (223, 30009, 'tamamo-cross');
INSERT INTO card_events (event_id, event_name, uma_id, uma_name, category) VALUES (728, '(❯) 牛、豬、雞、咖哩！', 30009, 'tamamo-cross', '連鎖事件');
INSERT INTO card_event_choices (choice_id, event_id, choice_label, chain_index, speed, stamina, strength, willpower, intelligence, hp, mood, skill_point, character_favor, event_condition, is_random_value, is_random_attribute, is_random_block_training, is_end_chained_event) VALUES (1300, 728, 'None', 1, 0, 10, 5, 0, 0, 0, 1, 0, 5, null, 0, 0, 0, 0);
INSERT INTO card_events (event_id, event_name, uma_id, uma_name, category) VALUES (729, '(❯❯) 囊中羞澀的晚場電影', 30009, 'tamamo-cross', '連鎖事件');
INSERT INTO card_event_choices (choice_id, event_id, choice_label, chain_index, speed, stamina, strength, willpower, intelligence, hp, mood, skill_point, character_favor, event_condition, is_random_value, is_random_attribute, is_random_block_training, is_end_chained_event) VALUES (1301, 729, 'None', 2, 0, 15, 5, 5, 0, 0, 0, 0, 5, null, 0, 0, 0, 0);
INSERT INTO card_events (event_id, event_name, uma_id, uma_name, category) VALUES (730, '(❯❯❯) 貧窮是朋友！', 30009, 'tamamo-cross', '連鎖事件');
INSERT INTO card_event_choices (choice_id, event_id, choice_label, chain_index, speed, stamina, strength, willpower, intelligence, hp, mood, skill_point, character_favor, event_condition, is_random_value, is_random_attribute, is_random_block_training, is_end_chained_event) VALUES (1302, 730, 'None', 3, 0, 10, 10, 0, 0, 0, 0, 0, 5, null, 0, 0, 0, 0);
INSERT INTO card_events (event_id, event_name, uma_id, uma_name, category) VALUES (731, '玉藻前輩的學園介紹', 30009, 'tamamo-cross', '隨機事件');
INSERT INTO card_event_choices (choice_id, event_id, choice_label, chain_index, speed, stamina, strength, willpower, intelligence, hp, mood, skill_point, character_favor, event_condition, is_random_value, is_random_attribute, is_random_block_training, is_end_chained_event) VALUES (1303, 731, 'Up', 3, 0, 0, 0, 0, 10, 0, 0, 0, 5, null, 0, 0, 0, 0);
INSERT INTO card_event_choices (choice_id, event_id, choice_label, chain_index, speed, stamina, strength, willpower, intelligence, hp, mood, skill_point, character_favor, event_condition, is_random_value, is_random_attribute, is_random_block_training, is_end_chained_event) VALUES (1304, 731, 'Down', 3, 0, 5, 0, 5, 0, 0, 0, 0, 5, null, 0, 0, 0, 0);
INSERT INTO card_events (event_id, event_name, uma_id, uma_name, category) VALUES (732, '不能輸的戰鬥！', 30009, 'tamamo-cross', '隨機事件');
INSERT INTO card_event_choices (choice_id, event_id, choice_label, chain_index, speed, stamina, strength, willpower, intelligence, hp, mood, skill_point, character_favor, event_condition, is_random_value, is_random_attribute, is_random_block_training, is_end_chained_event) VALUES (1305, 732, 'Up', 3, 0, 0, 0, 0, 0, 0, 0, 0, 5, null, 0, 0, 0, 0);
INSERT INTO card_event_choices (choice_id, event_id, choice_label, chain_index, speed, stamina, strength, willpower, intelligence, hp, mood, skill_point, character_favor, event_condition, is_random_value, is_random_attribute, is_random_block_training, is_end_chained_event) VALUES (1306, 732, 'Down', 3, 0, 5, 0, 0, 5, 0, 0, 0, 5, null, 0, 0, 0, 0);
INSERT INTO card_table (count, uma_id, uma_name) VALUES (224, 30010, 'fine-motion');
INSERT INTO card_events (event_id, event_name, uma_id, uma_name, category) VALUES (733, '(❯) 很棒的♪練習好日子', 30010, 'fine-motion', '連鎖事件');
INSERT INTO card_event_choices (choice_id, event_id, choice_label, chain_index, speed, stamina, strength, willpower, intelligence, hp, mood, skill_point, character_favor, event_condition, is_random_value, is_random_attribute, is_random_block_training, is_end_chained_event) VALUES (1307, 733, 'Up', 1, 0, 0, 0, 0, 5, 0, 0, 20, 5, null, 0, 0, 0, 0);
INSERT INTO card_event_choices (choice_id, event_id, choice_label, chain_index, speed, stamina, strength, willpower, intelligence, hp, mood, skill_point, character_favor, event_condition, is_random_value, is_random_attribute, is_random_block_training, is_end_chained_event) VALUES (1308, 733, 'Middle', 1, 10, 5, 0, 0, 0, 0, 0, 0, 0, null, 0, 0, 0, 0);
INSERT INTO card_event_choices (choice_id, event_id, choice_label, chain_index, speed, stamina, strength, willpower, intelligence, hp, mood, skill_point, character_favor, event_condition, is_random_value, is_random_attribute, is_random_block_training, is_end_chained_event) VALUES (1309, 733, 'Down', 1, 0, 0, 0, 0, 0, 0, 0, 0, 5, '擅長練習○', 0, 0, 0, 0);
INSERT INTO card_events (event_id, event_name, uma_id, uma_name, category) VALUES (734, '(❯❯) 很棒的♪演唱會好日子', 30010, 'fine-motion', '連鎖事件');
INSERT INTO card_event_choices (choice_id, event_id, choice_label, chain_index, speed, stamina, strength, willpower, intelligence, hp, mood, skill_point, character_favor, event_condition, is_random_value, is_random_attribute, is_random_block_training, is_end_chained_event) VALUES (1310, 734, 'None', 2, 0, 0, 0, 0, 0, 10, 0, 10, 0, null, 0, 0, 0, 0);
INSERT INTO card_events (event_id, event_name, uma_id, uma_name, category) VALUES (735, '(❯❯❯) 很棒的♪競賽好日子', 30010, 'fine-motion', '連鎖事件');
INSERT INTO card_event_choices (choice_id, event_id, choice_label, chain_index, speed, stamina, strength, willpower, intelligence, hp, mood, skill_point, character_favor, event_condition, is_random_value, is_random_attribute, is_random_block_training, is_end_chained_event) VALUES (1311, 735, 'None', 3, 0, 0, 0, 5, 10, -10, 0, 15, 0, null, 0, 0, 0, 0);
INSERT INTO card_events (event_id, event_name, uma_id, uma_name, category) VALUES (736, '心跳加速運動鞋', 30010, 'fine-motion', '隨機事件');
INSERT INTO card_event_choices (choice_id, event_id, choice_label, chain_index, speed, stamina, strength, willpower, intelligence, hp, mood, skill_point, character_favor, event_condition, is_random_value, is_random_attribute, is_random_block_training, is_end_chained_event) VALUES (1312, 736, 'Up', 3, 5, 0, 0, 0, 0, 0, 0, 10, 5, null, 0, 0, 0, 0);
INSERT INTO card_event_choices (choice_id, event_id, choice_label, chain_index, speed, stamina, strength, willpower, intelligence, hp, mood, skill_point, character_favor, event_condition, is_random_value, is_random_attribute, is_random_block_training, is_end_chained_event) VALUES (1313, 736, 'Down', 3, 0, 5, 0, 0, 0, -10, 0, 20, 5, null, 0, 0, 0, 0);
INSERT INTO card_events (event_id, event_name, uma_id, uma_name, category) VALUES (737, '回憶的三葉草', 30010, 'fine-motion', '隨機事件');
INSERT INTO card_event_choices (choice_id, event_id, choice_label, chain_index, speed, stamina, strength, willpower, intelligence, hp, mood, skill_point, character_favor, event_condition, is_random_value, is_random_attribute, is_random_block_training, is_end_chained_event) VALUES (1314, 737, 'Up', 3, 0, 0, 0, 0, 0, 0, 0, 0, 5, null, 0, 0, 0, 0);
INSERT INTO card_event_choices (choice_id, event_id, choice_label, chain_index, speed, stamina, strength, willpower, intelligence, hp, mood, skill_point, character_favor, event_condition, is_random_value, is_random_attribute, is_random_block_training, is_end_chained_event) VALUES (1315, 737, 'Down', 3, 0, 0, 0, 15, 0, 0, 0, 0, 5, null, 0, 0, 0, 0);
INSERT INTO card_table (count, uma_id, uma_name) VALUES (225, 30011, 'ines-fujin');
INSERT INTO card_events (event_id, event_name, uma_id, uma_name, category) VALUES (738, '(❯) 大姐姐的爆發力', 30011, 'ines-fujin', '連鎖事件');
INSERT INTO card_event_choices (choice_id, event_id, choice_label, chain_index, speed, stamina, strength, willpower, intelligence, hp, mood, skill_point, character_favor, event_condition, is_random_value, is_random_attribute, is_random_block_training, is_end_chained_event) VALUES (1316, 738, 'None', 1, 5, 5, 0, 10, 0, -10, 0, 0, 0, null, 0, 0, 0, 0);
INSERT INTO card_events (event_id, event_name, uma_id, uma_name, category) VALUES (739, '(❯❯) 心情愉快地前進', 30011, 'ines-fujin', '連鎖事件');
INSERT INTO card_event_choices (choice_id, event_id, choice_label, chain_index, speed, stamina, strength, willpower, intelligence, hp, mood, skill_point, character_favor, event_condition, is_random_value, is_random_attribute, is_random_block_training, is_end_chained_event) VALUES (1317, 739, 'None', 2, 0, 0, 0, 10, 0, -10, 0, 30, 5, null, 0, 0, 0, 0);
INSERT INTO card_events (event_id, event_name, uma_id, uma_name, category) VALUES (740, '(❯❯❯) 邁向閃耀的瞬間！', 30011, 'ines-fujin', '連鎖事件');
INSERT INTO card_event_choices (choice_id, event_id, choice_label, chain_index, speed, stamina, strength, willpower, intelligence, hp, mood, skill_point, character_favor, event_condition, is_random_value, is_random_attribute, is_random_block_training, is_end_chained_event) VALUES (1318, 740, 'None', 3, 0, 0, 0, 10, 0, -10, 0, 0, 0, null, 1, 0, 0, 0);
INSERT INTO card_event_choices (choice_id, event_id, choice_label, chain_index, speed, stamina, strength, willpower, intelligence, hp, mood, skill_point, character_favor, event_condition, is_random_value, is_random_attribute, is_random_block_training, is_end_chained_event) VALUES (1319, 740, 'None', 3, 0, 0, 0, 20, 5, -10, 0, 0, 0, null, 0, 0, 0, 0);
INSERT INTO card_events (event_id, event_name, uma_id, uma_name, category) VALUES (741, '是鬼抓人喔！', 30011, 'ines-fujin', '隨機事件');
INSERT INTO card_event_choices (choice_id, event_id, choice_label, chain_index, speed, stamina, strength, willpower, intelligence, hp, mood, skill_point, character_favor, event_condition, is_random_value, is_random_attribute, is_random_block_training, is_end_chained_event) VALUES (1320, 741, 'Up', 3, 5, 0, 0, 0, 0, 10, 0, 0, 5, null, 0, 0, 0, 0);
INSERT INTO card_event_choices (choice_id, event_id, choice_label, chain_index, speed, stamina, strength, willpower, intelligence, hp, mood, skill_point, character_favor, event_condition, is_random_value, is_random_attribute, is_random_block_training, is_end_chained_event) VALUES (1321, 741, 'Down', 3, 0, 0, 0, 0, 0, 0, 0, 0, 5, null, 0, 0, 0, 0);
INSERT INTO card_events (event_id, event_name, uma_id, uma_name, category) VALUES (742, '還有十分鐘喔！', 30011, 'ines-fujin', '隨機事件');
INSERT INTO card_event_choices (choice_id, event_id, choice_label, chain_index, speed, stamina, strength, willpower, intelligence, hp, mood, skill_point, character_favor, event_condition, is_random_value, is_random_attribute, is_random_block_training, is_end_chained_event) VALUES (1322, 742, 'Up', 3, 0, 0, 0, 15, 0, 0, 0, 0, 5, null, 0, 0, 0, 0);
INSERT INTO card_event_choices (choice_id, event_id, choice_label, chain_index, speed, stamina, strength, willpower, intelligence, hp, mood, skill_point, character_favor, event_condition, is_random_value, is_random_attribute, is_random_block_training, is_end_chained_event) VALUES (1323, 742, 'Down', 3, 0, 0, 0, 0, 15, 0, 0, 0, 5, null, 0, 0, 0, 0);
INSERT INTO card_table (count, uma_id, uma_name) VALUES (226, 30012, 'winning-ticket');
INSERT INTO card_events (event_id, event_name, uma_id, uma_name, category) VALUES (743, '(❯) 玩家名「W＆T」', 30012, 'winning-ticket', '連鎖事件');
INSERT INTO card_event_choices (choice_id, event_id, choice_label, chain_index, speed, stamina, strength, willpower, intelligence, hp, mood, skill_point, character_favor, event_condition, is_random_value, is_random_attribute, is_random_block_training, is_end_chained_event) VALUES (1324, 743, 'None', 1, 0, 0, 0, 15, 0, 0, 0, 0, 5, null, 0, 0, 0, 0);
INSERT INTO card_events (event_id, event_name, uma_id, uma_name, category) VALUES (744, '(❯❯) 之後幾天，所有人肌肉痠痛！', 30012, 'winning-ticket', '連鎖事件');
INSERT INTO card_event_choices (choice_id, event_id, choice_label, chain_index, speed, stamina, strength, willpower, intelligence, hp, mood, skill_point, character_favor, event_condition, is_random_value, is_random_attribute, is_random_block_training, is_end_chained_event) VALUES (1325, 744, 'None', 2, 0, 5, 0, 15, 0, 0, 0, 0, 5, null, 0, 0, 0, 0);
INSERT INTO card_events (event_id, event_name, uma_id, uma_name, category) VALUES (745, '(❯❯❯) We are BNW！！', 30012, 'winning-ticket', '連鎖事件');
INSERT INTO card_event_choices (choice_id, event_id, choice_label, chain_index, speed, stamina, strength, willpower, intelligence, hp, mood, skill_point, character_favor, event_condition, is_random_value, is_random_attribute, is_random_block_training, is_end_chained_event) VALUES (1326, 745, 'None', 3, 0, 0, 0, 20, 0, 0, 0, 0, 5, null, 0, 0, 0, 0);
INSERT INTO card_events (event_id, event_name, uma_id, uma_name, category) VALUES (746, '全．力．肌．肉！！', 30012, 'winning-ticket', '隨機事件');
INSERT INTO card_event_choices (choice_id, event_id, choice_label, chain_index, speed, stamina, strength, willpower, intelligence, hp, mood, skill_point, character_favor, event_condition, is_random_value, is_random_attribute, is_random_block_training, is_end_chained_event) VALUES (1327, 746, 'Up', 3, 0, 5, 0, 0, 0, 0, 0, 15, 5, null, 0, 0, 0, 0);
INSERT INTO card_event_choices (choice_id, event_id, choice_label, chain_index, speed, stamina, strength, willpower, intelligence, hp, mood, skill_point, character_favor, event_condition, is_random_value, is_random_attribute, is_random_block_training, is_end_chained_event) VALUES (1328, 746, 'Down', 3, 0, 0, 0, 0, 0, 0, 1, 15, 5, null, 0, 0, 0, 0);
INSERT INTO card_events (event_id, event_name, uma_id, uma_name, category) VALUES (747, '全．力．競．速！！', 30012, 'winning-ticket', '隨機事件');
INSERT INTO card_event_choices (choice_id, event_id, choice_label, chain_index, speed, stamina, strength, willpower, intelligence, hp, mood, skill_point, character_favor, event_condition, is_random_value, is_random_attribute, is_random_block_training, is_end_chained_event) VALUES (1329, 747, 'Up', 3, 0, 0, 0, 0, 0, 0, 0, 0, 5, null, 0, 0, 0, 0);
INSERT INTO card_event_choices (choice_id, event_id, choice_label, chain_index, speed, stamina, strength, willpower, intelligence, hp, mood, skill_point, character_favor, event_condition, is_random_value, is_random_attribute, is_random_block_training, is_end_chained_event) VALUES (1330, 747, 'Down', 3, 0, 0, 0, 0, 0, 0, 0, 30, 5, null, 0, 0, 0, 0);
INSERT INTO card_table (count, uma_id, uma_name) VALUES (227, 30013, 'air-shakur');
INSERT INTO card_events (event_id, event_name, uma_id, uma_name, category) VALUES (748, '(❯) 不需要的噪音', 30013, 'air-shakur', '連鎖事件');
INSERT INTO card_event_choices (choice_id, event_id, choice_label, chain_index, speed, stamina, strength, willpower, intelligence, hp, mood, skill_point, character_favor, event_condition, is_random_value, is_random_attribute, is_random_block_training, is_end_chained_event) VALUES (1331, 748, 'None', 1, 0, 10, 0, 0, 10, 0, 0, 0, 0, null, 0, 0, 0, 0);
INSERT INTO card_events (event_id, event_name, uma_id, uma_name, category) VALUES (749, '(❯❯) 現實主義者的熱情', 30013, 'air-shakur', '連鎖事件');
INSERT INTO card_event_choices (choice_id, event_id, choice_label, chain_index, speed, stamina, strength, willpower, intelligence, hp, mood, skill_point, character_favor, event_condition, is_random_value, is_random_attribute, is_random_block_training, is_end_chained_event) VALUES (1332, 749, 'None', 2, 0, 10, 0, 0, 10, 0, 0, 30, 0, null, 0, 0, 0, 0);
INSERT INTO card_events (event_id, event_name, uma_id, uma_name, category) VALUES (750, '(❯❯❯) 我是最強的', 30013, 'air-shakur', '連鎖事件');
INSERT INTO card_event_choices (choice_id, event_id, choice_label, chain_index, speed, stamina, strength, willpower, intelligence, hp, mood, skill_point, character_favor, event_condition, is_random_value, is_random_attribute, is_random_block_training, is_end_chained_event) VALUES (1333, 750, 'None', 3, 0, 15, 0, 0, 15, 0, 0, 30, 0, null, 0, 0, 0, 0);
INSERT INTO card_events (event_id, event_name, uma_id, uma_name, category) VALUES (751, '//需要驗證', 30013, 'air-shakur', '隨機事件');
INSERT INTO card_event_choices (choice_id, event_id, choice_label, chain_index, speed, stamina, strength, willpower, intelligence, hp, mood, skill_point, character_favor, event_condition, is_random_value, is_random_attribute, is_random_block_training, is_end_chained_event) VALUES (1334, 751, 'Up', 3, 0, 0, 0, 5, 0, 10, 0, 0, 5, null, 0, 0, 0, 0);
INSERT INTO card_event_choices (choice_id, event_id, choice_label, chain_index, speed, stamina, strength, willpower, intelligence, hp, mood, skill_point, character_favor, event_condition, is_random_value, is_random_attribute, is_random_block_training, is_end_chained_event) VALUES (1335, 751, 'Down', 3, 0, 5, 0, 10, 0, -10, 0, 0, 5, null, 0, 0, 0, 0);
INSERT INTO card_events (event_id, event_name, uma_id, uma_name, category) VALUES (752, '//絕對要得到', 30013, 'air-shakur', '隨機事件');
INSERT INTO card_event_choices (choice_id, event_id, choice_label, chain_index, speed, stamina, strength, willpower, intelligence, hp, mood, skill_point, character_favor, event_condition, is_random_value, is_random_attribute, is_random_block_training, is_end_chained_event) VALUES (1336, 752, 'Up', 3, 0, 0, 0, 0, 0, 0, 0, 0, 5, null, 0, 0, 0, 0);
INSERT INTO card_event_choices (choice_id, event_id, choice_label, chain_index, speed, stamina, strength, willpower, intelligence, hp, mood, skill_point, character_favor, event_condition, is_random_value, is_random_attribute, is_random_block_training, is_end_chained_event) VALUES (1337, 752, 'Down', 3, 0, 0, 0, 5, 0, 4, 0, 0, 5, null, 0, 0, 0, 0);
INSERT INTO card_table (count, uma_id, uma_name) VALUES (228, 30014, 'gold-city');
INSERT INTO card_events (event_id, event_name, uma_id, uma_name, category) VALUES (753, '(❯) Pride', 30014, 'gold-city', '連鎖事件');
INSERT INTO card_event_choices (choice_id, event_id, choice_label, chain_index, speed, stamina, strength, willpower, intelligence, hp, mood, skill_point, character_favor, event_condition, is_random_value, is_random_attribute, is_random_block_training, is_end_chained_event) VALUES (1338, 753, 'None', 1, 0, 0, 0, 0, 0, 20, 1, 0, 5, null, 0, 0, 0, 0);
INSERT INTO card_events (event_id, event_name, uma_id, uma_name, category) VALUES (754, '(❯❯) Struggle', 30014, 'gold-city', '連鎖事件');
INSERT INTO card_event_choices (choice_id, event_id, choice_label, chain_index, speed, stamina, strength, willpower, intelligence, hp, mood, skill_point, character_favor, event_condition, is_random_value, is_random_attribute, is_random_block_training, is_end_chained_event) VALUES (1339, 754, 'None', 2, 10, 10, 0, 0, 0, 20, 0, 0, 5, null, 0, 0, 0, 0);
INSERT INTO card_events (event_id, event_name, uma_id, uma_name, category) VALUES (755, '(❯❯❯) One Step', 30014, 'gold-city', '連鎖事件');
INSERT INTO card_event_choices (choice_id, event_id, choice_label, chain_index, speed, stamina, strength, willpower, intelligence, hp, mood, skill_point, character_favor, event_condition, is_random_value, is_random_attribute, is_random_block_training, is_end_chained_event) VALUES (1340, 755, 'None', 3, 10, 10, 0, 0, 0, 10, 0, 0, 5, null, 0, 0, 0, 0);
INSERT INTO card_events (event_id, event_name, uma_id, uma_name, category) VALUES (756, '08：36／睡過頭，糟糕', 30014, 'gold-city', '隨機事件');
INSERT INTO card_event_choices (choice_id, event_id, choice_label, chain_index, speed, stamina, strength, willpower, intelligence, hp, mood, skill_point, character_favor, event_condition, is_random_value, is_random_attribute, is_random_block_training, is_end_chained_event) VALUES (1341, 756, 'Up', 3, 0, 0, 0, 0, 0, 0, -1, 45, 5, null, 0, 0, 0, 0);
INSERT INTO card_event_choices (choice_id, event_id, choice_label, chain_index, speed, stamina, strength, willpower, intelligence, hp, mood, skill_point, character_favor, event_condition, is_random_value, is_random_attribute, is_random_block_training, is_end_chained_event) VALUES (1342, 756, 'Down', 3, 0, 0, 0, 0, 5, 10, 0, 0, 5, null, 0, 0, 0, 0);
INSERT INTO card_events (event_id, event_name, uma_id, uma_name, category) VALUES (757, '13：12／午休，必須拿出幹勁', 30014, 'gold-city', '隨機事件');
INSERT INTO card_event_choices (choice_id, event_id, choice_label, chain_index, speed, stamina, strength, willpower, intelligence, hp, mood, skill_point, character_favor, event_condition, is_random_value, is_random_attribute, is_random_block_training, is_end_chained_event) VALUES (1343, 757, 'Up', 3, 0, 0, 0, 0, 0, 0, 0, 30, 5, null, 0, 0, 0, 0);
INSERT INTO card_event_choices (choice_id, event_id, choice_label, chain_index, speed, stamina, strength, willpower, intelligence, hp, mood, skill_point, character_favor, event_condition, is_random_value, is_random_attribute, is_random_block_training, is_end_chained_event) VALUES (1344, 757, 'Down', 3, 0, 0, 0, 0, 0, 0, 0, 0, 5, null, 0, 0, 0, 0);
INSERT INTO card_table (count, uma_id, uma_name) VALUES (229, 30015, 'sakura-bakushin-o');
INSERT INTO card_events (event_id, event_name, uma_id, uma_name, category) VALUES (758, '(❯) 驀進的料理！！', 30015, 'sakura-bakushin-o', '連鎖事件');
INSERT INTO card_event_choices (choice_id, event_id, choice_label, chain_index, speed, stamina, strength, willpower, intelligence, hp, mood, skill_point, character_favor, event_condition, is_random_value, is_random_attribute, is_random_block_training, is_end_chained_event) VALUES (1345, 758, 'None', 1, 10, 0, 0, 0, 0, 0, 0, 0, 0, null, 0, 0, 0, 0);
INSERT INTO card_events (event_id, event_name, uma_id, uma_name, category) VALUES (759, '(❯❯) 驀進的心意！！', 30015, 'sakura-bakushin-o', '連鎖事件');
INSERT INTO card_event_choices (choice_id, event_id, choice_label, chain_index, speed, stamina, strength, willpower, intelligence, hp, mood, skill_point, character_favor, event_condition, is_random_value, is_random_attribute, is_random_block_training, is_end_chained_event) VALUES (1346, 759, 'None', 2, 5, 0, 5, 0, 0, 0, 0, 0, 0, null, 0, 0, 0, 0);
INSERT INTO card_events (event_id, event_name, uma_id, uma_name, category) VALUES (760, '(❯❯❯) 驀進的大成功！！', 30015, 'sakura-bakushin-o', '連鎖事件');
INSERT INTO card_event_choices (choice_id, event_id, choice_label, chain_index, speed, stamina, strength, willpower, intelligence, hp, mood, skill_point, character_favor, event_condition, is_random_value, is_random_attribute, is_random_block_training, is_end_chained_event) VALUES (1347, 760, 'None', 3, 10, 0, 5, 0, 0, 0, 0, 0, 0, null, 0, 0, 0, 0);
INSERT INTO card_events (event_id, event_name, uma_id, uma_name, category) VALUES (761, '模範生的一舉兩得！！', 30015, 'sakura-bakushin-o', '隨機事件');
INSERT INTO card_event_choices (choice_id, event_id, choice_label, chain_index, speed, stamina, strength, willpower, intelligence, hp, mood, skill_point, character_favor, event_condition, is_random_value, is_random_attribute, is_random_block_training, is_end_chained_event) VALUES (1348, 761, 'Up', 3, 15, 0, 0, 0, 0, 0, 0, 0, 5, null, 0, 0, 0, 0);
INSERT INTO card_event_choices (choice_id, event_id, choice_label, chain_index, speed, stamina, strength, willpower, intelligence, hp, mood, skill_point, character_favor, event_condition, is_random_value, is_random_attribute, is_random_block_training, is_end_chained_event) VALUES (1349, 761, 'Down', 3, 5, 0, 10, 0, 0, 0, 0, 0, 5, null, 0, 0, 0, 0);
INSERT INTO card_events (event_id, event_name, uma_id, uma_name, category) VALUES (762, '讓人想立刻開跑！！', 30015, 'sakura-bakushin-o', '隨機事件');
INSERT INTO card_event_choices (choice_id, event_id, choice_label, chain_index, speed, stamina, strength, willpower, intelligence, hp, mood, skill_point, character_favor, event_condition, is_random_value, is_random_attribute, is_random_block_training, is_end_chained_event) VALUES (1350, 762, 'Up', 3, 0, 0, 0, 0, 0, 0, 0, 0, 5, null, 0, 0, 0, 0);
INSERT INTO card_event_choices (choice_id, event_id, choice_label, chain_index, speed, stamina, strength, willpower, intelligence, hp, mood, skill_point, character_favor, event_condition, is_random_value, is_random_attribute, is_random_block_training, is_end_chained_event) VALUES (1351, 762, 'Down', 3, 10, 0, 5, 0, 0, -10, 0, 0, 5, null, 0, 0, 0, 0);
INSERT INTO card_table (count, uma_id, uma_name) VALUES (230, 30016, 'super-creek');
INSERT INTO card_events (event_id, event_name, uma_id, uma_name, category) VALUES (763, '(❯) 剛煮好的滿滿一鍋', 30016, 'super-creek', '連鎖事件');
INSERT INTO card_event_choices (choice_id, event_id, choice_label, chain_index, speed, stamina, strength, willpower, intelligence, hp, mood, skill_point, character_favor, event_condition, is_random_value, is_random_attribute, is_random_block_training, is_end_chained_event) VALUES (1352, 763, 'None', 1, 0, 5, 0, 0, 0, 10, 0, 0, 0, null, 0, 0, 0, 0);
INSERT INTO card_events (event_id, event_name, uma_id, uma_name, category) VALUES (764, '(❯❯) 煮出濃稠溫潤好滋味', 30016, 'super-creek', '連鎖事件');
INSERT INTO card_event_choices (choice_id, event_id, choice_label, chain_index, speed, stamina, strength, willpower, intelligence, hp, mood, skill_point, character_favor, event_condition, is_random_value, is_random_attribute, is_random_block_training, is_end_chained_event) VALUES (1353, 764, 'None', 2, 0, 5, 5, 0, 0, 0, 0, 0, 0, null, 0, 0, 0, 0);
INSERT INTO card_events (event_id, event_name, uma_id, uma_name, category) VALUES (765, '(❯❯❯) 吃不夠歡迎再吃，乖孩子們！', 30016, 'super-creek', '連鎖事件');
INSERT INTO card_event_choices (choice_id, event_id, choice_label, chain_index, speed, stamina, strength, willpower, intelligence, hp, mood, skill_point, character_favor, event_condition, is_random_value, is_random_attribute, is_random_block_training, is_end_chained_event) VALUES (1354, 765, 'None', 3, 0, 10, 5, 0, 0, 0, 0, 0, 0, null, 0, 0, 0, 0);
INSERT INTO card_events (event_id, event_name, uma_id, uma_name, category) VALUES (766, '要幫忙請交給我♪', 30016, 'super-creek', '隨機事件');
INSERT INTO card_event_choices (choice_id, event_id, choice_label, chain_index, speed, stamina, strength, willpower, intelligence, hp, mood, skill_point, character_favor, event_condition, is_random_value, is_random_attribute, is_random_block_training, is_end_chained_event) VALUES (1355, 766, 'Up', 3, 0, 0, 0, 0, 0, 15, 0, 0, 5, null, 0, 0, 0, 0);
INSERT INTO card_event_choices (choice_id, event_id, choice_label, chain_index, speed, stamina, strength, willpower, intelligence, hp, mood, skill_point, character_favor, event_condition, is_random_value, is_random_attribute, is_random_block_training, is_end_chained_event) VALUES (1356, 766, 'Down', 3, 0, 10, 0, 0, 0, 0, 0, 0, 5, null, 0, 0, 0, 0);
INSERT INTO card_events (event_id, event_name, uma_id, uma_name, category) VALUES (767, '要體貼請交給我♪', 30016, 'super-creek', '隨機事件');
INSERT INTO card_event_choices (choice_id, event_id, choice_label, chain_index, speed, stamina, strength, willpower, intelligence, hp, mood, skill_point, character_favor, event_condition, is_random_value, is_random_attribute, is_random_block_training, is_end_chained_event) VALUES (1357, 767, 'Up', 3, 0, 0, 0, 0, 0, 0, 0, 0, 5, null, 0, 0, 0, 0);
INSERT INTO card_event_choices (choice_id, event_id, choice_label, chain_index, speed, stamina, strength, willpower, intelligence, hp, mood, skill_point, character_favor, event_condition, is_random_value, is_random_attribute, is_random_block_training, is_end_chained_event) VALUES (1358, 767, 'Down', 3, 0, 5, 0, 0, 0, 10, 0, 0, 5, null, 0, 0, 0, 0);
INSERT INTO card_table (count, uma_id, uma_name) VALUES (231, 30017, 'smart-falcon');
INSERT INTO card_events (event_id, event_name, uma_id, uma_name, category) VALUES (768, '(❯) 心中常有舞台☆', 30017, 'smart-falcon', '連鎖事件');
INSERT INTO card_event_choices (choice_id, event_id, choice_label, chain_index, speed, stamina, strength, willpower, intelligence, hp, mood, skill_point, character_favor, event_condition, is_random_value, is_random_attribute, is_random_block_training, is_end_chained_event) VALUES (1359, 768, 'Up', 1, 0, 0, 0, 0, 10, 0, 0, 0, 5, null, 0, 0, 0, 0);
INSERT INTO card_event_choices (choice_id, event_id, choice_label, chain_index, speed, stamina, strength, willpower, intelligence, hp, mood, skill_point, character_favor, event_condition, is_random_value, is_random_attribute, is_random_block_training, is_end_chained_event) VALUES (1360, 768, 'Down', 1, 0, 0, 0, 0, 0, 25, 0, 0, 5, null, 0, 0, 0, 1);
INSERT INTO card_events (event_id, event_name, uma_id, uma_name, category) VALUES (769, '(❯❯) 隨時隨地都要發光喔☆', 30017, 'smart-falcon', '連鎖事件');
INSERT INTO card_event_choices (choice_id, event_id, choice_label, chain_index, speed, stamina, strength, willpower, intelligence, hp, mood, skill_point, character_favor, event_condition, is_random_value, is_random_attribute, is_random_block_training, is_end_chained_event) VALUES (1361, 769, 'None', 2, 10, 0, 10, 0, 0, 0, 0, 0, 0, null, 0, 0, 0, 0);
INSERT INTO card_events (event_id, event_name, uma_id, uma_name, category) VALUES (770, '(❯❯❯) 這就是我的賽馬娘偶像之道☆', 30017, 'smart-falcon', '連鎖事件');
INSERT INTO card_event_choices (choice_id, event_id, choice_label, chain_index, speed, stamina, strength, willpower, intelligence, hp, mood, skill_point, character_favor, event_condition, is_random_value, is_random_attribute, is_random_block_training, is_end_chained_event) VALUES (1362, 770, 'None', 3, 0, 5, 5, 0, 5, 4, 0, 0, 0, null, 1, 0, 0, 0);
INSERT INTO card_event_choices (choice_id, event_id, choice_label, chain_index, speed, stamina, strength, willpower, intelligence, hp, mood, skill_point, character_favor, event_condition, is_random_value, is_random_attribute, is_random_block_training, is_end_chained_event) VALUES (1363, 770, 'None', 3, 0, 15, 15, 0, 15, 4, 0, 0, 0, null, 0, 0, 0, 0);
INSERT INTO card_events (event_id, event_name, uma_id, uma_name, category) VALUES (771, '演唱會的靈魂在於粉絲互動☆', 30017, 'smart-falcon', '隨機事件');
INSERT INTO card_event_choices (choice_id, event_id, choice_label, chain_index, speed, stamina, strength, willpower, intelligence, hp, mood, skill_point, character_favor, event_condition, is_random_value, is_random_attribute, is_random_block_training, is_end_chained_event) VALUES (1364, 771, 'Up', 3, 0, 5, 0, 10, 0, 0, 0, 0, 5, null, 0, 0, 0, 0);
INSERT INTO card_event_choices (choice_id, event_id, choice_label, chain_index, speed, stamina, strength, willpower, intelligence, hp, mood, skill_point, character_favor, event_condition, is_random_value, is_random_attribute, is_random_block_training, is_end_chained_event) VALUES (1365, 771, 'Down', 3, 0, 0, 0, 0, 15, 0, 0, 0, 5, null, 0, 0, 0, 0);
INSERT INTO card_events (event_id, event_name, uma_id, uma_name, category) VALUES (772, '可愛的話一定要來看喔☆', 30017, 'smart-falcon', '隨機事件');
INSERT INTO card_event_choices (choice_id, event_id, choice_label, chain_index, speed, stamina, strength, willpower, intelligence, hp, mood, skill_point, character_favor, event_condition, is_random_value, is_random_attribute, is_random_block_training, is_end_chained_event) VALUES (1366, 772, 'Up', 3, 0, 0, 10, 0, 0, -10, 0, 0, 5, null, 0, 0, 0, 0);
INSERT INTO card_event_choices (choice_id, event_id, choice_label, chain_index, speed, stamina, strength, willpower, intelligence, hp, mood, skill_point, character_favor, event_condition, is_random_value, is_random_attribute, is_random_block_training, is_end_chained_event) VALUES (1367, 772, 'Down', 3, 0, 0, 0, 0, 5, 10, 0, 0, 5, null, 0, 0, 0, 0);
INSERT INTO card_table (count, uma_id, uma_name) VALUES (232, 30018, 'nishino-flower');
INSERT INTO card_events (event_id, event_name, uma_id, uma_name, category) VALUES (773, '(❯) 我能做的事', 30018, 'nishino-flower', '連鎖事件');
INSERT INTO card_event_choices (choice_id, event_id, choice_label, chain_index, speed, stamina, strength, willpower, intelligence, hp, mood, skill_point, character_favor, event_condition, is_random_value, is_random_attribute, is_random_block_training, is_end_chained_event) VALUES (1368, 773, 'None', 1, 0, 0, 0, 0, 0, 4, 0, 10, 5, null, 0, 0, 0, 0);
INSERT INTO card_events (event_id, event_name, uma_id, uma_name, category) VALUES (774, '(❯❯) 我嚮往的……', 30018, 'nishino-flower', '連鎖事件');
INSERT INTO card_event_choices (choice_id, event_id, choice_label, chain_index, speed, stamina, strength, willpower, intelligence, hp, mood, skill_point, character_favor, event_condition, is_random_value, is_random_attribute, is_random_block_training, is_end_chained_event) VALUES (1369, 774, 'Up', 2, 0, 0, 0, 0, 30, -10, 0, 0, 5, null, 0, 0, 0, 0);
INSERT INTO card_event_choices (choice_id, event_id, choice_label, chain_index, speed, stamina, strength, willpower, intelligence, hp, mood, skill_point, character_favor, event_condition, is_random_value, is_random_attribute, is_random_block_training, is_end_chained_event) VALUES (1370, 774, 'Down', 2, 0, 0, 0, 0, 5, 0, 0, 15, 5, null, 0, 0, 0, 0);
INSERT INTO card_events (event_id, event_name, uma_id, uma_name, category) VALUES (775, '(❯❯❯) 重要的是！', 30018, 'nishino-flower', '連鎖事件');
INSERT INTO card_event_choices (choice_id, event_id, choice_label, chain_index, speed, stamina, strength, willpower, intelligence, hp, mood, skill_point, character_favor, event_condition, is_random_value, is_random_attribute, is_random_block_training, is_end_chained_event) VALUES (1371, 775, 'None', 3, 5, 0, 0, 0, 10, 0, 0, 0, 0, null, 0, 0, 0, 0);
INSERT INTO card_events (event_id, event_name, uma_id, uma_name, category) VALUES (776, '溫暖的愛心便當', 30018, 'nishino-flower', '隨機事件');
INSERT INTO card_event_choices (choice_id, event_id, choice_label, chain_index, speed, stamina, strength, willpower, intelligence, hp, mood, skill_point, character_favor, event_condition, is_random_value, is_random_attribute, is_random_block_training, is_end_chained_event) VALUES (1372, 776, 'Up', 3, 0, 0, 0, 0, 0, 0, 0, 0, 5, '討人喜歡○', 0, 0, 0, 0);
INSERT INTO card_event_choices (choice_id, event_id, choice_label, chain_index, speed, stamina, strength, willpower, intelligence, hp, mood, skill_point, character_favor, event_condition, is_random_value, is_random_attribute, is_random_block_training, is_end_chained_event) VALUES (1373, 776, 'Down', 3, 0, 0, 0, 0, 0, 20, 0, 0, 5, null, 0, 0, 0, 0);
INSERT INTO card_events (event_id, event_name, uma_id, uma_name, category) VALUES (777, '要開美美的花喔♪', 30018, 'nishino-flower', '隨機事件');
INSERT INTO card_event_choices (choice_id, event_id, choice_label, chain_index, speed, stamina, strength, willpower, intelligence, hp, mood, skill_point, character_favor, event_condition, is_random_value, is_random_attribute, is_random_block_training, is_end_chained_event) VALUES (1374, 777, 'Up', 3, 0, 0, 0, 0, 15, 0, 0, 0, 5, null, 0, 0, 0, 0);
INSERT INTO card_event_choices (choice_id, event_id, choice_label, chain_index, speed, stamina, strength, willpower, intelligence, hp, mood, skill_point, character_favor, event_condition, is_random_value, is_random_attribute, is_random_block_training, is_end_chained_event) VALUES (1375, 777, 'Down', 3, 10, 0, 5, 0, 0, 0, 0, 0, 5, null, 0, 0, 0, 0);
INSERT INTO card_table (count, uma_id, uma_name) VALUES (233, 30019, 'haru-urara');
INSERT INTO card_events (event_id, event_name, uma_id, uma_name, category) VALUES (778, '(❯) 跟米米一起努力！', 30019, 'haru-urara', '連鎖事件');
INSERT INTO card_event_choices (choice_id, event_id, choice_label, chain_index, speed, stamina, strength, willpower, intelligence, hp, mood, skill_point, character_favor, event_condition, is_random_value, is_random_attribute, is_random_block_training, is_end_chained_event) VALUES (1376, 778, 'None', 1, 0, 0, 0, 0, 0, 10, 0, 0, 0, null, 0, 0, 0, 0);
INSERT INTO card_events (event_id, event_name, uma_id, uma_name, category) VALUES (779, '(❯❯) 跟帝帝一起努力！', 30019, 'haru-urara', '連鎖事件');
INSERT INTO card_event_choices (choice_id, event_id, choice_label, chain_index, speed, stamina, strength, willpower, intelligence, hp, mood, skill_point, character_favor, event_condition, is_random_value, is_random_attribute, is_random_block_training, is_end_chained_event) VALUES (1377, 779, 'None', 2, 0, 0, 0, 0, 0, 10, 1, 0, 5, null, 0, 0, 0, 0);
INSERT INTO card_events (event_id, event_name, uma_id, uma_name, category) VALUES (780, '(❯❯❯) 跟大家的聲援一起努力！', 30019, 'haru-urara', '連鎖事件');
INSERT INTO card_event_choices (choice_id, event_id, choice_label, chain_index, speed, stamina, strength, willpower, intelligence, hp, mood, skill_point, character_favor, event_condition, is_random_value, is_random_attribute, is_random_block_training, is_end_chained_event) VALUES (1378, 780, 'None', 3, 0, 0, 0, 0, 0, 15, 0, 0, 5, null, 0, 0, 0, 0);
INSERT INTO card_events (event_id, event_name, uma_id, uma_name, category) VALUES (781, '烏菈菈☆準備考試', 30019, 'haru-urara', '隨機事件');
INSERT INTO card_event_choices (choice_id, event_id, choice_label, chain_index, speed, stamina, strength, willpower, intelligence, hp, mood, skill_point, character_favor, event_condition, is_random_value, is_random_attribute, is_random_block_training, is_end_chained_event) VALUES (1379, 781, 'Up', 3, 0, 0, 0, 0, 5, 10, 0, 0, 5, null, 0, 0, 0, 0);
INSERT INTO card_event_choices (choice_id, event_id, choice_label, chain_index, speed, stamina, strength, willpower, intelligence, hp, mood, skill_point, character_favor, event_condition, is_random_value, is_random_attribute, is_random_block_training, is_end_chained_event) VALUES (1380, 781, 'Down', 3, 0, 0, 0, 0, 5, 0, 1, 0, 5, null, 0, 0, 0, 0);
INSERT INTO card_events (event_id, event_name, uma_id, uma_name, category) VALUES (782, '烏菈菈☆伏兵衝刺！', 30019, 'haru-urara', '隨機事件');
INSERT INTO card_event_choices (choice_id, event_id, choice_label, chain_index, speed, stamina, strength, willpower, intelligence, hp, mood, skill_point, character_favor, event_condition, is_random_value, is_random_attribute, is_random_block_training, is_end_chained_event) VALUES (1381, 782, 'Up', 3, 0, 0, 0, 0, 0, 0, 0, 0, 5, null, 0, 0, 0, 0);
INSERT INTO card_event_choices (choice_id, event_id, choice_label, chain_index, speed, stamina, strength, willpower, intelligence, hp, mood, skill_point, character_favor, event_condition, is_random_value, is_random_attribute, is_random_block_training, is_end_chained_event) VALUES (1382, 782, 'Down', 3, 0, 0, 0, 0, 0, 10, 1, 0, 5, null, 0, 0, 0, 0);
INSERT INTO card_table (count, uma_id, uma_name) VALUES (234, 30020, 'biko-pegasus');
INSERT INTO card_events (event_id, event_name, uma_id, uma_name, category) VALUES (783, '(❯) 灼熱的誓言！我要成為英雄！', 30020, 'biko-pegasus', '連鎖事件');
INSERT INTO card_event_choices (choice_id, event_id, choice_label, chain_index, speed, stamina, strength, willpower, intelligence, hp, mood, skill_point, character_favor, event_condition, is_random_value, is_random_attribute, is_random_block_training, is_end_chained_event) VALUES (1383, 783, 'None', 1, 5, 0, 0, 5, 0, 0, 0, 0, 0, null, 0, 0, 0, 0);
INSERT INTO card_events (event_id, event_name, uma_id, uma_name, category) VALUES (784, '(❯❯) 猛烈特訓！胡蘿蔔超人現身！？', 30020, 'biko-pegasus', '連鎖事件');
INSERT INTO card_event_choices (choice_id, event_id, choice_label, chain_index, speed, stamina, strength, willpower, intelligence, hp, mood, skill_point, character_favor, event_condition, is_random_value, is_random_attribute, is_random_block_training, is_end_chained_event) VALUES (1384, 784, 'None', 2, 5, 0, 0, 5, 0, 0, 0, 0, 0, null, 0, 0, 0, 0);
INSERT INTO card_events (event_id, event_name, uma_id, uma_name, category) VALUES (785, '(❯❯❯) 決戰！親手奪下榮光的勝利！', 30020, 'biko-pegasus', '連鎖事件');
INSERT INTO card_event_choices (choice_id, event_id, choice_label, chain_index, speed, stamina, strength, willpower, intelligence, hp, mood, skill_point, character_favor, event_condition, is_random_value, is_random_attribute, is_random_block_training, is_end_chained_event) VALUES (1385, 785, 'None', 3, 5, 0, 5, 5, 0, 0, 0, 0, 0, null, 0, 0, 0, 0);
INSERT INTO card_events (event_id, event_name, uma_id, uma_name, category) VALUES (786, '英雄的苦惱', 30020, 'biko-pegasus', '隨機事件');
INSERT INTO card_event_choices (choice_id, event_id, choice_label, chain_index, speed, stamina, strength, willpower, intelligence, hp, mood, skill_point, character_favor, event_condition, is_random_value, is_random_attribute, is_random_block_training, is_end_chained_event) VALUES (1386, 786, 'Up', 3, 0, 0, 0, 0, 0, 15, 0, 0, 5, null, 0, 0, 0, 0);
INSERT INTO card_event_choices (choice_id, event_id, choice_label, chain_index, speed, stamina, strength, willpower, intelligence, hp, mood, skill_point, character_favor, event_condition, is_random_value, is_random_attribute, is_random_block_training, is_end_chained_event) VALUES (1387, 786, 'Down', 3, 0, 0, 5, 0, 0, 5, 0, 0, 5, null, 0, 0, 0, 0);
INSERT INTO card_events (event_id, event_name, uma_id, uma_name, category) VALUES (787, '取得必殺技吧！', 30020, 'biko-pegasus', '隨機事件');
INSERT INTO card_event_choices (choice_id, event_id, choice_label, chain_index, speed, stamina, strength, willpower, intelligence, hp, mood, skill_point, character_favor, event_condition, is_random_value, is_random_attribute, is_random_block_training, is_end_chained_event) VALUES (1388, 787, 'Up', 3, 0, 0, 0, 0, 0, 0, 0, 0, 5, null, 0, 0, 0, 0);
INSERT INTO card_event_choices (choice_id, event_id, choice_label, chain_index, speed, stamina, strength, willpower, intelligence, hp, mood, skill_point, character_favor, event_condition, is_random_value, is_random_attribute, is_random_block_training, is_end_chained_event) VALUES (1389, 787, 'Down', 3, 0, 0, 0, 0, 0, 30, 0, 0, 5, null, 0, 0, 0, 0);
INSERT INTO card_table (count, uma_id, uma_name) VALUES (235, 30021, 'tazuna-hayakawa');
INSERT INTO card_events (event_id, event_name, uma_id, uma_name, category) VALUES (788, '(❯) 有時牛奶、有時蘋果', 30021, 'tazuna-hayakawa', '外出');
INSERT INTO card_event_choices (choice_id, event_id, choice_label, chain_index, speed, stamina, strength, willpower, intelligence, hp, mood, skill_point, character_favor, event_condition, is_random_value, is_random_attribute, is_random_block_training, is_end_chained_event) VALUES (1390, 788, 'None', 1, 5, 0, 0, 0, 0, 25, 1, 0, 5, null, 0, 0, 0, 0);
INSERT INTO card_events (event_id, event_name, uma_id, uma_name, category) VALUES (789, '(❯❯) 驚異的領頭腳質？', 30021, 'tazuna-hayakawa', '外出');
INSERT INTO card_event_choices (choice_id, event_id, choice_label, chain_index, speed, stamina, strength, willpower, intelligence, hp, mood, skill_point, character_favor, event_condition, is_random_value, is_random_attribute, is_random_block_training, is_end_chained_event) VALUES (1391, 789, 'None', 2, 0, 0, 0, 0, 0, 25, 0, 0, 5, '治癒一個負', 0, 0, 0, 0);
INSERT INTO card_events (event_id, event_name, uma_id, uma_name, category) VALUES (790, '(❯❯❯) 電影的回憶', 30021, 'tazuna-hayakawa', '外出');
INSERT INTO card_event_choices (choice_id, event_id, choice_label, chain_index, speed, stamina, strength, willpower, intelligence, hp, mood, skill_point, character_favor, event_condition, is_random_value, is_random_attribute, is_random_block_training, is_end_chained_event) VALUES (1392, 790, 'Up', 3, 0, 5, 0, 0, 0, 25, 1, 0, 5, null, 0, 0, 0, 0);
INSERT INTO card_event_choices (choice_id, event_id, choice_label, chain_index, speed, stamina, strength, willpower, intelligence, hp, mood, skill_point, character_favor, event_condition, is_random_value, is_random_attribute, is_random_block_training, is_end_chained_event) VALUES (1393, 790, 'Down', 3, 0, 10, 0, 10, 0, 0, 1, 0, 5, null, 0, 0, 0, 0);
INSERT INTO card_events (event_id, event_name, uma_id, uma_name, category) VALUES (791, '(❯❯❯❯) 嘆息與OK繃', 30021, 'tazuna-hayakawa', '外出');
INSERT INTO card_event_choices (choice_id, event_id, choice_label, chain_index, speed, stamina, strength, willpower, intelligence, hp, mood, skill_point, character_favor, event_condition, is_random_value, is_random_attribute, is_random_block_training, is_end_chained_event) VALUES (1394, 791, 'None', 4, 0, 0, 0, 0, 5, 35, 1, 0, 5, '治癒一個負', 0, 0, 0, 0);
INSERT INTO card_events (event_id, event_name, uma_id, uma_name, category) VALUES (792, '(❯❯❯❯❯) 稍作休息的驚喜', 30021, 'tazuna-hayakawa', '外出');
INSERT INTO card_event_choices (choice_id, event_id, choice_label, chain_index, speed, stamina, strength, willpower, intelligence, hp, mood, skill_point, character_favor, event_condition, is_random_value, is_random_attribute, is_random_block_training, is_end_chained_event) VALUES (1395, 792, 'None', 5, 0, 0, 0, 0, 0, 35, 2, 30, 5, null, 0, 0, 0, 0);
INSERT INTO card_events (event_id, event_name, uma_id, uma_name, category) VALUES (793, '自己所選的生活方式', 30021, 'tazuna-hayakawa', '隨機事件');
INSERT INTO card_event_choices (choice_id, event_id, choice_label, chain_index, speed, stamina, strength, willpower, intelligence, hp, mood, skill_point, character_favor, event_condition, is_random_value, is_random_attribute, is_random_block_training, is_end_chained_event) VALUES (1396, 793, 'Up', 5, 0, 0, 0, 0, 0, 10, 1, 0, 5, null, 0, 0, 0, 0);
INSERT INTO card_event_choices (choice_id, event_id, choice_label, chain_index, speed, stamina, strength, willpower, intelligence, hp, mood, skill_point, character_favor, event_condition, is_random_value, is_random_attribute, is_random_block_training, is_end_chained_event) VALUES (1397, 793, 'Down', 5, 0, 0, 0, 0, 5, 0, 1, 0, 5, null, 0, 0, 0, 0);
INSERT INTO card_events (event_id, event_name, uma_id, uma_name, category) VALUES (794, '熱情的兩人', 30021, 'tazuna-hayakawa', '隨機事件');
INSERT INTO card_event_choices (choice_id, event_id, choice_label, chain_index, speed, stamina, strength, willpower, intelligence, hp, mood, skill_point, character_favor, event_condition, is_random_value, is_random_attribute, is_random_block_training, is_end_chained_event) VALUES (1398, 794, 'Up', 5, 0, 0, 0, 0, 5, 10, 1, 0, 5, null, 0, 0, 0, 0);
INSERT INTO card_event_choices (choice_id, event_id, choice_label, chain_index, speed, stamina, strength, willpower, intelligence, hp, mood, skill_point, character_favor, event_condition, is_random_value, is_random_attribute, is_random_block_training, is_end_chained_event) VALUES (1399, 794, 'Down', 5, 0, 0, 0, 0, 0, 0, -1, 0, -5, null, 0, 0, 0, 1);
INSERT INTO card_events (event_id, event_name, uma_id, uma_name, category) VALUES (795, '理事長祕書．手綱小姐', 30021, 'tazuna-hayakawa', '特殊事件');
INSERT INTO card_event_choices (choice_id, event_id, choice_label, chain_index, speed, stamina, strength, willpower, intelligence, hp, mood, skill_point, character_favor, event_condition, is_random_value, is_random_attribute, is_random_block_training, is_end_chained_event) VALUES (1400, 795, 'None', 5, 0, 0, 0, 0, 0, 0, 1, 15, 5, null, 0, 0, 0, 0);
INSERT INTO card_events (event_id, event_name, uma_id, uma_name, category) VALUES (796, '辛苦了♪', 30021, 'tazuna-hayakawa', '特殊事件');
INSERT INTO card_event_choices (choice_id, event_id, choice_label, chain_index, speed, stamina, strength, willpower, intelligence, hp, mood, skill_point, character_favor, event_condition, is_random_value, is_random_attribute, is_random_block_training, is_end_chained_event) VALUES (1401, 796, 'None', 5, 3, 0, 0, 0, 0, 0, 1, 0, 5, null, 0, 1, 0, 0);
INSERT INTO card_events (event_id, event_name, uma_id, uma_name, category) VALUES (797, '讓我稍微待在身邊', 30021, 'tazuna-hayakawa', '特殊事件');
INSERT INTO card_event_choices (choice_id, event_id, choice_label, chain_index, speed, stamina, strength, willpower, intelligence, hp, mood, skill_point, character_favor, event_condition, is_random_value, is_random_attribute, is_random_block_training, is_end_chained_event) VALUES (1402, 797, 'None', 5, 6, 6, 6, 6, 6, 0, 0, 30, 0, null, 0, 0, 0, 0);
INSERT INTO card_events (event_id, event_name, uma_id, uma_name, category) VALUES (798, '請給我「跟平常一樣的」！', 30021, 'tazuna-hayakawa', '特殊事件');
INSERT INTO card_event_choices (choice_id, event_id, choice_label, chain_index, speed, stamina, strength, willpower, intelligence, hp, mood, skill_point, character_favor, event_condition, is_random_value, is_random_attribute, is_random_block_training, is_end_chained_event) VALUES (1403, 798, 'None', 5, 5, 5, 5, 5, 5, 0, 0, 20, 0, null, 0, 0, 0, 0);
INSERT INTO card_events (event_id, event_name, uma_id, uma_name, category) VALUES (799, '和手綱之間的情誼，寄託憧憬', 30021, 'tazuna-hayakawa', '特殊事件');
INSERT INTO card_event_choices (choice_id, event_id, choice_label, chain_index, speed, stamina, strength, willpower, intelligence, hp, mood, skill_point, character_favor, event_condition, is_random_value, is_random_attribute, is_random_block_training, is_end_chained_event) VALUES (1404, 799, 'None', 5, 15, 0, 0, 0, 0, 10, 1, 0, 5, null, 0, 0, 0, 0);
INSERT INTO card_table (count, uma_id, uma_name) VALUES (236, 30022, 'mejiro-mcqueen');
INSERT INTO card_events (event_id, event_name, uma_id, uma_name, category) VALUES (800, '(❯) 「期待」就是力量', 30022, 'mejiro-mcqueen', '連鎖事件');
INSERT INTO card_event_choices (choice_id, event_id, choice_label, chain_index, speed, stamina, strength, willpower, intelligence, hp, mood, skill_point, character_favor, event_condition, is_random_value, is_random_attribute, is_random_block_training, is_end_chained_event) VALUES (1405, 800, 'None', 1, 0, 10, 0, 0, 0, 0, 0, 0, 0, null, 0, 0, 0, 0);
INSERT INTO card_events (event_id, event_name, uma_id, uma_name, category) VALUES (801, '(❯❯) 「期待」就是好感', 30022, 'mejiro-mcqueen', '連鎖事件');
INSERT INTO card_event_choices (choice_id, event_id, choice_label, chain_index, speed, stamina, strength, willpower, intelligence, hp, mood, skill_point, character_favor, event_condition, is_random_value, is_random_attribute, is_random_block_training, is_end_chained_event) VALUES (1406, 801, 'None', 2, 0, 10, 0, 0, 0, 0, 1, 0, 0, null, 0, 0, 0, 0);
INSERT INTO card_events (event_id, event_name, uma_id, uma_name, category) VALUES (802, '(❯❯❯) 回應「期待」', 30022, 'mejiro-mcqueen', '連鎖事件');
INSERT INTO card_event_choices (choice_id, event_id, choice_label, chain_index, speed, stamina, strength, willpower, intelligence, hp, mood, skill_point, character_favor, event_condition, is_random_value, is_random_attribute, is_random_block_training, is_end_chained_event) VALUES (1407, 802, 'None', 3, 0, 10, 0, 0, 0, -10, 0, 0, 0, null, 1, 0, 0, 0);
INSERT INTO card_event_choices (choice_id, event_id, choice_label, chain_index, speed, stamina, strength, willpower, intelligence, hp, mood, skill_point, character_favor, event_condition, is_random_value, is_random_attribute, is_random_block_training, is_end_chained_event) VALUES (1408, 802, 'None', 3, 0, 0, 0, 0, 0, -10, 0, 0, 0, null, 0, 0, 0, 0);
INSERT INTO card_events (event_id, event_name, uma_id, uma_name, category) VALUES (803, '為了維持體重', 30022, 'mejiro-mcqueen', '隨機事件');
INSERT INTO card_event_choices (choice_id, event_id, choice_label, chain_index, speed, stamina, strength, willpower, intelligence, hp, mood, skill_point, character_favor, event_condition, is_random_value, is_random_attribute, is_random_block_training, is_end_chained_event) VALUES (1409, 803, 'Up', 3, 0, 15, 0, 0, 0, -10, 0, 0, 5, null, 0, 0, 0, 0);
INSERT INTO card_event_choices (choice_id, event_id, choice_label, chain_index, speed, stamina, strength, willpower, intelligence, hp, mood, skill_point, character_favor, event_condition, is_random_value, is_random_attribute, is_random_block_training, is_end_chained_event) VALUES (1410, 803, 'Down', 3, 0, 5, 0, 0, 0, 4, 0, 0, 5, null, 0, 0, 0, 0);
INSERT INTO card_events (event_id, event_name, uma_id, uma_name, category) VALUES (804, '為了達到巔峰', 30022, 'mejiro-mcqueen', '隨機事件');
INSERT INTO card_event_choices (choice_id, event_id, choice_label, chain_index, speed, stamina, strength, willpower, intelligence, hp, mood, skill_point, character_favor, event_condition, is_random_value, is_random_attribute, is_random_block_training, is_end_chained_event) VALUES (1411, 804, 'Up', 3, 0, 5, 0, 5, 0, 0, 0, 0, 5, null, 0, 0, 0, 0);
INSERT INTO card_event_choices (choice_id, event_id, choice_label, chain_index, speed, stamina, strength, willpower, intelligence, hp, mood, skill_point, character_favor, event_condition, is_random_value, is_random_attribute, is_random_block_training, is_end_chained_event) VALUES (1412, 804, 'Down', 3, 0, 0, 0, 0, 0, 0, 0, 0, 5, null, 0, 0, 0, 0);
INSERT INTO card_table (count, uma_id, uma_name) VALUES (237, 30023, 'rice-shower');
INSERT INTO card_events (event_id, event_name, uma_id, uma_name, category) VALUES (805, '(❯) 強風之日的一頁', 30023, 'rice-shower', '連鎖事件');
INSERT INTO card_event_choices (choice_id, event_id, choice_label, chain_index, speed, stamina, strength, willpower, intelligence, hp, mood, skill_point, character_favor, event_condition, is_random_value, is_random_attribute, is_random_block_training, is_end_chained_event) VALUES (1413, 805, 'None', 1, 0, 0, 0, 10, 0, 0, 0, 0, 5, null, 0, 0, 0, 0);
INSERT INTO card_events (event_id, event_name, uma_id, uma_name, category) VALUES (806, '(❯❯) 與朋友一起努力的一頁', 30023, 'rice-shower', '連鎖事件');
INSERT INTO card_event_choices (choice_id, event_id, choice_label, chain_index, speed, stamina, strength, willpower, intelligence, hp, mood, skill_point, character_favor, event_condition, is_random_value, is_random_attribute, is_random_block_training, is_end_chained_event) VALUES (1414, 806, 'None', 2, 0, 10, 0, 0, 0, 0, 0, 0, 5, null, 0, 0, 0, 0);
INSERT INTO card_events (event_id, event_name, uma_id, uma_name, category) VALUES (807, '(❯❯❯) 兩人一起努力的一頁', 30023, 'rice-shower', '連鎖事件');
INSERT INTO card_event_choices (choice_id, event_id, choice_label, chain_index, speed, stamina, strength, willpower, intelligence, hp, mood, skill_point, character_favor, event_condition, is_random_value, is_random_attribute, is_random_block_training, is_end_chained_event) VALUES (1415, 807, 'None', 3, 0, 0, 0, 0, 0, -9, 0, 0, 5, null, 1, 0, 0, 0);
INSERT INTO card_event_choices (choice_id, event_id, choice_label, chain_index, speed, stamina, strength, willpower, intelligence, hp, mood, skill_point, character_favor, event_condition, is_random_value, is_random_attribute, is_random_block_training, is_end_chained_event) VALUES (1416, 807, 'None', 3, 0, 0, 0, 0, 0, -10, 0, 0, 5, null, 0, 0, 0, 0);
INSERT INTO card_event_choices (choice_id, event_id, choice_label, chain_index, speed, stamina, strength, willpower, intelligence, hp, mood, skill_point, character_favor, event_condition, is_random_value, is_random_attribute, is_random_block_training, is_end_chained_event) VALUES (1417, 807, 'None', 3, 0, 5, 0, 5, 0, -10, 0, 0, 5, null, 0, 0, 0, 0);
INSERT INTO card_events (event_id, event_name, uma_id, uma_name, category) VALUES (808, '在花店的一頁', 30023, 'rice-shower', '隨機事件');
INSERT INTO card_event_choices (choice_id, event_id, choice_label, chain_index, speed, stamina, strength, willpower, intelligence, hp, mood, skill_point, character_favor, event_condition, is_random_value, is_random_attribute, is_random_block_training, is_end_chained_event) VALUES (1418, 808, 'Up', 3, 0, 0, 0, 0, 0, 0, 2, 0, 5, null, 0, 0, 0, 0);
INSERT INTO card_event_choices (choice_id, event_id, choice_label, chain_index, speed, stamina, strength, willpower, intelligence, hp, mood, skill_point, character_favor, event_condition, is_random_value, is_random_attribute, is_random_block_training, is_end_chained_event) VALUES (1419, 808, 'Down', 3, 0, 10, 0, 0, 0, 0, 0, 0, 5, null, 0, 0, 0, 0);
INSERT INTO card_events (event_id, event_name, uma_id, uma_name, category) VALUES (809, '陰天的一頁', 30023, 'rice-shower', '隨機事件');
INSERT INTO card_event_choices (choice_id, event_id, choice_label, chain_index, speed, stamina, strength, willpower, intelligence, hp, mood, skill_point, character_favor, event_condition, is_random_value, is_random_attribute, is_random_block_training, is_end_chained_event) VALUES (1420, 809, 'Up', 3, 5, 0, 0, 5, 0, 0, 0, 0, 5, null, 0, 0, 0, 0);
INSERT INTO card_event_choices (choice_id, event_id, choice_label, chain_index, speed, stamina, strength, willpower, intelligence, hp, mood, skill_point, character_favor, event_condition, is_random_value, is_random_attribute, is_random_block_training, is_end_chained_event) VALUES (1421, 809, 'Down', 3, 0, 0, 0, 0, 0, 0, 0, 0, 5, null, 0, 0, 0, 0);
INSERT INTO card_table (count, uma_id, uma_name) VALUES (238, 30024, 'oguri-cap');
INSERT INTO card_events (event_id, event_name, uma_id, uma_name, category) VALUES (810, '(❯) 玩偶嗎……', 30024, 'oguri-cap', '連鎖事件');
INSERT INTO card_event_choices (choice_id, event_id, choice_label, chain_index, speed, stamina, strength, willpower, intelligence, hp, mood, skill_point, character_favor, event_condition, is_random_value, is_random_attribute, is_random_block_training, is_end_chained_event) VALUES (1422, 810, 'None', 1, 0, 0, 5, 0, 0, 4, 0, 0, 0, null, 0, 0, 0, 0);
INSERT INTO card_events (event_id, event_name, uma_id, uma_name, category) VALUES (811, '(❯❯) 真正該回應的是……', 30024, 'oguri-cap', '連鎖事件');
INSERT INTO card_event_choices (choice_id, event_id, choice_label, chain_index, speed, stamina, strength, willpower, intelligence, hp, mood, skill_point, character_favor, event_condition, is_random_value, is_random_attribute, is_random_block_training, is_end_chained_event) VALUES (1423, 811, 'Up', 2, 0, 1, 5, 0, 0, 0, 0, 10, 5, null, 0, 0, 0, 0);
INSERT INTO card_event_choices (choice_id, event_id, choice_label, chain_index, speed, stamina, strength, willpower, intelligence, hp, mood, skill_point, character_favor, event_condition, is_random_value, is_random_attribute, is_random_block_training, is_end_chained_event) VALUES (1424, 811, 'Down', 2, 0, 5, 0, 0, 0, 0, 0, 10, 5, null, 0, 0, 0, 0);
INSERT INTO card_events (event_id, event_name, uma_id, uma_name, category) VALUES (812, '(❯❯❯) 我想說的是……', 30024, 'oguri-cap', '連鎖事件');
INSERT INTO card_event_choices (choice_id, event_id, choice_label, chain_index, speed, stamina, strength, willpower, intelligence, hp, mood, skill_point, character_favor, event_condition, is_random_value, is_random_attribute, is_random_block_training, is_end_chained_event) VALUES (1425, 812, 'Up', 3, 0, 0, 10, 5, 0, 0, 0, 10, 5, null, 1, 0, 0, 0);
INSERT INTO card_event_choices (choice_id, event_id, choice_label, chain_index, speed, stamina, strength, willpower, intelligence, hp, mood, skill_point, character_favor, event_condition, is_random_value, is_random_attribute, is_random_block_training, is_end_chained_event) VALUES (1426, 812, 'Up', 3, 0, 0, 15, 10, 0, 0, 0, 15, 5, null, 0, 0, 0, 0);
INSERT INTO card_event_choices (choice_id, event_id, choice_label, chain_index, speed, stamina, strength, willpower, intelligence, hp, mood, skill_point, character_favor, event_condition, is_random_value, is_random_attribute, is_random_block_training, is_end_chained_event) VALUES (1427, 812, 'Down', 3, 0, 0, 0, 0, 0, 30, 0, 0, 0, null, 0, 0, 0, 0);
INSERT INTO card_events (event_id, event_name, uma_id, uma_name, category) VALUES (813, '該如何回答才好……', 30024, 'oguri-cap', '隨機事件');
INSERT INTO card_event_choices (choice_id, event_id, choice_label, chain_index, speed, stamina, strength, willpower, intelligence, hp, mood, skill_point, character_favor, event_condition, is_random_value, is_random_attribute, is_random_block_training, is_end_chained_event) VALUES (1428, 813, 'Up', 3, 0, 0, 5, 0, 0, 5, 0, 0, 5, null, 0, 0, 0, 0);
INSERT INTO card_event_choices (choice_id, event_id, choice_label, chain_index, speed, stamina, strength, willpower, intelligence, hp, mood, skill_point, character_favor, event_condition, is_random_value, is_random_attribute, is_random_block_training, is_end_chained_event) VALUES (1429, 813, 'Down', 3, 0, 0, 0, 15, 0, -10, 0, 0, 5, null, 0, 0, 0, 0);
INSERT INTO card_events (event_id, event_name, uma_id, uma_name, category) VALUES (814, '人潮很麻煩呢……', 30024, 'oguri-cap', '隨機事件');
INSERT INTO card_event_choices (choice_id, event_id, choice_label, chain_index, speed, stamina, strength, willpower, intelligence, hp, mood, skill_point, character_favor, event_condition, is_random_value, is_random_attribute, is_random_block_training, is_end_chained_event) VALUES (1430, 814, 'Up', 3, 0, 0, 5, 0, 0, 0, 0, 15, 5, null, 0, 0, 0, 0);
INSERT INTO card_event_choices (choice_id, event_id, choice_label, chain_index, speed, stamina, strength, willpower, intelligence, hp, mood, skill_point, character_favor, event_condition, is_random_value, is_random_attribute, is_random_block_training, is_end_chained_event) VALUES (1431, 814, 'Down', 3, 0, 0, 0, 0, 0, 0, 0, 0, 5, null, 0, 0, 0, 0);
INSERT INTO card_table (count, uma_id, uma_name) VALUES (239, 30025, 'special-week');
INSERT INTO card_events (event_id, event_name, uma_id, uma_name, category) VALUES (815, '(❯) 總有一天要成為受人憧憬的賽馬娘！', 30025, 'special-week', '連鎖事件');
INSERT INTO card_event_choices (choice_id, event_id, choice_label, chain_index, speed, stamina, strength, willpower, intelligence, hp, mood, skill_point, character_favor, event_condition, is_random_value, is_random_attribute, is_random_block_training, is_end_chained_event) VALUES (1432, 815, 'None', 1, 5, 0, 0, 0, 0, 10, 0, 0, 0, null, 0, 0, 0, 0);
INSERT INTO card_events (event_id, event_name, uma_id, uma_name, category) VALUES (816, '(❯❯) 就算稍微接近也好', 30025, 'special-week', '連鎖事件');
INSERT INTO card_event_choices (choice_id, event_id, choice_label, chain_index, speed, stamina, strength, willpower, intelligence, hp, mood, skill_point, character_favor, event_condition, is_random_value, is_random_attribute, is_random_block_training, is_end_chained_event) VALUES (1433, 816, 'Up', 2, 15, 0, 0, 0, 0, -10, 0, 0, 5, null, 0, 0, 0, 0);
INSERT INTO card_event_choices (choice_id, event_id, choice_label, chain_index, speed, stamina, strength, willpower, intelligence, hp, mood, skill_point, character_favor, event_condition, is_random_value, is_random_attribute, is_random_block_training, is_end_chained_event) VALUES (1434, 816, 'Middle', 2, 0, 0, 0, 0, 0, -10, 0, 20, 5, null, 0, 0, 0, 0);
INSERT INTO card_event_choices (choice_id, event_id, choice_label, chain_index, speed, stamina, strength, willpower, intelligence, hp, mood, skill_point, character_favor, event_condition, is_random_value, is_random_attribute, is_random_block_training, is_end_chained_event) VALUES (1435, 816, 'Down', 2, 0, 0, 0, 0, 0, -10, 0, 0, 5, null, 0, 0, 0, 0);
INSERT INTO card_events (event_id, event_name, uma_id, uma_name, category) VALUES (817, '(❯❯❯) 崇拜的形式', 30025, 'special-week', '連鎖事件');
INSERT INTO card_event_choices (choice_id, event_id, choice_label, chain_index, speed, stamina, strength, willpower, intelligence, hp, mood, skill_point, character_favor, event_condition, is_random_value, is_random_attribute, is_random_block_training, is_end_chained_event) VALUES (1436, 817, 'None', 3, 5, 0, 0, 0, 0, 10, 0, 0, 0, null, 1, 0, 0, 0);
INSERT INTO card_event_choices (choice_id, event_id, choice_label, chain_index, speed, stamina, strength, willpower, intelligence, hp, mood, skill_point, character_favor, event_condition, is_random_value, is_random_attribute, is_random_block_training, is_end_chained_event) VALUES (1437, 817, 'None', 3, 10, 0, 0, 0, 0, 10, 0, 10, 0, null, 0, 0, 0, 0);
INSERT INTO card_events (event_id, event_name, uma_id, uma_name, category) VALUES (818, '我會多注意轉角處！', 30025, 'special-week', '隨機事件');
INSERT INTO card_event_choices (choice_id, event_id, choice_label, chain_index, speed, stamina, strength, willpower, intelligence, hp, mood, skill_point, character_favor, event_condition, is_random_value, is_random_attribute, is_random_block_training, is_end_chained_event) VALUES (1438, 818, 'Up', 3, 0, 0, 0, 0, 0, 1, 0, 0, 5, null, 0, 0, 0, 0);
INSERT INTO card_event_choices (choice_id, event_id, choice_label, chain_index, speed, stamina, strength, willpower, intelligence, hp, mood, skill_point, character_favor, event_condition, is_random_value, is_random_attribute, is_random_block_training, is_end_chained_event) VALUES (1439, 818, 'Down', 3, 0, 0, 0, 15, 0, 0, 0, 0, 5, null, 0, 0, 0, 0);
INSERT INTO card_events (event_id, event_name, uma_id, uma_name, category) VALUES (819, '這個也好那個也不錯，真煩惱！', 30025, 'special-week', '隨機事件');
INSERT INTO card_event_choices (choice_id, event_id, choice_label, chain_index, speed, stamina, strength, willpower, intelligence, hp, mood, skill_point, character_favor, event_condition, is_random_value, is_random_attribute, is_random_block_training, is_end_chained_event) VALUES (1440, 819, 'Up', 3, 0, 0, 0, 0, 0, 10, 1, 0, 5, null, 0, 0, 0, 0);
INSERT INTO card_event_choices (choice_id, event_id, choice_label, chain_index, speed, stamina, strength, willpower, intelligence, hp, mood, skill_point, character_favor, event_condition, is_random_value, is_random_attribute, is_random_block_training, is_end_chained_event) VALUES (1441, 819, 'Down', 3, 0, 15, 0, 0, 0, -10, 0, 15, 5, null, 0, 0, 0, 0);
INSERT INTO card_table (count, uma_id, uma_name) VALUES (240, 30026, 'twin-turbo');
INSERT INTO card_events (event_id, event_name, uma_id, uma_name, category) VALUES (820, '(❯) 才不怕呢！', 30026, 'twin-turbo', '連鎖事件');
INSERT INTO card_event_choices (choice_id, event_id, choice_label, chain_index, speed, stamina, strength, willpower, intelligence, hp, mood, skill_point, character_favor, event_condition, is_random_value, is_random_attribute, is_random_block_training, is_end_chained_event) VALUES (1442, 820, 'Up', 1, 10, 0, 0, 0, 0, 0, 0, 0, 5, null, 1, 0, 0, 0);
INSERT INTO card_event_choices (choice_id, event_id, choice_label, chain_index, speed, stamina, strength, willpower, intelligence, hp, mood, skill_point, character_favor, event_condition, is_random_value, is_random_attribute, is_random_block_training, is_end_chained_event) VALUES (1443, 820, 'Up', 1, 10, 0, 0, 0, 0, -10, 0, 0, 0, null, 0, 0, 0, 1);
INSERT INTO card_event_choices (choice_id, event_id, choice_label, chain_index, speed, stamina, strength, willpower, intelligence, hp, mood, skill_point, character_favor, event_condition, is_random_value, is_random_attribute, is_random_block_training, is_end_chained_event) VALUES (1444, 820, 'Down', 1, 0, 0, 0, 0, 0, 20, 0, 0, 0, null, 0, 0, 0, 1);
INSERT INTO card_events (event_id, event_name, uma_id, uma_name, category) VALUES (821, '(❯❯) 才不會被抓呢！', 30026, 'twin-turbo', '連鎖事件');
INSERT INTO card_event_choices (choice_id, event_id, choice_label, chain_index, speed, stamina, strength, willpower, intelligence, hp, mood, skill_point, character_favor, event_condition, is_random_value, is_random_attribute, is_random_block_training, is_end_chained_event) VALUES (1445, 821, 'Up', 2, 15, 0, 0, 0, 0, 0, 0, 0, 5, null, 1, 0, 0, 0);
INSERT INTO card_event_choices (choice_id, event_id, choice_label, chain_index, speed, stamina, strength, willpower, intelligence, hp, mood, skill_point, character_favor, event_condition, is_random_value, is_random_attribute, is_random_block_training, is_end_chained_event) VALUES (1446, 821, 'Up', 2, 10, 0, 0, 0, 0, -10, 0, 0, 0, null, 0, 0, 0, 1);
INSERT INTO card_event_choices (choice_id, event_id, choice_label, chain_index, speed, stamina, strength, willpower, intelligence, hp, mood, skill_point, character_favor, event_condition, is_random_value, is_random_attribute, is_random_block_training, is_end_chained_event) VALUES (1447, 821, 'Down', 2, 0, 0, 0, 0, 0, 25, 0, 0, 0, null, 0, 0, 0, 1);
INSERT INTO card_events (event_id, event_name, uma_id, uma_name, category) VALUES (822, '(❯❯❯) 因為渦輪很強嘛！', 30026, 'twin-turbo', '連鎖事件');
INSERT INTO card_event_choices (choice_id, event_id, choice_label, chain_index, speed, stamina, strength, willpower, intelligence, hp, mood, skill_point, character_favor, event_condition, is_random_value, is_random_attribute, is_random_block_training, is_end_chained_event) VALUES (1448, 822, 'Up', 3, 5, 0, 0, 0, 0, -10, 0, 0, 0, null, 1, 0, 0, 0);
INSERT INTO card_event_choices (choice_id, event_id, choice_label, chain_index, speed, stamina, strength, willpower, intelligence, hp, mood, skill_point, character_favor, event_condition, is_random_value, is_random_attribute, is_random_block_training, is_end_chained_event) VALUES (1449, 822, 'Up', 3, 25, 0, 0, 0, 0, -10, 0, 0, 5, null, 0, 0, 0, 0);
INSERT INTO card_event_choices (choice_id, event_id, choice_label, chain_index, speed, stamina, strength, willpower, intelligence, hp, mood, skill_point, character_favor, event_condition, is_random_value, is_random_attribute, is_random_block_training, is_end_chained_event) VALUES (1450, 822, 'Down', 3, 0, 0, 0, 0, 0, 15, 0, 0, 0, null, 0, 0, 0, 0);
INSERT INTO card_events (event_id, event_name, uma_id, uma_name, category) VALUES (823, '想到就立刻去做！', 30026, 'twin-turbo', '隨機事件');
INSERT INTO card_event_choices (choice_id, event_id, choice_label, chain_index, speed, stamina, strength, willpower, intelligence, hp, mood, skill_point, character_favor, event_condition, is_random_value, is_random_attribute, is_random_block_training, is_end_chained_event) VALUES (1451, 823, 'Up', 3, 20, 0, 0, 0, 0, 0, -1, 0, 0, null, 0, 0, 0, 0);
INSERT INTO card_event_choices (choice_id, event_id, choice_label, chain_index, speed, stamina, strength, willpower, intelligence, hp, mood, skill_point, character_favor, event_condition, is_random_value, is_random_attribute, is_random_block_training, is_end_chained_event) VALUES (1452, 823, 'Down', 3, 0, 0, 20, 0, 0, -10, 0, 0, 5, null, 0, 0, 0, 0);
INSERT INTO card_events (event_id, event_name, uma_id, uma_name, category) VALUES (824, '熱血沸騰起來了！！', 30026, 'twin-turbo', '隨機事件');
INSERT INTO card_event_choices (choice_id, event_id, choice_label, chain_index, speed, stamina, strength, willpower, intelligence, hp, mood, skill_point, character_favor, event_condition, is_random_value, is_random_attribute, is_random_block_training, is_end_chained_event) VALUES (1453, 824, 'Up', 3, 0, 0, 0, 0, 0, 15, 0, 0, 5, null, 0, 0, 0, 0);
INSERT INTO card_event_choices (choice_id, event_id, choice_label, chain_index, speed, stamina, strength, willpower, intelligence, hp, mood, skill_point, character_favor, event_condition, is_random_value, is_random_attribute, is_random_block_training, is_end_chained_event) VALUES (1454, 824, 'Down', 3, 0, 0, 0, 0, 0, 0, 0, 0, 5, null, 0, 0, 0, 0);
INSERT INTO card_table (count, uma_id, uma_name) VALUES (241, 30027, 'mejiro-palmer');
INSERT INTO card_events (event_id, event_name, uma_id, uma_name, category) VALUES (825, '(❯) 奔逃的不死三振', 30027, 'mejiro-palmer', '連鎖事件');
INSERT INTO card_event_choices (choice_id, event_id, choice_label, chain_index, speed, stamina, strength, willpower, intelligence, hp, mood, skill_point, character_favor, event_condition, is_random_value, is_random_attribute, is_random_block_training, is_end_chained_event) VALUES (1455, 825, 'Up', 1, 0, 15, 0, 10, 0, -5, 0, 0, 5, null, 0, 0, 0, 0);
INSERT INTO card_event_choices (choice_id, event_id, choice_label, chain_index, speed, stamina, strength, willpower, intelligence, hp, mood, skill_point, character_favor, event_condition, is_random_value, is_random_attribute, is_random_block_training, is_end_chained_event) VALUES (1456, 825, 'Down', 1, 0, 0, 0, 10, 15, -5, 0, 0, 5, null, 0, 0, 0, 0);
INSERT INTO card_events (event_id, event_name, uma_id, uma_name, category) VALUES (826, '(❯❯) 為愛上演出奔劇', 30027, 'mejiro-palmer', '連鎖事件');
INSERT INTO card_event_choices (choice_id, event_id, choice_label, chain_index, speed, stamina, strength, willpower, intelligence, hp, mood, skill_point, character_favor, event_condition, is_random_value, is_random_attribute, is_random_block_training, is_end_chained_event) VALUES (1457, 826, 'Up', 2, 0, 0, 0, 5, 5, 10, 0, 0, 5, null, 0, 0, 0, 0);
INSERT INTO card_event_choices (choice_id, event_id, choice_label, chain_index, speed, stamina, strength, willpower, intelligence, hp, mood, skill_point, character_favor, event_condition, is_random_value, is_random_attribute, is_random_block_training, is_end_chained_event) VALUES (1458, 826, 'Down', 2, 0, 0, 0, 0, 0, 10, 0, 0, 5, null, 0, 0, 0, 0);
INSERT INTO card_events (event_id, event_name, uma_id, uma_name, category) VALUES (827, '(❯❯❯) 積極領頭永不放棄！', 30027, 'mejiro-palmer', '連鎖事件');
INSERT INTO card_event_choices (choice_id, event_id, choice_label, chain_index, speed, stamina, strength, willpower, intelligence, hp, mood, skill_point, character_favor, event_condition, is_random_value, is_random_attribute, is_random_block_training, is_end_chained_event) VALUES (1459, 827, 'Up', 3, 0, 5, 0, 5, 0, -10, 0, 0, 5, null, 1, 0, 0, 0);
INSERT INTO card_event_choices (choice_id, event_id, choice_label, chain_index, speed, stamina, strength, willpower, intelligence, hp, mood, skill_point, character_favor, event_condition, is_random_value, is_random_attribute, is_random_block_training, is_end_chained_event) VALUES (1460, 827, 'Up', 3, 0, 20, 0, 20, 0, -10, 0, 0, 5, null, 0, 0, 0, 0);
INSERT INTO card_event_choices (choice_id, event_id, choice_label, chain_index, speed, stamina, strength, willpower, intelligence, hp, mood, skill_point, character_favor, event_condition, is_random_value, is_random_attribute, is_random_block_training, is_end_chained_event) VALUES (1461, 827, 'Down', 3, 0, 0, 0, 0, 0, 10, 0, 0, 0, null, 0, 0, 0, 0);
INSERT INTO card_events (event_id, event_name, uma_id, uma_name, category) VALUES (828, '逃不掉的選擇？', 30027, 'mejiro-palmer', '隨機事件');
INSERT INTO card_event_choices (choice_id, event_id, choice_label, chain_index, speed, stamina, strength, willpower, intelligence, hp, mood, skill_point, character_favor, event_condition, is_random_value, is_random_attribute, is_random_block_training, is_end_chained_event) VALUES (1462, 828, 'Up', 3, 0, 0, 0, 20, 0, -15, 0, 0, 5, null, 0, 0, 0, 0);
INSERT INTO card_event_choices (choice_id, event_id, choice_label, chain_index, speed, stamina, strength, willpower, intelligence, hp, mood, skill_point, character_favor, event_condition, is_random_value, is_random_attribute, is_random_block_training, is_end_chained_event) VALUES (1463, 828, 'Down', 3, 0, 0, 5, 0, 0, 0, 0, 15, 5, null, 0, 0, 0, 0);
INSERT INTO card_events (event_id, event_name, uma_id, uma_name, category) VALUES (829, '積極的逃避', 30027, 'mejiro-palmer', '隨機事件');
INSERT INTO card_event_choices (choice_id, event_id, choice_label, chain_index, speed, stamina, strength, willpower, intelligence, hp, mood, skill_point, character_favor, event_condition, is_random_value, is_random_attribute, is_random_block_training, is_end_chained_event) VALUES (1464, 829, 'Up', 3, 0, 0, 0, 15, 0, 0, 0, 0, 5, null, 0, 0, 0, 0);
INSERT INTO card_event_choices (choice_id, event_id, choice_label, chain_index, speed, stamina, strength, willpower, intelligence, hp, mood, skill_point, character_favor, event_condition, is_random_value, is_random_attribute, is_random_block_training, is_end_chained_event) VALUES (1465, 829, 'Down', 3, 0, 0, 0, 0, 0, 0, 0, 0, 5, null, 0, 0, 0, 0);
INSERT INTO card_table (count, uma_id, uma_name) VALUES (242, 30028, 'kitasan-black');
INSERT INTO card_events (event_id, event_name, uma_id, uma_name, category) VALUES (830, '(❯) 追逐閃耀的身影', 30028, 'kitasan-black', '連鎖事件');
INSERT INTO card_event_choices (choice_id, event_id, choice_label, chain_index, speed, stamina, strength, willpower, intelligence, hp, mood, skill_point, character_favor, event_condition, is_random_value, is_random_attribute, is_random_block_training, is_end_chained_event) VALUES (1466, 830, 'None', 1, 2, 0, 2, 0, 2, 0, 1, 0, 5, null, 0, 0, 0, 0);
INSERT INTO card_events (event_id, event_name, uma_id, uma_name, category) VALUES (831, '(❯❯) 好心終會有好報', 30028, 'kitasan-black', '連鎖事件');
INSERT INTO card_event_choices (choice_id, event_id, choice_label, chain_index, speed, stamina, strength, willpower, intelligence, hp, mood, skill_point, character_favor, event_condition, is_random_value, is_random_attribute, is_random_block_training, is_end_chained_event) VALUES (1467, 831, 'Up', 2, 0, 0, 0, 0, 0, 10, 1, 0, 5, null, 0, 0, 0, 0);
INSERT INTO card_event_choices (choice_id, event_id, choice_label, chain_index, speed, stamina, strength, willpower, intelligence, hp, mood, skill_point, character_favor, event_condition, is_random_value, is_random_attribute, is_random_block_training, is_end_chained_event) VALUES (1468, 831, 'Down', 2, 10, 0, 0, 0, 0, 0, 0, 0, 5, null, 0, 0, 0, 0);
INSERT INTO card_events (event_id, event_name, uma_id, uma_name, category) VALUES (832, '(❯❯❯) 兩人共渡的光榮之道', 30028, 'kitasan-black', '連鎖事件');
INSERT INTO card_event_choices (choice_id, event_id, choice_label, chain_index, speed, stamina, strength, willpower, intelligence, hp, mood, skill_point, character_favor, event_condition, is_random_value, is_random_attribute, is_random_block_training, is_end_chained_event) VALUES (1469, 832, 'None', 3, 5, 0, 5, 0, 0, 0, 0, 0, 5, null, 1, 0, 0, 0);
INSERT INTO card_event_choices (choice_id, event_id, choice_label, chain_index, speed, stamina, strength, willpower, intelligence, hp, mood, skill_point, character_favor, event_condition, is_random_value, is_random_attribute, is_random_block_training, is_end_chained_event) VALUES (1470, 832, 'None', 3, 10, 0, 10, 0, 0, 0, 0, 0, 5, null, 0, 0, 0, 0);
INSERT INTO card_events (event_id, event_name, uma_id, uma_name, category) VALUES (833, '啊啊，友情', 30028, 'kitasan-black', '隨機事件');
INSERT INTO card_event_choices (choice_id, event_id, choice_label, chain_index, speed, stamina, strength, willpower, intelligence, hp, mood, skill_point, character_favor, event_condition, is_random_value, is_random_attribute, is_random_block_training, is_end_chained_event) VALUES (1471, 833, 'Up', 3, 0, 0, 5, 0, 0, 0, 1, 0, 5, null, 0, 0, 0, 0);
INSERT INTO card_event_choices (choice_id, event_id, choice_label, chain_index, speed, stamina, strength, willpower, intelligence, hp, mood, skill_point, character_favor, event_condition, is_random_value, is_random_attribute, is_random_block_training, is_end_chained_event) VALUES (1472, 833, 'Down', 3, 0, 0, 0, 0, 0, 10, 0, 0, 5, null, 0, 0, 0, 0);
INSERT INTO card_events (event_id, event_name, uma_id, uma_name, category) VALUES (834, '啊啊，故鄉', 30028, 'kitasan-black', '隨機事件');
INSERT INTO card_event_choices (choice_id, event_id, choice_label, chain_index, speed, stamina, strength, willpower, intelligence, hp, mood, skill_point, character_favor, event_condition, is_random_value, is_random_attribute, is_random_block_training, is_end_chained_event) VALUES (1473, 834, 'Up', 3, 5, 0, 10, 0, 0, 0, 0, 0, 5, null, 0, 0, 0, 0);
INSERT INTO card_event_choices (choice_id, event_id, choice_label, chain_index, speed, stamina, strength, willpower, intelligence, hp, mood, skill_point, character_favor, event_condition, is_random_value, is_random_attribute, is_random_block_training, is_end_chained_event) VALUES (1474, 834, 'Down', 3, 0, 0, 0, 0, 0, 0, 0, 0, 5, '擅長練習○', 0, 0, 0, 0);
INSERT INTO card_table (count, uma_id, uma_name) VALUES (243, 30029, 'satono-diamond');
INSERT INTO card_events (event_id, event_name, uma_id, uma_name, category) VALUES (835, '(❯) 「備受期待」的賽馬娘', 30029, 'satono-diamond', '連鎖事件');
INSERT INTO card_event_choices (choice_id, event_id, choice_label, chain_index, speed, stamina, strength, willpower, intelligence, hp, mood, skill_point, character_favor, event_condition, is_random_value, is_random_attribute, is_random_block_training, is_end_chained_event) VALUES (1475, 835, 'None', 1, 0, 2, 0, 2, 3, 10, 0, 0, 0, null, 0, 0, 0, 0);
INSERT INTO card_events (event_id, event_name, uma_id, uma_name, category) VALUES (836, '(❯❯) 光鑽的堅持', 30029, 'satono-diamond', '連鎖事件');
INSERT INTO card_event_choices (choice_id, event_id, choice_label, chain_index, speed, stamina, strength, willpower, intelligence, hp, mood, skill_point, character_favor, event_condition, is_random_value, is_random_attribute, is_random_block_training, is_end_chained_event) VALUES (1476, 836, 'Up', 2, 0, 0, 0, 0, 15, 0, 0, 0, 5, null, 0, 0, 0, 0);
INSERT INTO card_event_choices (choice_id, event_id, choice_label, chain_index, speed, stamina, strength, willpower, intelligence, hp, mood, skill_point, character_favor, event_condition, is_random_value, is_random_attribute, is_random_block_training, is_end_chained_event) VALUES (1477, 836, 'Down', 2, 0, 0, 0, 20, 0, 0, -1, 0, 0, null, 1, 0, 0, 0);
INSERT INTO card_event_choices (choice_id, event_id, choice_label, chain_index, speed, stamina, strength, willpower, intelligence, hp, mood, skill_point, character_favor, event_condition, is_random_value, is_random_attribute, is_random_block_training, is_end_chained_event) VALUES (1478, 836, 'Down', 2, 0, 10, 0, 0, 0, 25, 0, 0, 5, null, 0, 0, 0, 0);
INSERT INTO card_events (event_id, event_name, uma_id, uma_name, category) VALUES (837, '(❯❯❯) 面對妳時我絕不放棄', 30029, 'satono-diamond', '連鎖事件');
INSERT INTO card_event_choices (choice_id, event_id, choice_label, chain_index, speed, stamina, strength, willpower, intelligence, hp, mood, skill_point, character_favor, event_condition, is_random_value, is_random_attribute, is_random_block_training, is_end_chained_event) VALUES (1479, 837, 'Up', 3, 0, 40, 0, 0, 0, -10, 0, 0, 5, null, 0, 0, 0, 0);
INSERT INTO card_event_choices (choice_id, event_id, choice_label, chain_index, speed, stamina, strength, willpower, intelligence, hp, mood, skill_point, character_favor, event_condition, is_random_value, is_random_attribute, is_random_block_training, is_end_chained_event) VALUES (1480, 837, 'Down', 3, 0, 0, 0, 5, 0, 15, 0, 0, 5, null, 0, 0, 0, 0);
INSERT INTO card_events (event_id, event_name, uma_id, uma_name, category) VALUES (838, '最喜歡新東西！', 30029, 'satono-diamond', '隨機事件');
INSERT INTO card_event_choices (choice_id, event_id, choice_label, chain_index, speed, stamina, strength, willpower, intelligence, hp, mood, skill_point, character_favor, event_condition, is_random_value, is_random_attribute, is_random_block_training, is_end_chained_event) VALUES (1481, 838, 'Up', 3, 0, 0, 0, 10, 0, 0, 0, 0, 5, null, 0, 0, 0, 0);
INSERT INTO card_event_choices (choice_id, event_id, choice_label, chain_index, speed, stamina, strength, willpower, intelligence, hp, mood, skill_point, character_favor, event_condition, is_random_value, is_random_attribute, is_random_block_training, is_end_chained_event) VALUES (1482, 838, 'Down', 3, 0, 20, 0, 0, 0, -10, 0, 0, 5, null, 0, 0, 0, 0);
INSERT INTO card_events (event_id, event_name, uma_id, uma_name, category) VALUES (839, '最喜歡困難的事情！', 30029, 'satono-diamond', '隨機事件');
INSERT INTO card_event_choices (choice_id, event_id, choice_label, chain_index, speed, stamina, strength, willpower, intelligence, hp, mood, skill_point, character_favor, event_condition, is_random_value, is_random_attribute, is_random_block_training, is_end_chained_event) VALUES (1483, 839, 'Up', 3, 0, 5, 0, 10, 0, 0, 0, 0, 5, null, 0, 0, 0, 0);
INSERT INTO card_event_choices (choice_id, event_id, choice_label, chain_index, speed, stamina, strength, willpower, intelligence, hp, mood, skill_point, character_favor, event_condition, is_random_value, is_random_attribute, is_random_block_training, is_end_chained_event) VALUES (1484, 839, 'Down', 3, 0, 0, 0, 0, 0, 0, 0, 0, 5, null, 0, 0, 0, 0);
INSERT INTO card_table (count, uma_id, uma_name) VALUES (244, 30030, 'matikanetannhauser');
INSERT INTO card_events (event_id, event_name, uma_id, uma_name, category) VALUES (840, '(❯) 尋求個性！', 30030, 'matikanetannhauser', '連鎖事件');
INSERT INTO card_event_choices (choice_id, event_id, choice_label, chain_index, speed, stamina, strength, willpower, intelligence, hp, mood, skill_point, character_favor, event_condition, is_random_value, is_random_attribute, is_random_block_training, is_end_chained_event) VALUES (1485, 840, 'Up', 1, 0, 0, 0, 0, 0, 0, 1, 0, 5, null, 0, 0, 0, 0);
INSERT INTO card_event_choices (choice_id, event_id, choice_label, chain_index, speed, stamina, strength, willpower, intelligence, hp, mood, skill_point, character_favor, event_condition, is_random_value, is_random_attribute, is_random_block_training, is_end_chained_event) VALUES (1486, 840, 'Down', 1, 0, 0, 0, 0, 0, 30, 0, 0, 5, null, 0, 0, 0, 0);
INSERT INTO card_events (event_id, event_name, uma_id, uma_name, category) VALUES (841, '(❯❯) 目標是成為惡作劇女孩！', 30030, 'matikanetannhauser', '連鎖事件');
INSERT INTO card_event_choices (choice_id, event_id, choice_label, chain_index, speed, stamina, strength, willpower, intelligence, hp, mood, skill_point, character_favor, event_condition, is_random_value, is_random_attribute, is_random_block_training, is_end_chained_event) VALUES (1487, 841, 'None', 2, 0, 0, 5, 0, 0, 0, 0, 10, 5, null, 0, 0, 0, 0);
INSERT INTO card_events (event_id, event_name, uma_id, uma_name, category) VALUES (842, '(❯❯❯) 風格獨特的跑法？', 30030, 'matikanetannhauser', '連鎖事件');
INSERT INTO card_event_choices (choice_id, event_id, choice_label, chain_index, speed, stamina, strength, willpower, intelligence, hp, mood, skill_point, character_favor, event_condition, is_random_value, is_random_attribute, is_random_block_training, is_end_chained_event) VALUES (1488, 842, 'None', 3, 0, 0, 10, 0, 0, 0, 0, 15, 5, null, 1, 0, 0, 0);
INSERT INTO card_event_choices (choice_id, event_id, choice_label, chain_index, speed, stamina, strength, willpower, intelligence, hp, mood, skill_point, character_favor, event_condition, is_random_value, is_random_attribute, is_random_block_training, is_end_chained_event) VALUES (1489, 842, 'None', 3, 0, 0, 5, 0, 0, 0, 0, 10, 5, null, 0, 0, 0, 0);
INSERT INTO card_events (event_id, event_name, uma_id, uma_name, category) VALUES (843, '這也是普通的努力！', 30030, 'matikanetannhauser', '隨機事件');
INSERT INTO card_event_choices (choice_id, event_id, choice_label, chain_index, speed, stamina, strength, willpower, intelligence, hp, mood, skill_point, character_favor, event_condition, is_random_value, is_random_attribute, is_random_block_training, is_end_chained_event) VALUES (1490, 843, 'Up', 3, 10, 0, 0, 0, 0, 0, 0, 0, 5, null, 0, 0, 0, 0);
INSERT INTO card_event_choices (choice_id, event_id, choice_label, chain_index, speed, stamina, strength, willpower, intelligence, hp, mood, skill_point, character_favor, event_condition, is_random_value, is_random_attribute, is_random_block_training, is_end_chained_event) VALUES (1491, 843, 'Down', 3, 0, 0, 10, 0, 0, 0, 0, 0, 5, null, 0, 0, 0, 0);
INSERT INTO card_events (event_id, event_name, uma_id, uma_name, category) VALUES (844, '這也是普通的意外！？', 30030, 'matikanetannhauser', '隨機事件');
INSERT INTO card_event_choices (choice_id, event_id, choice_label, chain_index, speed, stamina, strength, willpower, intelligence, hp, mood, skill_point, character_favor, event_condition, is_random_value, is_random_attribute, is_random_block_training, is_end_chained_event) VALUES (1492, 844, 'Up', 3, 0, 5, 0, 10, 0, 0, 0, 0, 5, null, 0, 0, 0, 0);
INSERT INTO card_event_choices (choice_id, event_id, choice_label, chain_index, speed, stamina, strength, willpower, intelligence, hp, mood, skill_point, character_favor, event_condition, is_random_value, is_random_attribute, is_random_block_training, is_end_chained_event) VALUES (1493, 844, 'Down', 3, 0, 0, 0, 0, 0, 0, 0, 0, 5, null, 0, 0, 0, 0);
INSERT INTO card_table (count, uma_id, uma_name) VALUES (245, 30031, 'yukino-bijin');
INSERT INTO card_events (event_id, event_name, uma_id, uma_name, category) VALUES (845, '(❯) 回憶起來軟呼呼，碗子蕎麥麵', 30031, 'yukino-bijin', '連鎖事件');
INSERT INTO card_event_choices (choice_id, event_id, choice_label, chain_index, speed, stamina, strength, willpower, intelligence, hp, mood, skill_point, character_favor, event_condition, is_random_value, is_random_attribute, is_random_block_training, is_end_chained_event) VALUES (1494, 845, 'Up', 1, 0, 0, 0, 0, 0, 0, 1, 0, 5, null, 0, 0, 0, 0);
INSERT INTO card_event_choices (choice_id, event_id, choice_label, chain_index, speed, stamina, strength, willpower, intelligence, hp, mood, skill_point, character_favor, event_condition, is_random_value, is_random_attribute, is_random_block_training, is_end_chained_event) VALUES (1495, 845, 'Down', 1, 0, 0, 0, 0, 0, 4, 0, 0, 5, null, 0, 0, 0, 0);
INSERT INTO card_events (event_id, event_name, uma_id, uma_name, category) VALUES (846, '(❯❯) 班長的超猛特訓', 30031, 'yukino-bijin', '連鎖事件');
INSERT INTO card_event_choices (choice_id, event_id, choice_label, chain_index, speed, stamina, strength, willpower, intelligence, hp, mood, skill_point, character_favor, event_condition, is_random_value, is_random_attribute, is_random_block_training, is_end_chained_event) VALUES (1496, 846, 'Up', 2, 0, 0, 10, 0, 0, 0, 2, 0, 5, '治癒一個負', 0, 0, 0, 0);
INSERT INTO card_event_choices (choice_id, event_id, choice_label, chain_index, speed, stamina, strength, willpower, intelligence, hp, mood, skill_point, character_favor, event_condition, is_random_value, is_random_attribute, is_random_block_training, is_end_chained_event) VALUES (1497, 846, 'Down', 2, 0, 0, 10, 10, 10, 0, 0, 0, 5, null, 0, 0, 0, 0);
INSERT INTO card_events (event_id, event_name, uma_id, uma_name, category) VALUES (847, '(❯❯❯) 我好想跑贏！', 30031, 'yukino-bijin', '連鎖事件');
INSERT INTO card_event_choices (choice_id, event_id, choice_label, chain_index, speed, stamina, strength, willpower, intelligence, hp, mood, skill_point, character_favor, event_condition, is_random_value, is_random_attribute, is_random_block_training, is_end_chained_event) VALUES (1498, 847, 'Up', 3, 0, 0, 0, 0, 0, 0, 4, 0, 5, '治癒一個負', 0, 0, 0, 0);
INSERT INTO card_event_choices (choice_id, event_id, choice_label, chain_index, speed, stamina, strength, willpower, intelligence, hp, mood, skill_point, character_favor, event_condition, is_random_value, is_random_attribute, is_random_block_training, is_end_chained_event) VALUES (1499, 847, 'Down', 3, 0, 0, 10, 10, 10, 0, 0, 0, 5, null, 0, 0, 0, 0);
INSERT INTO card_events (event_id, event_name, uma_id, uma_name, category) VALUES (848, '為了很炫的演唱會', 30031, 'yukino-bijin', '隨機事件');
INSERT INTO card_event_choices (choice_id, event_id, choice_label, chain_index, speed, stamina, strength, willpower, intelligence, hp, mood, skill_point, character_favor, event_condition, is_random_value, is_random_attribute, is_random_block_training, is_end_chained_event) VALUES (1500, 848, 'Up', 3, 0, 0, 0, 10, 0, 0, 0, 0, 5, null, 0, 0, 0, 0);
INSERT INTO card_event_choices (choice_id, event_id, choice_label, chain_index, speed, stamina, strength, willpower, intelligence, hp, mood, skill_point, character_favor, event_condition, is_random_value, is_random_attribute, is_random_block_training, is_end_chained_event) VALUES (1501, 848, 'Down', 3, 0, 0, 0, 15, 0, -10, 0, 0, 5, null, 0, 0, 0, 0);
INSERT INTO card_events (event_id, event_name, uma_id, uma_name, category) VALUES (849, '鎖定「城市景點」', 30031, 'yukino-bijin', '隨機事件');
INSERT INTO card_event_choices (choice_id, event_id, choice_label, chain_index, speed, stamina, strength, willpower, intelligence, hp, mood, skill_point, character_favor, event_condition, is_random_value, is_random_attribute, is_random_block_training, is_end_chained_event) VALUES (1502, 849, 'Up', 3, 0, 0, 0, 10, 0, -10, 1, 0, 5, null, 0, 0, 0, 0);
INSERT INTO card_event_choices (choice_id, event_id, choice_label, chain_index, speed, stamina, strength, willpower, intelligence, hp, mood, skill_point, character_favor, event_condition, is_random_value, is_random_attribute, is_random_block_training, is_end_chained_event) VALUES (1503, 849, 'Down', 3, 0, 0, 0, 0, 0, 0, 0, 0, 5, null, 0, 0, 0, 0);
INSERT INTO card_table (count, uma_id, uma_name) VALUES (246, 30032, 'yaeno-muteki');
INSERT INTO card_events (event_id, event_name, uma_id, uma_name, category) VALUES (850, '(❯) 電腦奧義炸裂！八重外出授藝修行', 30032, 'yaeno-muteki', '連鎖事件');
INSERT INTO card_event_choices (choice_id, event_id, choice_label, chain_index, speed, stamina, strength, willpower, intelligence, hp, mood, skill_point, character_favor, event_condition, is_random_value, is_random_attribute, is_random_block_training, is_end_chained_event) VALUES (1504, 850, 'None', 1, 5, 0, 5, 0, 0, 0, 0, 10, 0, null, 0, 0, 0, 0);
INSERT INTO card_events (event_id, event_name, uma_id, uma_name, category) VALUES (851, '(❯❯) 合理進食VS暴飲暴食', 30032, 'yaeno-muteki', '連鎖事件');
INSERT INTO card_event_choices (choice_id, event_id, choice_label, chain_index, speed, stamina, strength, willpower, intelligence, hp, mood, skill_point, character_favor, event_condition, is_random_value, is_random_attribute, is_random_block_training, is_end_chained_event) VALUES (1505, 851, 'Up', 2, 0, 0, 0, 0, 0, 20, 0, 30, 5, null, 0, 0, 0, 0);
INSERT INTO card_event_choices (choice_id, event_id, choice_label, chain_index, speed, stamina, strength, willpower, intelligence, hp, mood, skill_point, character_favor, event_condition, is_random_value, is_random_attribute, is_random_block_training, is_end_chained_event) VALUES (1506, 851, 'Down', 2, 0, 0, 0, 0, 10, 10, 0, 10, 0, null, 0, 0, 0, 1);
INSERT INTO card_events (event_id, event_name, uma_id, uma_name, category) VALUES (852, '(❯❯❯) 八重無敵的情歌地獄之變', 30032, 'yaeno-muteki', '連鎖事件');
INSERT INTO card_event_choices (choice_id, event_id, choice_label, chain_index, speed, stamina, strength, willpower, intelligence, hp, mood, skill_point, character_favor, event_condition, is_random_value, is_random_attribute, is_random_block_training, is_end_chained_event) VALUES (1507, 852, 'None', 3, 10, 10, 20, 0, 0, -10, 0, 0, 0, null, 1, 0, 0, 0);
INSERT INTO card_event_choices (choice_id, event_id, choice_label, chain_index, speed, stamina, strength, willpower, intelligence, hp, mood, skill_point, character_favor, event_condition, is_random_value, is_random_attribute, is_random_block_training, is_end_chained_event) VALUES (1508, 852, 'None', 3, 0, 0, 0, 0, 0, -10, 0, 0, 0, null, 0, 0, 0, 0);
INSERT INTO card_events (event_id, event_name, uma_id, uma_name, category) VALUES (853, '剛毅木訥，近仁', 30032, 'yaeno-muteki', '隨機事件');
INSERT INTO card_event_choices (choice_id, event_id, choice_label, chain_index, speed, stamina, strength, willpower, intelligence, hp, mood, skill_point, character_favor, event_condition, is_random_value, is_random_attribute, is_random_block_training, is_end_chained_event) VALUES (1509, 853, 'Up', 3, 10, 0, 0, 0, 0, 0, 0, 0, 5, null, 0, 0, 0, 0);
INSERT INTO card_event_choices (choice_id, event_id, choice_label, chain_index, speed, stamina, strength, willpower, intelligence, hp, mood, skill_point, character_favor, event_condition, is_random_value, is_random_attribute, is_random_block_training, is_end_chained_event) VALUES (1510, 853, 'Down', 3, 0, 0, 5, 0, 0, 0, 1, 0, 5, null, 0, 0, 0, 0);
INSERT INTO card_events (event_id, event_name, uma_id, uma_name, category) VALUES (854, '啊啊，想守護……！', 30032, 'yaeno-muteki', '隨機事件');
INSERT INTO card_event_choices (choice_id, event_id, choice_label, chain_index, speed, stamina, strength, willpower, intelligence, hp, mood, skill_point, character_favor, event_condition, is_random_value, is_random_attribute, is_random_block_training, is_end_chained_event) VALUES (1511, 854, 'Up', 3, 0, 10, 10, 0, 0, 0, 0, 0, 5, null, 0, 0, 0, 0);
INSERT INTO card_event_choices (choice_id, event_id, choice_label, chain_index, speed, stamina, strength, willpower, intelligence, hp, mood, skill_point, character_favor, event_condition, is_random_value, is_random_attribute, is_random_block_training, is_end_chained_event) VALUES (1512, 854, 'Down', 3, 0, 0, 0, 0, 0, 0, 0, 0, 5, null, 0, 0, 0, 0);
INSERT INTO card_table (count, uma_id, uma_name) VALUES (247, 30033, 'winning-ticket');
INSERT INTO card_events (event_id, event_name, uma_id, uma_name, category) VALUES (855, '(❯) 貼身採訪！熱情打比特輯', 30033, 'winning-ticket', '連鎖事件');
INSERT INTO card_event_choices (choice_id, event_id, choice_label, chain_index, speed, stamina, strength, willpower, intelligence, hp, mood, skill_point, character_favor, event_condition, is_random_value, is_random_attribute, is_random_block_training, is_end_chained_event) VALUES (1513, 855, 'None', 1, 0, 5, 5, 0, 0, 0, 0, 0, 0, null, 0, 0, 0, 0);
INSERT INTO card_events (event_id, event_name, uma_id, uma_name, category) VALUES (856, '(❯❯) 特訓！因為是勁敵', 30033, 'winning-ticket', '連鎖事件');
INSERT INTO card_event_choices (choice_id, event_id, choice_label, chain_index, speed, stamina, strength, willpower, intelligence, hp, mood, skill_point, character_favor, event_condition, is_random_value, is_random_attribute, is_random_block_training, is_end_chained_event) VALUES (1514, 856, 'None', 2, 0, 5, 5, 0, 0, -10, 0, 0, 0, null, 0, 0, 0, 0);
INSERT INTO card_events (event_id, event_name, uma_id, uma_name, category) VALUES (857, '(❯❯❯) 挑戰！夢想是用來實現的', 30033, 'winning-ticket', '連鎖事件');
INSERT INTO card_event_choices (choice_id, event_id, choice_label, chain_index, speed, stamina, strength, willpower, intelligence, hp, mood, skill_point, character_favor, event_condition, is_random_value, is_random_attribute, is_random_block_training, is_end_chained_event) VALUES (1515, 857, 'None', 3, 0, 5, 5, 0, 0, -30, 0, 0, 0, null, 0, 0, 0, 0);
INSERT INTO card_events (event_id, event_name, uma_id, uma_name, category) VALUES (858, '全．力．肌．肉！！', 30033, 'winning-ticket', '隨機事件');
INSERT INTO card_event_choices (choice_id, event_id, choice_label, chain_index, speed, stamina, strength, willpower, intelligence, hp, mood, skill_point, character_favor, event_condition, is_random_value, is_random_attribute, is_random_block_training, is_end_chained_event) VALUES (1516, 858, 'Up', 3, 0, 5, 0, 0, 0, 0, 0, 15, 5, null, 0, 0, 0, 0);
INSERT INTO card_event_choices (choice_id, event_id, choice_label, chain_index, speed, stamina, strength, willpower, intelligence, hp, mood, skill_point, character_favor, event_condition, is_random_value, is_random_attribute, is_random_block_training, is_end_chained_event) VALUES (1517, 858, 'Down', 3, 0, 0, 0, 0, 0, 0, 1, 15, 5, null, 0, 0, 0, 0);
INSERT INTO card_events (event_id, event_name, uma_id, uma_name, category) VALUES (859, '全．力．競．速！！', 30033, 'winning-ticket', '隨機事件');
INSERT INTO card_event_choices (choice_id, event_id, choice_label, chain_index, speed, stamina, strength, willpower, intelligence, hp, mood, skill_point, character_favor, event_condition, is_random_value, is_random_attribute, is_random_block_training, is_end_chained_event) VALUES (1518, 859, 'Up', 3, 0, 0, 0, 0, 0, 0, 0, 0, 5, null, 0, 0, 0, 0);
INSERT INTO card_event_choices (choice_id, event_id, choice_label, chain_index, speed, stamina, strength, willpower, intelligence, hp, mood, skill_point, character_favor, event_condition, is_random_value, is_random_attribute, is_random_block_training, is_end_chained_event) VALUES (1519, 859, 'Down', 3, 0, 0, 0, 0, 0, 0, 0, 30, 5, null, 0, 0, 0, 0);
INSERT INTO card_table (count, uma_id, uma_name) VALUES (248, 30034, 'rice-shower');
INSERT INTO card_events (event_id, event_name, uma_id, uma_name, category) VALUES (860, '(❯) 雨天、漂浮、花海', 30034, 'rice-shower', '連鎖事件');
INSERT INTO card_event_choices (choice_id, event_id, choice_label, chain_index, speed, stamina, strength, willpower, intelligence, hp, mood, skill_point, character_favor, event_condition, is_random_value, is_random_attribute, is_random_block_training, is_end_chained_event) VALUES (1520, 860, 'Up', 1, 0, 0, 10, 0, 0, 0, 0, 0, 5, null, 0, 0, 0, 0);
INSERT INTO card_event_choices (choice_id, event_id, choice_label, chain_index, speed, stamina, strength, willpower, intelligence, hp, mood, skill_point, character_favor, event_condition, is_random_value, is_random_attribute, is_random_block_training, is_end_chained_event) VALUES (1521, 860, 'Down', 1, 0, 0, 0, 0, 0, 0, 0, 40, 0, null, 0, 0, 0, 1);
INSERT INTO card_events (event_id, event_name, uma_id, uma_name, category) VALUES (861, '(❯❯) 永久、鮮豔、魔法花', 30034, 'rice-shower', '連鎖事件');
INSERT INTO card_event_choices (choice_id, event_id, choice_label, chain_index, speed, stamina, strength, willpower, intelligence, hp, mood, skill_point, character_favor, event_condition, is_random_value, is_random_attribute, is_random_block_training, is_end_chained_event) VALUES (1522, 861, 'Up', 2, 0, 5, 10, 0, 0, 0, 0, 0, 5, null, 0, 0, 0, 0);
INSERT INTO card_event_choices (choice_id, event_id, choice_label, chain_index, speed, stamina, strength, willpower, intelligence, hp, mood, skill_point, character_favor, event_condition, is_random_value, is_random_attribute, is_random_block_training, is_end_chained_event) VALUES (1523, 861, 'Down', 2, 0, 0, 5, 0, 0, 15, 0, 0, 5, null, 0, 0, 0, 0);
INSERT INTO card_events (event_id, event_name, uma_id, uma_name, category) VALUES (862, '(❯❯❯) 晴天、飄逸、花束', 30034, 'rice-shower', '連鎖事件');
INSERT INTO card_event_choices (choice_id, event_id, choice_label, chain_index, speed, stamina, strength, willpower, intelligence, hp, mood, skill_point, character_favor, event_condition, is_random_value, is_random_attribute, is_random_block_training, is_end_chained_event) VALUES (1524, 862, 'None', 3, 0, 5, 5, 0, 5, 0, 0, 0, 5, null, 0, 0, 0, 0);
INSERT INTO card_events (event_id, event_name, uma_id, uma_name, category) VALUES (863, '在花店的一頁', 30034, 'rice-shower', '隨機事件');
INSERT INTO card_event_choices (choice_id, event_id, choice_label, chain_index, speed, stamina, strength, willpower, intelligence, hp, mood, skill_point, character_favor, event_condition, is_random_value, is_random_attribute, is_random_block_training, is_end_chained_event) VALUES (1525, 863, 'Up', 3, 0, 0, 0, 0, 0, 0, 2, 0, 5, null, 0, 0, 0, 0);
INSERT INTO card_event_choices (choice_id, event_id, choice_label, chain_index, speed, stamina, strength, willpower, intelligence, hp, mood, skill_point, character_favor, event_condition, is_random_value, is_random_attribute, is_random_block_training, is_end_chained_event) VALUES (1526, 863, 'Down', 3, 0, 10, 0, 0, 0, 0, 0, 0, 5, null, 0, 0, 0, 0);
INSERT INTO card_events (event_id, event_name, uma_id, uma_name, category) VALUES (864, '陰天的一頁', 30034, 'rice-shower', '隨機事件');
INSERT INTO card_event_choices (choice_id, event_id, choice_label, chain_index, speed, stamina, strength, willpower, intelligence, hp, mood, skill_point, character_favor, event_condition, is_random_value, is_random_attribute, is_random_block_training, is_end_chained_event) VALUES (1527, 864, 'Up', 3, 5, 0, 0, 5, 0, 0, 0, 0, 5, null, 0, 0, 0, 0);
INSERT INTO card_event_choices (choice_id, event_id, choice_label, chain_index, speed, stamina, strength, willpower, intelligence, hp, mood, skill_point, character_favor, event_condition, is_random_value, is_random_attribute, is_random_block_training, is_end_chained_event) VALUES (1528, 864, 'Down', 3, 0, 0, 0, 0, 0, 0, 0, 0, 5, null, 0, 0, 0, 0);
INSERT INTO card_table (count, uma_id, uma_name) VALUES (249, 30036, 'riko-kashimoto');
INSERT INTO card_events (event_id, event_name, uma_id, uma_name, category) VALUES (865, '(❯) 在歌中乘著思念', 30036, 'riko-kashimoto', '外出');
INSERT INTO card_event_choices (choice_id, event_id, choice_label, chain_index, speed, stamina, strength, willpower, intelligence, hp, mood, skill_point, character_favor, event_condition, is_random_value, is_random_attribute, is_random_block_training, is_end_chained_event) VALUES (1529, 865, 'None', 1, 0, 10, 0, 0, 0, 25, 1, 0, 5, null, 0, 0, 0, 0);
INSERT INTO card_events (event_id, event_name, uma_id, uma_name, category) VALUES (866, '(❯❯) 短暫的休息', 30036, 'riko-kashimoto', '外出');
INSERT INTO card_event_choices (choice_id, event_id, choice_label, chain_index, speed, stamina, strength, willpower, intelligence, hp, mood, skill_point, character_favor, event_condition, is_random_value, is_random_attribute, is_random_block_training, is_end_chained_event) VALUES (1530, 866, 'None', 2, 0, 10, 0, 10, 0, 20, 1, 0, 5, null, 0, 0, 0, 0);
INSERT INTO card_events (event_id, event_name, uma_id, uma_name, category) VALUES (867, '(❯❯❯) 想著那開心的表情', 30036, 'riko-kashimoto', '外出');
INSERT INTO card_event_choices (choice_id, event_id, choice_label, chain_index, speed, stamina, strength, willpower, intelligence, hp, mood, skill_point, character_favor, event_condition, is_random_value, is_random_attribute, is_random_block_training, is_end_chained_event) VALUES (1531, 867, 'Up', 3, 0, 10, 0, 5, 0, 20, 1, 0, 5, null, 0, 0, 0, 0);
INSERT INTO card_event_choices (choice_id, event_id, choice_label, chain_index, speed, stamina, strength, willpower, intelligence, hp, mood, skill_point, character_favor, event_condition, is_random_value, is_random_attribute, is_random_block_training, is_end_chained_event) VALUES (1532, 867, 'Down', 3, 0, 0, 0, 0, 0, 0, 1, 30, 5, null, 0, 0, 0, 0);
INSERT INTO card_events (event_id, event_name, uma_id, uma_name, category) VALUES (868, '(❯❯❯❯) 寄予的意念與困惑', 30036, 'riko-kashimoto', '外出');
INSERT INTO card_event_choices (choice_id, event_id, choice_label, chain_index, speed, stamina, strength, willpower, intelligence, hp, mood, skill_point, character_favor, event_condition, is_random_value, is_random_attribute, is_random_block_training, is_end_chained_event) VALUES (1533, 868, 'None', 4, 10, 5, 5, 0, 0, 20, 1, 0, 5, null, 0, 0, 0, 0);
INSERT INTO card_events (event_id, event_name, uma_id, uma_name, category) VALUES (869, '(❯❯❯❯❯) 稍稍吐露心聲', 30036, 'riko-kashimoto', '外出');
INSERT INTO card_event_choices (choice_id, event_id, choice_label, chain_index, speed, stamina, strength, willpower, intelligence, hp, mood, skill_point, character_favor, event_condition, is_random_value, is_random_attribute, is_random_block_training, is_end_chained_event) VALUES (1534, 869, 'None', 5, 0, 10, 0, 10, 0, 25, 1, 0, 5, null, 1, 0, 0, 0);
INSERT INTO card_event_choices (choice_id, event_id, choice_label, chain_index, speed, stamina, strength, willpower, intelligence, hp, mood, skill_point, character_favor, event_condition, is_random_value, is_random_attribute, is_random_block_training, is_end_chained_event) VALUES (1535, 869, 'None', 5, 0, 5, 0, 5, 0, 25, 1, 0, 5, null, 0, 0, 0, 0);
INSERT INTO card_events (event_id, event_name, uma_id, uma_name, category) VALUES (870, '樫本流整理術', 30036, 'riko-kashimoto', '隨機事件');
INSERT INTO card_event_choices (choice_id, event_id, choice_label, chain_index, speed, stamina, strength, willpower, intelligence, hp, mood, skill_point, character_favor, event_condition, is_random_value, is_random_attribute, is_random_block_training, is_end_chained_event) VALUES (1536, 870, 'Up', 5, 0, 15, 0, 0, 0, 0, 0, 0, 5, null, 0, 0, 0, 0);
INSERT INTO card_event_choices (choice_id, event_id, choice_label, chain_index, speed, stamina, strength, willpower, intelligence, hp, mood, skill_point, character_favor, event_condition, is_random_value, is_random_attribute, is_random_block_training, is_end_chained_event) VALUES (1537, 870, 'Down', 5, 0, 0, 0, 15, 0, 0, 0, 0, 5, null, 0, 0, 0, 0);
INSERT INTO card_events (event_id, event_name, uma_id, uma_name, category) VALUES (871, '令人意外的一面', 30036, 'riko-kashimoto', '隨機事件');
INSERT INTO card_event_choices (choice_id, event_id, choice_label, chain_index, speed, stamina, strength, willpower, intelligence, hp, mood, skill_point, character_favor, event_condition, is_random_value, is_random_attribute, is_random_block_training, is_end_chained_event) VALUES (1538, 871, 'Up', 5, 0, 10, 0, 0, 0, 15, 1, 0, 12, null, 1, 0, 0, 0);
INSERT INTO card_event_choices (choice_id, event_id, choice_label, chain_index, speed, stamina, strength, willpower, intelligence, hp, mood, skill_point, character_favor, event_condition, is_random_value, is_random_attribute, is_random_block_training, is_end_chained_event) VALUES (1539, 871, 'Up', 5, 0, 0, 0, 0, 0, 0, 0, 0, -10, null, 0, 0, 0, 1);
INSERT INTO card_event_choices (choice_id, event_id, choice_label, chain_index, speed, stamina, strength, willpower, intelligence, hp, mood, skill_point, character_favor, event_condition, is_random_value, is_random_attribute, is_random_block_training, is_end_chained_event) VALUES (1540, 871, 'Middle', 5, 0, 0, 0, 15, 0, 0, 1, 0, 5, null, 0, 0, 0, 0);
INSERT INTO card_event_choices (choice_id, event_id, choice_label, chain_index, speed, stamina, strength, willpower, intelligence, hp, mood, skill_point, character_favor, event_condition, is_random_value, is_random_attribute, is_random_block_training, is_end_chained_event) VALUES (1541, 871, 'Down', 5, 0, 0, 0, 0, 0, 0, 0, 0, -10, null, 0, 0, 0, 1);
INSERT INTO card_events (event_id, event_name, uma_id, uma_name, category) VALUES (872, '專業的樫本理子', 30036, 'riko-kashimoto', '特殊事件');
INSERT INTO card_event_choices (choice_id, event_id, choice_label, chain_index, speed, stamina, strength, willpower, intelligence, hp, mood, skill_point, character_favor, event_condition, is_random_value, is_random_attribute, is_random_block_training, is_end_chained_event) VALUES (1542, 872, 'None', 5, 0, 6, 0, 6, 0, 0, 1, 0, 5, null, 0, 0, 0, 0);
INSERT INTO card_events (event_id, event_name, uma_id, uma_name, category) VALUES (873, '辛苦了', 30036, 'riko-kashimoto', '特殊事件');
INSERT INTO card_event_choices (choice_id, event_id, choice_label, chain_index, speed, stamina, strength, willpower, intelligence, hp, mood, skill_point, character_favor, event_condition, is_random_value, is_random_attribute, is_random_block_training, is_end_chained_event) VALUES (1543, 873, 'None', 5, 0, 3, 0, 0, 0, 0, 1, 0, 5, null, 0, 1, 0, 0);
INSERT INTO card_events (event_id, event_name, uma_id, uma_name, category) VALUES (874, '無可取代的相遇', 30036, 'riko-kashimoto', '特殊事件');
INSERT INTO card_event_choices (choice_id, event_id, choice_label, chain_index, speed, stamina, strength, willpower, intelligence, hp, mood, skill_point, character_favor, event_condition, is_random_value, is_random_attribute, is_random_block_training, is_end_chained_event) VALUES (1544, 874, 'None', 5, 0, 15, 0, 15, 0, 0, 0, 20, 0, null, 0, 0, 0, 0);
INSERT INTO card_events (event_id, event_name, uma_id, uma_name, category) VALUES (875, '偶爾這麼晚也好', 30036, 'riko-kashimoto', '特殊事件');
INSERT INTO card_event_choices (choice_id, event_id, choice_label, chain_index, speed, stamina, strength, willpower, intelligence, hp, mood, skill_point, character_favor, event_condition, is_random_value, is_random_attribute, is_random_block_training, is_end_chained_event) VALUES (1545, 875, 'None', 5, 0, 4, 0, 4, 0, 0, 0, 6, 0, null, 0, 0, 0, 0);
INSERT INTO card_events (event_id, event_name, uma_id, uma_name, category) VALUES (876, '與理子之間的情誼・不重蹈覆轍', 30036, 'riko-kashimoto', '特殊事件');
INSERT INTO card_event_choices (choice_id, event_id, choice_label, chain_index, speed, stamina, strength, willpower, intelligence, hp, mood, skill_point, character_favor, event_condition, is_random_value, is_random_attribute, is_random_block_training, is_end_chained_event) VALUES (1546, 876, 'None', 5, 0, 12, 0, 6, 0, 0, 1, 0, 5, null, 0, 0, 0, 0);
INSERT INTO card_table (count, uma_id, uma_name) VALUES (250, 30037, 'symboli-rudolf');
INSERT INTO card_events (event_id, event_name, uma_id, uma_name, category) VALUES (877, '(❯) 天空的路標', 30037, 'symboli-rudolf', '連鎖事件');
INSERT INTO card_event_choices (choice_id, event_id, choice_label, chain_index, speed, stamina, strength, willpower, intelligence, hp, mood, skill_point, character_favor, event_condition, is_random_value, is_random_attribute, is_random_block_training, is_end_chained_event) VALUES (1547, 877, 'Up', 1, 0, 0, 0, 0, 5, 15, 0, 0, 5, null, 0, 0, 0, 0);
INSERT INTO card_event_choices (choice_id, event_id, choice_label, chain_index, speed, stamina, strength, willpower, intelligence, hp, mood, skill_point, character_favor, event_condition, is_random_value, is_random_attribute, is_random_block_training, is_end_chained_event) VALUES (1548, 877, 'Down', 1, 0, 0, 0, 0, 0, 0, 0, 20, 10, null, 0, 0, 0, 0);
INSERT INTO card_events (event_id, event_name, uma_id, uma_name, category) VALUES (878, '(❯❯) 夢想的路標', 30037, 'symboli-rudolf', '連鎖事件');
INSERT INTO card_event_choices (choice_id, event_id, choice_label, chain_index, speed, stamina, strength, willpower, intelligence, hp, mood, skill_point, character_favor, event_condition, is_random_value, is_random_attribute, is_random_block_training, is_end_chained_event) VALUES (1549, 878, 'Up', 2, 0, 0, 15, 0, 0, 0, 0, 0, 5, null, 0, 0, 0, 0);
INSERT INTO card_event_choices (choice_id, event_id, choice_label, chain_index, speed, stamina, strength, willpower, intelligence, hp, mood, skill_point, character_favor, event_condition, is_random_value, is_random_attribute, is_random_block_training, is_end_chained_event) VALUES (1550, 878, 'Down', 2, 15, 0, 0, 0, 0, 0, 0, 0, 5, null, 0, 0, 0, 0);
INSERT INTO card_events (event_id, event_name, uma_id, uma_name, category) VALUES (879, '(❯❯❯) 蒼穹的路標', 30037, 'symboli-rudolf', '連鎖事件');
INSERT INTO card_event_choices (choice_id, event_id, choice_label, chain_index, speed, stamina, strength, willpower, intelligence, hp, mood, skill_point, character_favor, event_condition, is_random_value, is_random_attribute, is_random_block_training, is_end_chained_event) VALUES (1551, 879, 'None', 3, 10, 0, 10, 10, 0, 0, 0, 15, 5, null, 1, 0, 0, 0);
INSERT INTO card_event_choices (choice_id, event_id, choice_label, chain_index, speed, stamina, strength, willpower, intelligence, hp, mood, skill_point, character_favor, event_condition, is_random_value, is_random_attribute, is_random_block_training, is_end_chained_event) VALUES (1552, 879, 'None', 3, 5, 0, 5, 5, 0, 0, 0, 5, 5, null, 0, 0, 0, 0);
INSERT INTO card_events (event_id, event_name, uma_id, uma_name, category) VALUES (880, '「皇帝」的激勵', 30037, 'symboli-rudolf', '隨機事件');
INSERT INTO card_event_choices (choice_id, event_id, choice_label, chain_index, speed, stamina, strength, willpower, intelligence, hp, mood, skill_point, character_favor, event_condition, is_random_value, is_random_attribute, is_random_block_training, is_end_chained_event) VALUES (1553, 880, 'Up', 3, 10, 0, 0, 0, 0, 0, 0, 0, 5, null, 0, 0, 0, 0);
INSERT INTO card_event_choices (choice_id, event_id, choice_label, chain_index, speed, stamina, strength, willpower, intelligence, hp, mood, skill_point, character_favor, event_condition, is_random_value, is_random_attribute, is_random_block_training, is_end_chained_event) VALUES (1554, 880, 'Down', 3, 0, 0, 0, 0, 0, -10, 0, 30, 5, null, 0, 0, 0, 0);
INSERT INTO card_events (event_id, event_name, uma_id, uma_name, category) VALUES (881, '學生會會長的思緒', 30037, 'symboli-rudolf', '隨機事件');
INSERT INTO card_event_choices (choice_id, event_id, choice_label, chain_index, speed, stamina, strength, willpower, intelligence, hp, mood, skill_point, character_favor, event_condition, is_random_value, is_random_attribute, is_random_block_training, is_end_chained_event) VALUES (1555, 881, 'Up', 3, 0, 0, 0, 0, 0, 0, 0, 0, 5, null, 0, 0, 0, 0);
INSERT INTO card_event_choices (choice_id, event_id, choice_label, chain_index, speed, stamina, strength, willpower, intelligence, hp, mood, skill_point, character_favor, event_condition, is_random_value, is_random_attribute, is_random_block_training, is_end_chained_event) VALUES (1556, 881, 'Down', 3, 0, 15, 0, 0, 0, 0, 0, 0, 5, null, 0, 0, 0, 0);
INSERT INTO card_table (count, uma_id, uma_name) VALUES (251, 30038, 'sakura-chiyono-o');
INSERT INTO card_events (event_id, event_name, uma_id, uma_name, category) VALUES (882, '(❯) 開花、一步！', 30038, 'sakura-chiyono-o', '連鎖事件');
INSERT INTO card_event_choices (choice_id, event_id, choice_label, chain_index, speed, stamina, strength, willpower, intelligence, hp, mood, skill_point, character_favor, event_condition, is_random_value, is_random_attribute, is_random_block_training, is_end_chained_event) VALUES (1557, 882, 'None', 1, 0, 1, 0, 0, 0, 0, 0, 15, 5, null, 0, 0, 0, 0);
INSERT INTO card_events (event_id, event_name, uma_id, uma_name, category) VALUES (883, '(❯❯) 開花、希望！', 30038, 'sakura-chiyono-o', '連鎖事件');
INSERT INTO card_event_choices (choice_id, event_id, choice_label, chain_index, speed, stamina, strength, willpower, intelligence, hp, mood, skill_point, character_favor, event_condition, is_random_value, is_random_attribute, is_random_block_training, is_end_chained_event) VALUES (1558, 883, 'Up', 2, 0, 30, 0, 0, 0, 0, 1, 0, 5, '治癒一個負', 1, 0, 0, 0);
INSERT INTO card_event_choices (choice_id, event_id, choice_label, chain_index, speed, stamina, strength, willpower, intelligence, hp, mood, skill_point, character_favor, event_condition, is_random_value, is_random_attribute, is_random_block_training, is_end_chained_event) VALUES (1559, 883, 'Up', 2, 0, 0, 0, 25, 0, -10, 0, 0, 5, null, 0, 0, 0, 0);
INSERT INTO card_event_choices (choice_id, event_id, choice_label, chain_index, speed, stamina, strength, willpower, intelligence, hp, mood, skill_point, character_favor, event_condition, is_random_value, is_random_attribute, is_random_block_training, is_end_chained_event) VALUES (1560, 883, 'Down', 2, 0, 0, 0, 0, 0, 20, 1, 0, 5, null, 0, 0, 0, 0);
INSERT INTO card_events (event_id, event_name, uma_id, uma_name, category) VALUES (884, '(❯❯❯) 開花、總有一天！', 30038, 'sakura-chiyono-o', '連鎖事件');
INSERT INTO card_event_choices (choice_id, event_id, choice_label, chain_index, speed, stamina, strength, willpower, intelligence, hp, mood, skill_point, character_favor, event_condition, is_random_value, is_random_attribute, is_random_block_training, is_end_chained_event) VALUES (1561, 884, 'Up', 3, 1, 10, 0, 0, 0, -15, 0, 5, 5, null, 1, 0, 0, 0);
INSERT INTO card_event_choices (choice_id, event_id, choice_label, chain_index, speed, stamina, strength, willpower, intelligence, hp, mood, skill_point, character_favor, event_condition, is_random_value, is_random_attribute, is_random_block_training, is_end_chained_event) VALUES (1562, 884, 'Up', 3, 3, 30, 0, 0, 0, -15, 0, 20, 5, null, 0, 0, 0, 0);
INSERT INTO card_event_choices (choice_id, event_id, choice_label, chain_index, speed, stamina, strength, willpower, intelligence, hp, mood, skill_point, character_favor, event_condition, is_random_value, is_random_attribute, is_random_block_training, is_end_chained_event) VALUES (1563, 884, 'Down', 3, 5, 10, 5, 0, 0, 0, 0, 30, 5, null, 0, 0, 0, 0);
INSERT INTO card_events (event_id, event_name, uma_id, uma_name, category) VALUES (885, '本日格言！', 30038, 'sakura-chiyono-o', '隨機事件');
INSERT INTO card_event_choices (choice_id, event_id, choice_label, chain_index, speed, stamina, strength, willpower, intelligence, hp, mood, skill_point, character_favor, event_condition, is_random_value, is_random_attribute, is_random_block_training, is_end_chained_event) VALUES (1564, 885, 'Up', 3, 0, 0, 20, 0, 0, -10, 0, 0, 5, null, 0, 0, 0, 0);
INSERT INTO card_event_choices (choice_id, event_id, choice_label, chain_index, speed, stamina, strength, willpower, intelligence, hp, mood, skill_point, character_favor, event_condition, is_random_value, is_random_attribute, is_random_block_training, is_end_chained_event) VALUES (1565, 885, 'Down', 3, 0, 0, 0, 0, 0, 5, 0, 10, 5, null, 0, 0, 0, 0);
INSERT INTO card_events (event_id, event_name, uma_id, uma_name, category) VALUES (886, '直到開花的那天……', 30038, 'sakura-chiyono-o', '隨機事件');
INSERT INTO card_event_choices (choice_id, event_id, choice_label, chain_index, speed, stamina, strength, willpower, intelligence, hp, mood, skill_point, character_favor, event_condition, is_random_value, is_random_attribute, is_random_block_training, is_end_chained_event) VALUES (1566, 886, 'Up', 3, 0, 5, 0, 0, 0, 5, 0, 0, 5, null, 0, 0, 0, 0);
INSERT INTO card_event_choices (choice_id, event_id, choice_label, chain_index, speed, stamina, strength, willpower, intelligence, hp, mood, skill_point, character_favor, event_condition, is_random_value, is_random_attribute, is_random_block_training, is_end_chained_event) VALUES (1567, 886, 'Down', 3, 0, 0, 0, 0, 0, 0, 0, 0, 5, null, 0, 0, 0, 0);
INSERT INTO card_table (count, uma_id, uma_name) VALUES (252, 30039, 'kawakami-princess');
INSERT INTO card_events (event_id, event_name, uma_id, uma_name, category) VALUES (887, '(❯) 端莊！豪邁！', 30039, 'kawakami-princess', '連鎖事件');
INSERT INTO card_event_choices (choice_id, event_id, choice_label, chain_index, speed, stamina, strength, willpower, intelligence, hp, mood, skill_point, character_favor, event_condition, is_random_value, is_random_attribute, is_random_block_training, is_end_chained_event) VALUES (1568, 887, 'Up', 1, 5, 0, 0, 0, 0, 0, 1, 0, 5, null, 0, 0, 0, 0);
INSERT INTO card_event_choices (choice_id, event_id, choice_label, chain_index, speed, stamina, strength, willpower, intelligence, hp, mood, skill_point, character_favor, event_condition, is_random_value, is_random_attribute, is_random_block_training, is_end_chained_event) VALUES (1569, 887, 'Down', 1, 0, 0, 0, 0, 0, 0, 0, 10, 5, null, 0, 0, 0, 0);
INSERT INTO card_events (event_id, event_name, uma_id, uma_name, category) VALUES (888, '(❯❯) 公主之力☆威能全開！', 30039, 'kawakami-princess', '連鎖事件');
INSERT INTO card_event_choices (choice_id, event_id, choice_label, chain_index, speed, stamina, strength, willpower, intelligence, hp, mood, skill_point, character_favor, event_condition, is_random_value, is_random_attribute, is_random_block_training, is_end_chained_event) VALUES (1570, 888, 'None', 2, 5, 0, 0, 5, 0, 0, 0, 0, 0, null, 0, 0, 0, 0);
INSERT INTO card_events (event_id, event_name, uma_id, uma_name, category) VALUES (889, '(❯❯❯) 重擊！公主之道！', 30039, 'kawakami-princess', '連鎖事件');
INSERT INTO card_event_choices (choice_id, event_id, choice_label, chain_index, speed, stamina, strength, willpower, intelligence, hp, mood, skill_point, character_favor, event_condition, is_random_value, is_random_attribute, is_random_block_training, is_end_chained_event) VALUES (1571, 889, 'Up', 3, 15, 0, 0, 15, 0, 0, 0, 0, 5, null, 0, 0, 0, 0);
INSERT INTO card_event_choices (choice_id, event_id, choice_label, chain_index, speed, stamina, strength, willpower, intelligence, hp, mood, skill_point, character_favor, event_condition, is_random_value, is_random_attribute, is_random_block_training, is_end_chained_event) VALUES (1572, 889, 'Down', 3, 0, 0, 0, 0, 0, 25, 0, 25, 0, null, 0, 0, 0, 0);
INSERT INTO card_events (event_id, event_name, uma_id, uma_name, category) VALUES (890, '公主出拳！', 30039, 'kawakami-princess', '隨機事件');
INSERT INTO card_event_choices (choice_id, event_id, choice_label, chain_index, speed, stamina, strength, willpower, intelligence, hp, mood, skill_point, character_favor, event_condition, is_random_value, is_random_attribute, is_random_block_training, is_end_chained_event) VALUES (1573, 890, 'Up', 3, 0, 0, 0, 10, 0, 0, 0, 0, 5, null, 0, 0, 0, 0);
INSERT INTO card_event_choices (choice_id, event_id, choice_label, chain_index, speed, stamina, strength, willpower, intelligence, hp, mood, skill_point, character_favor, event_condition, is_random_value, is_random_attribute, is_random_block_training, is_end_chained_event) VALUES (1574, 890, 'Down', 3, 0, 0, 0, 0, 0, 0, 1, 0, 5, null, 0, 0, 0, 0);
INSERT INTO card_events (event_id, event_name, uma_id, uma_name, category) VALUES (891, '公主逃跑！', 30039, 'kawakami-princess', '隨機事件');
INSERT INTO card_event_choices (choice_id, event_id, choice_label, chain_index, speed, stamina, strength, willpower, intelligence, hp, mood, skill_point, character_favor, event_condition, is_random_value, is_random_attribute, is_random_block_training, is_end_chained_event) VALUES (1575, 891, 'Up', 3, 0, 0, 0, 0, 0, 10, 0, 0, 5, null, 0, 0, 0, 0);
INSERT INTO card_event_choices (choice_id, event_id, choice_label, chain_index, speed, stamina, strength, willpower, intelligence, hp, mood, skill_point, character_favor, event_condition, is_random_value, is_random_attribute, is_random_block_training, is_end_chained_event) VALUES (1576, 891, 'Down', 3, 0, 0, 0, 0, 0, 0, 0, 0, 5, null, 0, 0, 0, 0);
INSERT INTO card_table (count, uma_id, uma_name) VALUES (253, 30040, 'hishi-akebono');
INSERT INTO card_events (event_id, event_name, uma_id, uma_name, category) VALUES (892, '(❯) 最真實的自己buono～buono♪', 30040, 'hishi-akebono', '連鎖事件');
INSERT INTO card_event_choices (choice_id, event_id, choice_label, chain_index, speed, stamina, strength, willpower, intelligence, hp, mood, skill_point, character_favor, event_condition, is_random_value, is_random_attribute, is_random_block_training, is_end_chained_event) VALUES (1577, 892, 'None', 1, 0, 0, 0, 5, 0, 8, 0, 0, 5, null, 0, 0, 0, 0);
INSERT INTO card_events (event_id, event_name, uma_id, uma_name, category) VALUES (893, '(❯❯) はっけよーい……ボーノ☆', 30040, 'hishi-akebono', '連鎖事件');
INSERT INTO card_event_choices (choice_id, event_id, choice_label, chain_index, speed, stamina, strength, willpower, intelligence, hp, mood, skill_point, character_favor, event_condition, is_random_value, is_random_attribute, is_random_block_training, is_end_chained_event) VALUES (1578, 893, 'Up', 2, 0, 0, 0, 5, 0, 30, 0, 0, 5, '(隨機)  體重過胖', 0, 1, 0, 0);
INSERT INTO card_event_choices (choice_id, event_id, choice_label, chain_index, speed, stamina, strength, willpower, intelligence, hp, mood, skill_point, character_favor, event_condition, is_random_value, is_random_attribute, is_random_block_training, is_end_chained_event) VALUES (1579, 893, 'Down', 2, 0, 5, 5, 0, 0, 0, 0, 0, 5, null, 0, 0, 0, 0);
INSERT INTO card_events (event_id, event_name, uma_id, uma_name, category) VALUES (894, '(❯❯❯) 你Buono，我也Buono☆', 30040, 'hishi-akebono', '連鎖事件');
INSERT INTO card_event_choices (choice_id, event_id, choice_label, chain_index, speed, stamina, strength, willpower, intelligence, hp, mood, skill_point, character_favor, event_condition, is_random_value, is_random_attribute, is_random_block_training, is_end_chained_event) VALUES (1580, 894, 'None', 3, 0, 10, 0, 20, 0, 0, 0, 0, 0, null, 0, 0, 0, 0);
INSERT INTO card_events (event_id, event_name, uma_id, uma_name, category) VALUES (895, '盡情☆享用吧♪', 30040, 'hishi-akebono', '隨機事件');
INSERT INTO card_event_choices (choice_id, event_id, choice_label, chain_index, speed, stamina, strength, willpower, intelligence, hp, mood, skill_point, character_favor, event_condition, is_random_value, is_random_attribute, is_random_block_training, is_end_chained_event) VALUES (1581, 895, 'Up', 3, 0, 0, 0, 0, 0, 10, 0, 0, 5, null, 0, 0, 0, 0);
INSERT INTO card_event_choices (choice_id, event_id, choice_label, chain_index, speed, stamina, strength, willpower, intelligence, hp, mood, skill_point, character_favor, event_condition, is_random_value, is_random_attribute, is_random_block_training, is_end_chained_event) VALUES (1582, 895, 'Down', 3, 0, 0, 15, 0, 0, -5, 0, 0, 5, null, 0, 0, 0, 0);
INSERT INTO card_events (event_id, event_name, uma_id, uma_name, category) VALUES (896, '儘管☆交給我吧♪', 30040, 'hishi-akebono', '隨機事件');
INSERT INTO card_event_choices (choice_id, event_id, choice_label, chain_index, speed, stamina, strength, willpower, intelligence, hp, mood, skill_point, character_favor, event_condition, is_random_value, is_random_attribute, is_random_block_training, is_end_chained_event) VALUES (1583, 896, 'Up', 3, 0, 10, 0, 0, 0, 0, 0, 0, 5, null, 0, 0, 0, 0);
INSERT INTO card_event_choices (choice_id, event_id, choice_label, chain_index, speed, stamina, strength, willpower, intelligence, hp, mood, skill_point, character_favor, event_condition, is_random_value, is_random_attribute, is_random_block_training, is_end_chained_event) VALUES (1584, 896, 'Down', 3, 0, 0, 0, 0, 0, -15, 0, 0, 5, null, 0, 0, 0, 0);
INSERT INTO card_table (count, uma_id, uma_name) VALUES (254, 30041, 'mejiro-dober');
INSERT INTO card_events (event_id, event_name, uma_id, uma_name, category) VALUES (897, '(❯) 邁出、一步', 30041, 'mejiro-dober', '連鎖事件');
INSERT INTO card_event_choices (choice_id, event_id, choice_label, chain_index, speed, stamina, strength, willpower, intelligence, hp, mood, skill_point, character_favor, event_condition, is_random_value, is_random_attribute, is_random_block_training, is_end_chained_event) VALUES (1585, 897, 'Up', 1, 0, 0, 0, 0, 0, -10, 0, 45, 5, null, 0, 0, 0, 0);
INSERT INTO card_event_choices (choice_id, event_id, choice_label, chain_index, speed, stamina, strength, willpower, intelligence, hp, mood, skill_point, character_favor, event_condition, is_random_value, is_random_attribute, is_random_block_training, is_end_chained_event) VALUES (1586, 897, 'Down', 1, 0, 0, 0, 5, 5, 0, 0, 0, 5, null, 0, 0, 0, 0);
INSERT INTO card_events (event_id, event_name, uma_id, uma_name, category) VALUES (898, '(❯❯) 切磋、兩步', 30041, 'mejiro-dober', '連鎖事件');
INSERT INTO card_event_choices (choice_id, event_id, choice_label, chain_index, speed, stamina, strength, willpower, intelligence, hp, mood, skill_point, character_favor, event_condition, is_random_value, is_random_attribute, is_random_block_training, is_end_chained_event) VALUES (1587, 898, 'None', 2, 0, 0, 0, 3, 3, 0, 0, 5, 0, null, 0, 0, 0, 0);
INSERT INTO card_events (event_id, event_name, uma_id, uma_name, category) VALUES (899, '(❯❯❯) 進三步退兩步，仍是一步', 30041, 'mejiro-dober', '連鎖事件');
INSERT INTO card_event_choices (choice_id, event_id, choice_label, chain_index, speed, stamina, strength, willpower, intelligence, hp, mood, skill_point, character_favor, event_condition, is_random_value, is_random_attribute, is_random_block_training, is_end_chained_event) VALUES (1588, 899, 'None', 3, 0, 0, 0, 5, 5, -10, 0, 0, 0, null, 0, 0, 0, 0);
INSERT INTO card_events (event_id, event_name, uma_id, uma_name, category) VALUES (900, '可以做看看', 30041, 'mejiro-dober', '隨機事件');
INSERT INTO card_event_choices (choice_id, event_id, choice_label, chain_index, speed, stamina, strength, willpower, intelligence, hp, mood, skill_point, character_favor, event_condition, is_random_value, is_random_attribute, is_random_block_training, is_end_chained_event) VALUES (1589, 900, 'Up', 3, 0, 0, 0, 0, 0, 15, 0, 0, 5, null, 0, 0, 0, 0);
INSERT INTO card_event_choices (choice_id, event_id, choice_label, chain_index, speed, stamina, strength, willpower, intelligence, hp, mood, skill_point, character_favor, event_condition, is_random_value, is_random_attribute, is_random_block_training, is_end_chained_event) VALUES (1590, 900, 'Down', 3, 0, 0, 0, 0, 0, 0, 1, 15, 5, null, 0, 0, 0, 0);
INSERT INTO card_events (event_id, event_name, uma_id, uma_name, category) VALUES (901, '會感到高興嗎……', 30041, 'mejiro-dober', '隨機事件');
INSERT INTO card_event_choices (choice_id, event_id, choice_label, chain_index, speed, stamina, strength, willpower, intelligence, hp, mood, skill_point, character_favor, event_condition, is_random_value, is_random_attribute, is_random_block_training, is_end_chained_event) VALUES (1591, 901, 'Up', 3, 0, 0, 0, 0, 0, 0, 0, 45, 5, null, 0, 0, 0, 0);
INSERT INTO card_event_choices (choice_id, event_id, choice_label, chain_index, speed, stamina, strength, willpower, intelligence, hp, mood, skill_point, character_favor, event_condition, is_random_value, is_random_attribute, is_random_block_training, is_end_chained_event) VALUES (1592, 901, 'Down', 3, 0, 0, 0, 0, 0, 0, 0, 0, 5, null, 0, 0, 0, 0);
INSERT INTO card_table (count, uma_id, uma_name) VALUES (255, 30042, 'bamboo-memory');
INSERT INTO card_events (event_id, event_name, uma_id, uma_name, category) VALUES (902, '(❯) 目標成為得分王！', 30042, 'bamboo-memory', '連鎖事件');
INSERT INTO card_event_choices (choice_id, event_id, choice_label, chain_index, speed, stamina, strength, willpower, intelligence, hp, mood, skill_point, character_favor, event_condition, is_random_value, is_random_attribute, is_random_block_training, is_end_chained_event) VALUES (1593, 902, 'None', 1, 0, 3, 3, 3, 0, -5, 0, 0, 5, null, 0, 0, 0, 0);
INSERT INTO card_events (event_id, event_name, uma_id, uma_name, category) VALUES (903, '(❯❯) 不論是誰都必須遵守紀律！', 30042, 'bamboo-memory', '連鎖事件');
INSERT INTO card_event_choices (choice_id, event_id, choice_label, chain_index, speed, stamina, strength, willpower, intelligence, hp, mood, skill_point, character_favor, event_condition, is_random_value, is_random_attribute, is_random_block_training, is_end_chained_event) VALUES (1594, 903, 'Up', 2, 0, 15, 20, 15, 0, -6, 0, 0, 5, null, 1, 0, 0, 0);
INSERT INTO card_event_choices (choice_id, event_id, choice_label, chain_index, speed, stamina, strength, willpower, intelligence, hp, mood, skill_point, character_favor, event_condition, is_random_value, is_random_attribute, is_random_block_training, is_end_chained_event) VALUES (1595, 903, 'Up', 2, 0, 15, 20, 10, 0, -15, 0, 0, 5, null, 0, 0, 0, 0);
INSERT INTO card_event_choices (choice_id, event_id, choice_label, chain_index, speed, stamina, strength, willpower, intelligence, hp, mood, skill_point, character_favor, event_condition, is_random_value, is_random_attribute, is_random_block_training, is_end_chained_event) VALUES (1596, 903, 'Up', 2, 0, 10, 0, 10, 0, -20, 0, 0, 0, null, 0, 0, 0, 0);
INSERT INTO card_event_choices (choice_id, event_id, choice_label, chain_index, speed, stamina, strength, willpower, intelligence, hp, mood, skill_point, character_favor, event_condition, is_random_value, is_random_attribute, is_random_block_training, is_end_chained_event) VALUES (1597, 903, 'Middle', 2, 0, 10, 10, 0, 0, -5, 1, 0, 5, null, 0, 0, 0, 0);
INSERT INTO card_event_choices (choice_id, event_id, choice_label, chain_index, speed, stamina, strength, willpower, intelligence, hp, mood, skill_point, character_favor, event_condition, is_random_value, is_random_attribute, is_random_block_training, is_end_chained_event) VALUES (1598, 903, 'Down', 2, 0, 0, 0, 0, 0, 30, 0, 0, 0, null, 0, 0, 0, 1);
INSERT INTO card_events (event_id, event_name, uma_id, uma_name, category) VALUES (904, '(❯❯❯) 為了有天能被稱作勁敵！', 30042, 'bamboo-memory', '連鎖事件');
INSERT INTO card_event_choices (choice_id, event_id, choice_label, chain_index, speed, stamina, strength, willpower, intelligence, hp, mood, skill_point, character_favor, event_condition, is_random_value, is_random_attribute, is_random_block_training, is_end_chained_event) VALUES (1599, 904, 'None', 3, 0, 15, 20, 0, 0, -1, 0, 0, 5, null, 1, 0, 0, 0);
INSERT INTO card_event_choices (choice_id, event_id, choice_label, chain_index, speed, stamina, strength, willpower, intelligence, hp, mood, skill_point, character_favor, event_condition, is_random_value, is_random_attribute, is_random_block_training, is_end_chained_event) VALUES (1600, 904, 'None', 3, 0, 10, 15, 0, 0, -15, 0, 0, 5, null, 0, 0, 0, 0);
INSERT INTO card_events (event_id, event_name, uma_id, uma_name, category) VALUES (905, '勁敵，擊倒！', 30042, 'bamboo-memory', '隨機事件');
INSERT INTO card_event_choices (choice_id, event_id, choice_label, chain_index, speed, stamina, strength, willpower, intelligence, hp, mood, skill_point, character_favor, event_condition, is_random_value, is_random_attribute, is_random_block_training, is_end_chained_event) VALUES (1601, 905, 'Up', 3, 0, 0, 0, 10, 0, 0, 0, 0, 5, null, 0, 0, 0, 0);
INSERT INTO card_event_choices (choice_id, event_id, choice_label, chain_index, speed, stamina, strength, willpower, intelligence, hp, mood, skill_point, character_favor, event_condition, is_random_value, is_random_attribute, is_random_block_training, is_end_chained_event) VALUES (1602, 905, 'Down', 3, 0, 0, 0, 0, 0, -1, 0, 0, 5, null, 0, 0, 0, 0);
INSERT INTO card_events (event_id, event_name, uma_id, uma_name, category) VALUES (906, '麻煩事，儘管來吧！', 30042, 'bamboo-memory', '隨機事件');
INSERT INTO card_event_choices (choice_id, event_id, choice_label, chain_index, speed, stamina, strength, willpower, intelligence, hp, mood, skill_point, character_favor, event_condition, is_random_value, is_random_attribute, is_random_block_training, is_end_chained_event) VALUES (1603, 906, 'Up', 3, 0, 5, 0, 5, 0, 0, 0, 0, 5, null, 0, 0, 0, 0);
INSERT INTO card_event_choices (choice_id, event_id, choice_label, chain_index, speed, stamina, strength, willpower, intelligence, hp, mood, skill_point, character_favor, event_condition, is_random_value, is_random_attribute, is_random_block_training, is_end_chained_event) VALUES (1604, 906, 'Down', 3, 0, 0, 0, 0, 0, -10, 0, 0, 5, null, 0, 0, 0, 0);
INSERT INTO card_table (count, uma_id, uma_name) VALUES (256, 30043, 'nakayama-festa');
INSERT INTO card_events (event_id, event_name, uma_id, uma_name, category) VALUES (907, '(❯) 預兆的夜晚', 30043, 'nakayama-festa', '連鎖事件');
INSERT INTO card_event_choices (choice_id, event_id, choice_label, chain_index, speed, stamina, strength, willpower, intelligence, hp, mood, skill_point, character_favor, event_condition, is_random_value, is_random_attribute, is_random_block_training, is_end_chained_event) VALUES (1605, 907, 'Up', 1, 0, 10, 0, 5, 0, 0, 0, 10, 5, null, 0, 0, 0, 0);
INSERT INTO card_event_choices (choice_id, event_id, choice_label, chain_index, speed, stamina, strength, willpower, intelligence, hp, mood, skill_point, character_favor, event_condition, is_random_value, is_random_attribute, is_random_block_training, is_end_chained_event) VALUES (1606, 907, 'Down', 1, 0, 0, 0, 0, 0, -10, 0, 5, 5, null, 0, 0, 0, 0);
INSERT INTO card_events (event_id, event_name, uma_id, uma_name, category) VALUES (908, '(❯❯) 火花四散的白晝', 30043, 'nakayama-festa', '連鎖事件');
INSERT INTO card_event_choices (choice_id, event_id, choice_label, chain_index, speed, stamina, strength, willpower, intelligence, hp, mood, skill_point, character_favor, event_condition, is_random_value, is_random_attribute, is_random_block_training, is_end_chained_event) VALUES (1607, 908, 'None', 2, 0, 0, 0, 0, 0, 0, 0, 25, 5, null, 0, 0, 0, 0);
INSERT INTO card_events (event_id, event_name, uma_id, uma_name, category) VALUES (909, '(❯❯❯) 融入黑暗的傍晚', 30043, 'nakayama-festa', '連鎖事件');
INSERT INTO card_event_choices (choice_id, event_id, choice_label, chain_index, speed, stamina, strength, willpower, intelligence, hp, mood, skill_point, character_favor, event_condition, is_random_value, is_random_attribute, is_random_block_training, is_end_chained_event) VALUES (1608, 909, 'None', 3, 0, 0, 0, 0, 0, 0, 0, 40, 5, null, 1, 0, 0, 0);
INSERT INTO card_event_choices (choice_id, event_id, choice_label, chain_index, speed, stamina, strength, willpower, intelligence, hp, mood, skill_point, character_favor, event_condition, is_random_value, is_random_attribute, is_random_block_training, is_end_chained_event) VALUES (1609, 909, 'None', 3, 0, 15, 0, 15, 0, 0, 0, 20, 5, null, 0, 0, 0, 0);
INSERT INTO card_event_choices (choice_id, event_id, choice_label, chain_index, speed, stamina, strength, willpower, intelligence, hp, mood, skill_point, character_favor, event_condition, is_random_value, is_random_attribute, is_random_block_training, is_end_chained_event) VALUES (1610, 909, 'None', 3, 0, 0, 0, 10, 0, 0, -1, 0, 5, null, 0, 0, 0, 0);
INSERT INTO card_events (event_id, event_name, uma_id, uma_name, category) VALUES (910, '黃昏時分決一勝負', 30043, 'nakayama-festa', '隨機事件');
INSERT INTO card_event_choices (choice_id, event_id, choice_label, chain_index, speed, stamina, strength, willpower, intelligence, hp, mood, skill_point, character_favor, event_condition, is_random_value, is_random_attribute, is_random_block_training, is_end_chained_event) VALUES (1611, 910, 'Up', 3, 0, 0, 0, 0, 0, 15, 0, 0, 5, null, 0, 0, 0, 0);
INSERT INTO card_event_choices (choice_id, event_id, choice_label, chain_index, speed, stamina, strength, willpower, intelligence, hp, mood, skill_point, character_favor, event_condition, is_random_value, is_random_attribute, is_random_block_training, is_end_chained_event) VALUES (1612, 910, 'Down', 3, 0, 0, 0, 15, 0, 0, 0, 0, 5, null, 0, 0, 0, 0);
INSERT INTO card_events (event_id, event_name, uma_id, uma_name, category) VALUES (911, '黃昏時分的獨食', 30043, 'nakayama-festa', '隨機事件');
INSERT INTO card_event_choices (choice_id, event_id, choice_label, chain_index, speed, stamina, strength, willpower, intelligence, hp, mood, skill_point, character_favor, event_condition, is_random_value, is_random_attribute, is_random_block_training, is_end_chained_event) VALUES (1613, 911, 'Up', 3, 0, 0, 0, 0, 0, 0, 0, 0, 5, null, 0, 0, 0, 0);
INSERT INTO card_event_choices (choice_id, event_id, choice_label, chain_index, speed, stamina, strength, willpower, intelligence, hp, mood, skill_point, character_favor, event_condition, is_random_value, is_random_attribute, is_random_block_training, is_end_chained_event) VALUES (1614, 911, 'Down', 3, 0, 0, 0, 0, 0, 0, 0, 0, 5, null, 0, 0, 0, 0);
INSERT INTO card_table (count, uma_id, uma_name) VALUES (257, 30044, 'narita-brian');
INSERT INTO card_events (event_id, event_name, uma_id, uma_name, category) VALUES (912, '(❯) 賽場規劃師白仁', 30044, 'narita-brian', '連鎖事件');
INSERT INTO card_event_choices (choice_id, event_id, choice_label, chain_index, speed, stamina, strength, willpower, intelligence, hp, mood, skill_point, character_favor, event_condition, is_random_value, is_random_attribute, is_random_block_training, is_end_chained_event) VALUES (1615, 912, 'None', 1, 5, 0, 0, 0, 0, 4, 0, 0, 0, null, 0, 0, 0, 0);
INSERT INTO card_events (event_id, event_name, uma_id, uma_name, category) VALUES (913, '(❯❯) 只有姊姊知道', 30044, 'narita-brian', '連鎖事件');
INSERT INTO card_event_choices (choice_id, event_id, choice_label, chain_index, speed, stamina, strength, willpower, intelligence, hp, mood, skill_point, character_favor, event_condition, is_random_value, is_random_attribute, is_random_block_training, is_end_chained_event) VALUES (1616, 913, 'None', 2, 20, 0, 0, 0, 0, -10, 0, 0, 0, null, 0, 0, 0, 0);
INSERT INTO card_events (event_id, event_name, uma_id, uma_name, category) VALUES (914, '(❯❯❯) 朝夢想的延續奔馳', 30044, 'narita-brian', '連鎖事件');
INSERT INTO card_event_choices (choice_id, event_id, choice_label, chain_index, speed, stamina, strength, willpower, intelligence, hp, mood, skill_point, character_favor, event_condition, is_random_value, is_random_attribute, is_random_block_training, is_end_chained_event) VALUES (1617, 914, 'None', 3, 20, 0, 0, 0, 0, -10, 0, 0, 0, null, 0, 0, 0, 0);
INSERT INTO card_events (event_id, event_name, uma_id, uma_name, category) VALUES (915, '學生會幹部！', 30044, 'narita-brian', '隨機事件');
INSERT INTO card_event_choices (choice_id, event_id, choice_label, chain_index, speed, stamina, strength, willpower, intelligence, hp, mood, skill_point, character_favor, event_condition, is_random_value, is_random_attribute, is_random_block_training, is_end_chained_event) VALUES (1618, 915, 'Up', 3, 5, 0, 0, 0, 0, 0, 1, 0, 5, null, 0, 0, 0, 0);
INSERT INTO card_event_choices (choice_id, event_id, choice_label, chain_index, speed, stamina, strength, willpower, intelligence, hp, mood, skill_point, character_favor, event_condition, is_random_value, is_random_attribute, is_random_block_training, is_end_chained_event) VALUES (1619, 915, 'Down', 3, 0, 0, 0, 0, 0, 4, 0, 0, 5, null, 0, 0, 0, 0);
INSERT INTO card_events (event_id, event_name, uma_id, uma_name, category) VALUES (916, '獨行俠', 30044, 'narita-brian', '隨機事件');
INSERT INTO card_event_choices (choice_id, event_id, choice_label, chain_index, speed, stamina, strength, willpower, intelligence, hp, mood, skill_point, character_favor, event_condition, is_random_value, is_random_attribute, is_random_block_training, is_end_chained_event) VALUES (1620, 916, 'Up', 3, 3, 3, 3, 0, 0, 0, 0, 0, 5, null, 0, 0, 0, 0);
INSERT INTO card_event_choices (choice_id, event_id, choice_label, chain_index, speed, stamina, strength, willpower, intelligence, hp, mood, skill_point, character_favor, event_condition, is_random_value, is_random_attribute, is_random_block_training, is_end_chained_event) VALUES (1621, 916, 'Down', 3, 0, 0, 0, 0, 0, 0, 0, 0, 5, null, 0, 0, 0, 0);
INSERT INTO card_table (count, uma_id, uma_name) VALUES (258, 30045, 'sweep-tosho');
INSERT INTO card_events (event_id, event_name, uma_id, uma_name, category) VALUES (917, '(❯) 善變的天才魔法少女Sweepy☆', 30045, 'sweep-tosho', '連鎖事件');
INSERT INTO card_event_choices (choice_id, event_id, choice_label, chain_index, speed, stamina, strength, willpower, intelligence, hp, mood, skill_point, character_favor, event_condition, is_random_value, is_random_attribute, is_random_block_training, is_end_chained_event) VALUES (1622, 917, 'Up', 1, 0, 0, 0, 0, 0, 0, 1, 0, 5, null, 1, 0, 0, 0);
INSERT INTO card_event_choices (choice_id, event_id, choice_label, chain_index, speed, stamina, strength, willpower, intelligence, hp, mood, skill_point, character_favor, event_condition, is_random_value, is_random_attribute, is_random_block_training, is_end_chained_event) VALUES (1623, 917, 'Up', 1, 0, 0, 0, 0, 5, 0, -1, 0, 5, null, 0, 0, 0, 0);
INSERT INTO card_event_choices (choice_id, event_id, choice_label, chain_index, speed, stamina, strength, willpower, intelligence, hp, mood, skill_point, character_favor, event_condition, is_random_value, is_random_attribute, is_random_block_training, is_end_chained_event) VALUES (1624, 917, 'Down', 1, 0, 0, 0, 0, 0, 0, 0, 15, 5, null, 0, 0, 0, 0);
INSERT INTO card_events (event_id, event_name, uma_id, uma_name, category) VALUES (918, '(❯❯) 甜蜜蜜☆苦澀澀☆黑魔法', 30045, 'sweep-tosho', '連鎖事件');
INSERT INTO card_event_choices (choice_id, event_id, choice_label, chain_index, speed, stamina, strength, willpower, intelligence, hp, mood, skill_point, character_favor, event_condition, is_random_value, is_random_attribute, is_random_block_training, is_end_chained_event) VALUES (1625, 918, 'Up', 2, 0, 0, 0, 0, 0, 10, 0, 20, 5, null, 1, 0, 0, 0);
INSERT INTO card_event_choices (choice_id, event_id, choice_label, chain_index, speed, stamina, strength, willpower, intelligence, hp, mood, skill_point, character_favor, event_condition, is_random_value, is_random_attribute, is_random_block_training, is_end_chained_event) VALUES (1626, 918, 'Up', 2, 0, 0, 0, 0, 0, -10, 0, 15, 5, null, 0, 0, 0, 0);
INSERT INTO card_event_choices (choice_id, event_id, choice_label, chain_index, speed, stamina, strength, willpower, intelligence, hp, mood, skill_point, character_favor, event_condition, is_random_value, is_random_attribute, is_random_block_training, is_end_chained_event) VALUES (1627, 918, 'Down', 2, 0, 0, 0, 0, 10, 0, 0, 0, 5, null, 0, 0, 0, 0);
INSERT INTO card_events (event_id, event_name, uma_id, uma_name, category) VALUES (919, '(❯❯❯) 少女心情如花朵變化☆彡', 30045, 'sweep-tosho', '連鎖事件');
INSERT INTO card_event_choices (choice_id, event_id, choice_label, chain_index, speed, stamina, strength, willpower, intelligence, hp, mood, skill_point, character_favor, event_condition, is_random_value, is_random_attribute, is_random_block_training, is_end_chained_event) VALUES (1628, 919, 'None', 3, 5, 0, 0, 0, 5, 0, 0, 0, 0, null, 0, 0, 0, 0);
INSERT INTO card_events (event_id, event_name, uma_id, uma_name, category) VALUES (920, 'Miracle☆Escape！', 30045, 'sweep-tosho', '隨機事件');
INSERT INTO card_event_choices (choice_id, event_id, choice_label, chain_index, speed, stamina, strength, willpower, intelligence, hp, mood, skill_point, character_favor, event_condition, is_random_value, is_random_attribute, is_random_block_training, is_end_chained_event) VALUES (1629, 920, 'Up', 3, 5, 0, 0, 0, 0, 10, 0, 0, 5, null, 0, 0, 0, 0);
INSERT INTO card_event_choices (choice_id, event_id, choice_label, chain_index, speed, stamina, strength, willpower, intelligence, hp, mood, skill_point, character_favor, event_condition, is_random_value, is_random_attribute, is_random_block_training, is_end_chained_event) VALUES (1630, 920, 'Down', 3, 20, 0, 0, 0, 0, -10, 0, 0, 5, null, 0, 0, 0, 0);
INSERT INTO card_events (event_id, event_name, uma_id, uma_name, category) VALUES (921, 'Wonderful☆Mistake！', 30045, 'sweep-tosho', '隨機事件');
INSERT INTO card_event_choices (choice_id, event_id, choice_label, chain_index, speed, stamina, strength, willpower, intelligence, hp, mood, skill_point, character_favor, event_condition, is_random_value, is_random_attribute, is_random_block_training, is_end_chained_event) VALUES (1631, 921, 'Up', 3, 0, 0, 0, 0, 0, -15, 0, 40, 0, null, 1, 0, 0, 0);
INSERT INTO card_event_choices (choice_id, event_id, choice_label, chain_index, speed, stamina, strength, willpower, intelligence, hp, mood, skill_point, character_favor, event_condition, is_random_value, is_random_attribute, is_random_block_training, is_end_chained_event) VALUES (1632, 921, 'Up', 3, 0, 0, 0, 0, 0, -20, 0, 40, 5, null, 0, 0, 0, 0);
INSERT INTO card_event_choices (choice_id, event_id, choice_label, chain_index, speed, stamina, strength, willpower, intelligence, hp, mood, skill_point, character_favor, event_condition, is_random_value, is_random_attribute, is_random_block_training, is_end_chained_event) VALUES (1633, 921, 'Down', 3, 0, 0, 0, 0, 0, 0, 0, 0, 5, '討人喜歡○', 0, 0, 0, 0);
INSERT INTO card_table (count, uma_id, uma_name) VALUES (259, 30046, 'winning-ticket');
INSERT INTO card_events (event_id, event_name, uma_id, uma_name, category) VALUES (922, '(❯) 券藏☆探險隊！', 30046, 'winning-ticket', '連鎖事件');
INSERT INTO card_event_choices (choice_id, event_id, choice_label, chain_index, speed, stamina, strength, willpower, intelligence, hp, mood, skill_point, character_favor, event_condition, is_random_value, is_random_attribute, is_random_block_training, is_end_chained_event) VALUES (1634, 922, 'None', 1, 10, 10, 0, 0, 0, 0, 0, 0, 5, null, 0, 0, 0, 0);
INSERT INTO card_events (event_id, event_name, uma_id, uma_name, category) VALUES (923, '(❯❯) 券藏☆友情！', 30046, 'winning-ticket', '連鎖事件');
INSERT INTO card_event_choices (choice_id, event_id, choice_label, chain_index, speed, stamina, strength, willpower, intelligence, hp, mood, skill_point, character_favor, event_condition, is_random_value, is_random_attribute, is_random_block_training, is_end_chained_event) VALUES (1635, 923, 'Up', 2, 0, 10, 0, 10, 0, 0, 0, 0, 10, null, 0, 0, 0, 0);
INSERT INTO card_event_choices (choice_id, event_id, choice_label, chain_index, speed, stamina, strength, willpower, intelligence, hp, mood, skill_point, character_favor, event_condition, is_random_value, is_random_attribute, is_random_block_training, is_end_chained_event) VALUES (1636, 923, 'Down', 2, 0, 0, 0, 0, 0, 25, 0, 0, -5, null, 0, 0, 0, 1);
INSERT INTO card_events (event_id, event_name, uma_id, uma_name, category) VALUES (924, '(❯❯❯) 券藏☆狂歡夜！', 30046, 'winning-ticket', '連鎖事件');
INSERT INTO card_event_choices (choice_id, event_id, choice_label, chain_index, speed, stamina, strength, willpower, intelligence, hp, mood, skill_point, character_favor, event_condition, is_random_value, is_random_attribute, is_random_block_training, is_end_chained_event) VALUES (1637, 924, 'None', 3, 15, 15, 0, 15, 0, 0, 0, 0, 0, null, 0, 0, 0, 0);
INSERT INTO card_events (event_id, event_name, uma_id, uma_name, category) VALUES (925, '全．力．肌．肉！！', 30046, 'winning-ticket', '隨機事件');
INSERT INTO card_event_choices (choice_id, event_id, choice_label, chain_index, speed, stamina, strength, willpower, intelligence, hp, mood, skill_point, character_favor, event_condition, is_random_value, is_random_attribute, is_random_block_training, is_end_chained_event) VALUES (1638, 925, 'Up', 3, 0, 5, 0, 0, 0, 0, 0, 15, 5, null, 0, 0, 0, 0);
INSERT INTO card_event_choices (choice_id, event_id, choice_label, chain_index, speed, stamina, strength, willpower, intelligence, hp, mood, skill_point, character_favor, event_condition, is_random_value, is_random_attribute, is_random_block_training, is_end_chained_event) VALUES (1639, 925, 'Down', 3, 0, 0, 0, 0, 0, 0, 1, 15, 5, null, 0, 0, 0, 0);
INSERT INTO card_events (event_id, event_name, uma_id, uma_name, category) VALUES (926, '全．力．競．速！！', 30046, 'winning-ticket', '隨機事件');
INSERT INTO card_event_choices (choice_id, event_id, choice_label, chain_index, speed, stamina, strength, willpower, intelligence, hp, mood, skill_point, character_favor, event_condition, is_random_value, is_random_attribute, is_random_block_training, is_end_chained_event) VALUES (1640, 926, 'Up', 3, 0, 0, 0, 0, 0, 0, 0, 0, 5, null, 0, 0, 0, 0);
INSERT INTO card_event_choices (choice_id, event_id, choice_label, chain_index, speed, stamina, strength, willpower, intelligence, hp, mood, skill_point, character_favor, event_condition, is_random_value, is_random_attribute, is_random_block_training, is_end_chained_event) VALUES (1641, 926, 'Down', 3, 0, 0, 0, 0, 0, 0, 0, 30, 5, null, 0, 0, 0, 0);
INSERT INTO card_table (count, uma_id, uma_name) VALUES (260, 30047, 'daiwa-scarlet');
INSERT INTO card_events (event_id, event_name, uma_id, uma_name, category) VALUES (927, '(❯) 反應也是第一！？', 30047, 'daiwa-scarlet', '連鎖事件');
INSERT INTO card_event_choices (choice_id, event_id, choice_label, chain_index, speed, stamina, strength, willpower, intelligence, hp, mood, skill_point, character_favor, event_condition, is_random_value, is_random_attribute, is_random_block_training, is_end_chained_event) VALUES (1642, 927, 'Up', 1, 3, 0, 3, 0, 3, 0, 0, 0, 5, null, 0, 0, 0, 0);
INSERT INTO card_event_choices (choice_id, event_id, choice_label, chain_index, speed, stamina, strength, willpower, intelligence, hp, mood, skill_point, character_favor, event_condition, is_random_value, is_random_attribute, is_random_block_training, is_end_chained_event) VALUES (1643, 927, 'Down', 1, 0, 0, 0, 0, 0, 15, 0, 0, 0, null, 0, 0, 0, 1);
INSERT INTO card_events (event_id, event_name, uma_id, uma_name, category) VALUES (928, '(❯❯) 從恐怖中學習驚嚇的表情', 30047, 'daiwa-scarlet', '連鎖事件');
INSERT INTO card_event_choices (choice_id, event_id, choice_label, chain_index, speed, stamina, strength, willpower, intelligence, hp, mood, skill_point, character_favor, event_condition, is_random_value, is_random_attribute, is_random_block_training, is_end_chained_event) VALUES (1644, 928, 'None', 2, 0, 0, 5, 0, 5, 0, 0, 0, 0, null, 0, 0, 0, 0);
INSERT INTO card_events (event_id, event_name, uma_id, uma_name, category) VALUES (929, '(❯❯❯) 放開自我☆游泳池畔', 30047, 'daiwa-scarlet', '連鎖事件');
INSERT INTO card_event_choices (choice_id, event_id, choice_label, chain_index, speed, stamina, strength, willpower, intelligence, hp, mood, skill_point, character_favor, event_condition, is_random_value, is_random_attribute, is_random_block_training, is_end_chained_event) VALUES (1645, 929, 'None', 3, 0, 0, 10, 0, 0, -5, 0, 0, 0, null, 1, 0, 0, 0);
INSERT INTO card_event_choices (choice_id, event_id, choice_label, chain_index, speed, stamina, strength, willpower, intelligence, hp, mood, skill_point, character_favor, event_condition, is_random_value, is_random_attribute, is_random_block_training, is_end_chained_event) VALUES (1646, 929, 'None', 3, 0, 0, 5, 0, 0, -5, 0, 0, 0, null, 0, 0, 0, 0);
INSERT INTO card_events (event_id, event_name, uma_id, uma_name, category) VALUES (930, '明天贏的人是我！', 30047, 'daiwa-scarlet', '隨機事件');
INSERT INTO card_event_choices (choice_id, event_id, choice_label, chain_index, speed, stamina, strength, willpower, intelligence, hp, mood, skill_point, character_favor, event_condition, is_random_value, is_random_attribute, is_random_block_training, is_end_chained_event) VALUES (1647, 930, 'Up', 3, 0, 0, 0, 0, 10, 0, 0, 0, 5, null, 0, 0, 0, 0);
INSERT INTO card_event_choices (choice_id, event_id, choice_label, chain_index, speed, stamina, strength, willpower, intelligence, hp, mood, skill_point, character_favor, event_condition, is_random_value, is_random_attribute, is_random_block_training, is_end_chained_event) VALUES (1648, 930, 'Down', 3, 0, 0, 0, 0, 0, 0, 1, 15, 5, null, 0, 0, 0, 0);
INSERT INTO card_events (event_id, event_name, uma_id, uma_name, category) VALUES (931, '這點小事沒問題的！', 30047, 'daiwa-scarlet', '隨機事件');
INSERT INTO card_event_choices (choice_id, event_id, choice_label, chain_index, speed, stamina, strength, willpower, intelligence, hp, mood, skill_point, character_favor, event_condition, is_random_value, is_random_attribute, is_random_block_training, is_end_chained_event) VALUES (1649, 931, 'Up', 3, 0, 1, 0, 0, 0, 0, 0, 0, 5, null, 0, 0, 0, 0);
INSERT INTO card_event_choices (choice_id, event_id, choice_label, chain_index, speed, stamina, strength, willpower, intelligence, hp, mood, skill_point, character_favor, event_condition, is_random_value, is_random_attribute, is_random_block_training, is_end_chained_event) VALUES (1650, 931, 'Down', 3, 0, 0, 0, 0, 0, 20, 1, 0, 5, null, 0, 0, 0, 0);
INSERT INTO card_table (count, uma_id, uma_name) VALUES (261, 30048, 'mejiro-ryan');
INSERT INTO card_events (event_id, event_name, uma_id, uma_name, category) VALUES (932, '(❯) 心跳下午茶！', 30048, 'mejiro-ryan', '連鎖事件');
INSERT INTO card_event_choices (choice_id, event_id, choice_label, chain_index, speed, stamina, strength, willpower, intelligence, hp, mood, skill_point, character_favor, event_condition, is_random_value, is_random_attribute, is_random_block_training, is_end_chained_event) VALUES (1651, 932, 'Up', 1, 0, 0, 0, 0, 0, 10, 1, 0, 0, null, 0, 0, 0, 0);
INSERT INTO card_event_choices (choice_id, event_id, choice_label, chain_index, speed, stamina, strength, willpower, intelligence, hp, mood, skill_point, character_favor, event_condition, is_random_value, is_random_attribute, is_random_block_training, is_end_chained_event) VALUES (1652, 932, 'Down', 1, 0, 0, 0, 0, 10, 0, 0, 15, 0, null, 0, 0, 0, 0);
INSERT INTO card_events (event_id, event_name, uma_id, uma_name, category) VALUES (933, '(❯❯) 沸騰的全壘打打比！', 30048, 'mejiro-ryan', '連鎖事件');
INSERT INTO card_event_choices (choice_id, event_id, choice_label, chain_index, speed, stamina, strength, willpower, intelligence, hp, mood, skill_point, character_favor, event_condition, is_random_value, is_random_attribute, is_random_block_training, is_end_chained_event) VALUES (1653, 933, 'None', 2, 0, 0, 10, 5, 0, 0, 0, 0, 0, null, 0, 0, 0, 0);
INSERT INTO card_events (event_id, event_name, uma_id, uma_name, category) VALUES (934, '(❯❯❯) 不屈不撓的燃燒之心！！', 30048, 'mejiro-ryan', '連鎖事件');
INSERT INTO card_event_choices (choice_id, event_id, choice_label, chain_index, speed, stamina, strength, willpower, intelligence, hp, mood, skill_point, character_favor, event_condition, is_random_value, is_random_attribute, is_random_block_training, is_end_chained_event) VALUES (1654, 934, 'None', 3, 0, 0, 10, 5, 0, 0, 0, 0, 0, null, 0, 0, 0, 0);
INSERT INTO card_events (event_id, event_name, uma_id, uma_name, category) VALUES (935, '與肌肉一起邁向明天！', 30048, 'mejiro-ryan', '隨機事件');
INSERT INTO card_event_choices (choice_id, event_id, choice_label, chain_index, speed, stamina, strength, willpower, intelligence, hp, mood, skill_point, character_favor, event_condition, is_random_value, is_random_attribute, is_random_block_training, is_end_chained_event) VALUES (1655, 935, 'Up', 3, 0, 0, 15, 0, 0, -10, 0, 0, 5, null, 0, 0, 0, 0);
INSERT INTO card_event_choices (choice_id, event_id, choice_label, chain_index, speed, stamina, strength, willpower, intelligence, hp, mood, skill_point, character_favor, event_condition, is_random_value, is_random_attribute, is_random_block_training, is_end_chained_event) VALUES (1656, 935, 'Down', 3, 0, 0, 5, 0, 0, 4, 0, 0, 5, null, 0, 0, 0, 0);
INSERT INTO card_events (event_id, event_name, uma_id, uma_name, category) VALUES (936, '只是被人推薦', 30048, 'mejiro-ryan', '隨機事件');
INSERT INTO card_event_choices (choice_id, event_id, choice_label, chain_index, speed, stamina, strength, willpower, intelligence, hp, mood, skill_point, character_favor, event_condition, is_random_value, is_random_attribute, is_random_block_training, is_end_chained_event) VALUES (1657, 936, 'Up', 3, 0, 0, 0, 0, 0, 0, 0, 0, 5, null, 0, 0, 0, 0);
INSERT INTO card_event_choices (choice_id, event_id, choice_label, chain_index, speed, stamina, strength, willpower, intelligence, hp, mood, skill_point, character_favor, event_condition, is_random_value, is_random_attribute, is_random_block_training, is_end_chained_event) VALUES (1658, 936, 'Down', 3, 0, 0, 0, 0, 0, 30, 0, 0, 5, null, 0, 0, 0, 0);
INSERT INTO card_table (count, uma_id, uma_name) VALUES (262, 30052, 'light-hello');
INSERT INTO card_events (event_id, event_name, uma_id, uma_name, category) VALUES (937, '(❯) 在風暴洋假寐', 30052, 'light-hello', '外出');
INSERT INTO card_event_choices (choice_id, event_id, choice_label, chain_index, speed, stamina, strength, willpower, intelligence, hp, mood, skill_point, character_favor, event_condition, is_random_value, is_random_attribute, is_random_block_training, is_end_chained_event) VALUES (1659, 937, 'None', 1, 0, 0, 0, 0, 0, 29, 1, 0, 5, null, 0, 0, 0, 0);
INSERT INTO card_events (event_id, event_name, uma_id, uma_name, category) VALUES (938, '(❯❯) 第谷坑的光芒', 30052, 'light-hello', '外出');
INSERT INTO card_event_choices (choice_id, event_id, choice_label, chain_index, speed, stamina, strength, willpower, intelligence, hp, mood, skill_point, character_favor, event_condition, is_random_value, is_random_attribute, is_random_block_training, is_end_chained_event) VALUES (1660, 938, 'None', 2, 0, 0, 0, 10, 0, 25, 1, 0, 5, null, 0, 0, 0, 0);
INSERT INTO card_events (event_id, event_name, uma_id, uma_name, category) VALUES (939, '(❯❯❯) 用表岩屑隱藏', 30052, 'light-hello', '外出');
INSERT INTO card_event_choices (choice_id, event_id, choice_label, chain_index, speed, stamina, strength, willpower, intelligence, hp, mood, skill_point, character_favor, event_condition, is_random_value, is_random_attribute, is_random_block_training, is_end_chained_event) VALUES (1661, 939, 'Up', 3, 0, 0, 0, 0, 0, 50, 1, 0, 5, null, 0, 0, 0, 0);
INSERT INTO card_event_choices (choice_id, event_id, choice_label, chain_index, speed, stamina, strength, willpower, intelligence, hp, mood, skill_point, character_favor, event_condition, is_random_value, is_random_attribute, is_random_block_training, is_end_chained_event) VALUES (1662, 939, 'Down', 3, 15, 0, 0, 15, 0, 0, 1, 0, 5, null, 0, 0, 0, 0);
INSERT INTO card_events (event_id, event_name, uma_id, uma_name, category) VALUES (940, '(❯❯❯❯) 越過惠更斯山的你', 30052, 'light-hello', '外出');
INSERT INTO card_event_choices (choice_id, event_id, choice_label, chain_index, speed, stamina, strength, willpower, intelligence, hp, mood, skill_point, character_favor, event_condition, is_random_value, is_random_attribute, is_random_block_training, is_end_chained_event) VALUES (1663, 940, 'None', 4, 0, 0, 0, 10, 0, 30, 1, 0, 5, null, 0, 0, 0, 0);
INSERT INTO card_events (event_id, event_name, uma_id, uma_name, category) VALUES (941, '(❯❯❯❯❯) 在虹灣', 30052, 'light-hello', '外出');
INSERT INTO card_event_choices (choice_id, event_id, choice_label, chain_index, speed, stamina, strength, willpower, intelligence, hp, mood, skill_point, character_favor, event_condition, is_random_value, is_random_attribute, is_random_block_training, is_end_chained_event) VALUES (1664, 941, 'None', 5, 10, 0, 0, 10, 0, 30, 1, 0, 5, null, 1, 0, 0, 0);
INSERT INTO card_event_choices (choice_id, event_id, choice_label, chain_index, speed, stamina, strength, willpower, intelligence, hp, mood, skill_point, character_favor, event_condition, is_random_value, is_random_attribute, is_random_block_training, is_end_chained_event) VALUES (1665, 941, 'None', 5, 5, 0, 0, 5, 0, 20, 1, 0, 5, null, 0, 0, 0, 0);
INSERT INTO card_events (event_id, event_name, uma_id, uma_name, category) VALUES (942, '無時無刻不調查♪', 30052, 'light-hello', '隨機事件');
INSERT INTO card_event_choices (choice_id, event_id, choice_label, chain_index, speed, stamina, strength, willpower, intelligence, hp, mood, skill_point, character_favor, event_condition, is_random_value, is_random_attribute, is_random_block_training, is_end_chained_event) VALUES (1666, 942, 'Up', 5, 7, 0, 0, 7, 0, 0, 0, 0, 5, null, 0, 0, 0, 0);
INSERT INTO card_event_choices (choice_id, event_id, choice_label, chain_index, speed, stamina, strength, willpower, intelligence, hp, mood, skill_point, character_favor, event_condition, is_random_value, is_random_attribute, is_random_block_training, is_end_chained_event) VALUES (1667, 942, 'Down', 5, 0, 0, 0, 0, 0, 5, 1, 0, 5, null, 0, 0, 0, 0);
INSERT INTO card_events (event_id, event_name, uma_id, uma_name, category) VALUES (943, '收下意念之力……！', 30052, 'light-hello', '隨機事件');
INSERT INTO card_event_choices (choice_id, event_id, choice_label, chain_index, speed, stamina, strength, willpower, intelligence, hp, mood, skill_point, character_favor, event_condition, is_random_value, is_random_attribute, is_random_block_training, is_end_chained_event) VALUES (1668, 943, 'Up', 5, 7, 0, 0, 7, 0, 15, 1, 0, 5, null, 0, 0, 0, 0);
INSERT INTO card_event_choices (choice_id, event_id, choice_label, chain_index, speed, stamina, strength, willpower, intelligence, hp, mood, skill_point, character_favor, event_condition, is_random_value, is_random_attribute, is_random_block_training, is_end_chained_event) VALUES (1669, 943, 'Down', 5, 0, 0, 0, 0, 30, 0, 0, 30, -5, null, 0, 0, 0, 1);
INSERT INTO card_events (event_id, event_name, uma_id, uma_name, category) VALUES (944, '活動企畫明亮光暈', 30052, 'light-hello', '特殊事件');
INSERT INTO card_event_choices (choice_id, event_id, choice_label, chain_index, speed, stamina, strength, willpower, intelligence, hp, mood, skill_point, character_favor, event_condition, is_random_value, is_random_attribute, is_random_block_training, is_end_chained_event) VALUES (1670, 944, 'None', 5, 10, 0, 0, 10, 0, 0, 1, 0, 10, null, 0, 0, 0, 0);
INSERT INTO card_events (event_id, event_name, uma_id, uma_name, category) VALUES (945, '辛苦了……！', 30052, 'light-hello', '特殊事件');
INSERT INTO card_event_choices (choice_id, event_id, choice_label, chain_index, speed, stamina, strength, willpower, intelligence, hp, mood, skill_point, character_favor, event_condition, is_random_value, is_random_attribute, is_random_block_training, is_end_chained_event) VALUES (1671, 945, 'None', 5, 0, 0, 0, 3, 0, 0, 1, 3, 7, null, 1, 0, 0, 0);
INSERT INTO card_event_choices (choice_id, event_id, choice_label, chain_index, speed, stamina, strength, willpower, intelligence, hp, mood, skill_point, character_favor, event_condition, is_random_value, is_random_attribute, is_random_block_training, is_end_chained_event) VALUES (1672, 945, 'None', 5, 0, 0, 0, 3, 0, 0, 0, 3, 7, null, 0, 0, 0, 0);
INSERT INTO card_events (event_id, event_name, uma_id, uma_name, category) VALUES (946, '夜明千里共前行', 30052, 'light-hello', '特殊事件');
INSERT INTO card_event_choices (choice_id, event_id, choice_label, chain_index, speed, stamina, strength, willpower, intelligence, hp, mood, skill_point, character_favor, event_condition, is_random_value, is_random_attribute, is_random_block_training, is_end_chained_event) VALUES (1673, 946, 'None', 5, 20, 0, 0, 20, 0, 0, 0, 30, 0, null, 0, 0, 0, 0);
INSERT INTO card_events (event_id, event_name, uma_id, uma_name, category) VALUES (947, '直到滿盈之時', 30052, 'light-hello', '特殊事件');
INSERT INTO card_event_choices (choice_id, event_id, choice_label, chain_index, speed, stamina, strength, willpower, intelligence, hp, mood, skill_point, character_favor, event_condition, is_random_value, is_random_attribute, is_random_block_training, is_end_chained_event) VALUES (1674, 947, 'None', 5, 15, 0, 0, 15, 0, 0, 0, 20, 0, null, 0, 0, 0, 0);
INSERT INTO card_events (event_id, event_name, uma_id, uma_name, category) VALUES (948, '與光暈之間的情誼．今天要玩得盡興～', 30052, 'light-hello', '特殊事件');
INSERT INTO card_event_choices (choice_id, event_id, choice_label, chain_index, speed, stamina, strength, willpower, intelligence, hp, mood, skill_point, character_favor, event_condition, is_random_value, is_random_attribute, is_random_block_training, is_end_chained_event) VALUES (1675, 948, 'Up', 5, 10, 0, 0, 0, 0, 0, 2, 0, 5, null, 0, 0, 0, 0);
INSERT INTO card_event_choices (choice_id, event_id, choice_label, chain_index, speed, stamina, strength, willpower, intelligence, hp, mood, skill_point, character_favor, event_condition, is_random_value, is_random_attribute, is_random_block_training, is_end_chained_event) VALUES (1676, 948, 'Down', 5, 0, 0, 0, 10, 0, 15, 0, 0, 5, null, 0, 0, 0, 0);
INSERT INTO card_table (count, uma_id, uma_name) VALUES (263, 30053, 'taiki-shuttle');
INSERT INTO card_events (event_id, event_name, uma_id, uma_name, category) VALUES (949, '(❯) 教條之一：絕對不能疏於舉辦派對', 30053, 'taiki-shuttle', '連鎖事件');
INSERT INTO card_event_choices (choice_id, event_id, choice_label, chain_index, speed, stamina, strength, willpower, intelligence, hp, mood, skill_point, character_favor, event_condition, is_random_value, is_random_attribute, is_random_block_training, is_end_chained_event) VALUES (1677, 949, 'None', 1, 7, 0, 7, 0, 0, 0, 0, 0, 5, null, 0, 0, 0, 0);
INSERT INTO card_events (event_id, event_name, uma_id, uma_name, category) VALUES (950, '(❯❯) 教條之二：絕對不能放棄拍攝', 30053, 'taiki-shuttle', '連鎖事件');
INSERT INTO card_event_choices (choice_id, event_id, choice_label, chain_index, speed, stamina, strength, willpower, intelligence, hp, mood, skill_point, character_favor, event_condition, is_random_value, is_random_attribute, is_random_block_training, is_end_chained_event) VALUES (1678, 950, 'Up', 2, 0, 0, 15, 0, 0, 0, 0, 0, 5, null, 1, 0, 0, 0);
INSERT INTO card_event_choices (choice_id, event_id, choice_label, chain_index, speed, stamina, strength, willpower, intelligence, hp, mood, skill_point, character_favor, event_condition, is_random_value, is_random_attribute, is_random_block_training, is_end_chained_event) VALUES (1679, 950, 'Up', 2, 0, 0, 10, 0, 0, 0, 0, 0, 0, null, 0, 0, 0, 1);
INSERT INTO card_event_choices (choice_id, event_id, choice_label, chain_index, speed, stamina, strength, willpower, intelligence, hp, mood, skill_point, character_favor, event_condition, is_random_value, is_random_attribute, is_random_block_training, is_end_chained_event) VALUES (1680, 950, 'Down', 2, 10, 0, 0, 0, 0, 0, 0, 0, 5, null, 0, 0, 0, 0);
INSERT INTO card_events (event_id, event_name, uma_id, uma_name, category) VALUES (951, '(❯❯❯) 教條之三：活在當下', 30053, 'taiki-shuttle', '連鎖事件');
INSERT INTO card_event_choices (choice_id, event_id, choice_label, chain_index, speed, stamina, strength, willpower, intelligence, hp, mood, skill_point, character_favor, event_condition, is_random_value, is_random_attribute, is_random_block_training, is_end_chained_event) VALUES (1681, 951, 'None', 3, 10, 0, 10, 10, 0, 0, 0, 0, 5, null, 0, 0, 0, 0);
INSERT INTO card_events (event_id, event_name, uma_id, uma_name, category) VALUES (952, 'Yes！Let''s抱抱☆', 30053, 'taiki-shuttle', '隨機事件');
INSERT INTO card_event_choices (choice_id, event_id, choice_label, chain_index, speed, stamina, strength, willpower, intelligence, hp, mood, skill_point, character_favor, event_condition, is_random_value, is_random_attribute, is_random_block_training, is_end_chained_event) VALUES (1682, 952, 'Up', 3, 10, 0, 0, 0, 0, 0, 0, 0, 5, null, 0, 0, 0, 0);
INSERT INTO card_event_choices (choice_id, event_id, choice_label, chain_index, speed, stamina, strength, willpower, intelligence, hp, mood, skill_point, character_favor, event_condition, is_random_value, is_random_attribute, is_random_block_training, is_end_chained_event) VALUES (1683, 952, 'Down', 3, 5, 0, 5, 0, 0, 0, 0, 0, 5, null, 0, 0, 0, 0);
INSERT INTO card_events (event_id, event_name, uma_id, uma_name, category) VALUES (953, 'Oh！Tonight．派對☆', 30053, 'taiki-shuttle', '隨機事件');
INSERT INTO card_event_choices (choice_id, event_id, choice_label, chain_index, speed, stamina, strength, willpower, intelligence, hp, mood, skill_point, character_favor, event_condition, is_random_value, is_random_attribute, is_random_block_training, is_end_chained_event) VALUES (1684, 953, 'Up', 3, 5, 0, 10, 0, 0, -10, 0, 0, 5, null, 0, 0, 0, 0);
INSERT INTO card_event_choices (choice_id, event_id, choice_label, chain_index, speed, stamina, strength, willpower, intelligence, hp, mood, skill_point, character_favor, event_condition, is_random_value, is_random_attribute, is_random_block_training, is_end_chained_event) VALUES (1685, 953, 'Down', 3, 0, 0, 0, 0, 0, 0, 0, 0, 5, null, 0, 0, 0, 0);
INSERT INTO card_table (count, uma_id, uma_name) VALUES (264, 30054, 'nice-nature');
INSERT INTO card_events (event_id, event_name, uma_id, uma_name, category) VALUES (954, '(❯) 最強最無敵的素質小姐？', 30054, 'nice-nature', '連鎖事件');
INSERT INTO card_event_choices (choice_id, event_id, choice_label, chain_index, speed, stamina, strength, willpower, intelligence, hp, mood, skill_point, character_favor, event_condition, is_random_value, is_random_attribute, is_random_block_training, is_end_chained_event) VALUES (1686, 954, 'None', 1, 0, 0, 0, 5, 5, 0, 1, 0, 5, null, 0, 0, 0, 0);
INSERT INTO card_events (event_id, event_name, uma_id, uma_name, category) VALUES (955, '(❯❯) 難以壓抑的情緒', 30054, 'nice-nature', '連鎖事件');
INSERT INTO card_event_choices (choice_id, event_id, choice_label, chain_index, speed, stamina, strength, willpower, intelligence, hp, mood, skill_point, character_favor, event_condition, is_random_value, is_random_attribute, is_random_block_training, is_end_chained_event) VALUES (1687, 955, 'Up', 2, 0, 0, 0, 0, 0, 10, 0, 0, 5, null, 0, 0, 0, 0);
INSERT INTO card_event_choices (choice_id, event_id, choice_label, chain_index, speed, stamina, strength, willpower, intelligence, hp, mood, skill_point, character_favor, event_condition, is_random_value, is_random_attribute, is_random_block_training, is_end_chained_event) VALUES (1688, 955, 'Down', 2, 5, 0, 5, 0, 0, -5, 0, 0, 5, '治癒所有負', 0, 0, 0, 0);
INSERT INTO card_events (event_id, event_name, uma_id, uma_name, category) VALUES (956, '(❯❯❯) 用猜謎雪恥！！', 30054, 'nice-nature', '連鎖事件');
INSERT INTO card_event_choices (choice_id, event_id, choice_label, chain_index, speed, stamina, strength, willpower, intelligence, hp, mood, skill_point, character_favor, event_condition, is_random_value, is_random_attribute, is_random_block_training, is_end_chained_event) VALUES (1689, 956, 'None', 3, 5, 0, 0, 0, 5, 10, 0, 0, 5, null, 0, 0, 0, 0);
INSERT INTO card_events (event_id, event_name, uma_id, uma_name, category) VALUES (957, '（喵喵什麼的）並不適合我', 30054, 'nice-nature', '隨機事件');
INSERT INTO card_event_choices (choice_id, event_id, choice_label, chain_index, speed, stamina, strength, willpower, intelligence, hp, mood, skill_point, character_favor, event_condition, is_random_value, is_random_attribute, is_random_block_training, is_end_chained_event) VALUES (1690, 957, 'Up', 3, 0, 0, 0, 0, 0, 20, 0, 0, 5, null, 0, 0, 0, 0);
INSERT INTO card_event_choices (choice_id, event_id, choice_label, chain_index, speed, stamina, strength, willpower, intelligence, hp, mood, skill_point, character_favor, event_condition, is_random_value, is_random_attribute, is_random_block_training, is_end_chained_event) VALUES (1691, 957, 'Down', 3, 0, 0, 0, 0, 5, 10, 0, 0, 5, null, 0, 0, 0, 0);
INSERT INTO card_events (event_id, event_name, uma_id, uma_name, category) VALUES (958, '（好吃的）雞婆', 30054, 'nice-nature', '隨機事件');
INSERT INTO card_event_choices (choice_id, event_id, choice_label, chain_index, speed, stamina, strength, willpower, intelligence, hp, mood, skill_point, character_favor, event_condition, is_random_value, is_random_attribute, is_random_block_training, is_end_chained_event) VALUES (1692, 958, 'Up', 3, 0, 0, 0, 0, 0, 0, 0, 0, 5, null, 0, 0, 0, 0);
INSERT INTO card_event_choices (choice_id, event_id, choice_label, chain_index, speed, stamina, strength, willpower, intelligence, hp, mood, skill_point, character_favor, event_condition, is_random_value, is_random_attribute, is_random_block_training, is_end_chained_event) VALUES (1693, 958, 'Down', 3, 0, 0, 0, 0, 0, 4, 1, 0, 5, null, 0, 0, 0, 0);
INSERT INTO card_table (count, uma_id, uma_name) VALUES (265, 30055, 'seiun-sky');
INSERT INTO card_events (event_id, event_name, uma_id, uma_name, category) VALUES (959, '(❯) 突然開始的謀殺之謎！　其一', 30055, 'seiun-sky', '連鎖事件');
INSERT INTO card_event_choices (choice_id, event_id, choice_label, chain_index, speed, stamina, strength, willpower, intelligence, hp, mood, skill_point, character_favor, event_condition, is_random_value, is_random_attribute, is_random_block_training, is_end_chained_event) VALUES (1694, 959, 'Up', 1, 0, 0, 0, 0, 5, 0, 0, 20, 5, null, 0, 0, 0, 0);
INSERT INTO card_event_choices (choice_id, event_id, choice_label, chain_index, speed, stamina, strength, willpower, intelligence, hp, mood, skill_point, character_favor, event_condition, is_random_value, is_random_attribute, is_random_block_training, is_end_chained_event) VALUES (1695, 959, 'Down', 1, 0, 0, 0, 0, 0, 15, 0, 0, 5, null, 0, 0, 0, 0);
INSERT INTO card_events (event_id, event_name, uma_id, uma_name, category) VALUES (960, '(❯❯) 突然開始的謀殺之謎！　其二', 30055, 'seiun-sky', '連鎖事件');
INSERT INTO card_event_choices (choice_id, event_id, choice_label, chain_index, speed, stamina, strength, willpower, intelligence, hp, mood, skill_point, character_favor, event_condition, is_random_value, is_random_attribute, is_random_block_training, is_end_chained_event) VALUES (1696, 960, 'Up', 2, 0, 0, 0, 0, 10, 0, 0, 0, 5, null, 0, 0, 0, 0);
INSERT INTO card_event_choices (choice_id, event_id, choice_label, chain_index, speed, stamina, strength, willpower, intelligence, hp, mood, skill_point, character_favor, event_condition, is_random_value, is_random_attribute, is_random_block_training, is_end_chained_event) VALUES (1697, 960, 'Down', 2, 0, 0, 0, 0, 0, 10, 0, 10, 5, null, 0, 0, 0, 0);
INSERT INTO card_events (event_id, event_name, uma_id, uma_name, category) VALUES (961, '(❯❯❯) 突然開始的謀殺之謎！　其三', 30055, 'seiun-sky', '連鎖事件');
INSERT INTO card_event_choices (choice_id, event_id, choice_label, chain_index, speed, stamina, strength, willpower, intelligence, hp, mood, skill_point, character_favor, event_condition, is_random_value, is_random_attribute, is_random_block_training, is_end_chained_event) VALUES (1698, 961, 'Up', 3, 0, 0, 0, 0, 5, 0, 0, 0, 5, null, 1, 0, 0, 0);
INSERT INTO card_event_choices (choice_id, event_id, choice_label, chain_index, speed, stamina, strength, willpower, intelligence, hp, mood, skill_point, character_favor, event_condition, is_random_value, is_random_attribute, is_random_block_training, is_end_chained_event) VALUES (1699, 961, 'Up', 3, 0, 0, 0, 0, 20, 0, 0, 0, 5, null, 0, 0, 0, 0);
INSERT INTO card_event_choices (choice_id, event_id, choice_label, chain_index, speed, stamina, strength, willpower, intelligence, hp, mood, skill_point, character_favor, event_condition, is_random_value, is_random_attribute, is_random_block_training, is_end_chained_event) VALUES (1700, 961, 'Down', 3, 0, 10, 0, 0, 0, 10, 0, 15, 0, null, 0, 0, 0, 0);
INSERT INTO card_events (event_id, event_name, uma_id, uma_name, category) VALUES (962, '隨便招募，捕捉小貓的方法', 30055, 'seiun-sky', '隨機事件');
INSERT INTO card_event_choices (choice_id, event_id, choice_label, chain_index, speed, stamina, strength, willpower, intelligence, hp, mood, skill_point, character_favor, event_condition, is_random_value, is_random_attribute, is_random_block_training, is_end_chained_event) VALUES (1701, 962, 'Up', 3, 0, 0, 0, 0, 5, 10, 0, 0, 5, null, 0, 0, 0, 0);
INSERT INTO card_event_choices (choice_id, event_id, choice_label, chain_index, speed, stamina, strength, willpower, intelligence, hp, mood, skill_point, character_favor, event_condition, is_random_value, is_random_attribute, is_random_block_training, is_end_chained_event) VALUES (1702, 962, 'Down', 3, 15, 5, 0, 0, 0, -10, 0, 0, 5, null, 0, 0, 0, 0);
INSERT INTO card_events (event_id, event_name, uma_id, uma_name, category) VALUES (963, '隨便招募，給建議的人', 30055, 'seiun-sky', '隨機事件');
INSERT INTO card_event_choices (choice_id, event_id, choice_label, chain_index, speed, stamina, strength, willpower, intelligence, hp, mood, skill_point, character_favor, event_condition, is_random_value, is_random_attribute, is_random_block_training, is_end_chained_event) VALUES (1703, 963, 'Up', 3, 0, 0, 0, 0, 15, 0, 0, 0, 5, null, 0, 0, 0, 0);
INSERT INTO card_event_choices (choice_id, event_id, choice_label, chain_index, speed, stamina, strength, willpower, intelligence, hp, mood, skill_point, character_favor, event_condition, is_random_value, is_random_attribute, is_random_block_training, is_end_chained_event) VALUES (1704, 963, 'Down', 3, 0, 0, 0, 0, 0, 0, 0, 0, 5, null, 0, 0, 0, 0);
INSERT INTO card_table (count, uma_id, uma_name) VALUES (266, 30056, 'king-halo');
INSERT INTO card_events (event_id, event_name, uma_id, uma_name, category) VALUES (964, '(❯) 魅惑的邀請函', 30056, 'king-halo', '連鎖事件');
INSERT INTO card_event_choices (choice_id, event_id, choice_label, chain_index, speed, stamina, strength, willpower, intelligence, hp, mood, skill_point, character_favor, event_condition, is_random_value, is_random_attribute, is_random_block_training, is_end_chained_event) VALUES (1705, 964, 'Up', 1, 0, 0, 10, 0, 0, 0, 0, 0, 5, null, 0, 0, 0, 0);
INSERT INTO card_event_choices (choice_id, event_id, choice_label, chain_index, speed, stamina, strength, willpower, intelligence, hp, mood, skill_point, character_favor, event_condition, is_random_value, is_random_attribute, is_random_block_training, is_end_chained_event) VALUES (1706, 964, 'Down', 1, 0, 0, 0, 10, 0, 0, 0, 0, 5, null, 0, 0, 0, 0);
INSERT INTO card_events (event_id, event_name, uma_id, uma_name, category) VALUES (965, '(❯❯) 舞蹈家的尊嚴', 30056, 'king-halo', '連鎖事件');
INSERT INTO card_event_choices (choice_id, event_id, choice_label, chain_index, speed, stamina, strength, willpower, intelligence, hp, mood, skill_point, character_favor, event_condition, is_random_value, is_random_attribute, is_random_block_training, is_end_chained_event) VALUES (1707, 965, 'Up', 2, 0, 15, 15, 0, 0, -5, 0, 20, 5, null, 0, 0, 0, 0);
INSERT INTO card_event_choices (choice_id, event_id, choice_label, chain_index, speed, stamina, strength, willpower, intelligence, hp, mood, skill_point, character_favor, event_condition, is_random_value, is_random_attribute, is_random_block_training, is_end_chained_event) VALUES (1708, 965, 'Down', 2, 0, 0, 0, 0, 0, 15, 0, 20, 5, null, 0, 0, 0, 0);
INSERT INTO card_events (event_id, event_name, uma_id, uma_name, category) VALUES (966, '(❯❯❯) 舞會的閃耀之星', 30056, 'king-halo', '連鎖事件');
INSERT INTO card_event_choices (choice_id, event_id, choice_label, chain_index, speed, stamina, strength, willpower, intelligence, hp, mood, skill_point, character_favor, event_condition, is_random_value, is_random_attribute, is_random_block_training, is_end_chained_event) VALUES (1709, 966, 'None', 3, 0, 0, 20, 0, 0, -10, 0, 0, 0, null, 1, 0, 0, 0);
INSERT INTO card_event_choices (choice_id, event_id, choice_label, chain_index, speed, stamina, strength, willpower, intelligence, hp, mood, skill_point, character_favor, event_condition, is_random_value, is_random_attribute, is_random_block_training, is_end_chained_event) VALUES (1710, 966, 'None', 3, 0, 0, 40, 0, 0, -10, 0, 0, 0, null, 0, 0, 0, 0);
INSERT INTO card_events (event_id, event_name, uma_id, uma_name, category) VALUES (967, '給你陪我的權利！', 30056, 'king-halo', '隨機事件');
INSERT INTO card_event_choices (choice_id, event_id, choice_label, chain_index, speed, stamina, strength, willpower, intelligence, hp, mood, skill_point, character_favor, event_condition, is_random_value, is_random_attribute, is_random_block_training, is_end_chained_event) VALUES (1711, 967, 'Up', 3, 10, 0, 10, 0, 5, -20, 0, 0, 5, null, 0, 0, 0, 0);
INSERT INTO card_event_choices (choice_id, event_id, choice_label, chain_index, speed, stamina, strength, willpower, intelligence, hp, mood, skill_point, character_favor, event_condition, is_random_value, is_random_attribute, is_random_block_training, is_end_chained_event) VALUES (1712, 967, 'Down', 3, 0, 0, 0, 25, 0, 0, -1, 0, 5, null, 0, 0, 0, 0);
INSERT INTO card_events (event_id, event_name, uma_id, uma_name, category) VALUES (968, '給你建議我的權利！', 30056, 'king-halo', '隨機事件');
INSERT INTO card_event_choices (choice_id, event_id, choice_label, chain_index, speed, stamina, strength, willpower, intelligence, hp, mood, skill_point, character_favor, event_condition, is_random_value, is_random_attribute, is_random_block_training, is_end_chained_event) VALUES (1713, 968, 'Up', 3, 0, 0, 0, 10, 5, 0, 0, 0, 5, null, 0, 0, 0, 0);
INSERT INTO card_event_choices (choice_id, event_id, choice_label, chain_index, speed, stamina, strength, willpower, intelligence, hp, mood, skill_point, character_favor, event_condition, is_random_value, is_random_attribute, is_random_block_training, is_end_chained_event) VALUES (1714, 968, 'Down', 3, 0, 0, 0, 0, 0, 0, 0, 0, 5, null, 0, 0, 0, 0);
INSERT INTO card_table (count, uma_id, uma_name) VALUES (267, 30057, 'gold-ship');
INSERT INTO card_events (event_id, event_name, uma_id, uma_name, category) VALUES (969, '(❯) 阿船大人建造城堡', 30057, 'gold-ship', '連鎖事件');
INSERT INTO card_event_choices (choice_id, event_id, choice_label, chain_index, speed, stamina, strength, willpower, intelligence, hp, mood, skill_point, character_favor, event_condition, is_random_value, is_random_attribute, is_random_block_training, is_end_chained_event) VALUES (1715, 969, 'Up', 1, 0, 0, 0, 0, 0, 4, 0, 0, 5, null, 0, 0, 0, 0);
INSERT INTO card_event_choices (choice_id, event_id, choice_label, chain_index, speed, stamina, strength, willpower, intelligence, hp, mood, skill_point, character_favor, event_condition, is_random_value, is_random_attribute, is_random_block_training, is_end_chained_event) VALUES (1716, 969, 'Down', 1, 10, 0, 0, 0, 0, 0, 0, 0, 5, null, 0, 0, 0, 0);
INSERT INTO card_events (event_id, event_name, uma_id, uma_name, category) VALUES (970, '(❯❯) 阿船大人尋找地下迷宮', 30057, 'gold-ship', '連鎖事件');
INSERT INTO card_event_choices (choice_id, event_id, choice_label, chain_index, speed, stamina, strength, willpower, intelligence, hp, mood, skill_point, character_favor, event_condition, is_random_value, is_random_attribute, is_random_block_training, is_end_chained_event) VALUES (1717, 970, 'None', 2, 5, 5, 0, 0, 0, -15, 0, 0, 0, null, 0, 0, 0, 0);
INSERT INTO card_events (event_id, event_name, uma_id, uma_name, category) VALUES (971, '(❯❯❯) 阿船大人召集下屬', 30057, 'gold-ship', '連鎖事件');
INSERT INTO card_event_choices (choice_id, event_id, choice_label, chain_index, speed, stamina, strength, willpower, intelligence, hp, mood, skill_point, character_favor, event_condition, is_random_value, is_random_attribute, is_random_block_training, is_end_chained_event) VALUES (1718, 971, 'Up', 3, 5, 5, 0, 0, 0, -10, 0, 0, 5, null, 1, 0, 0, 0);
INSERT INTO card_event_choices (choice_id, event_id, choice_label, chain_index, speed, stamina, strength, willpower, intelligence, hp, mood, skill_point, character_favor, event_condition, is_random_value, is_random_attribute, is_random_block_training, is_end_chained_event) VALUES (1719, 971, 'Up', 3, 10, 10, 0, 0, 0, -10, 0, 0, 5, null, 0, 0, 0, 0);
INSERT INTO card_event_choices (choice_id, event_id, choice_label, chain_index, speed, stamina, strength, willpower, intelligence, hp, mood, skill_point, character_favor, event_condition, is_random_value, is_random_attribute, is_random_block_training, is_end_chained_event) VALUES (1720, 971, 'Down', 3, 0, 0, 0, 0, 0, 10, 0, 0, 0, null, 0, 0, 0, 0);
INSERT INTO card_events (event_id, event_name, uma_id, uma_name, category) VALUES (972, '冒險家黃金船', 30057, 'gold-ship', '隨機事件');
INSERT INTO card_event_choices (choice_id, event_id, choice_label, chain_index, speed, stamina, strength, willpower, intelligence, hp, mood, skill_point, character_favor, event_condition, is_random_value, is_random_attribute, is_random_block_training, is_end_chained_event) VALUES (1721, 972, 'Up', 3, 0, 15, 0, 0, 0, 0, 0, 0, 5, null, 0, 0, 0, 0);
INSERT INTO card_event_choices (choice_id, event_id, choice_label, chain_index, speed, stamina, strength, willpower, intelligence, hp, mood, skill_point, character_favor, event_condition, is_random_value, is_random_attribute, is_random_block_training, is_end_chained_event) VALUES (1722, 972, 'Down', 3, 0, 0, 0, 10, 0, 0, 0, 15, 5, null, 0, 0, 0, 0);
INSERT INTO card_events (event_id, event_name, uma_id, uma_name, category) VALUES (973, '復活吧！阿船標章的醬汁炒麵！', 30057, 'gold-ship', '隨機事件');
INSERT INTO card_event_choices (choice_id, event_id, choice_label, chain_index, speed, stamina, strength, willpower, intelligence, hp, mood, skill_point, character_favor, event_condition, is_random_value, is_random_attribute, is_random_block_training, is_end_chained_event) VALUES (1723, 973, 'Up', 3, 0, 5, 0, 0, 0, 0, 1, 0, 5, null, 0, 0, 0, 0);
INSERT INTO card_event_choices (choice_id, event_id, choice_label, chain_index, speed, stamina, strength, willpower, intelligence, hp, mood, skill_point, character_favor, event_condition, is_random_value, is_random_attribute, is_random_block_training, is_end_chained_event) VALUES (1724, 973, 'Down', 3, 0, 0, 0, 0, 0, 0, 0, 0, 5, null, 0, 0, 0, 0);
INSERT INTO card_table (count, uma_id, uma_name) VALUES (268, 30058, 'tokai-teio');
INSERT INTO card_events (event_id, event_name, uma_id, uma_name, category) VALUES (974, '(❯) ライバルと2ショット', 30058, 'tokai-teio', '連鎖事件');
INSERT INTO card_event_choices (choice_id, event_id, choice_label, chain_index, speed, stamina, strength, willpower, intelligence, hp, mood, skill_point, character_favor, event_condition, is_random_value, is_random_attribute, is_random_block_training, is_end_chained_event) VALUES (1725, 974, 'None', 1, 0, 0, 10, 0, 0, 0, 0, 0, 5, null, 0, 0, 0, 0);
INSERT INTO card_events (event_id, event_name, uma_id, uma_name, category) VALUES (975, '(❯❯) ゴシップ狂想曲', 30058, 'tokai-teio', '連鎖事件');
INSERT INTO card_event_choices (choice_id, event_id, choice_label, chain_index, speed, stamina, strength, willpower, intelligence, hp, mood, skill_point, character_favor, event_condition, is_random_value, is_random_attribute, is_random_block_training, is_end_chained_event) VALUES (1726, 975, 'Up', 2, 0, 0, 0, 0, 0, 10, 1, 0, 5, null, 0, 0, 0, 0);
INSERT INTO card_event_choices (choice_id, event_id, choice_label, chain_index, speed, stamina, strength, willpower, intelligence, hp, mood, skill_point, character_favor, event_condition, is_random_value, is_random_attribute, is_random_block_training, is_end_chained_event) VALUES (1727, 975, 'Down', 2, 0, 0, 15, 0, 0, -10, 0, 20, 5, null, 0, 0, 0, 1);
INSERT INTO card_events (event_id, event_name, uma_id, uma_name, category) VALUES (976, '(❯❯❯) 灯火は未来へ輝く', 30058, 'tokai-teio', '連鎖事件');
INSERT INTO card_event_choices (choice_id, event_id, choice_label, chain_index, speed, stamina, strength, willpower, intelligence, hp, mood, skill_point, character_favor, event_condition, is_random_value, is_random_attribute, is_random_block_training, is_end_chained_event) VALUES (1728, 976, 'None', 3, 0, 7, 7, 0, 0, 0, 0, 0, 5, null, 0, 0, 0, 0);
INSERT INTO card_events (event_id, event_name, uma_id, uma_name, category) VALUES (977, 'ボクのやり方', 30058, 'tokai-teio', '隨機事件');
INSERT INTO card_event_choices (choice_id, event_id, choice_label, chain_index, speed, stamina, strength, willpower, intelligence, hp, mood, skill_point, character_favor, event_condition, is_random_value, is_random_attribute, is_random_block_training, is_end_chained_event) VALUES (1729, 977, 'Up', 3, 0, 0, 0, 0, 0, 0, 1, 15, 5, null, 0, 0, 0, 0);
INSERT INTO card_event_choices (choice_id, event_id, choice_label, chain_index, speed, stamina, strength, willpower, intelligence, hp, mood, skill_point, character_favor, event_condition, is_random_value, is_random_attribute, is_random_block_training, is_end_chained_event) VALUES (1730, 977, 'Down', 3, 0, 0, 0, 15, 0, 0, 0, 0, 5, null, 0, 0, 0, 0);
INSERT INTO card_events (event_id, event_name, uma_id, uma_name, category) VALUES (978, 'ボクの武器', 30058, 'tokai-teio', '隨機事件');
INSERT INTO card_event_choices (choice_id, event_id, choice_label, chain_index, speed, stamina, strength, willpower, intelligence, hp, mood, skill_point, character_favor, event_condition, is_random_value, is_random_attribute, is_random_block_training, is_end_chained_event) VALUES (1731, 978, 'Up', 3, 0, 0, 0, 10, 0, 0, 1, 0, 5, null, 0, 0, 0, 0);
INSERT INTO card_event_choices (choice_id, event_id, choice_label, chain_index, speed, stamina, strength, willpower, intelligence, hp, mood, skill_point, character_favor, event_condition, is_random_value, is_random_attribute, is_random_block_training, is_end_chained_event) VALUES (1732, 978, 'Down', 3, 0, 0, 0, 0, 0, 0, 0, 0, 5, null, 0, 0, 0, 0);
INSERT INTO card_table (count, uma_id, uma_name) VALUES (269, 30059, 'mihono-bourbon');
INSERT INTO card_events (event_id, event_name, uma_id, uma_name, category) VALUES (979, '(❯) なかよし☆こよしちゃん　～探求編～', 30059, 'mihono-bourbon', '連鎖事件');
INSERT INTO card_event_choices (choice_id, event_id, choice_label, chain_index, speed, stamina, strength, willpower, intelligence, hp, mood, skill_point, character_favor, event_condition, is_random_value, is_random_attribute, is_random_block_training, is_end_chained_event) VALUES (1733, 979, 'Up', 1, 0, 0, 0, 0, 0, 0, 0, 10, 5, null, 0, 0, 0, 0);
INSERT INTO card_event_choices (choice_id, event_id, choice_label, chain_index, speed, stamina, strength, willpower, intelligence, hp, mood, skill_point, character_favor, event_condition, is_random_value, is_random_attribute, is_random_block_training, is_end_chained_event) VALUES (1734, 979, 'Down', 1, 0, 0, 0, 0, 0, 0, 2, 0, -5, null, 0, 0, 0, 0);
INSERT INTO card_events (event_id, event_name, uma_id, uma_name, category) VALUES (980, '(❯❯) なかよし☆こよしちゃん　～調査編～', 30059, 'mihono-bourbon', '連鎖事件');
INSERT INTO card_event_choices (choice_id, event_id, choice_label, chain_index, speed, stamina, strength, willpower, intelligence, hp, mood, skill_point, character_favor, event_condition, is_random_value, is_random_attribute, is_random_block_training, is_end_chained_event) VALUES (1735, 980, 'None', 2, 5, 5, 0, 0, 0, 0, 0, 0, 5, null, 0, 0, 0, 0);
INSERT INTO card_events (event_id, event_name, uma_id, uma_name, category) VALUES (981, '(❯❯❯) なかよし☆こよしちゃん　～実践編～', 30059, 'mihono-bourbon', '連鎖事件');
INSERT INTO card_event_choices (choice_id, event_id, choice_label, chain_index, speed, stamina, strength, willpower, intelligence, hp, mood, skill_point, character_favor, event_condition, is_random_value, is_random_attribute, is_random_block_training, is_end_chained_event) VALUES (1736, 981, 'None', 3, 0, 10, 0, 0, 0, 0, 0, 0, 5, null, 1, 0, 0, 0);
INSERT INTO card_event_choices (choice_id, event_id, choice_label, chain_index, speed, stamina, strength, willpower, intelligence, hp, mood, skill_point, character_favor, event_condition, is_random_value, is_random_attribute, is_random_block_training, is_end_chained_event) VALUES (1737, 981, 'None', 3, 0, 5, 0, 0, 0, 0, 0, 0, 5, null, 0, 0, 0, 0);
INSERT INTO card_events (event_id, event_name, uma_id, uma_name, category) VALUES (982, '他人に危害を及ぼしてはならない', 30059, 'mihono-bourbon', '隨機事件');
INSERT INTO card_event_choices (choice_id, event_id, choice_label, chain_index, speed, stamina, strength, willpower, intelligence, hp, mood, skill_point, character_favor, event_condition, is_random_value, is_random_attribute, is_random_block_training, is_end_chained_event) VALUES (1738, 982, 'Up', 3, 0, 5, 15, 0, 0, -10, 0, 0, 5, null, 0, 0, 0, 0);
INSERT INTO card_event_choices (choice_id, event_id, choice_label, chain_index, speed, stamina, strength, willpower, intelligence, hp, mood, skill_point, character_favor, event_condition, is_random_value, is_random_attribute, is_random_block_training, is_end_chained_event) VALUES (1739, 982, 'Down', 3, 0, 0, 0, 0, 5, 10, 0, 0, 5, null, 0, 0, 0, 0);
INSERT INTO card_events (event_id, event_name, uma_id, uma_name, category) VALUES (983, '命令は守らなければならない', 30059, 'mihono-bourbon', '隨機事件');
INSERT INTO card_event_choices (choice_id, event_id, choice_label, chain_index, speed, stamina, strength, willpower, intelligence, hp, mood, skill_point, character_favor, event_condition, is_random_value, is_random_attribute, is_random_block_training, is_end_chained_event) VALUES (1740, 983, 'Up', 3, 0, 0, 0, 0, 0, 0, 0, 0, 5, null, 0, 0, 0, 0);
INSERT INTO card_event_choices (choice_id, event_id, choice_label, chain_index, speed, stamina, strength, willpower, intelligence, hp, mood, skill_point, character_favor, event_condition, is_random_value, is_random_attribute, is_random_block_training, is_end_chained_event) VALUES (1741, 983, 'Down', 3, 10, 0, 0, 0, 0, 0, 0, 15, 5, null, 0, 0, 0, 0);
INSERT INTO card_table (count, uma_id, uma_name) VALUES (270, 30060, 'twin-turbo');
INSERT INTO card_events (event_id, event_name, uma_id, uma_name, category) VALUES (984, '(❯) 『せんでん』始動！！', 30060, 'twin-turbo', '連鎖事件');
INSERT INTO card_event_choices (choice_id, event_id, choice_label, chain_index, speed, stamina, strength, willpower, intelligence, hp, mood, skill_point, character_favor, event_condition, is_random_value, is_random_attribute, is_random_block_training, is_end_chained_event) VALUES (1742, 984, 'Up', 1, 0, 0, 0, 15, 0, -5, 0, 0, 5, null, 0, 0, 0, 0);
INSERT INTO card_event_choices (choice_id, event_id, choice_label, chain_index, speed, stamina, strength, willpower, intelligence, hp, mood, skill_point, character_favor, event_condition, is_random_value, is_random_attribute, is_random_block_training, is_end_chained_event) VALUES (1743, 984, 'Down', 1, 0, 0, 0, 0, 0, 20, 0, 0, -5, null, 0, 0, 0, 1);
INSERT INTO card_events (event_id, event_name, uma_id, uma_name, category) VALUES (985, '(❯❯) 『せんでん』全開！！', 30060, 'twin-turbo', '連鎖事件');
INSERT INTO card_event_choices (choice_id, event_id, choice_label, chain_index, speed, stamina, strength, willpower, intelligence, hp, mood, skill_point, character_favor, event_condition, is_random_value, is_random_attribute, is_random_block_training, is_end_chained_event) VALUES (1744, 985, 'None', 2, 7, 0, 7, 0, 0, -10, 0, 0, 5, null, 0, 0, 0, 0);
INSERT INTO card_events (event_id, event_name, uma_id, uma_name, category) VALUES (986, '(❯❯❯) 『せんでん』最高！！', 30060, 'twin-turbo', '連鎖事件');
INSERT INTO card_event_choices (choice_id, event_id, choice_label, chain_index, speed, stamina, strength, willpower, intelligence, hp, mood, skill_point, character_favor, event_condition, is_random_value, is_random_attribute, is_random_block_training, is_end_chained_event) VALUES (1745, 986, 'None', 3, 0, 0, 0, 15, 0, -10, 0, 0, 5, null, 1, 0, 0, 0);
INSERT INTO card_event_choices (choice_id, event_id, choice_label, chain_index, speed, stamina, strength, willpower, intelligence, hp, mood, skill_point, character_favor, event_condition, is_random_value, is_random_attribute, is_random_block_training, is_end_chained_event) VALUES (1746, 986, 'None', 3, 0, 0, 0, 10, 0, -10, 0, 0, 5, null, 0, 0, 0, 0);
INSERT INTO card_events (event_id, event_name, uma_id, uma_name, category) VALUES (987, '思い込んだら一直線！', 30060, 'twin-turbo', '隨機事件');
INSERT INTO card_event_choices (choice_id, event_id, choice_label, chain_index, speed, stamina, strength, willpower, intelligence, hp, mood, skill_point, character_favor, event_condition, is_random_value, is_random_attribute, is_random_block_training, is_end_chained_event) VALUES (1747, 987, 'Up', 3, 20, 0, 0, 0, 0, 0, -1, 0, 0, null, 0, 0, 0, 0);
INSERT INTO card_event_choices (choice_id, event_id, choice_label, chain_index, speed, stamina, strength, willpower, intelligence, hp, mood, skill_point, character_favor, event_condition, is_random_value, is_random_attribute, is_random_block_training, is_end_chained_event) VALUES (1748, 987, 'Down', 3, 0, 0, 20, 0, 0, -10, 0, 0, 5, null, 0, 0, 0, 0);
INSERT INTO card_events (event_id, event_name, uma_id, uma_name, category) VALUES (988, '燃えてきた！！', 30060, 'twin-turbo', '隨機事件');
INSERT INTO card_event_choices (choice_id, event_id, choice_label, chain_index, speed, stamina, strength, willpower, intelligence, hp, mood, skill_point, character_favor, event_condition, is_random_value, is_random_attribute, is_random_block_training, is_end_chained_event) VALUES (1749, 988, 'Up', 3, 0, 0, 0, 0, 0, 15, 0, 0, 5, null, 0, 0, 0, 0);
INSERT INTO card_event_choices (choice_id, event_id, choice_label, chain_index, speed, stamina, strength, willpower, intelligence, hp, mood, skill_point, character_favor, event_condition, is_random_value, is_random_attribute, is_random_block_training, is_end_chained_event) VALUES (1750, 988, 'Down', 3, 0, 0, 0, 0, 0, 0, 0, 0, 5, null, 0, 0, 0, 0);
INSERT INTO card_table (count, uma_id, uma_name) VALUES (271, 30061, 'biwa-hayahide');
INSERT INTO card_events (event_id, event_name, uma_id, uma_name, category) VALUES (989, '(❯) plan：Safety', 30061, 'biwa-hayahide', '連鎖事件');
INSERT INTO card_event_choices (choice_id, event_id, choice_label, chain_index, speed, stamina, strength, willpower, intelligence, hp, mood, skill_point, character_favor, event_condition, is_random_value, is_random_attribute, is_random_block_training, is_end_chained_event) VALUES (1751, 989, 'None', 1, 0, 0, 5, 0, 5, 0, 0, 0, 5, null, 0, 0, 0, 0);
INSERT INTO card_events (event_id, event_name, uma_id, uma_name, category) VALUES (990, '(❯❯) 濃いめ、バリカタ、爆盛り', 30061, 'biwa-hayahide', '連鎖事件');
INSERT INTO card_event_choices (choice_id, event_id, choice_label, chain_index, speed, stamina, strength, willpower, intelligence, hp, mood, skill_point, character_favor, event_condition, is_random_value, is_random_attribute, is_random_block_training, is_end_chained_event) VALUES (1752, 990, 'None', 2, 0, 0, 0, 0, 0, 0, 0, 10, 0, null, 0, 1, 0, 0);
INSERT INTO card_events (event_id, event_name, uma_id, uma_name, category) VALUES (991, '(❯❯❯) 友がくれたもの', 30061, 'biwa-hayahide', '連鎖事件');
INSERT INTO card_event_choices (choice_id, event_id, choice_label, chain_index, speed, stamina, strength, willpower, intelligence, hp, mood, skill_point, character_favor, event_condition, is_random_value, is_random_attribute, is_random_block_training, is_end_chained_event) VALUES (1753, 991, 'None', 3, 0, 0, 5, 0, 5, 0, 0, 0, 5, null, 0, 0, 0, 0);
INSERT INTO card_events (event_id, event_name, uma_id, uma_name, category) VALUES (992, 'ぎりぎり様相論', 30061, 'biwa-hayahide', '隨機事件');
INSERT INTO card_event_choices (choice_id, event_id, choice_label, chain_index, speed, stamina, strength, willpower, intelligence, hp, mood, skill_point, character_favor, event_condition, is_random_value, is_random_attribute, is_random_block_training, is_end_chained_event) VALUES (1754, 992, 'Up', 3, 0, 0, 15, 0, 0, 0, 0, 0, 5, null, 0, 0, 0, 0);
INSERT INTO card_event_choices (choice_id, event_id, choice_label, chain_index, speed, stamina, strength, willpower, intelligence, hp, mood, skill_point, character_favor, event_condition, is_random_value, is_random_attribute, is_random_block_training, is_end_chained_event) VALUES (1755, 992, 'Down', 3, 10, 0, 0, 0, 0, 0, 0, 15, 5, null, 0, 0, 0, 0);
INSERT INTO card_events (event_id, event_name, uma_id, uma_name, category) VALUES (993, '脱・無難論', 30061, 'biwa-hayahide', '隨機事件');
INSERT INTO card_event_choices (choice_id, event_id, choice_label, chain_index, speed, stamina, strength, willpower, intelligence, hp, mood, skill_point, character_favor, event_condition, is_random_value, is_random_attribute, is_random_block_training, is_end_chained_event) VALUES (1756, 993, 'Up', 3, 0, 0, 0, 0, 0, -10, 0, 0, 5, null, 0, 0, 0, 0);
INSERT INTO card_event_choices (choice_id, event_id, choice_label, chain_index, speed, stamina, strength, willpower, intelligence, hp, mood, skill_point, character_favor, event_condition, is_random_value, is_random_attribute, is_random_block_training, is_end_chained_event) VALUES (1757, 993, 'Down', 3, 0, 10, 0, 0, 0, 10, 0, 0, 5, null, 0, 0, 0, 0);
INSERT INTO card_table (count, uma_id, uma_name) VALUES (272, 30062, 'silence-suzuka');
INSERT INTO card_events (event_id, event_name, uma_id, uma_name, category) VALUES (994, '(❯) 演奏吧，WINNING！', 30062, 'silence-suzuka', '連鎖事件');
INSERT INTO card_event_choices (choice_id, event_id, choice_label, chain_index, speed, stamina, strength, willpower, intelligence, hp, mood, skill_point, character_favor, event_condition, is_random_value, is_random_attribute, is_random_block_training, is_end_chained_event) VALUES (1758, 994, 'Up', 1, 0, 0, 0, 10, 0, 0, 0, 0, 0, null, 0, 0, 0, 0);
INSERT INTO card_event_choices (choice_id, event_id, choice_label, chain_index, speed, stamina, strength, willpower, intelligence, hp, mood, skill_point, character_favor, event_condition, is_random_value, is_random_attribute, is_random_block_training, is_end_chained_event) VALUES (1759, 994, 'Down', 1, 10, 0, 0, 0, 0, 0, 0, 0, 0, null, 0, 0, 0, 0);
INSERT INTO card_events (event_id, event_name, uma_id, uma_name, category) VALUES (995, '(❯❯) 舞動DREAM！', 30062, 'silence-suzuka', '連鎖事件');
INSERT INTO card_event_choices (choice_id, event_id, choice_label, chain_index, speed, stamina, strength, willpower, intelligence, hp, mood, skill_point, character_favor, event_condition, is_random_value, is_random_attribute, is_random_block_training, is_end_chained_event) VALUES (1760, 995, 'None', 2, 0, 10, 0, 0, 0, 0, 0, 10, 0, null, 0, 0, 0, 0);
INSERT INTO card_events (event_id, event_name, uma_id, uma_name, category) VALUES (996, '(❯❯❯) 合奏Stage！', 30062, 'silence-suzuka', '連鎖事件');
INSERT INTO card_event_choices (choice_id, event_id, choice_label, chain_index, speed, stamina, strength, willpower, intelligence, hp, mood, skill_point, character_favor, event_condition, is_random_value, is_random_attribute, is_random_block_training, is_end_chained_event) VALUES (1761, 996, 'None', 3, 5, 5, 0, 0, 0, 0, 0, 0, 0, null, 0, 0, 0, 0);
INSERT INTO card_events (event_id, event_name, uma_id, uma_name, category) VALUES (997, '無論到何處', 30062, 'silence-suzuka', '隨機事件');
INSERT INTO card_event_choices (choice_id, event_id, choice_label, chain_index, speed, stamina, strength, willpower, intelligence, hp, mood, skill_point, character_favor, event_condition, is_random_value, is_random_attribute, is_random_block_training, is_end_chained_event) VALUES (1762, 997, 'Up', 3, 10, 5, 0, 0, 0, 0, 0, 0, 5, null, 0, 0, 0, 0);
INSERT INTO card_event_choices (choice_id, event_id, choice_label, chain_index, speed, stamina, strength, willpower, intelligence, hp, mood, skill_point, character_favor, event_condition, is_random_value, is_random_attribute, is_random_block_training, is_end_chained_event) VALUES (1763, 997, 'Down', 3, 15, 0, 0, 0, 0, 0, 0, 0, 5, null, 0, 0, 0, 0);
INSERT INTO card_events (event_id, event_name, uma_id, uma_name, category) VALUES (998, '該怎麼做', 30062, 'silence-suzuka', '隨機事件');
INSERT INTO card_event_choices (choice_id, event_id, choice_label, chain_index, speed, stamina, strength, willpower, intelligence, hp, mood, skill_point, character_favor, event_condition, is_random_value, is_random_attribute, is_random_block_training, is_end_chained_event) VALUES (1764, 998, 'Up', 3, 5, 5, 0, 0, 5, 0, 0, 0, 5, null, 0, 0, 0, 0);
INSERT INTO card_event_choices (choice_id, event_id, choice_label, chain_index, speed, stamina, strength, willpower, intelligence, hp, mood, skill_point, character_favor, event_condition, is_random_value, is_random_attribute, is_random_block_training, is_end_chained_event) VALUES (1765, 998, 'Down', 3, 0, 0, 0, 0, 0, 0, 0, 0, 5, null, 0, 0, 0, 0);
INSERT INTO card_table (count, uma_id, uma_name) VALUES (273, 30063, 'ikuno-dictus');
INSERT INTO card_events (event_id, event_name, uma_id, uma_name, category) VALUES (999, '(❯) 蹄鐵偵探', 30063, 'ikuno-dictus', '連鎖事件');
INSERT INTO card_event_choices (choice_id, event_id, choice_label, chain_index, speed, stamina, strength, willpower, intelligence, hp, mood, skill_point, character_favor, event_condition, is_random_value, is_random_attribute, is_random_block_training, is_end_chained_event) VALUES (1766, 999, 'None', 1, 0, 15, 0, 0, 5, 4, 0, 0, 10, null, 0, 0, 0, 0);
INSERT INTO card_events (event_id, event_name, uma_id, uma_name, category) VALUES (1000, '(❯❯) 蹄鐵的重大問題？', 30063, 'ikuno-dictus', '連鎖事件');
INSERT INTO card_event_choices (choice_id, event_id, choice_label, chain_index, speed, stamina, strength, willpower, intelligence, hp, mood, skill_point, character_favor, event_condition, is_random_value, is_random_attribute, is_random_block_training, is_end_chained_event) VALUES (1767, 1000, 'Up', 2, 0, 15, 0, 15, 0, 0, 0, 0, 10, null, 0, 0, 0, 0);
INSERT INTO card_event_choices (choice_id, event_id, choice_label, chain_index, speed, stamina, strength, willpower, intelligence, hp, mood, skill_point, character_favor, event_condition, is_random_value, is_random_attribute, is_random_block_training, is_end_chained_event) VALUES (1768, 1000, 'Down', 2, 10, 0, 0, 0, 0, 20, 0, 10, 0, null, 0, 0, 0, 1);
INSERT INTO card_events (event_id, event_name, uma_id, uma_name, category) VALUES (1001, '(❯❯❯) 蹄鐵與友情', 30063, 'ikuno-dictus', '連鎖事件');
INSERT INTO card_event_choices (choice_id, event_id, choice_label, chain_index, speed, stamina, strength, willpower, intelligence, hp, mood, skill_point, character_favor, event_condition, is_random_value, is_random_attribute, is_random_block_training, is_end_chained_event) VALUES (1769, 1001, 'None', 3, 0, 30, 0, 10, 0, 0, 0, 20, 0, null, 0, 0, 0, 0);
INSERT INTO card_events (event_id, event_name, uma_id, uma_name, category) VALUES (1002, '生野式萬全的做法', 30063, 'ikuno-dictus', '隨機事件');
INSERT INTO card_event_choices (choice_id, event_id, choice_label, chain_index, speed, stamina, strength, willpower, intelligence, hp, mood, skill_point, character_favor, event_condition, is_random_value, is_random_attribute, is_random_block_training, is_end_chained_event) VALUES (1770, 1002, 'Up', 3, 0, 0, 0, 0, 10, 0, 0, 0, 5, null, 0, 0, 0, 0);
INSERT INTO card_event_choices (choice_id, event_id, choice_label, chain_index, speed, stamina, strength, willpower, intelligence, hp, mood, skill_point, character_favor, event_condition, is_random_value, is_random_attribute, is_random_block_training, is_end_chained_event) VALUES (1771, 1002, 'Down', 3, 0, 0, 0, 0, 0, 0, 0, 30, 5, null, 0, 0, 0, 0);
INSERT INTO card_events (event_id, event_name, uma_id, uma_name, category) VALUES (1003, '生野式管理論', 30063, 'ikuno-dictus', '隨機事件');
INSERT INTO card_event_choices (choice_id, event_id, choice_label, chain_index, speed, stamina, strength, willpower, intelligence, hp, mood, skill_point, character_favor, event_condition, is_random_value, is_random_attribute, is_random_block_training, is_end_chained_event) VALUES (1772, 1003, 'Up', 3, 0, 20, 0, 0, 0, 0, 0, 0, 5, null, 0, 0, 0, 0);
INSERT INTO card_event_choices (choice_id, event_id, choice_label, chain_index, speed, stamina, strength, willpower, intelligence, hp, mood, skill_point, character_favor, event_condition, is_random_value, is_random_attribute, is_random_block_training, is_end_chained_event) VALUES (1773, 1003, 'Down', 3, 0, 0, 0, 0, 0, 0, 0, 0, 5, null, 0, 0, 0, 0);
INSERT INTO card_table (count, uma_id, uma_name) VALUES (274, 30064, 'tamamo-cross');
INSERT INTO card_events (event_id, event_name, uma_id, uma_name, category) VALUES (1004, '(❯) 狩獵木乃伊～擺脫搞笑路線！～', 30064, 'tamamo-cross', '連鎖事件');
INSERT INTO card_event_choices (choice_id, event_id, choice_label, chain_index, speed, stamina, strength, willpower, intelligence, hp, mood, skill_point, character_favor, event_condition, is_random_value, is_random_attribute, is_random_block_training, is_end_chained_event) VALUES (1774, 1004, 'Up', 1, 0, 0, 10, 0, 0, 0, 0, 0, 5, null, 0, 0, 0, 0);
INSERT INTO card_event_choices (choice_id, event_id, choice_label, chain_index, speed, stamina, strength, willpower, intelligence, hp, mood, skill_point, character_favor, event_condition, is_random_value, is_random_attribute, is_random_block_training, is_end_chained_event) VALUES (1775, 1004, 'Down', 1, 10, 0, 0, 0, 0, 20, 0, 0, 0, null, 0, 0, 0, 1);
INSERT INTO card_events (event_id, event_name, uma_id, uma_name, category) VALUES (1005, '(❯❯) 狩獵木乃伊～覺醒吧，獵人！～', 30064, 'tamamo-cross', '連鎖事件');
INSERT INTO card_event_choices (choice_id, event_id, choice_label, chain_index, speed, stamina, strength, willpower, intelligence, hp, mood, skill_point, character_favor, event_condition, is_random_value, is_random_attribute, is_random_block_training, is_end_chained_event) VALUES (1776, 1005, 'None', 2, 10, 0, 10, 0, 0, 0, 0, 0, 0, null, 0, 0, 0, 0);
INSERT INTO card_events (event_id, event_name, uma_id, uma_name, category) VALUES (1006, '(❯❯❯) 狩獵木乃伊～最可怕的溫柔媽咪～', 30064, 'tamamo-cross', '連鎖事件');
INSERT INTO card_event_choices (choice_id, event_id, choice_label, chain_index, speed, stamina, strength, willpower, intelligence, hp, mood, skill_point, character_favor, event_condition, is_random_value, is_random_attribute, is_random_block_training, is_end_chained_event) VALUES (1777, 1006, 'None', 3, 5, 0, 5, 0, 0, 0, 0, 0, 0, null, 1, 0, 0, 0);
INSERT INTO card_event_choices (choice_id, event_id, choice_label, chain_index, speed, stamina, strength, willpower, intelligence, hp, mood, skill_point, character_favor, event_condition, is_random_value, is_random_attribute, is_random_block_training, is_end_chained_event) VALUES (1778, 1006, 'None', 3, 15, 0, 15, 0, 0, 0, 0, 0, 0, null, 0, 0, 0, 0);
INSERT INTO card_events (event_id, event_name, uma_id, uma_name, category) VALUES (1007, '玉藻前輩的學園介紹', 30064, 'tamamo-cross', '隨機事件');
INSERT INTO card_event_choices (choice_id, event_id, choice_label, chain_index, speed, stamina, strength, willpower, intelligence, hp, mood, skill_point, character_favor, event_condition, is_random_value, is_random_attribute, is_random_block_training, is_end_chained_event) VALUES (1779, 1007, 'Up', 3, 0, 0, 0, 0, 10, 0, 0, 0, 5, null, 0, 0, 0, 0);
INSERT INTO card_event_choices (choice_id, event_id, choice_label, chain_index, speed, stamina, strength, willpower, intelligence, hp, mood, skill_point, character_favor, event_condition, is_random_value, is_random_attribute, is_random_block_training, is_end_chained_event) VALUES (1780, 1007, 'Down', 3, 0, 5, 0, 5, 0, 0, 0, 0, 5, null, 0, 0, 0, 0);
INSERT INTO card_events (event_id, event_name, uma_id, uma_name, category) VALUES (1008, '不能輸的戰鬥！', 30064, 'tamamo-cross', '隨機事件');
INSERT INTO card_event_choices (choice_id, event_id, choice_label, chain_index, speed, stamina, strength, willpower, intelligence, hp, mood, skill_point, character_favor, event_condition, is_random_value, is_random_attribute, is_random_block_training, is_end_chained_event) VALUES (1781, 1008, 'Up', 3, 0, 0, 0, 0, 0, 0, 0, 0, 5, null, 0, 0, 0, 0);
INSERT INTO card_event_choices (choice_id, event_id, choice_label, chain_index, speed, stamina, strength, willpower, intelligence, hp, mood, skill_point, character_favor, event_condition, is_random_value, is_random_attribute, is_random_block_training, is_end_chained_event) VALUES (1782, 1008, 'Down', 3, 0, 5, 0, 0, 5, 0, 0, 0, 5, null, 0, 0, 0, 0);
INSERT INTO card_table (count, uma_id, uma_name) VALUES (275, 30065, 'zenno-rob-roy');
INSERT INTO card_events (event_id, event_name, uma_id, uma_name, category) VALUES (1009, '(❯) 愛書少女和賢者的活動', 30065, 'zenno-rob-roy', '連鎖事件');
INSERT INTO card_event_choices (choice_id, event_id, choice_label, chain_index, speed, stamina, strength, willpower, intelligence, hp, mood, skill_point, character_favor, event_condition, is_random_value, is_random_attribute, is_random_block_training, is_end_chained_event) VALUES (1783, 1009, 'None', 1, 0, 0, 0, 0, 0, 0, 0, 15, 0, null, 0, 0, 0, 0);
INSERT INTO card_events (event_id, event_name, uma_id, uma_name, category) VALUES (1010, '(❯❯) 愛書少女和祕密的作戰會議', 30065, 'zenno-rob-roy', '連鎖事件');
INSERT INTO card_event_choices (choice_id, event_id, choice_label, chain_index, speed, stamina, strength, willpower, intelligence, hp, mood, skill_point, character_favor, event_condition, is_random_value, is_random_attribute, is_random_block_training, is_end_chained_event) VALUES (1784, 1010, 'Up', 2, 0, 5, 0, 0, 0, 0, 0, 0, 5, null, 0, 0, 0, 0);
INSERT INTO card_event_choices (choice_id, event_id, choice_label, chain_index, speed, stamina, strength, willpower, intelligence, hp, mood, skill_point, character_favor, event_condition, is_random_value, is_random_attribute, is_random_block_training, is_end_chained_event) VALUES (1785, 1010, 'Middle', 2, 5, 0, 0, 0, 0, 0, 0, 0, 5, null, 0, 0, 0, 0);
INSERT INTO card_event_choices (choice_id, event_id, choice_label, chain_index, speed, stamina, strength, willpower, intelligence, hp, mood, skill_point, character_favor, event_condition, is_random_value, is_random_attribute, is_random_block_training, is_end_chained_event) VALUES (1786, 1010, 'Down', 2, 0, 0, 0, 0, 30, 0, 0, 0, 5, null, 0, 0, 0, 0);
INSERT INTO card_events (event_id, event_name, uma_id, uma_name, category) VALUES (1011, '(❯❯❯) 愛書少女和某個青蛙朋友', 30065, 'zenno-rob-roy', '連鎖事件');
INSERT INTO card_event_choices (choice_id, event_id, choice_label, chain_index, speed, stamina, strength, willpower, intelligence, hp, mood, skill_point, character_favor, event_condition, is_random_value, is_random_attribute, is_random_block_training, is_end_chained_event) VALUES (1787, 1011, 'None', 3, 0, 0, 0, 0, 0, 0, 0, 20, 0, null, 0, 0, 0, 0);
INSERT INTO card_events (event_id, event_name, uma_id, uma_name, category) VALUES (1012, '愛書人常遇到的', 30065, 'zenno-rob-roy', '隨機事件');
INSERT INTO card_event_choices (choice_id, event_id, choice_label, chain_index, speed, stamina, strength, willpower, intelligence, hp, mood, skill_point, character_favor, event_condition, is_random_value, is_random_attribute, is_random_block_training, is_end_chained_event) VALUES (1788, 1012, 'Up', 3, 5, 0, 0, 0, 5, 0, 0, 0, 5, null, 0, 0, 0, 0);
INSERT INTO card_event_choices (choice_id, event_id, choice_label, chain_index, speed, stamina, strength, willpower, intelligence, hp, mood, skill_point, character_favor, event_condition, is_random_value, is_random_attribute, is_random_block_training, is_end_chained_event) VALUES (1789, 1012, 'Down', 3, 0, 0, 5, 0, 0, 10, 0, 0, 5, null, 0, 0, 0, 0);
INSERT INTO card_events (event_id, event_name, uma_id, uma_name, category) VALUES (1013, '被託付的故事', 30065, 'zenno-rob-roy', '隨機事件');
INSERT INTO card_event_choices (choice_id, event_id, choice_label, chain_index, speed, stamina, strength, willpower, intelligence, hp, mood, skill_point, character_favor, event_condition, is_random_value, is_random_attribute, is_random_block_training, is_end_chained_event) VALUES (1790, 1013, 'Up', 3, 0, 10, 0, 0, 10, 0, 0, 0, 5, null, 0, 0, 0, 0);
INSERT INTO card_event_choices (choice_id, event_id, choice_label, chain_index, speed, stamina, strength, willpower, intelligence, hp, mood, skill_point, character_favor, event_condition, is_random_value, is_random_attribute, is_random_block_training, is_end_chained_event) VALUES (1791, 1013, 'Down', 3, 0, 0, 0, 0, 0, 0, 0, 0, 5, null, 0, 0, 0, 0);
INSERT INTO card_table (count, uma_id, uma_name) VALUES (276, 30066, 'mihono-bourbon');
INSERT INTO card_events (event_id, event_name, uma_id, uma_name, category) VALUES (1014, '(❯) 狀態「覺得無趣？」', 30066, 'mihono-bourbon', '連鎖事件');
INSERT INTO card_event_choices (choice_id, event_id, choice_label, chain_index, speed, stamina, strength, willpower, intelligence, hp, mood, skill_point, character_favor, event_condition, is_random_value, is_random_attribute, is_random_block_training, is_end_chained_event) VALUES (1792, 1014, 'Up', 1, 10, 0, 0, 0, 0, 0, 0, 0, 5, null, 0, 0, 0, 0);
INSERT INTO card_event_choices (choice_id, event_id, choice_label, chain_index, speed, stamina, strength, willpower, intelligence, hp, mood, skill_point, character_favor, event_condition, is_random_value, is_random_attribute, is_random_block_training, is_end_chained_event) VALUES (1793, 1014, 'Down', 1, 0, 0, 0, 0, 15, 0, 0, 0, 5, null, 0, 0, 0, 0);
INSERT INTO card_events (event_id, event_name, uma_id, uma_name, category) VALUES (1015, '(❯❯) 狀態「保持原樣」', 30066, 'mihono-bourbon', '連鎖事件');
INSERT INTO card_event_choices (choice_id, event_id, choice_label, chain_index, speed, stamina, strength, willpower, intelligence, hp, mood, skill_point, character_favor, event_condition, is_random_value, is_random_attribute, is_random_block_training, is_end_chained_event) VALUES (1794, 1015, 'None', 2, 0, 5, 0, 0, 10, 0, 0, 0, 0, null, 0, 0, 0, 0);
INSERT INTO card_events (event_id, event_name, uma_id, uma_name, category) VALUES (1016, '(❯❯❯) 狀態「開心！」', 30066, 'mihono-bourbon', '連鎖事件');
INSERT INTO card_event_choices (choice_id, event_id, choice_label, chain_index, speed, stamina, strength, willpower, intelligence, hp, mood, skill_point, character_favor, event_condition, is_random_value, is_random_attribute, is_random_block_training, is_end_chained_event) VALUES (1795, 1016, 'None', 3, 0, 5, 0, 0, 10, 0, 0, 0, 0, null, 0, 0, 0, 0);
INSERT INTO card_events (event_id, event_name, uma_id, uma_name, category) VALUES (1017, '不可危及他人', 30066, 'mihono-bourbon', '隨機事件');
INSERT INTO card_event_choices (choice_id, event_id, choice_label, chain_index, speed, stamina, strength, willpower, intelligence, hp, mood, skill_point, character_favor, event_condition, is_random_value, is_random_attribute, is_random_block_training, is_end_chained_event) VALUES (1796, 1017, 'Up', 3, 0, 5, 15, 0, 0, -10, 0, 0, 5, null, 0, 0, 0, 0);
INSERT INTO card_event_choices (choice_id, event_id, choice_label, chain_index, speed, stamina, strength, willpower, intelligence, hp, mood, skill_point, character_favor, event_condition, is_random_value, is_random_attribute, is_random_block_training, is_end_chained_event) VALUES (1797, 1017, 'Down', 3, 0, 0, 0, 0, 5, 10, 0, 0, 5, null, 0, 0, 0, 0);
INSERT INTO card_events (event_id, event_name, uma_id, uma_name, category) VALUES (1018, '不可違反命令', 30066, 'mihono-bourbon', '隨機事件');
INSERT INTO card_event_choices (choice_id, event_id, choice_label, chain_index, speed, stamina, strength, willpower, intelligence, hp, mood, skill_point, character_favor, event_condition, is_random_value, is_random_attribute, is_random_block_training, is_end_chained_event) VALUES (1798, 1018, 'Up', 3, 0, 0, 0, 0, 0, 0, 0, 0, 5, null, 0, 0, 0, 0);
INSERT INTO card_event_choices (choice_id, event_id, choice_label, chain_index, speed, stamina, strength, willpower, intelligence, hp, mood, skill_point, character_favor, event_condition, is_random_value, is_random_attribute, is_random_block_training, is_end_chained_event) VALUES (1799, 1018, 'Down', 3, 10, 0, 0, 0, 0, 0, 0, 15, 5, null, 0, 0, 0, 0);
INSERT INTO card_table (count, uma_id, uma_name) VALUES (277, 30067, 'the-thrones-assemblage');
INSERT INTO card_events (event_id, event_name, uma_id, uma_name, category) VALUES (1019, '＃像個學生的樣子 (魯道夫象徵)', 30067, 'the-thrones-assemblage', '外出');
INSERT INTO card_event_choices (choice_id, event_id, choice_label, chain_index, speed, stamina, strength, willpower, intelligence, hp, mood, skill_point, character_favor, event_condition, is_random_value, is_random_attribute, is_random_block_training, is_end_chained_event) VALUES (1800, 1019, 'None', 0, 0, 0, 0, 0, 30, 10, 0, 0, 5, null, 0, 0, 0, 0);
INSERT INTO card_events (event_id, event_name, uma_id, uma_name, category) VALUES (1020, 'Emperor''s pride. (東海帝皇)', 30067, 'the-thrones-assemblage', '外出');
INSERT INTO card_event_choices (choice_id, event_id, choice_label, chain_index, speed, stamina, strength, willpower, intelligence, hp, mood, skill_point, character_favor, event_condition, is_random_value, is_random_attribute, is_random_block_training, is_end_chained_event) VALUES (1801, 1020, 'None', 0, 20, 0, 0, 0, 0, 10, 1, 0, 5, null, 0, 0, 0, 0);
INSERT INTO card_events (event_id, event_name, uma_id, uma_name, category) VALUES (1021, '慢慢來，配合彼此的步伐 (鶴丸強志)', 30067, 'the-thrones-assemblage', '外出');
INSERT INTO card_event_choices (choice_id, event_id, choice_label, chain_index, speed, stamina, strength, willpower, intelligence, hp, mood, skill_point, character_favor, event_condition, is_random_value, is_random_attribute, is_random_block_training, is_end_chained_event) VALUES (1802, 1021, 'None', 0, 0, 0, 0, 0, 0, 30, 0, 15, 5, null, 0, 0, 0, 0);
INSERT INTO card_events (event_id, event_name, uma_id, uma_name, category) VALUES (1022, '像「會長」一樣！', 30067, 'the-thrones-assemblage', '外出');
INSERT INTO card_event_choices (choice_id, event_id, choice_label, chain_index, speed, stamina, strength, willpower, intelligence, hp, mood, skill_point, character_favor, event_condition, is_random_value, is_random_attribute, is_random_block_training, is_end_chained_event) VALUES (1803, 1022, 'None', 0, 10, 0, 0, 0, 25, 20, 0, 15, 5, null, 0, 0, 0, 0);
INSERT INTO card_events (event_id, event_name, uma_id, uma_name, category) VALUES (1023, '像會長一樣！', 30067, 'the-thrones-assemblage', '外出');
INSERT INTO card_event_choices (choice_id, event_id, choice_label, chain_index, speed, stamina, strength, willpower, intelligence, hp, mood, skill_point, character_favor, event_condition, is_random_value, is_random_attribute, is_random_block_training, is_end_chained_event) VALUES (1804, 1023, 'None', 0, 15, 0, 0, 0, 30, 20, 1, 20, 5, '熱情領域：齊聚於王座之人', 0, 0, 0, 0);
INSERT INTO card_events (event_id, event_name, uma_id, uma_name, category) VALUES (1024, '我的作法', 30067, 'the-thrones-assemblage', '隨機事件');
INSERT INTO card_event_choices (choice_id, event_id, choice_label, chain_index, speed, stamina, strength, willpower, intelligence, hp, mood, skill_point, character_favor, event_condition, is_random_value, is_random_attribute, is_random_block_training, is_end_chained_event) VALUES (1805, 1024, 'Up', 0, 0, 0, 0, 0, 0, 0, 1, 15, 5, null, 0, 0, 0, 0);
INSERT INTO card_event_choices (choice_id, event_id, choice_label, chain_index, speed, stamina, strength, willpower, intelligence, hp, mood, skill_point, character_favor, event_condition, is_random_value, is_random_attribute, is_random_block_training, is_end_chained_event) VALUES (1806, 1024, 'Down', 0, 0, 0, 0, 15, 0, 0, 0, 0, 5, null, 0, 0, 0, 0);
INSERT INTO card_events (event_id, event_name, uma_id, uma_name, category) VALUES (1025, '我的武器', 30067, 'the-thrones-assemblage', '隨機事件');
INSERT INTO card_event_choices (choice_id, event_id, choice_label, chain_index, speed, stamina, strength, willpower, intelligence, hp, mood, skill_point, character_favor, event_condition, is_random_value, is_random_attribute, is_random_block_training, is_end_chained_event) VALUES (1807, 1025, 'Up', 0, 0, 0, 0, 10, 0, 0, 1, 0, 5, null, 0, 0, 0, 0);
INSERT INTO card_event_choices (choice_id, event_id, choice_label, chain_index, speed, stamina, strength, willpower, intelligence, hp, mood, skill_point, character_favor, event_condition, is_random_value, is_random_attribute, is_random_block_training, is_end_chained_event) VALUES (1808, 1025, 'Down', 0, 0, 0, 0, 0, 0, 0, 0, 0, 5, null, 0, 0, 0, 0);
INSERT INTO card_events (event_id, event_name, uma_id, uma_name, category) VALUES (1026, '「皇帝」的激勵', 30067, 'the-thrones-assemblage', '隨機事件');
INSERT INTO card_event_choices (choice_id, event_id, choice_label, chain_index, speed, stamina, strength, willpower, intelligence, hp, mood, skill_point, character_favor, event_condition, is_random_value, is_random_attribute, is_random_block_training, is_end_chained_event) VALUES (1809, 1026, 'Up', 0, 10, 0, 0, 0, 0, 0, 0, 0, 5, null, 0, 0, 0, 0);
INSERT INTO card_event_choices (choice_id, event_id, choice_label, chain_index, speed, stamina, strength, willpower, intelligence, hp, mood, skill_point, character_favor, event_condition, is_random_value, is_random_attribute, is_random_block_training, is_end_chained_event) VALUES (1810, 1026, 'Down', 0, 0, 0, 0, 0, 0, -10, 0, 30, 5, null, 0, 0, 0, 0);
INSERT INTO card_events (event_id, event_name, uma_id, uma_name, category) VALUES (1027, '學生會會長的思緒', 30067, 'the-thrones-assemblage', '隨機事件');
INSERT INTO card_event_choices (choice_id, event_id, choice_label, chain_index, speed, stamina, strength, willpower, intelligence, hp, mood, skill_point, character_favor, event_condition, is_random_value, is_random_attribute, is_random_block_training, is_end_chained_event) VALUES (1811, 1027, 'Up', 0, 0, 0, 0, 0, 0, 0, 0, 0, 5, null, 0, 0, 0, 0);
INSERT INTO card_event_choices (choice_id, event_id, choice_label, chain_index, speed, stamina, strength, willpower, intelligence, hp, mood, skill_point, character_favor, event_condition, is_random_value, is_random_attribute, is_random_block_training, is_end_chained_event) VALUES (1812, 1027, 'Down', 0, 0, 15, 0, 0, 0, 0, 0, 0, 5, null, 0, 0, 0, 0);
INSERT INTO card_events (event_id, event_name, uma_id, uma_name, category) VALUES (1028, '盡全力準備囉～！', 30067, 'the-thrones-assemblage', '隨機事件');
INSERT INTO card_event_choices (choice_id, event_id, choice_label, chain_index, speed, stamina, strength, willpower, intelligence, hp, mood, skill_point, character_favor, event_condition, is_random_value, is_random_attribute, is_random_block_training, is_end_chained_event) VALUES (1813, 1028, 'Up', 0, 0, 0, 0, 0, 0, 10, 1, 0, 5, null, 0, 0, 0, 0);
INSERT INTO card_event_choices (choice_id, event_id, choice_label, chain_index, speed, stamina, strength, willpower, intelligence, hp, mood, skill_point, character_favor, event_condition, is_random_value, is_random_attribute, is_random_block_training, is_end_chained_event) VALUES (1814, 1028, 'Down', 0, 15, 0, 0, 0, 0, 0, 0, 0, 5, null, 0, 0, 0, 0);
INSERT INTO card_events (event_id, event_name, uma_id, uma_name, category) VALUES (1029, '盡全力幫忙囉～！', 30067, 'the-thrones-assemblage', '隨機事件');
INSERT INTO card_event_choices (choice_id, event_id, choice_label, chain_index, speed, stamina, strength, willpower, intelligence, hp, mood, skill_point, character_favor, event_condition, is_random_value, is_random_attribute, is_random_block_training, is_end_chained_event) VALUES (1815, 1029, 'Up', 0, 0, 0, 0, 0, 0, 0, 0, 0, 5, null, 0, 0, 0, 0);
INSERT INTO card_event_choices (choice_id, event_id, choice_label, chain_index, speed, stamina, strength, willpower, intelligence, hp, mood, skill_point, character_favor, event_condition, is_random_value, is_random_attribute, is_random_block_training, is_end_chained_event) VALUES (1816, 1029, 'Down', 0, 0, 0, 0, 15, 0, 0, 0, 0, 5, null, 0, 0, 0, 0);
INSERT INTO card_events (event_id, event_name, uma_id, uma_name, category) VALUES (1030, '見賢思齊', 30067, 'the-thrones-assemblage', '隨機事件');
INSERT INTO card_event_choices (choice_id, event_id, choice_label, chain_index, speed, stamina, strength, willpower, intelligence, hp, mood, skill_point, character_favor, event_condition, is_random_value, is_random_attribute, is_random_block_training, is_end_chained_event) VALUES (1817, 1030, 'None', 0, 5, 0, 0, 0, 15, 0, 0, 5, 5, '熱情領域：齊聚於王座之人', 0, 0, 0, 0);
INSERT INTO card_events (event_id, event_name, uma_id, uma_name, category) VALUES (1031, '光輝的彼端', 30067, 'the-thrones-assemblage', '隨機事件');
INSERT INTO card_event_choices (choice_id, event_id, choice_label, chain_index, speed, stamina, strength, willpower, intelligence, hp, mood, skill_point, character_favor, event_condition, is_random_value, is_random_attribute, is_random_block_training, is_end_chained_event) VALUES (1818, 1031, 'Up', 0, 0, 0, 0, 0, 15, 0, 0, 0, 5, null, 0, 0, 0, 0);
INSERT INTO card_event_choices (choice_id, event_id, choice_label, chain_index, speed, stamina, strength, willpower, intelligence, hp, mood, skill_point, character_favor, event_condition, is_random_value, is_random_attribute, is_random_block_training, is_end_chained_event) VALUES (1819, 1031, 'Down', 0, 15, 0, 0, 0, 0, 0, 0, 0, 5, null, 0, 0, 0, 0);
INSERT INTO card_events (event_id, event_name, uma_id, uma_name, category) VALUES (1032, '孝悌忠信', 30067, 'the-thrones-assemblage', '特殊事件');
INSERT INTO card_event_choices (choice_id, event_id, choice_label, chain_index, speed, stamina, strength, willpower, intelligence, hp, mood, skill_point, character_favor, event_condition, is_random_value, is_random_attribute, is_random_block_training, is_end_chained_event) VALUES (1820, 1032, 'None', 0, 0, 0, 0, 0, 15, 0, 0, 0, 5, null, 0, 0, 0, 0);
INSERT INTO card_events (event_id, event_name, uma_id, uma_name, category) VALUES (1033, '一起鍛鍊吧', 30067, 'the-thrones-assemblage', '特殊事件');
INSERT INTO card_event_choices (choice_id, event_id, choice_label, chain_index, speed, stamina, strength, willpower, intelligence, hp, mood, skill_point, character_favor, event_condition, is_random_value, is_random_attribute, is_random_block_training, is_end_chained_event) VALUES (1821, 1033, 'Up', 0, 0, 0, 0, 0, 4, 0, 0, 4, 5, null, 0, 1, 0, 0);
INSERT INTO card_event_choices (choice_id, event_id, choice_label, chain_index, speed, stamina, strength, willpower, intelligence, hp, mood, skill_point, character_favor, event_condition, is_random_value, is_random_attribute, is_random_block_training, is_end_chained_event) VALUES (1822, 1033, 'Middle', 0, 4, 0, 0, 0, 0, 0, 0, 4, 5, null, 0, 1, 0, 0);
INSERT INTO card_event_choices (choice_id, event_id, choice_label, chain_index, speed, stamina, strength, willpower, intelligence, hp, mood, skill_point, character_favor, event_condition, is_random_value, is_random_attribute, is_random_block_training, is_end_chained_event) VALUES (1823, 1033, 'Down', 0, 0, 0, 0, 0, 0, 3, 0, 4, 5, null, 0, 1, 0, 0);
INSERT INTO card_events (event_id, event_name, uma_id, uma_name, category) VALUES (1034, '「並立的三英」', 30067, 'the-thrones-assemblage', '特殊事件');
INSERT INTO card_event_choices (choice_id, event_id, choice_label, chain_index, speed, stamina, strength, willpower, intelligence, hp, mood, skill_point, character_favor, event_condition, is_random_value, is_random_attribute, is_random_block_training, is_end_chained_event) VALUES (1824, 1034, 'None', 0, 20, 0, 0, 0, 20, 0, 0, 20, 0, null, 0, 0, 0, 0);
INSERT INTO card_events (event_id, event_name, uma_id, uma_name, category) VALUES (1035, '齊心戮力的結果', 30067, 'the-thrones-assemblage', '特殊事件');
INSERT INTO card_event_choices (choice_id, event_id, choice_label, chain_index, speed, stamina, strength, willpower, intelligence, hp, mood, skill_point, character_favor, event_condition, is_random_value, is_random_attribute, is_random_block_training, is_end_chained_event) VALUES (1825, 1035, 'None', 0, 15, 0, 0, 0, 15, 0, 0, 15, 0, null, 0, 0, 0, 0);
INSERT INTO card_events (event_id, event_name, uma_id, uma_name, category) VALUES (1036, '懷抱相同的夢想', 30067, 'the-thrones-assemblage', '特殊事件');
INSERT INTO card_event_choices (choice_id, event_id, choice_label, chain_index, speed, stamina, strength, willpower, intelligence, hp, mood, skill_point, character_favor, event_condition, is_random_value, is_random_attribute, is_random_block_training, is_end_chained_event) VALUES (1826, 1036, 'None', 0, 10, 0, 0, 0, 20, 0, 0, 10, 5, null, 0, 0, 0, 0);
INSERT INTO card_table (count, uma_id, uma_name) VALUES (278, 30068, 'curren-chan');
INSERT INTO card_events (event_id, event_name, uma_id, uma_name, category) VALUES (1037, '(❯) #真機伶的可能性', 30068, 'curren-chan', '連鎖事件');
INSERT INTO card_event_choices (choice_id, event_id, choice_label, chain_index, speed, stamina, strength, willpower, intelligence, hp, mood, skill_point, character_favor, event_condition, is_random_value, is_random_attribute, is_random_block_training, is_end_chained_event) VALUES (1827, 1037, 'Up', 1, 10, 0, 0, 0, 10, 0, 0, 0, 5, null, 1, 0, 0, 0);
INSERT INTO card_event_choices (choice_id, event_id, choice_label, chain_index, speed, stamina, strength, willpower, intelligence, hp, mood, skill_point, character_favor, event_condition, is_random_value, is_random_attribute, is_random_block_training, is_end_chained_event) VALUES (1828, 1037, 'Up', 1, 5, 0, 0, 0, 5, 0, 0, 0, 5, null, 0, 0, 0, 0);
INSERT INTO card_event_choices (choice_id, event_id, choice_label, chain_index, speed, stamina, strength, willpower, intelligence, hp, mood, skill_point, character_favor, event_condition, is_random_value, is_random_attribute, is_random_block_training, is_end_chained_event) VALUES (1829, 1037, 'Down', 1, 0, 0, 0, 0, 0, 30, 0, 0, 0, null, 0, 0, 0, 1);
INSERT INTO card_events (event_id, event_name, uma_id, uma_name, category) VALUES (1038, '(❯❯) #真機伶的疑問', 30068, 'curren-chan', '連鎖事件');
INSERT INTO card_event_choices (choice_id, event_id, choice_label, chain_index, speed, stamina, strength, willpower, intelligence, hp, mood, skill_point, character_favor, event_condition, is_random_value, is_random_attribute, is_random_block_training, is_end_chained_event) VALUES (1830, 1038, 'None', 2, 0, 0, 0, 0, 10, 0, 0, 0, 0, null, 0, 0, 0, 0);
INSERT INTO card_events (event_id, event_name, uma_id, uma_name, category) VALUES (1039, '(❯❯❯) #真機伶的風格', 30068, 'curren-chan', '連鎖事件');
INSERT INTO card_event_choices (choice_id, event_id, choice_label, chain_index, speed, stamina, strength, willpower, intelligence, hp, mood, skill_point, character_favor, event_condition, is_random_value, is_random_attribute, is_random_block_training, is_end_chained_event) VALUES (1831, 1039, 'None', 3, 0, 0, 0, 0, 10, 0, 0, 20, 5, null, 1, 0, 0, 0);
INSERT INTO card_event_choices (choice_id, event_id, choice_label, chain_index, speed, stamina, strength, willpower, intelligence, hp, mood, skill_point, character_favor, event_condition, is_random_value, is_random_attribute, is_random_block_training, is_end_chained_event) VALUES (1832, 1039, 'None', 3, 0, 0, 0, 0, 5, 0, 0, 10, 5, null, 0, 0, 0, 0);
INSERT INTO card_events (event_id, event_name, uma_id, uma_name, category) VALUES (1040, '#專屬於妳的可愛', 30068, 'curren-chan', '隨機事件');
INSERT INTO card_event_choices (choice_id, event_id, choice_label, chain_index, speed, stamina, strength, willpower, intelligence, hp, mood, skill_point, character_favor, event_condition, is_random_value, is_random_attribute, is_random_block_training, is_end_chained_event) VALUES (1833, 1040, 'Up', 3, 5, 0, 0, 0, 10, 0, 0, 0, 5, null, 0, 0, 0, 0);
INSERT INTO card_event_choices (choice_id, event_id, choice_label, chain_index, speed, stamina, strength, willpower, intelligence, hp, mood, skill_point, character_favor, event_condition, is_random_value, is_random_attribute, is_random_block_training, is_end_chained_event) VALUES (1834, 1040, 'Down', 3, 10, 0, 5, 0, 0, 0, 0, 0, 5, null, 0, 0, 0, 0);
INSERT INTO card_events (event_id, event_name, uma_id, uma_name, category) VALUES (1041, '#將可愛獻給你☆', 30068, 'curren-chan', '隨機事件');
INSERT INTO card_event_choices (choice_id, event_id, choice_label, chain_index, speed, stamina, strength, willpower, intelligence, hp, mood, skill_point, character_favor, event_condition, is_random_value, is_random_attribute, is_random_block_training, is_end_chained_event) VALUES (1835, 1041, 'Up', 3, 0, 0, 0, 0, 0, 0, 0, 15, 5, null, 0, 0, 0, 0);
INSERT INTO card_event_choices (choice_id, event_id, choice_label, chain_index, speed, stamina, strength, willpower, intelligence, hp, mood, skill_point, character_favor, event_condition, is_random_value, is_random_attribute, is_random_block_training, is_end_chained_event) VALUES (1836, 1041, 'Down', 3, 0, 0, 0, 0, 0, 0, 0, 0, 5, null, 0, 0, 0, 0);
INSERT INTO card_table (count, uma_id, uma_name) VALUES (279, 30069, 'narita-brian');
INSERT INTO card_events (event_id, event_name, uma_id, uma_name, category) VALUES (1042, '(❯) 曾經的目標', 30069, 'narita-brian', '連鎖事件');
INSERT INTO card_event_choices (choice_id, event_id, choice_label, chain_index, speed, stamina, strength, willpower, intelligence, hp, mood, skill_point, character_favor, event_condition, is_random_value, is_random_attribute, is_random_block_training, is_end_chained_event) VALUES (1837, 1042, 'None', 1, 0, 10, 0, 0, 0, 0, 0, 0, 0, null, 0, 0, 0, 0);
INSERT INTO card_events (event_id, event_name, uma_id, uma_name, category) VALUES (1043, '(❯❯) 池塘的霸主', 30069, 'narita-brian', '連鎖事件');
INSERT INTO card_event_choices (choice_id, event_id, choice_label, chain_index, speed, stamina, strength, willpower, intelligence, hp, mood, skill_point, character_favor, event_condition, is_random_value, is_random_attribute, is_random_block_training, is_end_chained_event) VALUES (1838, 1043, 'Up', 2, 0, 10, 0, 0, 0, 4, 0, 0, 5, null, 1, 0, 0, 0);
INSERT INTO card_event_choices (choice_id, event_id, choice_label, chain_index, speed, stamina, strength, willpower, intelligence, hp, mood, skill_point, character_favor, event_condition, is_random_value, is_random_attribute, is_random_block_training, is_end_chained_event) VALUES (1839, 1043, 'Up', 2, 0, 0, 0, 10, 0, 0, 0, 0, -5, null, 0, 0, 0, 0);
INSERT INTO card_event_choices (choice_id, event_id, choice_label, chain_index, speed, stamina, strength, willpower, intelligence, hp, mood, skill_point, character_favor, event_condition, is_random_value, is_random_attribute, is_random_block_training, is_end_chained_event) VALUES (1840, 1043, 'Down', 2, 0, 0, 0, 0, 10, 0, 0, 0, 5, null, 0, 0, 0, 0);
INSERT INTO card_events (event_id, event_name, uma_id, uma_name, category) VALUES (1044, '(❯❯❯) 戰場的心得', 30069, 'narita-brian', '連鎖事件');
INSERT INTO card_event_choices (choice_id, event_id, choice_label, chain_index, speed, stamina, strength, willpower, intelligence, hp, mood, skill_point, character_favor, event_condition, is_random_value, is_random_attribute, is_random_block_training, is_end_chained_event) VALUES (1841, 1044, 'None', 3, 0, 5, 0, 0, 0, -5, 0, 0, 5, null, 0, 0, 0, 0);
INSERT INTO card_events (event_id, event_name, uma_id, uma_name, category) VALUES (1045, '學生會幹部！', 30069, 'narita-brian', '隨機事件');
INSERT INTO card_event_choices (choice_id, event_id, choice_label, chain_index, speed, stamina, strength, willpower, intelligence, hp, mood, skill_point, character_favor, event_condition, is_random_value, is_random_attribute, is_random_block_training, is_end_chained_event) VALUES (1842, 1045, 'Up', 3, 5, 0, 0, 0, 0, 0, 1, 0, 5, null, 0, 0, 0, 0);
INSERT INTO card_event_choices (choice_id, event_id, choice_label, chain_index, speed, stamina, strength, willpower, intelligence, hp, mood, skill_point, character_favor, event_condition, is_random_value, is_random_attribute, is_random_block_training, is_end_chained_event) VALUES (1843, 1045, 'Down', 3, 0, 0, 0, 0, 0, 4, 0, 0, 5, null, 0, 0, 0, 0);
INSERT INTO card_events (event_id, event_name, uma_id, uma_name, category) VALUES (1046, '獨行俠', 30069, 'narita-brian', '隨機事件');
INSERT INTO card_event_choices (choice_id, event_id, choice_label, chain_index, speed, stamina, strength, willpower, intelligence, hp, mood, skill_point, character_favor, event_condition, is_random_value, is_random_attribute, is_random_block_training, is_end_chained_event) VALUES (1844, 1046, 'Up', 3, 3, 3, 3, 0, 0, 0, 0, 0, 5, null, 0, 0, 0, 0);
INSERT INTO card_event_choices (choice_id, event_id, choice_label, chain_index, speed, stamina, strength, willpower, intelligence, hp, mood, skill_point, character_favor, event_condition, is_random_value, is_random_attribute, is_random_block_training, is_end_chained_event) VALUES (1845, 1046, 'Down', 3, 0, 0, 0, 0, 0, 0, 0, 0, 5, null, 0, 0, 0, 0);
INSERT INTO card_table (count, uma_id, uma_name) VALUES (280, 30070, 'yukino-bijin');
INSERT INTO card_events (event_id, event_name, uma_id, uma_name, category) VALUES (1047, '(❯) 我會想辦法地！', 30070, 'yukino-bijin', '連鎖事件');
INSERT INTO card_event_choices (choice_id, event_id, choice_label, chain_index, speed, stamina, strength, willpower, intelligence, hp, mood, skill_point, character_favor, event_condition, is_random_value, is_random_attribute, is_random_block_training, is_end_chained_event) VALUES (1846, 1047, 'None', 1, 0, 0, 0, 10, 10, -10, 0, 0, 5, null, 0, 0, 0, 0);
INSERT INTO card_events (event_id, event_name, uma_id, uma_name, category) VALUES (1048, '(❯❯) 自然的魅力……', 30070, 'yukino-bijin', '連鎖事件');
INSERT INTO card_event_choices (choice_id, event_id, choice_label, chain_index, speed, stamina, strength, willpower, intelligence, hp, mood, skill_point, character_favor, event_condition, is_random_value, is_random_attribute, is_random_block_training, is_end_chained_event) VALUES (1847, 1048, 'Up', 2, 0, 5, 0, 10, 0, -10, 0, 0, 5, null, 0, 0, 0, 0);
INSERT INTO card_event_choices (choice_id, event_id, choice_label, chain_index, speed, stamina, strength, willpower, intelligence, hp, mood, skill_point, character_favor, event_condition, is_random_value, is_random_attribute, is_random_block_training, is_end_chained_event) VALUES (1848, 1048, 'Down', 2, 0, 0, 0, 0, 0, 0, 0, 20, -5, null, 0, 0, 0, 1);
INSERT INTO card_events (event_id, event_name, uma_id, uma_name, category) VALUES (1049, '(❯❯❯) 「完美結局」的大功臣', 30070, 'yukino-bijin', '連鎖事件');
INSERT INTO card_event_choices (choice_id, event_id, choice_label, chain_index, speed, stamina, strength, willpower, intelligence, hp, mood, skill_point, character_favor, event_condition, is_random_value, is_random_attribute, is_random_block_training, is_end_chained_event) VALUES (1849, 1049, 'None', 3, 0, 0, 0, 10, 5, -10, 0, 0, 5, null, 0, 0, 0, 0);
INSERT INTO card_events (event_id, event_name, uma_id, uma_name, category) VALUES (1050, '為了很炫的演唱會', 30070, 'yukino-bijin', '隨機事件');
INSERT INTO card_event_choices (choice_id, event_id, choice_label, chain_index, speed, stamina, strength, willpower, intelligence, hp, mood, skill_point, character_favor, event_condition, is_random_value, is_random_attribute, is_random_block_training, is_end_chained_event) VALUES (1850, 1050, 'Up', 3, 0, 0, 0, 10, 0, 0, 0, 0, 5, null, 0, 0, 0, 0);
INSERT INTO card_event_choices (choice_id, event_id, choice_label, chain_index, speed, stamina, strength, willpower, intelligence, hp, mood, skill_point, character_favor, event_condition, is_random_value, is_random_attribute, is_random_block_training, is_end_chained_event) VALUES (1851, 1050, 'Down', 3, 0, 0, 0, 15, 0, -10, 0, 0, 5, null, 0, 0, 0, 0);
INSERT INTO card_events (event_id, event_name, uma_id, uma_name, category) VALUES (1051, '鎖定「城市景點」', 30070, 'yukino-bijin', '隨機事件');
INSERT INTO card_event_choices (choice_id, event_id, choice_label, chain_index, speed, stamina, strength, willpower, intelligence, hp, mood, skill_point, character_favor, event_condition, is_random_value, is_random_attribute, is_random_block_training, is_end_chained_event) VALUES (1852, 1051, 'Up', 3, 0, 0, 0, 10, 0, -10, 1, 0, 5, null, 0, 0, 0, 0);
INSERT INTO card_event_choices (choice_id, event_id, choice_label, chain_index, speed, stamina, strength, willpower, intelligence, hp, mood, skill_point, character_favor, event_condition, is_random_value, is_random_attribute, is_random_block_training, is_end_chained_event) VALUES (1853, 1051, 'Down', 3, 0, 0, 0, 0, 0, 0, 0, 0, 5, null, 0, 0, 0, 0);
INSERT INTO card_table (count, uma_id, uma_name) VALUES (281, 30071, 'daitaku-helios');
INSERT INTO card_events (event_id, event_name, uma_id, uma_name, category) VALUES (1052, '(❯) 笑容傳說．爆誕！', 30071, 'daitaku-helios', '連鎖事件');
INSERT INTO card_event_choices (choice_id, event_id, choice_label, chain_index, speed, stamina, strength, willpower, intelligence, hp, mood, skill_point, character_favor, event_condition, is_random_value, is_random_attribute, is_random_block_training, is_end_chained_event) VALUES (1854, 1052, 'Up', 1, 0, 0, 15, 0, 0, -5, 0, 0, 5, null, 0, 1, 0, 0);
INSERT INTO card_event_choices (choice_id, event_id, choice_label, chain_index, speed, stamina, strength, willpower, intelligence, hp, mood, skill_point, character_favor, event_condition, is_random_value, is_random_attribute, is_random_block_training, is_end_chained_event) VALUES (1855, 1052, 'Down', 1, 15, 0, 0, 0, 0, 10, 0, 0, 0, null, 0, 0, 0, 1);
INSERT INTO card_events (event_id, event_name, uma_id, uma_name, category) VALUES (1053, '(❯❯) 嗨翻天☆太陽頻道～！', 30071, 'daitaku-helios', '連鎖事件');
INSERT INTO card_event_choices (choice_id, event_id, choice_label, chain_index, speed, stamina, strength, willpower, intelligence, hp, mood, skill_point, character_favor, event_condition, is_random_value, is_random_attribute, is_random_block_training, is_end_chained_event) VALUES (1856, 1053, 'None', 2, 0, 0, 10, 0, 0, -5, 0, 20, 0, null, 0, 0, 0, 0);
INSERT INTO card_events (event_id, event_name, uma_id, uma_name, category) VALUES (1054, '(❯❯❯) 笑容將會永不停歇', 30071, 'daitaku-helios', '連鎖事件');
INSERT INTO card_event_choices (choice_id, event_id, choice_label, chain_index, speed, stamina, strength, willpower, intelligence, hp, mood, skill_point, character_favor, event_condition, is_random_value, is_random_attribute, is_random_block_training, is_end_chained_event) VALUES (1857, 1054, 'None', 3, 20, 0, 20, 0, 0, -10, 0, 0, 5, null, 1, 0, 0, 0);
INSERT INTO card_event_choices (choice_id, event_id, choice_label, chain_index, speed, stamina, strength, willpower, intelligence, hp, mood, skill_point, character_favor, event_condition, is_random_value, is_random_attribute, is_random_block_training, is_end_chained_event) VALUES (1858, 1054, 'None', 3, 10, 0, 10, 0, 0, -10, 0, 0, 5, null, 0, 0, 0, 0);
INSERT INTO card_events (event_id, event_name, uma_id, uma_name, category) VALUES (1055, '遭遇太陽☆', 30071, 'daitaku-helios', '隨機事件');
INSERT INTO card_event_choices (choice_id, event_id, choice_label, chain_index, speed, stamina, strength, willpower, intelligence, hp, mood, skill_point, character_favor, event_condition, is_random_value, is_random_attribute, is_random_block_training, is_end_chained_event) VALUES (1859, 1055, 'Up', 3, 0, 0, 10, 0, 0, 0, 0, 0, 5, null, 0, 0, 0, 0);
INSERT INTO card_event_choices (choice_id, event_id, choice_label, chain_index, speed, stamina, strength, willpower, intelligence, hp, mood, skill_point, character_favor, event_condition, is_random_value, is_random_attribute, is_random_block_training, is_end_chained_event) VALUES (1860, 1055, 'Down', 3, 0, 0, 0, 0, 0, 0, 0, 0, 5, '備受矚目', 0, 0, 0, 0);
INSERT INTO card_events (event_id, event_name, uma_id, uma_name, category) VALUES (1056, '笑容Forever', 30071, 'daitaku-helios', '隨機事件');
INSERT INTO card_event_choices (choice_id, event_id, choice_label, chain_index, speed, stamina, strength, willpower, intelligence, hp, mood, skill_point, character_favor, event_condition, is_random_value, is_random_attribute, is_random_block_training, is_end_chained_event) VALUES (1861, 1056, 'Up', 3, 5, 0, 10, 0, 0, 0, 0, 0, 5, null, 0, 0, 0, 0);
INSERT INTO card_event_choices (choice_id, event_id, choice_label, chain_index, speed, stamina, strength, willpower, intelligence, hp, mood, skill_point, character_favor, event_condition, is_random_value, is_random_attribute, is_random_block_training, is_end_chained_event) VALUES (1862, 1056, 'Down', 3, 0, 0, 0, 0, 0, 0, 0, 0, 5, null, 0, 0, 0, 0);
INSERT INTO card_table (count, uma_id, uma_name) VALUES (282, 30072, 'mayano-top-gun');
INSERT INTO card_events (event_id, event_name, uma_id, uma_name, category) VALUES (1057, '(❯) 普通日子的……♪', 30072, 'mayano-top-gun', '連鎖事件');
INSERT INTO card_event_choices (choice_id, event_id, choice_label, chain_index, speed, stamina, strength, willpower, intelligence, hp, mood, skill_point, character_favor, event_condition, is_random_value, is_random_attribute, is_random_block_training, is_end_chained_event) VALUES (1863, 1057, 'Up', 1, 20, 0, 0, 10, 0, 0, 1, 0, 5, null, 1, 0, 0, 0);
INSERT INTO card_event_choices (choice_id, event_id, choice_label, chain_index, speed, stamina, strength, willpower, intelligence, hp, mood, skill_point, character_favor, event_condition, is_random_value, is_random_attribute, is_random_block_training, is_end_chained_event) VALUES (1864, 1057, 'Up', 1, 0, 0, 0, 10, 0, -10, 1, 0, 5, null, 0, 0, 0, 0);
INSERT INTO card_event_choices (choice_id, event_id, choice_label, chain_index, speed, stamina, strength, willpower, intelligence, hp, mood, skill_point, character_favor, event_condition, is_random_value, is_random_attribute, is_random_block_training, is_end_chained_event) VALUES (1865, 1057, 'Middle', 1, 0, 0, 0, 0, 15, 0, 0, 0, 5, null, 0, 0, 0, 0);
INSERT INTO card_event_choices (choice_id, event_id, choice_label, chain_index, speed, stamina, strength, willpower, intelligence, hp, mood, skill_point, character_favor, event_condition, is_random_value, is_random_attribute, is_random_block_training, is_end_chained_event) VALUES (1866, 1057, 'Down', 1, 0, 10, 0, 0, 0, 20, 0, 0, 0, null, 0, 0, 0, 1);
INSERT INTO card_events (event_id, event_name, uma_id, uma_name, category) VALUES (1058, '(❯❯) 美好假日的……♪', 30072, 'mayano-top-gun', '連鎖事件');
INSERT INTO card_event_choices (choice_id, event_id, choice_label, chain_index, speed, stamina, strength, willpower, intelligence, hp, mood, skill_point, character_favor, event_condition, is_random_value, is_random_attribute, is_random_block_training, is_end_chained_event) VALUES (1867, 1058, 'None', 2, 10, 0, 0, 5, 0, 0, 0, 0, 0, null, 0, 0, 0, 0);
INSERT INTO card_events (event_id, event_name, uma_id, uma_name, category) VALUES (1059, '(❯❯❯) 特別日子的特別……♪', 30072, 'mayano-top-gun', '連鎖事件');
INSERT INTO card_event_choices (choice_id, event_id, choice_label, chain_index, speed, stamina, strength, willpower, intelligence, hp, mood, skill_point, character_favor, event_condition, is_random_value, is_random_attribute, is_random_block_training, is_end_chained_event) VALUES (1868, 1059, 'None', 3, 10, 0, 0, 5, 0, 10, 0, 0, 5, null, 0, 0, 0, 0);
INSERT INTO card_events (event_id, event_name, uma_id, uma_name, category) VALUES (1060, '重砲的點心會議！', 30072, 'mayano-top-gun', '隨機事件');
INSERT INTO card_event_choices (choice_id, event_id, choice_label, chain_index, speed, stamina, strength, willpower, intelligence, hp, mood, skill_point, character_favor, event_condition, is_random_value, is_random_attribute, is_random_block_training, is_end_chained_event) VALUES (1869, 1060, 'Up', 3, 0, 5, 0, 5, 0, 0, 0, 0, 5, null, 0, 0, 0, 0);
INSERT INTO card_event_choices (choice_id, event_id, choice_label, chain_index, speed, stamina, strength, willpower, intelligence, hp, mood, skill_point, character_favor, event_condition, is_random_value, is_random_attribute, is_random_block_training, is_end_chained_event) VALUES (1870, 1060, 'Down', 3, 0, 10, 0, 0, 0, 0, 0, 0, 5, null, 0, 0, 0, 0);
INSERT INTO card_events (event_id, event_name, uma_id, uma_name, category) VALUES (1061, '重砲的時尚會議！', 30072, 'mayano-top-gun', '隨機事件');
INSERT INTO card_event_choices (choice_id, event_id, choice_label, chain_index, speed, stamina, strength, willpower, intelligence, hp, mood, skill_point, character_favor, event_condition, is_random_value, is_random_attribute, is_random_block_training, is_end_chained_event) VALUES (1871, 1061, 'Up', 3, 0, 0, 0, 0, 0, 0, 0, 0, 5, null, 0, 0, 0, 0);
INSERT INTO card_event_choices (choice_id, event_id, choice_label, chain_index, speed, stamina, strength, willpower, intelligence, hp, mood, skill_point, character_favor, event_condition, is_random_value, is_random_attribute, is_random_block_training, is_end_chained_event) VALUES (1872, 1061, 'Down', 3, 0, 10, 0, 0, 0, 0, 0, 0, 5, null, 0, 0, 0, 0);
INSERT INTO card_table (count, uma_id, uma_name) VALUES (283, 30073, 'narita-taishin');
INSERT INTO card_events (event_id, event_name, uma_id, uma_name, category) VALUES (1062, '(❯) 大進的報恩', 30073, 'narita-taishin', '連鎖事件');
INSERT INTO card_event_choices (choice_id, event_id, choice_label, chain_index, speed, stamina, strength, willpower, intelligence, hp, mood, skill_point, character_favor, event_condition, is_random_value, is_random_attribute, is_random_block_training, is_end_chained_event) VALUES (1873, 1062, 'None', 1, 0, 10, 0, 0, 10, -5, 0, 0, 5, null, 0, 0, 0, 0);
INSERT INTO card_events (event_id, event_name, uma_id, uma_name, category) VALUES (1063, '(❯❯) 坦率訓練！', 30073, 'narita-taishin', '連鎖事件');
INSERT INTO card_event_choices (choice_id, event_id, choice_label, chain_index, speed, stamina, strength, willpower, intelligence, hp, mood, skill_point, character_favor, event_condition, is_random_value, is_random_attribute, is_random_block_training, is_end_chained_event) VALUES (1874, 1063, 'Up', 2, 0, 0, 10, 0, 0, 0, 0, 0, 5, null, 0, 0, 0, 0);
INSERT INTO card_event_choices (choice_id, event_id, choice_label, chain_index, speed, stamina, strength, willpower, intelligence, hp, mood, skill_point, character_favor, event_condition, is_random_value, is_random_attribute, is_random_block_training, is_end_chained_event) VALUES (1875, 1063, 'Down', 2, 0, 10, 0, 0, 0, 0, 0, 0, 5, null, 0, 0, 0, 0);
INSERT INTO card_events (event_id, event_name, uma_id, uma_name, category) VALUES (1064, '(❯❯❯) 將這份心情直率地傳達出去！', 30073, 'narita-taishin', '連鎖事件');
INSERT INTO card_event_choices (choice_id, event_id, choice_label, chain_index, speed, stamina, strength, willpower, intelligence, hp, mood, skill_point, character_favor, event_condition, is_random_value, is_random_attribute, is_random_block_training, is_end_chained_event) VALUES (1876, 1064, 'None', 3, 0, 10, 0, 0, 10, 0, 0, 0, 0, null, 1, 0, 0, 0);
INSERT INTO card_event_choices (choice_id, event_id, choice_label, chain_index, speed, stamina, strength, willpower, intelligence, hp, mood, skill_point, character_favor, event_condition, is_random_value, is_random_attribute, is_random_block_training, is_end_chained_event) VALUES (1877, 1064, 'None', 3, 0, 5, 0, 0, 5, 0, 0, 0, 0, null, 0, 0, 0, 0);
INSERT INTO card_events (event_id, event_name, uma_id, uma_name, category) VALUES (1065, '沒什麼，別管我', 30073, 'narita-taishin', '隨機事件');
INSERT INTO card_event_choices (choice_id, event_id, choice_label, chain_index, speed, stamina, strength, willpower, intelligence, hp, mood, skill_point, character_favor, event_condition, is_random_value, is_random_attribute, is_random_block_training, is_end_chained_event) VALUES (1878, 1065, 'Up', 3, 0, 5, 0, 0, 0, 0, 0, 15, 5, null, 0, 0, 0, 0);
INSERT INTO card_event_choices (choice_id, event_id, choice_label, chain_index, speed, stamina, strength, willpower, intelligence, hp, mood, skill_point, character_favor, event_condition, is_random_value, is_random_attribute, is_random_block_training, is_end_chained_event) VALUES (1879, 1065, 'Down', 3, 0, 0, 5, 0, 0, 0, 0, 15, 5, null, 0, 0, 0, 0);
INSERT INTO card_events (event_id, event_name, uma_id, uma_name, category) VALUES (1066, '沒什麼，別來煩我', 30073, 'narita-taishin', '隨機事件');
INSERT INTO card_event_choices (choice_id, event_id, choice_label, chain_index, speed, stamina, strength, willpower, intelligence, hp, mood, skill_point, character_favor, event_condition, is_random_value, is_random_attribute, is_random_block_training, is_end_chained_event) VALUES (1880, 1066, 'Up', 3, 0, 0, 0, 0, 0, 0, 0, 0, 5, null, 0, 0, 0, 0);
INSERT INTO card_event_choices (choice_id, event_id, choice_label, chain_index, speed, stamina, strength, willpower, intelligence, hp, mood, skill_point, character_favor, event_condition, is_random_value, is_random_attribute, is_random_block_training, is_end_chained_event) VALUES (1881, 1066, 'Down', 3, 0, 0, 0, 0, 0, 0, 0, 30, 5, null, 0, 0, 0, 0);
INSERT INTO card_table (count, uma_id, uma_name) VALUES (284, 30074, 'marvelous-sunday');
INSERT INTO card_events (event_id, event_name, uma_id, uma_name, category) VALUES (1067, '(❯) 帶往美麗☆', 30074, 'marvelous-sunday', '連鎖事件');
INSERT INTO card_event_choices (choice_id, event_id, choice_label, chain_index, speed, stamina, strength, willpower, intelligence, hp, mood, skill_point, character_favor, event_condition, is_random_value, is_random_attribute, is_random_block_training, is_end_chained_event) VALUES (1882, 1067, 'None', 1, 10, 0, 0, 0, 0, 0, 0, 0, 0, null, 0, 0, 0, 0);
INSERT INTO card_events (event_id, event_name, uma_id, uma_name, category) VALUES (1068, '(❯❯) 閃閃發亮的美麗☆', 30074, 'marvelous-sunday', '連鎖事件');
INSERT INTO card_event_choices (choice_id, event_id, choice_label, chain_index, speed, stamina, strength, willpower, intelligence, hp, mood, skill_point, character_favor, event_condition, is_random_value, is_random_attribute, is_random_block_training, is_end_chained_event) VALUES (1883, 1068, 'Up', 2, 0, 0, 0, 0, 0, 10, 0, 0, 5, null, 0, 0, 0, 0);
INSERT INTO card_event_choices (choice_id, event_id, choice_label, chain_index, speed, stamina, strength, willpower, intelligence, hp, mood, skill_point, character_favor, event_condition, is_random_value, is_random_attribute, is_random_block_training, is_end_chained_event) VALUES (1884, 1068, 'Down', 2, 0, 0, 0, 0, 0, 0, 0, 0, 5, null, 0, 0, 0, 0);
INSERT INTO card_events (event_id, event_name, uma_id, uma_name, category) VALUES (1069, '(❯❯❯) 雪白的美麗☆', 30074, 'marvelous-sunday', '連鎖事件');
INSERT INTO card_event_choices (choice_id, event_id, choice_label, chain_index, speed, stamina, strength, willpower, intelligence, hp, mood, skill_point, character_favor, event_condition, is_random_value, is_random_attribute, is_random_block_training, is_end_chained_event) VALUES (1885, 1069, 'None', 3, 5, 0, 0, 0, 0, 0, 0, 5, 5, null, 1, 0, 0, 0);
INSERT INTO card_event_choices (choice_id, event_id, choice_label, chain_index, speed, stamina, strength, willpower, intelligence, hp, mood, skill_point, character_favor, event_condition, is_random_value, is_random_attribute, is_random_block_training, is_end_chained_event) VALUES (1886, 1069, 'None', 3, 5, 0, 0, 0, 0, 0, 0, 10, 5, null, 0, 0, 0, 0);
INSERT INTO card_events (event_id, event_name, uma_id, uma_name, category) VALUES (1070, '不由分說的美麗☆', 30074, 'marvelous-sunday', '隨機事件');
INSERT INTO card_event_choices (choice_id, event_id, choice_label, chain_index, speed, stamina, strength, willpower, intelligence, hp, mood, skill_point, character_favor, event_condition, is_random_value, is_random_attribute, is_random_block_training, is_end_chained_event) VALUES (1887, 1070, 'Up', 3, 5, 0, 0, 0, 0, 10, 0, 0, 5, null, 0, 0, 0, 0);
INSERT INTO card_event_choices (choice_id, event_id, choice_label, chain_index, speed, stamina, strength, willpower, intelligence, hp, mood, skill_point, character_favor, event_condition, is_random_value, is_random_attribute, is_random_block_training, is_end_chained_event) VALUES (1888, 1070, 'Down', 3, 5, 0, 0, 0, 0, 0, 1, 0, 5, null, 0, 0, 0, 0);
INSERT INTO card_events (event_id, event_name, uma_id, uma_name, category) VALUES (1071, '為了變得美麗☆', 30074, 'marvelous-sunday', '隨機事件');
INSERT INTO card_event_choices (choice_id, event_id, choice_label, chain_index, speed, stamina, strength, willpower, intelligence, hp, mood, skill_point, character_favor, event_condition, is_random_value, is_random_attribute, is_random_block_training, is_end_chained_event) VALUES (1889, 1071, 'Up', 3, 0, 0, 0, 0, 0, 10, 1, 0, 5, null, 0, 0, 0, 0);
INSERT INTO card_event_choices (choice_id, event_id, choice_label, chain_index, speed, stamina, strength, willpower, intelligence, hp, mood, skill_point, character_favor, event_condition, is_random_value, is_random_attribute, is_random_block_training, is_end_chained_event) VALUES (1890, 1071, 'Down', 3, 0, 0, 0, 0, 0, 0, 0, 0, 5, null, 0, 0, 0, 0);
INSERT INTO card_table (count, uma_id, uma_name) VALUES (285, 30075, 'manhattan-cafe');
INSERT INTO card_events (event_id, event_name, uma_id, uma_name, category) VALUES (1072, '(❯) 受到吸引', 30075, 'manhattan-cafe', '連鎖事件');
INSERT INTO card_event_choices (choice_id, event_id, choice_label, chain_index, speed, stamina, strength, willpower, intelligence, hp, mood, skill_point, character_favor, event_condition, is_random_value, is_random_attribute, is_random_block_training, is_end_chained_event) VALUES (1891, 1072, 'None', 1, 0, 10, 0, 0, 5, 0, 0, 0, 0, null, 0, 0, 0, 0);
INSERT INTO card_events (event_id, event_name, uma_id, uma_name, category) VALUES (1073, '(❯❯) 找到……', 30075, 'manhattan-cafe', '連鎖事件');
INSERT INTO card_event_choices (choice_id, event_id, choice_label, chain_index, speed, stamina, strength, willpower, intelligence, hp, mood, skill_point, character_favor, event_condition, is_random_value, is_random_attribute, is_random_block_training, is_end_chained_event) VALUES (1892, 1073, 'Up', 2, 0, 10, 0, 0, 10, 0, 0, 0, 5, null, 1, 0, 0, 0);
INSERT INTO card_event_choices (choice_id, event_id, choice_label, chain_index, speed, stamina, strength, willpower, intelligence, hp, mood, skill_point, character_favor, event_condition, is_random_value, is_random_attribute, is_random_block_training, is_end_chained_event) VALUES (1893, 1073, 'Up', 2, 0, 0, 0, 0, 0, 15, 0, 0, 5, '時常熬夜', 0, 0, 0, 0);
INSERT INTO card_event_choices (choice_id, event_id, choice_label, chain_index, speed, stamina, strength, willpower, intelligence, hp, mood, skill_point, character_favor, event_condition, is_random_value, is_random_attribute, is_random_block_training, is_end_chained_event) VALUES (1894, 1073, 'Down', 2, 0, 0, 0, 0, 0, 15, 0, 0, 5, null, 0, 0, 0, 0);
INSERT INTO card_events (event_id, event_name, uma_id, uma_name, category) VALUES (1074, '(❯❯❯) 追上……', 30075, 'manhattan-cafe', '連鎖事件');
INSERT INTO card_event_choices (choice_id, event_id, choice_label, chain_index, speed, stamina, strength, willpower, intelligence, hp, mood, skill_point, character_favor, event_condition, is_random_value, is_random_attribute, is_random_block_training, is_end_chained_event) VALUES (1895, 1074, 'None', 3, 0, 16, 0, 0, 0, 0, 0, 0, 5, null, 0, 0, 0, 0);
INSERT INTO card_events (event_id, event_name, uma_id, uma_name, category) VALUES (1075, '夜晚獨跑', 30075, 'manhattan-cafe', '隨機事件');
INSERT INTO card_event_choices (choice_id, event_id, choice_label, chain_index, speed, stamina, strength, willpower, intelligence, hp, mood, skill_point, character_favor, event_condition, is_random_value, is_random_attribute, is_random_block_training, is_end_chained_event) VALUES (1896, 1075, 'Up', 3, 0, 10, 0, 0, 0, 0, 0, 0, 5, null, 0, 0, 0, 0);
INSERT INTO card_event_choices (choice_id, event_id, choice_label, chain_index, speed, stamina, strength, willpower, intelligence, hp, mood, skill_point, character_favor, event_condition, is_random_value, is_random_attribute, is_random_block_training, is_end_chained_event) VALUES (1897, 1075, 'Down', 3, 0, 5, 0, 0, 0, 10, 0, 0, 5, null, 0, 0, 0, 0);
INSERT INTO card_events (event_id, event_name, uma_id, uma_name, category) VALUES (1076, '偏好寧靜', 30075, 'manhattan-cafe', '隨機事件');
INSERT INTO card_event_choices (choice_id, event_id, choice_label, chain_index, speed, stamina, strength, willpower, intelligence, hp, mood, skill_point, character_favor, event_condition, is_random_value, is_random_attribute, is_random_block_training, is_end_chained_event) VALUES (1898, 1076, 'Up', 3, 0, 5, 0, 0, 0, 0, 0, 15, 5, null, 0, 0, 0, 0);
INSERT INTO card_event_choices (choice_id, event_id, choice_label, chain_index, speed, stamina, strength, willpower, intelligence, hp, mood, skill_point, character_favor, event_condition, is_random_value, is_random_attribute, is_random_block_training, is_end_chained_event) VALUES (1899, 1076, 'Down', 3, 0, 0, 0, 0, 0, 0, 0, 0, 5, null, 0, 0, 0, 0);
INSERT INTO card_table (count, uma_id, uma_name) VALUES (286, 30076, 'silence-suzuka');
INSERT INTO card_events (event_id, event_name, uma_id, uma_name, category) VALUES (1077, '(❯) 帶領前往的「景色」', 30076, 'silence-suzuka', '連鎖事件');
INSERT INTO card_event_choices (choice_id, event_id, choice_label, chain_index, speed, stamina, strength, willpower, intelligence, hp, mood, skill_point, character_favor, event_condition, is_random_value, is_random_attribute, is_random_block_training, is_end_chained_event) VALUES (1900, 1077, 'None', 1, 15, 0, 0, 0, 0, 0, 0, 0, 0, null, 0, 0, 0, 0);
INSERT INTO card_events (event_id, event_name, uma_id, uma_name, category) VALUES (1078, '(❯❯) 與同伴一起看見的「景色」', 30076, 'silence-suzuka', '連鎖事件');
INSERT INTO card_event_choices (choice_id, event_id, choice_label, chain_index, speed, stamina, strength, willpower, intelligence, hp, mood, skill_point, character_favor, event_condition, is_random_value, is_random_attribute, is_random_block_training, is_end_chained_event) VALUES (1901, 1078, 'None', 2, 0, 0, 0, 0, 0, 0, 0, 20, 0, null, 0, 0, 0, 0);
INSERT INTO card_events (event_id, event_name, uma_id, uma_name, category) VALUES (1079, '(❯❯❯) 未來的「景色」', 30076, 'silence-suzuka', '連鎖事件');
INSERT INTO card_event_choices (choice_id, event_id, choice_label, chain_index, speed, stamina, strength, willpower, intelligence, hp, mood, skill_point, character_favor, event_condition, is_random_value, is_random_attribute, is_random_block_training, is_end_chained_event) VALUES (1902, 1079, 'None', 3, 15, 0, 0, 0, 0, 0, 0, 0, 0, null, 0, 0, 0, 0);
INSERT INTO card_events (event_id, event_name, uma_id, uma_name, category) VALUES (1080, '無論到何處', 30076, 'silence-suzuka', '隨機事件');
INSERT INTO card_event_choices (choice_id, event_id, choice_label, chain_index, speed, stamina, strength, willpower, intelligence, hp, mood, skill_point, character_favor, event_condition, is_random_value, is_random_attribute, is_random_block_training, is_end_chained_event) VALUES (1903, 1080, 'Up', 3, 10, 5, 0, 0, 0, 0, 0, 0, 5, null, 0, 0, 0, 0);
INSERT INTO card_event_choices (choice_id, event_id, choice_label, chain_index, speed, stamina, strength, willpower, intelligence, hp, mood, skill_point, character_favor, event_condition, is_random_value, is_random_attribute, is_random_block_training, is_end_chained_event) VALUES (1904, 1080, 'Down', 3, 15, 0, 0, 0, 0, 0, 0, 0, 5, null, 0, 0, 0, 0);
INSERT INTO card_events (event_id, event_name, uma_id, uma_name, category) VALUES (1081, '該怎麼做', 30076, 'silence-suzuka', '隨機事件');
INSERT INTO card_event_choices (choice_id, event_id, choice_label, chain_index, speed, stamina, strength, willpower, intelligence, hp, mood, skill_point, character_favor, event_condition, is_random_value, is_random_attribute, is_random_block_training, is_end_chained_event) VALUES (1905, 1081, 'Up', 3, 5, 5, 0, 0, 5, 0, 0, 0, 5, null, 0, 0, 0, 0);
INSERT INTO card_event_choices (choice_id, event_id, choice_label, chain_index, speed, stamina, strength, willpower, intelligence, hp, mood, skill_point, character_favor, event_condition, is_random_value, is_random_attribute, is_random_block_training, is_end_chained_event) VALUES (1906, 1081, 'Down', 3, 0, 0, 0, 0, 0, 0, 0, 0, 5, null, 0, 0, 0, 0);
INSERT INTO card_table (count, uma_id, uma_name) VALUES (287, 30077, 'admire-vega');
INSERT INTO card_events (event_id, event_name, uma_id, uma_name, category) VALUES (1082, '(❯) 織姬不能坐視不管', 30077, 'admire-vega', '連鎖事件');
INSERT INTO card_event_choices (choice_id, event_id, choice_label, chain_index, speed, stamina, strength, willpower, intelligence, hp, mood, skill_point, character_favor, event_condition, is_random_value, is_random_attribute, is_random_block_training, is_end_chained_event) VALUES (1907, 1082, 'Up', 1, 0, 0, 5, 0, 15, 0, 0, 0, 5, null, 1, 0, 0, 0);
INSERT INTO card_event_choices (choice_id, event_id, choice_label, chain_index, speed, stamina, strength, willpower, intelligence, hp, mood, skill_point, character_favor, event_condition, is_random_value, is_random_attribute, is_random_block_training, is_end_chained_event) VALUES (1908, 1082, 'Up', 1, 0, 0, 5, 0, 10, 0, 0, 0, 5, null, 0, 0, 0, 0);
INSERT INTO card_event_choices (choice_id, event_id, choice_label, chain_index, speed, stamina, strength, willpower, intelligence, hp, mood, skill_point, character_favor, event_condition, is_random_value, is_random_attribute, is_random_block_training, is_end_chained_event) VALUES (1909, 1082, 'Down', 1, 0, 0, 0, 0, 0, 15, 0, 0, 5, null, 0, 0, 0, 0);
INSERT INTO card_events (event_id, event_name, uma_id, uma_name, category) VALUES (1083, '(❯❯) 織姬不願意妥協', 30077, 'admire-vega', '連鎖事件');
INSERT INTO card_event_choices (choice_id, event_id, choice_label, chain_index, speed, stamina, strength, willpower, intelligence, hp, mood, skill_point, character_favor, event_condition, is_random_value, is_random_attribute, is_random_block_training, is_end_chained_event) VALUES (1910, 1083, 'None', 2, 0, 0, 7, 0, 7, 0, 0, 0, 0, null, 0, 0, 0, 0);
INSERT INTO card_events (event_id, event_name, uma_id, uma_name, category) VALUES (1084, '(❯❯❯) 織姬不會放棄', 30077, 'admire-vega', '連鎖事件');
INSERT INTO card_event_choices (choice_id, event_id, choice_label, chain_index, speed, stamina, strength, willpower, intelligence, hp, mood, skill_point, character_favor, event_condition, is_random_value, is_random_attribute, is_random_block_training, is_end_chained_event) VALUES (1911, 1084, 'Up', 3, 0, 0, 15, 0, 10, 0, 0, 0, 5, null, 0, 0, 0, 0);
INSERT INTO card_event_choices (choice_id, event_id, choice_label, chain_index, speed, stamina, strength, willpower, intelligence, hp, mood, skill_point, character_favor, event_condition, is_random_value, is_random_attribute, is_random_block_training, is_end_chained_event) VALUES (1912, 1084, 'Down', 3, 15, 0, 0, 0, 0, 0, 0, 30, 5, null, 0, 0, 0, 0);
INSERT INTO card_events (event_id, event_name, uma_id, uma_name, category) VALUES (1085, '笨拙的三角星座', 30077, 'admire-vega', '隨機事件');
INSERT INTO card_event_choices (choice_id, event_id, choice_label, chain_index, speed, stamina, strength, willpower, intelligence, hp, mood, skill_point, character_favor, event_condition, is_random_value, is_random_attribute, is_random_block_training, is_end_chained_event) VALUES (1913, 1085, 'Up', 3, 0, 0, 15, 0, 0, 0, 0, 0, 5, null, 0, 0, 0, 0);
INSERT INTO card_event_choices (choice_id, event_id, choice_label, chain_index, speed, stamina, strength, willpower, intelligence, hp, mood, skill_point, character_favor, event_condition, is_random_value, is_random_attribute, is_random_block_training, is_end_chained_event) VALUES (1914, 1085, 'Down', 3, 0, 0, 0, 0, 0, 10, 0, 0, 5, null, 0, 0, 0, 0);
INSERT INTO card_events (event_id, event_name, uma_id, uma_name, category) VALUES (1086, '孤傲的仙王座', 30077, 'admire-vega', '隨機事件');
INSERT INTO card_event_choices (choice_id, event_id, choice_label, chain_index, speed, stamina, strength, willpower, intelligence, hp, mood, skill_point, character_favor, event_condition, is_random_value, is_random_attribute, is_random_block_training, is_end_chained_event) VALUES (1915, 1086, 'Up', 3, 0, 0, 0, 0, 0, 0, 0, 0, 5, null, 0, 0, 0, 0);
INSERT INTO card_event_choices (choice_id, event_id, choice_label, chain_index, speed, stamina, strength, willpower, intelligence, hp, mood, skill_point, character_favor, event_condition, is_random_value, is_random_attribute, is_random_block_training, is_end_chained_event) VALUES (1916, 1086, 'Down', 3, 0, 0, 0, 0, 10, 0, 0, 0, 5, null, 0, 0, 0, 0);
INSERT INTO card_table (count, uma_id, uma_name) VALUES (288, 30078, 'matikanefukukitaru');
INSERT INTO card_events (event_id, event_name, uma_id, uma_name, category) VALUES (1087, '(❯) 用神祕的儀式圖測試運勢！', 30078, 'matikanefukukitaru', '連鎖事件');
INSERT INTO card_event_choices (choice_id, event_id, choice_label, chain_index, speed, stamina, strength, willpower, intelligence, hp, mood, skill_point, character_favor, event_condition, is_random_value, is_random_attribute, is_random_block_training, is_end_chained_event) VALUES (1917, 1087, 'Up', 1, 7, 7, 7, 7, 7, 0, 0, 0, 7, null, 1, 0, 0, 0);
INSERT INTO card_event_choices (choice_id, event_id, choice_label, chain_index, speed, stamina, strength, willpower, intelligence, hp, mood, skill_point, character_favor, event_condition, is_random_value, is_random_attribute, is_random_block_training, is_end_chained_event) VALUES (1918, 1087, 'Up', 1, 0, 0, 0, 0, 4, 0, 0, 0, 0, null, 0, 0, 0, 1);
INSERT INTO card_event_choices (choice_id, event_id, choice_label, chain_index, speed, stamina, strength, willpower, intelligence, hp, mood, skill_point, character_favor, event_condition, is_random_value, is_random_attribute, is_random_block_training, is_end_chained_event) VALUES (1919, 1087, 'Down', 1, 0, 0, 0, 0, 0, 5, 0, 0, 5, null, 0, 0, 0, 1);
INSERT INTO card_events (event_id, event_name, uma_id, uma_name, category) VALUES (1088, '(❯❯) 和同伴們一起招來好運！', 30078, 'matikanefukukitaru', '連鎖事件');
INSERT INTO card_event_choices (choice_id, event_id, choice_label, chain_index, speed, stamina, strength, willpower, intelligence, hp, mood, skill_point, character_favor, event_condition, is_random_value, is_random_attribute, is_random_block_training, is_end_chained_event) VALUES (1920, 1088, 'Up', 2, 7, 7, 7, 7, 7, 0, 0, 0, 7, null, 1, 0, 0, 0);
INSERT INTO card_event_choices (choice_id, event_id, choice_label, chain_index, speed, stamina, strength, willpower, intelligence, hp, mood, skill_point, character_favor, event_condition, is_random_value, is_random_attribute, is_random_block_training, is_end_chained_event) VALUES (1921, 1088, 'Up', 2, 0, 0, 0, 0, 4, 0, 0, 0, 0, null, 0, 0, 0, 1);
INSERT INTO card_event_choices (choice_id, event_id, choice_label, chain_index, speed, stamina, strength, willpower, intelligence, hp, mood, skill_point, character_favor, event_condition, is_random_value, is_random_attribute, is_random_block_training, is_end_chained_event) VALUES (1922, 1088, 'Down', 2, 0, 0, 0, 0, 0, 5, 0, 0, 5, null, 0, 0, 0, 1);
INSERT INTO card_events (event_id, event_name, uma_id, uma_name, category) VALUES (1089, '(❯❯❯) 最後找到的奇蹟幸福！', 30078, 'matikanefukukitaru', '連鎖事件');
INSERT INTO card_event_choices (choice_id, event_id, choice_label, chain_index, speed, stamina, strength, willpower, intelligence, hp, mood, skill_point, character_favor, event_condition, is_random_value, is_random_attribute, is_random_block_training, is_end_chained_event) VALUES (1923, 1089, 'None', 3, 7, 7, 7, 7, 7, 0, 0, 77, 7, null, 1, 0, 0, 0);
INSERT INTO card_event_choices (choice_id, event_id, choice_label, chain_index, speed, stamina, strength, willpower, intelligence, hp, mood, skill_point, character_favor, event_condition, is_random_value, is_random_attribute, is_random_block_training, is_end_chained_event) VALUES (1924, 1089, 'None', 3, 7, 7, 7, 7, 7, 0, 0, 7, 7, null, 0, 0, 0, 0);
INSERT INTO card_event_choices (choice_id, event_id, choice_label, chain_index, speed, stamina, strength, willpower, intelligence, hp, mood, skill_point, character_favor, event_condition, is_random_value, is_random_attribute, is_random_block_training, is_end_chained_event) VALUES (1925, 1089, 'None', 3, 0, 0, 0, 0, 0, 0, 0, 7, 7, null, 0, 0, 0, 0);
INSERT INTO card_events (event_id, event_name, uma_id, uma_name, category) VALUES (1090, '全靈灌注', 30078, 'matikanefukukitaru', '隨機事件');
INSERT INTO card_event_choices (choice_id, event_id, choice_label, chain_index, speed, stamina, strength, willpower, intelligence, hp, mood, skill_point, character_favor, event_condition, is_random_value, is_random_attribute, is_random_block_training, is_end_chained_event) VALUES (1926, 1090, 'Up', 3, 0, 0, 0, 0, 5, 0, 0, 15, 5, null, 0, 0, 0, 0);
INSERT INTO card_event_choices (choice_id, event_id, choice_label, chain_index, speed, stamina, strength, willpower, intelligence, hp, mood, skill_point, character_favor, event_condition, is_random_value, is_random_attribute, is_random_block_training, is_end_chained_event) VALUES (1927, 1090, 'Down', 3, 5, 5, 5, 0, 0, -10, 0, 0, 5, null, 0, 0, 0, 0);
INSERT INTO card_events (event_id, event_name, uma_id, uma_name, category) VALUES (1091, '當信仰與親切交會時──', 30078, 'matikanefukukitaru', '隨機事件');
INSERT INTO card_event_choices (choice_id, event_id, choice_label, chain_index, speed, stamina, strength, willpower, intelligence, hp, mood, skill_point, character_favor, event_condition, is_random_value, is_random_attribute, is_random_block_training, is_end_chained_event) VALUES (1928, 1091, 'Up', 3, 0, 0, 0, 0, 0, 0, 0, 30, 5, null, 0, 0, 0, 0);
INSERT INTO card_event_choices (choice_id, event_id, choice_label, chain_index, speed, stamina, strength, willpower, intelligence, hp, mood, skill_point, character_favor, event_condition, is_random_value, is_random_attribute, is_random_block_training, is_end_chained_event) VALUES (1929, 1091, 'Down', 3, 0, 0, 0, 0, 0, 20, 0, 0, 5, null, 0, 0, 0, 0);
INSERT INTO card_table (count, uma_id, uma_name) VALUES (289, 30079, 'meisho-doto');
INSERT INTO card_events (event_id, event_name, uma_id, uma_name, category) VALUES (1092, '(❯) 霸王的危機！？', 30079, 'meisho-doto', '連鎖事件');
INSERT INTO card_event_choices (choice_id, event_id, choice_label, chain_index, speed, stamina, strength, willpower, intelligence, hp, mood, skill_point, character_favor, event_condition, is_random_value, is_random_attribute, is_random_block_training, is_end_chained_event) VALUES (1930, 1092, 'Up', 1, 0, 0, 0, 0, 0, 10, 0, 0, 5, null, 0, 0, 0, 0);
INSERT INTO card_event_choices (choice_id, event_id, choice_label, chain_index, speed, stamina, strength, willpower, intelligence, hp, mood, skill_point, character_favor, event_condition, is_random_value, is_random_attribute, is_random_block_training, is_end_chained_event) VALUES (1931, 1092, 'Down', 1, 0, 5, 0, 0, 0, 0, 0, 0, 5, null, 0, 0, 0, 0);
INSERT INTO card_events (event_id, event_name, uma_id, uma_name, category) VALUES (1093, '(❯❯) 餐券事件', 30079, 'meisho-doto', '連鎖事件');
INSERT INTO card_event_choices (choice_id, event_id, choice_label, chain_index, speed, stamina, strength, willpower, intelligence, hp, mood, skill_point, character_favor, event_condition, is_random_value, is_random_attribute, is_random_block_training, is_end_chained_event) VALUES (1932, 1093, 'None', 2, 3, 3, 3, 0, 0, 0, 0, 10, 0, null, 0, 0, 0, 0);
INSERT INTO card_events (event_id, event_name, uma_id, uma_name, category) VALUES (1094, '(❯❯❯) 咩咩團的新團員', 30079, 'meisho-doto', '連鎖事件');
INSERT INTO card_event_choices (choice_id, event_id, choice_label, chain_index, speed, stamina, strength, willpower, intelligence, hp, mood, skill_point, character_favor, event_condition, is_random_value, is_random_attribute, is_random_block_training, is_end_chained_event) VALUES (1933, 1094, 'None', 3, 5, 10, 0, 0, 0, -20, 0, 0, 5, null, 0, 0, 0, 0);
INSERT INTO card_events (event_id, event_name, uma_id, uma_name, category) VALUES (1095, '我……要改革', 30079, 'meisho-doto', '隨機事件');
INSERT INTO card_event_choices (choice_id, event_id, choice_label, chain_index, speed, stamina, strength, willpower, intelligence, hp, mood, skill_point, character_favor, event_condition, is_random_value, is_random_attribute, is_random_block_training, is_end_chained_event) VALUES (1934, 1095, 'Up', 3, 0, 0, 0, 0, 0, 10, 1, 0, 5, null, 0, 0, 0, 0);
INSERT INTO card_event_choices (choice_id, event_id, choice_label, chain_index, speed, stamina, strength, willpower, intelligence, hp, mood, skill_point, character_favor, event_condition, is_random_value, is_random_attribute, is_random_block_training, is_end_chained_event) VALUES (1935, 1095, 'Down', 3, 0, 0, 0, 15, 0, 0, 0, 0, 5, null, 0, 0, 0, 0);
INSERT INTO card_events (event_id, event_name, uma_id, uma_name, category) VALUES (1096, '請……買根胡蘿蔔！', 30079, 'meisho-doto', '隨機事件');
INSERT INTO card_event_choices (choice_id, event_id, choice_label, chain_index, speed, stamina, strength, willpower, intelligence, hp, mood, skill_point, character_favor, event_condition, is_random_value, is_random_attribute, is_random_block_training, is_end_chained_event) VALUES (1936, 1096, 'Up', 3, 0, 0, 0, 0, 5, 10, 0, 0, 5, null, 0, 0, 0, 0);
INSERT INTO card_event_choices (choice_id, event_id, choice_label, chain_index, speed, stamina, strength, willpower, intelligence, hp, mood, skill_point, character_favor, event_condition, is_random_value, is_random_attribute, is_random_block_training, is_end_chained_event) VALUES (1937, 1096, 'Down', 3, 0, 0, 0, 0, 0, 0, 0, 0, 5, null, 0, 0, 0, 0);
INSERT INTO card_table (count, uma_id, uma_name) VALUES (290, 30080, 'sasami-anshinzawa');
INSERT INTO card_events (event_id, event_name, uma_id, uma_name, category) VALUES (1097, '(❯) 安心～的互相扶持！？', 30080, 'sasami-anshinzawa', '外出');
INSERT INTO card_event_choices (choice_id, event_id, choice_label, chain_index, speed, stamina, strength, willpower, intelligence, hp, mood, skill_point, character_favor, event_condition, is_random_value, is_random_attribute, is_random_block_training, is_end_chained_event) VALUES (1938, 1097, 'None', 1, 0, 0, 0, 0, 0, 30, 1, 0, 5, null, 1, 0, 0, 0);
INSERT INTO card_event_choices (choice_id, event_id, choice_label, chain_index, speed, stamina, strength, willpower, intelligence, hp, mood, skill_point, character_favor, event_condition, is_random_value, is_random_attribute, is_random_block_training, is_end_chained_event) VALUES (1939, 1097, 'None', 1, 0, 0, 0, 0, 0, 10, -1, 0, 5, null, 0, 0, 0, 0);
INSERT INTO card_events (event_id, event_name, uma_id, uma_name, category) VALUES (1098, '(❯❯) 安心～☆太陽眼鏡', 30080, 'sasami-anshinzawa', '外出');
INSERT INTO card_event_choices (choice_id, event_id, choice_label, chain_index, speed, stamina, strength, willpower, intelligence, hp, mood, skill_point, character_favor, event_condition, is_random_value, is_random_attribute, is_random_block_training, is_end_chained_event) VALUES (1940, 1098, 'None', 2, 0, 0, 0, 0, 0, 30, 1, 0, 5, null, 1, 0, 0, 0);
INSERT INTO card_event_choices (choice_id, event_id, choice_label, chain_index, speed, stamina, strength, willpower, intelligence, hp, mood, skill_point, character_favor, event_condition, is_random_value, is_random_attribute, is_random_block_training, is_end_chained_event) VALUES (1941, 1098, 'None', 2, 0, 0, 0, 0, 0, 10, -1, 0, 5, null, 0, 0, 0, 0);
INSERT INTO card_events (event_id, event_name, uma_id, uma_name, category) VALUES (1099, '(❯❯❯) 決戰☆安～心，持續到永遠！', 30080, 'sasami-anshinzawa', '外出');
INSERT INTO card_event_choices (choice_id, event_id, choice_label, chain_index, speed, stamina, strength, willpower, intelligence, hp, mood, skill_point, character_favor, event_condition, is_random_value, is_random_attribute, is_random_block_training, is_end_chained_event) VALUES (1942, 1099, 'Up', 3, 10, 10, 10, 10, 10, 30, 0, 20, 5, null, 1, 0, 0, 0);
INSERT INTO card_event_choices (choice_id, event_id, choice_label, chain_index, speed, stamina, strength, willpower, intelligence, hp, mood, skill_point, character_favor, event_condition, is_random_value, is_random_attribute, is_random_block_training, is_end_chained_event) VALUES (1943, 1099, 'Up', 3, 0, 0, 0, 0, 0, -10, -2, 0, 5, null, 0, 0, 0, 0);
INSERT INTO card_event_choices (choice_id, event_id, choice_label, chain_index, speed, stamina, strength, willpower, intelligence, hp, mood, skill_point, character_favor, event_condition, is_random_value, is_random_attribute, is_random_block_training, is_end_chained_event) VALUES (1944, 1099, 'Down', 3, 0, 0, 0, 0, 0, 9999, 1, 0, 5, null, 1, 0, 0, 0);
INSERT INTO card_event_choices (choice_id, event_id, choice_label, chain_index, speed, stamina, strength, willpower, intelligence, hp, mood, skill_point, character_favor, event_condition, is_random_value, is_random_attribute, is_random_block_training, is_end_chained_event) VALUES (1945, 1099, 'Down', 3, 0, 0, 0, 0, 0, 20, 0, 0, 5, null, 0, 0, 0, 0);
INSERT INTO card_events (event_id, event_name, uma_id, uma_name, category) VALUES (1100, '條條大路通竹針', 30080, 'sasami-anshinzawa', '隨機事件');
INSERT INTO card_event_choices (choice_id, event_id, choice_label, chain_index, speed, stamina, strength, willpower, intelligence, hp, mood, skill_point, character_favor, event_condition, is_random_value, is_random_attribute, is_random_block_training, is_end_chained_event) VALUES (1946, 1100, 'None', 3, 0, 0, 0, 0, 0, 0, 0, 0, 5, '(隨機)  天賦異稟', 1, 1, 0, 0);
INSERT INTO card_event_choices (choice_id, event_id, choice_label, chain_index, speed, stamina, strength, willpower, intelligence, hp, mood, skill_point, character_favor, event_condition, is_random_value, is_random_attribute, is_random_block_training, is_end_chained_event) VALUES (1947, 1100, 'None', 3, 0, 0, 0, 0, 0, 0, 0, 50, 5, null, 0, 0, 0, 0);
INSERT INTO card_events (event_id, event_name, uma_id, uma_name, category) VALUES (1101, '安心～的練習對象？', 30080, 'sasami-anshinzawa', '隨機事件');
INSERT INTO card_event_choices (choice_id, event_id, choice_label, chain_index, speed, stamina, strength, willpower, intelligence, hp, mood, skill_point, character_favor, event_condition, is_random_value, is_random_attribute, is_random_block_training, is_end_chained_event) VALUES (1948, 1101, 'Up', 3, 0, 0, 0, 0, 0, 14, 1, 0, 10, null, 1, 0, 0, 0);
INSERT INTO card_event_choices (choice_id, event_id, choice_label, chain_index, speed, stamina, strength, willpower, intelligence, hp, mood, skill_point, character_favor, event_condition, is_random_value, is_random_attribute, is_random_block_training, is_end_chained_event) VALUES (1949, 1101, 'Up', 3, 0, 0, 0, 0, 0, 0, 0, 50, 5, null, 0, 0, 0, 0);
INSERT INTO card_event_choices (choice_id, event_id, choice_label, chain_index, speed, stamina, strength, willpower, intelligence, hp, mood, skill_point, character_favor, event_condition, is_random_value, is_random_attribute, is_random_block_training, is_end_chained_event) VALUES (1950, 1101, 'Middle', 3, 0, 10, 0, 0, 0, 0, 1, 0, 5, null, 0, 0, 0, 0);
INSERT INTO card_event_choices (choice_id, event_id, choice_label, chain_index, speed, stamina, strength, willpower, intelligence, hp, mood, skill_point, character_favor, event_condition, is_random_value, is_random_attribute, is_random_block_training, is_end_chained_event) VALUES (1951, 1101, 'Down', 3, 0, 0, 0, 0, 0, -10, 0, 100, -10, null, 0, 0, 0, 1);
INSERT INTO card_events (event_id, event_name, uma_id, uma_name, category) VALUES (1102, '交給我扎一下☆', 30080, 'sasami-anshinzawa', '特殊事件');
INSERT INTO card_event_choices (choice_id, event_id, choice_label, chain_index, speed, stamina, strength, willpower, intelligence, hp, mood, skill_point, character_favor, event_condition, is_random_value, is_random_attribute, is_random_block_training, is_end_chained_event) VALUES (1952, 1102, 'None', 3, 3, 3, 3, 3, 3, 0, 0, 0, 5, '(隨機)  擅長練習○', 1, 1, 0, 0);
INSERT INTO card_event_choices (choice_id, event_id, choice_label, chain_index, speed, stamina, strength, willpower, intelligence, hp, mood, skill_point, character_favor, event_condition, is_random_value, is_random_attribute, is_random_block_training, is_end_chained_event) VALUES (1953, 1102, 'None', 3, 0, 0, 0, 0, 0, -10, -2, 0, 5, null, 0, 0, 0, 0);
INSERT INTO card_events (event_id, event_name, uma_id, uma_name, category) VALUES (1103, '雖是可疑人士，但請安心～！？', 30080, 'sasami-anshinzawa', '特殊事件');
INSERT INTO card_event_choices (choice_id, event_id, choice_label, chain_index, speed, stamina, strength, willpower, intelligence, hp, mood, skill_point, character_favor, event_condition, is_random_value, is_random_attribute, is_random_block_training, is_end_chained_event) VALUES (1954, 1103, 'None', 3, 0, 0, 0, 0, 0, 0, 0, 0, 5, null, 0, 0, 0, 0);
INSERT INTO card_events (event_id, event_name, uma_id, uma_name, category) VALUES (1104, '必中☆竹針師', 30080, 'sasami-anshinzawa', '特殊事件');
INSERT INTO card_event_choices (choice_id, event_id, choice_label, chain_index, speed, stamina, strength, willpower, intelligence, hp, mood, skill_point, character_favor, event_condition, is_random_value, is_random_attribute, is_random_block_training, is_end_chained_event) VALUES (1955, 1104, 'None', 3, 0, 0, 0, 0, 0, 2, 0, 0, 5, null, 1, 0, 0, 0);
INSERT INTO card_event_choices (choice_id, event_id, choice_label, chain_index, speed, stamina, strength, willpower, intelligence, hp, mood, skill_point, character_favor, event_condition, is_random_value, is_random_attribute, is_random_block_training, is_end_chained_event) VALUES (1956, 1104, 'None', 3, 0, 0, 0, 0, 0, -5, 0, 0, 5, null, 0, 0, 0, 0);
INSERT INTO card_events (event_id, event_name, uma_id, uma_name, category) VALUES (1105, '泡湯☆安心～旅途情懷', 30080, 'sasami-anshinzawa', '特殊事件');
INSERT INTO card_event_choices (choice_id, event_id, choice_label, chain_index, speed, stamina, strength, willpower, intelligence, hp, mood, skill_point, character_favor, event_condition, is_random_value, is_random_attribute, is_random_block_training, is_end_chained_event) VALUES (1957, 1105, 'None', 3, 0, 0, 0, 0, 0, 0, 0, 45, 0, null, 0, 0, 0, 0);
INSERT INTO card_events (event_id, event_name, uma_id, uma_name, category) VALUES (1106, '安心～的繼承！？', 30080, 'sasami-anshinzawa', '特殊事件');
INSERT INTO card_event_choices (choice_id, event_id, choice_label, chain_index, speed, stamina, strength, willpower, intelligence, hp, mood, skill_point, character_favor, event_condition, is_random_value, is_random_attribute, is_random_block_training, is_end_chained_event) VALUES (1958, 1106, 'None', 3, 0, 0, 0, 0, 0, 0, 0, 30, 0, null, 0, 0, 0, 0);
INSERT INTO card_events (event_id, event_name, uma_id, uma_name, category) VALUES (1107, '與刺刺美之間的情誼．醉了就安心～？', 30080, 'sasami-anshinzawa', '特殊事件');
INSERT INTO card_event_choices (choice_id, event_id, choice_label, chain_index, speed, stamina, strength, willpower, intelligence, hp, mood, skill_point, character_favor, event_condition, is_random_value, is_random_attribute, is_random_block_training, is_end_chained_event) VALUES (1959, 1107, 'None', 3, 0, 0, 0, 0, 0, 10, 0, 0, 5, null, 0, 0, 0, 0);
INSERT INTO card_table (count, uma_id, uma_name) VALUES (291, 30081, 'team-sirius');
INSERT INTO card_events (event_id, event_name, uma_id, uma_name, category) VALUES (1108, '我要讓妳明白 (目白麥昆)', 30081, 'team-sirius', '外出');
INSERT INTO card_event_choices (choice_id, event_id, choice_label, chain_index, speed, stamina, strength, willpower, intelligence, hp, mood, skill_point, character_favor, event_condition, is_random_value, is_random_attribute, is_random_block_training, is_end_chained_event) VALUES (1960, 1108, 'None', 0, 0, 10, 0, 10, 10, 4, 0, 0, 5, null, 0, 0, 0, 0);
INSERT INTO card_events (event_id, event_name, uma_id, uma_name, category) VALUES (1109, '勤學家跟強大的祕訣 (米浴)', 30081, 'team-sirius', '外出');
INSERT INTO card_event_choices (choice_id, event_id, choice_label, chain_index, speed, stamina, strength, willpower, intelligence, hp, mood, skill_point, character_favor, event_condition, is_random_value, is_random_attribute, is_random_block_training, is_end_chained_event) VALUES (1961, 1109, 'None', 0, 0, 0, 0, 0, 0, 25, 0, 15, 5, null, 0, 0, 0, 0);
INSERT INTO card_events (event_id, event_name, uma_id, uma_name, category) VALUES (1110, '最初的意志 (勝利獎券)', 30081, 'team-sirius', '外出');
INSERT INTO card_event_choices (choice_id, event_id, choice_label, chain_index, speed, stamina, strength, willpower, intelligence, hp, mood, skill_point, character_favor, event_condition, is_random_value, is_random_attribute, is_random_block_training, is_end_chained_event) VALUES (1962, 1110, 'None', 0, 0, 0, 15, 0, 0, 10, 1, 0, 5, null, 0, 0, 0, 0);
INSERT INTO card_events (event_id, event_name, uma_id, uma_name, category) VALUES (1111, '妹妹真命苦 (成田白仁)', 30081, 'team-sirius', '外出');
INSERT INTO card_event_choices (choice_id, event_id, choice_label, chain_index, speed, stamina, strength, willpower, intelligence, hp, mood, skill_point, character_favor, event_condition, is_random_value, is_random_attribute, is_random_block_training, is_end_chained_event) VALUES (1963, 1111, 'None', 0, 20, 0, 0, 0, 0, 0, 0, 20, 5, null, 0, 0, 0, 0);
INSERT INTO card_events (event_id, event_name, uma_id, uma_name, category) VALUES (1112, '延續「景色」之路 (無聲鈴鹿)', 30081, 'team-sirius', '外出');
INSERT INTO card_event_choices (choice_id, event_id, choice_label, chain_index, speed, stamina, strength, willpower, intelligence, hp, mood, skill_point, character_favor, event_condition, is_random_value, is_random_attribute, is_random_block_training, is_end_chained_event) VALUES (1964, 1112, 'None', 0, 15, 0, 15, 0, 0, -5, 0, 15, 5, null, 0, 0, 0, 0);
INSERT INTO card_events (event_id, event_name, uma_id, uma_name, category) VALUES (1113, '想讓人知道的夢想 (特別週)', 30081, 'team-sirius', '外出');
INSERT INTO card_event_choices (choice_id, event_id, choice_label, chain_index, speed, stamina, strength, willpower, intelligence, hp, mood, skill_point, character_favor, event_condition, is_random_value, is_random_attribute, is_random_block_training, is_end_chained_event) VALUES (1965, 1113, 'None', 0, 0, 0, 0, 0, 0, 40, 0, 0, 5, null, 0, 0, 0, 0);
INSERT INTO card_events (event_id, event_name, uma_id, uma_name, category) VALUES (1114, '支持的意義', 30081, 'team-sirius', '外出');
INSERT INTO card_event_choices (choice_id, event_id, choice_label, chain_index, speed, stamina, strength, willpower, intelligence, hp, mood, skill_point, character_favor, event_condition, is_random_value, is_random_attribute, is_random_block_training, is_end_chained_event) VALUES (1966, 1114, 'None', 0, 10, 10, 10, 0, 0, 20, 0, 0, 5, '熱情領域：隊伍＜天狼星＞', 0, 0, 0, 0);
INSERT INTO card_events (event_id, event_name, uma_id, uma_name, category) VALUES (1115, '我會多注意轉角處！', 30081, 'team-sirius', '隨機事件');
INSERT INTO card_event_choices (choice_id, event_id, choice_label, chain_index, speed, stamina, strength, willpower, intelligence, hp, mood, skill_point, character_favor, event_condition, is_random_value, is_random_attribute, is_random_block_training, is_end_chained_event) VALUES (1967, 1115, 'Up', 0, 0, 0, 0, 0, 0, 1, 0, 0, 5, null, 0, 0, 0, 0);
INSERT INTO card_event_choices (choice_id, event_id, choice_label, chain_index, speed, stamina, strength, willpower, intelligence, hp, mood, skill_point, character_favor, event_condition, is_random_value, is_random_attribute, is_random_block_training, is_end_chained_event) VALUES (1968, 1115, 'Down', 0, 0, 0, 0, 15, 0, 0, 0, 0, 5, null, 0, 0, 0, 0);
INSERT INTO card_events (event_id, event_name, uma_id, uma_name, category) VALUES (1116, '這個也好那個也不錯，真煩惱！', 30081, 'team-sirius', '隨機事件');
INSERT INTO card_event_choices (choice_id, event_id, choice_label, chain_index, speed, stamina, strength, willpower, intelligence, hp, mood, skill_point, character_favor, event_condition, is_random_value, is_random_attribute, is_random_block_training, is_end_chained_event) VALUES (1969, 1116, 'Up', 0, 0, 0, 0, 0, 0, 10, 1, 0, 5, null, 0, 0, 0, 0);
INSERT INTO card_event_choices (choice_id, event_id, choice_label, chain_index, speed, stamina, strength, willpower, intelligence, hp, mood, skill_point, character_favor, event_condition, is_random_value, is_random_attribute, is_random_block_training, is_end_chained_event) VALUES (1970, 1116, 'Down', 0, 0, 15, 0, 0, 0, -10, 0, 15, 5, null, 0, 0, 0, 0);
INSERT INTO card_events (event_id, event_name, uma_id, uma_name, category) VALUES (1117, '無論到何處', 30081, 'team-sirius', '隨機事件');
INSERT INTO card_event_choices (choice_id, event_id, choice_label, chain_index, speed, stamina, strength, willpower, intelligence, hp, mood, skill_point, character_favor, event_condition, is_random_value, is_random_attribute, is_random_block_training, is_end_chained_event) VALUES (1971, 1117, 'Up', 0, 10, 5, 0, 0, 0, 0, 0, 0, 5, null, 0, 0, 0, 0);
INSERT INTO card_event_choices (choice_id, event_id, choice_label, chain_index, speed, stamina, strength, willpower, intelligence, hp, mood, skill_point, character_favor, event_condition, is_random_value, is_random_attribute, is_random_block_training, is_end_chained_event) VALUES (1972, 1117, 'Down', 0, 15, 0, 0, 0, 0, 0, 0, 0, 5, null, 0, 0, 0, 0);
INSERT INTO card_events (event_id, event_name, uma_id, uma_name, category) VALUES (1118, '該怎麼做', 30081, 'team-sirius', '隨機事件');
INSERT INTO card_event_choices (choice_id, event_id, choice_label, chain_index, speed, stamina, strength, willpower, intelligence, hp, mood, skill_point, character_favor, event_condition, is_random_value, is_random_attribute, is_random_block_training, is_end_chained_event) VALUES (1973, 1118, 'Up', 0, 5, 5, 0, 0, 5, 0, 0, 0, 5, null, 0, 0, 0, 0);
INSERT INTO card_event_choices (choice_id, event_id, choice_label, chain_index, speed, stamina, strength, willpower, intelligence, hp, mood, skill_point, character_favor, event_condition, is_random_value, is_random_attribute, is_random_block_training, is_end_chained_event) VALUES (1974, 1118, 'Down', 0, 0, 0, 0, 0, 0, 0, 0, 0, 5, null, 0, 0, 0, 0);
INSERT INTO card_events (event_id, event_name, uma_id, uma_name, category) VALUES (1119, '為了維持體重', 30081, 'team-sirius', '隨機事件');
INSERT INTO card_event_choices (choice_id, event_id, choice_label, chain_index, speed, stamina, strength, willpower, intelligence, hp, mood, skill_point, character_favor, event_condition, is_random_value, is_random_attribute, is_random_block_training, is_end_chained_event) VALUES (1975, 1119, 'Up', 0, 0, 15, 0, 0, 0, -10, 0, 0, 5, null, 0, 0, 0, 0);
INSERT INTO card_event_choices (choice_id, event_id, choice_label, chain_index, speed, stamina, strength, willpower, intelligence, hp, mood, skill_point, character_favor, event_condition, is_random_value, is_random_attribute, is_random_block_training, is_end_chained_event) VALUES (1976, 1119, 'Down', 0, 0, 5, 0, 0, 0, 4, 0, 0, 5, null, 0, 0, 0, 0);
INSERT INTO card_events (event_id, event_name, uma_id, uma_name, category) VALUES (1120, '為了達到巔峰', 30081, 'team-sirius', '隨機事件');
INSERT INTO card_event_choices (choice_id, event_id, choice_label, chain_index, speed, stamina, strength, willpower, intelligence, hp, mood, skill_point, character_favor, event_condition, is_random_value, is_random_attribute, is_random_block_training, is_end_chained_event) VALUES (1977, 1120, 'Up', 0, 0, 5, 0, 5, 0, 0, 0, 0, 5, null, 0, 0, 0, 0);
INSERT INTO card_event_choices (choice_id, event_id, choice_label, chain_index, speed, stamina, strength, willpower, intelligence, hp, mood, skill_point, character_favor, event_condition, is_random_value, is_random_attribute, is_random_block_training, is_end_chained_event) VALUES (1978, 1120, 'Down', 0, 0, 0, 0, 0, 0, 0, 0, 0, 5, null, 0, 0, 0, 0);
INSERT INTO card_events (event_id, event_name, uma_id, uma_name, category) VALUES (1121, '在花店的一頁', 30081, 'team-sirius', '隨機事件');
INSERT INTO card_event_choices (choice_id, event_id, choice_label, chain_index, speed, stamina, strength, willpower, intelligence, hp, mood, skill_point, character_favor, event_condition, is_random_value, is_random_attribute, is_random_block_training, is_end_chained_event) VALUES (1979, 1121, 'Up', 0, 0, 0, 0, 0, 0, 0, 2, 0, 5, null, 0, 0, 0, 0);
INSERT INTO card_event_choices (choice_id, event_id, choice_label, chain_index, speed, stamina, strength, willpower, intelligence, hp, mood, skill_point, character_favor, event_condition, is_random_value, is_random_attribute, is_random_block_training, is_end_chained_event) VALUES (1980, 1121, 'Down', 0, 0, 10, 0, 0, 0, 0, 0, 0, 5, null, 0, 0, 0, 0);
INSERT INTO card_events (event_id, event_name, uma_id, uma_name, category) VALUES (1122, '陰天的一頁', 30081, 'team-sirius', '隨機事件');
INSERT INTO card_event_choices (choice_id, event_id, choice_label, chain_index, speed, stamina, strength, willpower, intelligence, hp, mood, skill_point, character_favor, event_condition, is_random_value, is_random_attribute, is_random_block_training, is_end_chained_event) VALUES (1981, 1122, 'Up', 0, 5, 0, 0, 5, 0, 0, 0, 0, 5, null, 0, 0, 0, 0);
INSERT INTO card_event_choices (choice_id, event_id, choice_label, chain_index, speed, stamina, strength, willpower, intelligence, hp, mood, skill_point, character_favor, event_condition, is_random_value, is_random_attribute, is_random_block_training, is_end_chained_event) VALUES (1982, 1122, 'Down', 0, 0, 0, 0, 0, 0, 0, 0, 0, 5, null, 0, 0, 0, 0);
INSERT INTO card_events (event_id, event_name, uma_id, uma_name, category) VALUES (1123, '全．力．肌．肉！！', 30081, 'team-sirius', '隨機事件');
INSERT INTO card_event_choices (choice_id, event_id, choice_label, chain_index, speed, stamina, strength, willpower, intelligence, hp, mood, skill_point, character_favor, event_condition, is_random_value, is_random_attribute, is_random_block_training, is_end_chained_event) VALUES (1983, 1123, 'Up', 0, 0, 5, 0, 0, 0, 0, 0, 15, 5, null, 0, 0, 0, 0);
INSERT INTO card_event_choices (choice_id, event_id, choice_label, chain_index, speed, stamina, strength, willpower, intelligence, hp, mood, skill_point, character_favor, event_condition, is_random_value, is_random_attribute, is_random_block_training, is_end_chained_event) VALUES (1984, 1123, 'Down', 0, 0, 0, 0, 0, 0, 0, 1, 15, 5, null, 0, 0, 0, 0);
INSERT INTO card_events (event_id, event_name, uma_id, uma_name, category) VALUES (1124, '全．力．競．速！！', 30081, 'team-sirius', '隨機事件');
INSERT INTO card_event_choices (choice_id, event_id, choice_label, chain_index, speed, stamina, strength, willpower, intelligence, hp, mood, skill_point, character_favor, event_condition, is_random_value, is_random_attribute, is_random_block_training, is_end_chained_event) VALUES (1985, 1124, 'Up', 0, 0, 0, 0, 0, 0, 0, 0, 0, 5, null, 0, 0, 0, 0);
INSERT INTO card_event_choices (choice_id, event_id, choice_label, chain_index, speed, stamina, strength, willpower, intelligence, hp, mood, skill_point, character_favor, event_condition, is_random_value, is_random_attribute, is_random_block_training, is_end_chained_event) VALUES (1986, 1124, 'Down', 0, 0, 0, 0, 0, 0, 0, 0, 30, 5, null, 0, 0, 0, 0);
INSERT INTO card_events (event_id, event_name, uma_id, uma_name, category) VALUES (1125, '學生會幹部！', 30081, 'team-sirius', '隨機事件');
INSERT INTO card_event_choices (choice_id, event_id, choice_label, chain_index, speed, stamina, strength, willpower, intelligence, hp, mood, skill_point, character_favor, event_condition, is_random_value, is_random_attribute, is_random_block_training, is_end_chained_event) VALUES (1987, 1125, 'Up', 0, 5, 0, 0, 0, 0, 0, 1, 0, 5, null, 0, 0, 0, 0);
INSERT INTO card_event_choices (choice_id, event_id, choice_label, chain_index, speed, stamina, strength, willpower, intelligence, hp, mood, skill_point, character_favor, event_condition, is_random_value, is_random_attribute, is_random_block_training, is_end_chained_event) VALUES (1988, 1125, 'Down', 0, 0, 0, 0, 0, 0, 4, 0, 0, 5, null, 0, 0, 0, 0);
INSERT INTO card_events (event_id, event_name, uma_id, uma_name, category) VALUES (1126, '獨行俠', 30081, 'team-sirius', '隨機事件');
INSERT INTO card_event_choices (choice_id, event_id, choice_label, chain_index, speed, stamina, strength, willpower, intelligence, hp, mood, skill_point, character_favor, event_condition, is_random_value, is_random_attribute, is_random_block_training, is_end_chained_event) VALUES (1989, 1126, 'Up', 0, 3, 3, 3, 0, 0, 0, 0, 0, 5, null, 0, 0, 0, 0);
INSERT INTO card_event_choices (choice_id, event_id, choice_label, chain_index, speed, stamina, strength, willpower, intelligence, hp, mood, skill_point, character_favor, event_condition, is_random_value, is_random_attribute, is_random_block_training, is_end_chained_event) VALUES (1990, 1126, 'Down', 0, 0, 0, 0, 0, 0, 0, 0, 0, 5, null, 0, 0, 0, 0);
INSERT INTO card_events (event_id, event_name, uma_id, uma_name, category) VALUES (1127, '各自的一等星', 30081, 'team-sirius', '隨機事件');
INSERT INTO card_event_choices (choice_id, event_id, choice_label, chain_index, speed, stamina, strength, willpower, intelligence, hp, mood, skill_point, character_favor, event_condition, is_random_value, is_random_attribute, is_random_block_training, is_end_chained_event) VALUES (1991, 1127, 'None', 0, 6, 5, 5, 0, 0, 0, 0, 0, 5, '熱情領域：隊伍＜天狼星＞', 0, 0, 0, 0);
INSERT INTO card_events (event_id, event_name, uma_id, uma_name, category) VALUES (1128, '同心協力！', 30081, 'team-sirius', '隨機事件');
INSERT INTO card_event_choices (choice_id, event_id, choice_label, chain_index, speed, stamina, strength, willpower, intelligence, hp, mood, skill_point, character_favor, event_condition, is_random_value, is_random_attribute, is_random_block_training, is_end_chained_event) VALUES (1992, 1128, 'Up', 0, 0, 0, 0, 0, 0, 10, 0, 0, 5, null, 0, 0, 0, 0);
INSERT INTO card_event_choices (choice_id, event_id, choice_label, chain_index, speed, stamina, strength, willpower, intelligence, hp, mood, skill_point, character_favor, event_condition, is_random_value, is_random_attribute, is_random_block_training, is_end_chained_event) VALUES (1993, 1128, 'Down', 0, 10, 0, 0, 0, 5, 0, 0, 0, 5, null, 0, 0, 0, 0);
INSERT INTO card_events (event_id, event_name, uma_id, uma_name, category) VALUES (1129, '各自懷抱的夢想', 30081, 'team-sirius', '特殊事件');
INSERT INTO card_event_choices (choice_id, event_id, choice_label, chain_index, speed, stamina, strength, willpower, intelligence, hp, mood, skill_point, character_favor, event_condition, is_random_value, is_random_attribute, is_random_block_training, is_end_chained_event) VALUES (1994, 1129, 'None', 0, 6, 0, 6, 0, 0, 0, 0, 0, 5, null, 0, 0, 0, 0);
INSERT INTO card_events (event_id, event_name, uma_id, uma_name, category) VALUES (1130, '再多做一些訓練', 30081, 'team-sirius', '特殊事件');
INSERT INTO card_event_choices (choice_id, event_id, choice_label, chain_index, speed, stamina, strength, willpower, intelligence, hp, mood, skill_point, character_favor, event_condition, is_random_value, is_random_attribute, is_random_block_training, is_end_chained_event) VALUES (1995, 1130, 'Up', 0, 0, 4, 0, 0, 0, 0, 0, 4, 5, null, 0, 1, 0, 0);
INSERT INTO card_event_choices (choice_id, event_id, choice_label, chain_index, speed, stamina, strength, willpower, intelligence, hp, mood, skill_point, character_favor, event_condition, is_random_value, is_random_attribute, is_random_block_training, is_end_chained_event) VALUES (1996, 1130, 'Middle', 0, 4, 0, 0, 0, 0, 0, 0, 4, 5, null, 0, 1, 0, 0);
INSERT INTO card_event_choices (choice_id, event_id, choice_label, chain_index, speed, stamina, strength, willpower, intelligence, hp, mood, skill_point, character_favor, event_condition, is_random_value, is_random_attribute, is_random_block_training, is_end_chained_event) VALUES (1997, 1130, 'Down', 0, 0, 0, 0, 0, 0, 3, 0, 4, 5, null, 0, 1, 0, 0);
INSERT INTO card_events (event_id, event_name, uma_id, uma_name, category) VALUES (1131, '朝著夢想奔馳的前方', 30081, 'team-sirius', '特殊事件');
INSERT INTO card_event_choices (choice_id, event_id, choice_label, chain_index, speed, stamina, strength, willpower, intelligence, hp, mood, skill_point, character_favor, event_condition, is_random_value, is_random_attribute, is_random_block_training, is_end_chained_event) VALUES (1998, 1131, 'None', 0, 5, 5, 5, 5, 5, 0, 0, 10, 0, null, 0, 0, 0, 0);
INSERT INTO card_events (event_id, event_name, uma_id, uma_name, category) VALUES (1132, '今天也要朝夢想努力', 30081, 'team-sirius', '特殊事件');
INSERT INTO card_event_choices (choice_id, event_id, choice_label, chain_index, speed, stamina, strength, willpower, intelligence, hp, mood, skill_point, character_favor, event_condition, is_random_value, is_random_attribute, is_random_block_training, is_end_chained_event) VALUES (1999, 1132, 'None', 0, 3, 3, 3, 3, 3, 0, 0, 5, 0, null, 0, 0, 0, 0);
INSERT INTO card_events (event_id, event_name, uma_id, uma_name, category) VALUES (1133, '日本第一的幸運賽馬娘', 30081, 'team-sirius', '特殊事件');
INSERT INTO card_event_choices (choice_id, event_id, choice_label, chain_index, speed, stamina, strength, willpower, intelligence, hp, mood, skill_point, character_favor, event_condition, is_random_value, is_random_attribute, is_random_block_training, is_end_chained_event) VALUES (2000, 1133, 'None', 0, 7, 7, 7, 0, 0, 0, 0, 0, 5, null, 0, 0, 0, 0);
INSERT INTO card_table (count, uma_id, uma_name) VALUES (292, 30082, 'nishino-flower');
INSERT INTO card_events (event_id, event_name, uma_id, uma_name, category) VALUES (1134, '(❯) 滋養小花', 30082, 'nishino-flower', '連鎖事件');
INSERT INTO card_event_choices (choice_id, event_id, choice_label, chain_index, speed, stamina, strength, willpower, intelligence, hp, mood, skill_point, character_favor, event_condition, is_random_value, is_random_attribute, is_random_block_training, is_end_chained_event) VALUES (2001, 1134, 'None', 1, 0, 0, 0, 0, 10, 0, 0, 10, 5, null, 0, 0, 0, 0);
INSERT INTO card_events (event_id, event_name, uma_id, uma_name, category) VALUES (1135, '(❯❯) 我來當媽媽！', 30082, 'nishino-flower', '連鎖事件');
INSERT INTO card_event_choices (choice_id, event_id, choice_label, chain_index, speed, stamina, strength, willpower, intelligence, hp, mood, skill_point, character_favor, event_condition, is_random_value, is_random_attribute, is_random_block_training, is_end_chained_event) VALUES (2002, 1135, 'Up', 2, 0, 0, 0, 0, 0, 0, 0, 15, 5, null, 0, 0, 0, 0);
INSERT INTO card_event_choices (choice_id, event_id, choice_label, chain_index, speed, stamina, strength, willpower, intelligence, hp, mood, skill_point, character_favor, event_condition, is_random_value, is_random_attribute, is_random_block_training, is_end_chained_event) VALUES (2003, 1135, 'Middle', 2, 0, 0, 0, 0, 0, 0, 1, 0, 10, '治癒一個負', 0, 0, 0, 0);
INSERT INTO card_event_choices (choice_id, event_id, choice_label, chain_index, speed, stamina, strength, willpower, intelligence, hp, mood, skill_point, character_favor, event_condition, is_random_value, is_random_attribute, is_random_block_training, is_end_chained_event) VALUES (2004, 1135, 'Down', 2, 0, 0, 25, 0, 0, 0, 0, 0, -5, null, 0, 0, 0, 1);
INSERT INTO card_events (event_id, event_name, uma_id, uma_name, category) VALUES (1136, '(❯❯❯) 期盼花開的心意', 30082, 'nishino-flower', '連鎖事件');
INSERT INTO card_event_choices (choice_id, event_id, choice_label, chain_index, speed, stamina, strength, willpower, intelligence, hp, mood, skill_point, character_favor, event_condition, is_random_value, is_random_attribute, is_random_block_training, is_end_chained_event) VALUES (2005, 1136, 'None', 3, 0, 0, 0, 0, 0, 20, 0, 0, 0, null, 0, 0, 0, 0);
INSERT INTO card_events (event_id, event_name, uma_id, uma_name, category) VALUES (1137, '溫暖的愛心便當', 30082, 'nishino-flower', '隨機事件');
INSERT INTO card_event_choices (choice_id, event_id, choice_label, chain_index, speed, stamina, strength, willpower, intelligence, hp, mood, skill_point, character_favor, event_condition, is_random_value, is_random_attribute, is_random_block_training, is_end_chained_event) VALUES (2006, 1137, 'Up', 3, 0, 0, 0, 0, 0, 0, 0, 0, 5, '討人喜歡○', 0, 0, 0, 0);
INSERT INTO card_event_choices (choice_id, event_id, choice_label, chain_index, speed, stamina, strength, willpower, intelligence, hp, mood, skill_point, character_favor, event_condition, is_random_value, is_random_attribute, is_random_block_training, is_end_chained_event) VALUES (2007, 1137, 'Down', 3, 0, 0, 0, 0, 0, 20, 0, 0, 5, null, 0, 0, 0, 0);
INSERT INTO card_events (event_id, event_name, uma_id, uma_name, category) VALUES (1138, '要開美美的花喔♪', 30082, 'nishino-flower', '隨機事件');
INSERT INTO card_event_choices (choice_id, event_id, choice_label, chain_index, speed, stamina, strength, willpower, intelligence, hp, mood, skill_point, character_favor, event_condition, is_random_value, is_random_attribute, is_random_block_training, is_end_chained_event) VALUES (2008, 1138, 'Up', 3, 0, 0, 0, 0, 15, 0, 0, 0, 5, null, 0, 0, 0, 0);
INSERT INTO card_event_choices (choice_id, event_id, choice_label, chain_index, speed, stamina, strength, willpower, intelligence, hp, mood, skill_point, character_favor, event_condition, is_random_value, is_random_attribute, is_random_block_training, is_end_chained_event) VALUES (2009, 1138, 'Down', 3, 10, 0, 5, 0, 0, 0, 0, 0, 5, null, 0, 0, 0, 0);
INSERT INTO card_table (count, uma_id, uma_name) VALUES (293, 30083, 'sakura-bakushin-o');
INSERT INTO card_events (event_id, event_name, uma_id, uma_name, category) VALUES (1139, '(❯) 「小不點賽馬娘賽跑大賽」', 30083, 'sakura-bakushin-o', '連鎖事件');
INSERT INTO card_event_choices (choice_id, event_id, choice_label, chain_index, speed, stamina, strength, willpower, intelligence, hp, mood, skill_point, character_favor, event_condition, is_random_value, is_random_attribute, is_random_block_training, is_end_chained_event) VALUES (2010, 1139, 'Up', 1, 0, 0, 0, 5, 0, 0, 0, 0, 5, null, 0, 0, 0, 0);
INSERT INTO card_event_choices (choice_id, event_id, choice_label, chain_index, speed, stamina, strength, willpower, intelligence, hp, mood, skill_point, character_favor, event_condition, is_random_value, is_random_attribute, is_random_block_training, is_end_chained_event) VALUES (2011, 1139, 'Down', 1, 5, 0, 0, 0, 0, 4, 0, 0, 5, null, 0, 0, 0, 0);
INSERT INTO card_events (event_id, event_name, uma_id, uma_name, category) VALUES (1140, '(❯❯) 姊姊的背影', 30083, 'sakura-bakushin-o', '連鎖事件');
INSERT INTO card_event_choices (choice_id, event_id, choice_label, chain_index, speed, stamina, strength, willpower, intelligence, hp, mood, skill_point, character_favor, event_condition, is_random_value, is_random_attribute, is_random_block_training, is_end_chained_event) VALUES (2012, 1140, 'Up', 2, 5, 0, 0, 10, 0, 0, 0, 0, 5, null, 0, 0, 0, 0);
INSERT INTO card_event_choices (choice_id, event_id, choice_label, chain_index, speed, stamina, strength, willpower, intelligence, hp, mood, skill_point, character_favor, event_condition, is_random_value, is_random_attribute, is_random_block_training, is_end_chained_event) VALUES (2013, 1140, 'Down', 2, 0, 0, 0, 0, 0, 0, 0, 30, 0, null, 0, 0, 0, 1);
INSERT INTO card_events (event_id, event_name, uma_id, uma_name, category) VALUES (1141, '(❯❯❯) 保持自我', 30083, 'sakura-bakushin-o', '連鎖事件');
INSERT INTO card_event_choices (choice_id, event_id, choice_label, chain_index, speed, stamina, strength, willpower, intelligence, hp, mood, skill_point, character_favor, event_condition, is_random_value, is_random_attribute, is_random_block_training, is_end_chained_event) VALUES (2014, 1141, 'None', 3, 15, 0, 0, 15, 0, 0, 0, 0, 0, null, 1, 0, 0, 0);
INSERT INTO card_event_choices (choice_id, event_id, choice_label, chain_index, speed, stamina, strength, willpower, intelligence, hp, mood, skill_point, character_favor, event_condition, is_random_value, is_random_attribute, is_random_block_training, is_end_chained_event) VALUES (2015, 1141, 'None', 3, 5, 0, 0, 5, 0, 0, 0, 0, 0, null, 0, 0, 0, 0);
INSERT INTO card_events (event_id, event_name, uma_id, uma_name, category) VALUES (1142, '模範生的一舉兩得！！', 30083, 'sakura-bakushin-o', '隨機事件');
INSERT INTO card_event_choices (choice_id, event_id, choice_label, chain_index, speed, stamina, strength, willpower, intelligence, hp, mood, skill_point, character_favor, event_condition, is_random_value, is_random_attribute, is_random_block_training, is_end_chained_event) VALUES (2016, 1142, 'Up', 3, 15, 0, 0, 0, 0, 0, 0, 0, 5, null, 0, 0, 0, 0);
INSERT INTO card_event_choices (choice_id, event_id, choice_label, chain_index, speed, stamina, strength, willpower, intelligence, hp, mood, skill_point, character_favor, event_condition, is_random_value, is_random_attribute, is_random_block_training, is_end_chained_event) VALUES (2017, 1142, 'Down', 3, 5, 0, 10, 0, 0, 0, 0, 0, 5, null, 0, 0, 0, 0);
INSERT INTO card_events (event_id, event_name, uma_id, uma_name, category) VALUES (1143, '讓人想立刻開跑！！', 30083, 'sakura-bakushin-o', '隨機事件');
INSERT INTO card_event_choices (choice_id, event_id, choice_label, chain_index, speed, stamina, strength, willpower, intelligence, hp, mood, skill_point, character_favor, event_condition, is_random_value, is_random_attribute, is_random_block_training, is_end_chained_event) VALUES (2018, 1143, 'Up', 3, 0, 0, 0, 0, 0, 0, 0, 0, 5, null, 0, 0, 0, 0);
INSERT INTO card_event_choices (choice_id, event_id, choice_label, chain_index, speed, stamina, strength, willpower, intelligence, hp, mood, skill_point, character_favor, event_condition, is_random_value, is_random_attribute, is_random_block_training, is_end_chained_event) VALUES (2019, 1143, 'Down', 3, 10, 0, 5, 0, 0, -10, 0, 0, 5, null, 0, 0, 0, 0);
INSERT INTO card_table (count, uma_id, uma_name) VALUES (294, 30084, 'tosen-jordan');
INSERT INTO card_events (event_id, event_name, uma_id, uma_name, category) VALUES (1144, '(❯) 讓人有距離感', 30084, 'tosen-jordan', '連鎖事件');
INSERT INTO card_event_choices (choice_id, event_id, choice_label, chain_index, speed, stamina, strength, willpower, intelligence, hp, mood, skill_point, character_favor, event_condition, is_random_value, is_random_attribute, is_random_block_training, is_end_chained_event) VALUES (2020, 1144, 'Up', 1, 10, 5, 0, 0, 0, 0, 0, 0, 5, null, 0, 0, 0, 0);
INSERT INTO card_event_choices (choice_id, event_id, choice_label, chain_index, speed, stamina, strength, willpower, intelligence, hp, mood, skill_point, character_favor, event_condition, is_random_value, is_random_attribute, is_random_block_training, is_end_chained_event) VALUES (2021, 1144, 'Down', 1, 0, 0, 0, 0, 0, 10, 0, 0, 5, null, 0, 0, 0, 0);
INSERT INTO card_events (event_id, event_name, uma_id, uma_name, category) VALUES (1145, '(❯❯) 就是想讓自己心情變好', 30084, 'tosen-jordan', '連鎖事件');
INSERT INTO card_event_choices (choice_id, event_id, choice_label, chain_index, speed, stamina, strength, willpower, intelligence, hp, mood, skill_point, character_favor, event_condition, is_random_value, is_random_attribute, is_random_block_training, is_end_chained_event) VALUES (2022, 1145, 'None', 2, 10, 0, 0, 0, 0, 0, 0, 10, 0, null, 0, 0, 0, 0);
INSERT INTO card_events (event_id, event_name, uma_id, uma_name, category) VALUES (1146, '(❯❯❯) 厲害的人就是厲害', 30084, 'tosen-jordan', '連鎖事件');
INSERT INTO card_event_choices (choice_id, event_id, choice_label, chain_index, speed, stamina, strength, willpower, intelligence, hp, mood, skill_point, character_favor, event_condition, is_random_value, is_random_attribute, is_random_block_training, is_end_chained_event) VALUES (2023, 1146, 'None', 3, 15, 0, 0, 0, 0, -10, 0, 0, 0, null, 1, 0, 0, 0);
INSERT INTO card_event_choices (choice_id, event_id, choice_label, chain_index, speed, stamina, strength, willpower, intelligence, hp, mood, skill_point, character_favor, event_condition, is_random_value, is_random_attribute, is_random_block_training, is_end_chained_event) VALUES (2024, 1146, 'None', 3, 10, 0, 0, 0, 0, -10, 0, 0, 0, null, 0, 0, 0, 0);
INSERT INTO card_events (event_id, event_name, uma_id, uma_name, category) VALUES (1147, '手機不就是時間小偷嗎？', 30084, 'tosen-jordan', '隨機事件');
INSERT INTO card_event_choices (choice_id, event_id, choice_label, chain_index, speed, stamina, strength, willpower, intelligence, hp, mood, skill_point, character_favor, event_condition, is_random_value, is_random_attribute, is_random_block_training, is_end_chained_event) VALUES (2025, 1147, 'Up', 3, 5, 0, 0, 0, 0, 0, 1, 0, 5, null, 0, 0, 0, 0);
INSERT INTO card_event_choices (choice_id, event_id, choice_label, chain_index, speed, stamina, strength, willpower, intelligence, hp, mood, skill_point, character_favor, event_condition, is_random_value, is_random_attribute, is_random_block_training, is_end_chained_event) VALUES (2026, 1147, 'Down', 3, 0, 10, 0, 0, 0, 0, 0, 0, 5, null, 0, 0, 0, 0);
INSERT INTO card_events (event_id, event_name, uma_id, uma_name, category) VALUES (1148, '評論只能參考一半', 30084, 'tosen-jordan', '隨機事件');
INSERT INTO card_event_choices (choice_id, event_id, choice_label, chain_index, speed, stamina, strength, willpower, intelligence, hp, mood, skill_point, character_favor, event_condition, is_random_value, is_random_attribute, is_random_block_training, is_end_chained_event) VALUES (2027, 1148, 'Up', 3, 0, 0, 0, 0, 0, 10, 1, 0, 5, null, 0, 0, 0, 0);
INSERT INTO card_event_choices (choice_id, event_id, choice_label, chain_index, speed, stamina, strength, willpower, intelligence, hp, mood, skill_point, character_favor, event_condition, is_random_value, is_random_attribute, is_random_block_training, is_end_chained_event) VALUES (2028, 1148, 'Down', 3, 0, 0, 0, 0, 0, 0, 0, 0, 5, null, 0, 0, 0, 0);
INSERT INTO card_table (count, uma_id, uma_name) VALUES (295, 30085, 'agnes-digital');
INSERT INTO card_events (event_id, event_name, uma_id, uma_name, category) VALUES (1149, '(❯) 阿宅的美學', 30085, 'agnes-digital', '連鎖事件');
INSERT INTO card_event_choices (choice_id, event_id, choice_label, chain_index, speed, stamina, strength, willpower, intelligence, hp, mood, skill_point, character_favor, event_condition, is_random_value, is_random_attribute, is_random_block_training, is_end_chained_event) VALUES (2029, 1149, 'None', 1, 0, 0, 0, 0, 0, 0, 0, 30, 5, null, 0, 0, 0, 0);
INSERT INTO card_events (event_id, event_name, uma_id, uma_name, category) VALUES (1150, '(❯❯) 阿宅的責任', 30085, 'agnes-digital', '連鎖事件');
INSERT INTO card_event_choices (choice_id, event_id, choice_label, chain_index, speed, stamina, strength, willpower, intelligence, hp, mood, skill_point, character_favor, event_condition, is_random_value, is_random_attribute, is_random_block_training, is_end_chained_event) VALUES (2030, 1150, 'Up', 2, 0, 15, 0, 0, 0, 0, 0, 0, 5, null, 0, 0, 0, 0);
INSERT INTO card_event_choices (choice_id, event_id, choice_label, chain_index, speed, stamina, strength, willpower, intelligence, hp, mood, skill_point, character_favor, event_condition, is_random_value, is_random_attribute, is_random_block_training, is_end_chained_event) VALUES (2031, 1150, 'Down', 2, 0, 0, 0, 0, 15, 0, 0, 0, 5, null, 0, 0, 0, 0);
INSERT INTO card_events (event_id, event_name, uma_id, uma_name, category) VALUES (1151, '(❯❯❯) 阿宅的推活', 30085, 'agnes-digital', '連鎖事件');
INSERT INTO card_event_choices (choice_id, event_id, choice_label, chain_index, speed, stamina, strength, willpower, intelligence, hp, mood, skill_point, character_favor, event_condition, is_random_value, is_random_attribute, is_random_block_training, is_end_chained_event) VALUES (2032, 1151, 'Up', 3, 0, 0, 15, 0, 0, 0, 0, 20, 0, null, 1, 0, 0, 0);
INSERT INTO card_event_choices (choice_id, event_id, choice_label, chain_index, speed, stamina, strength, willpower, intelligence, hp, mood, skill_point, character_favor, event_condition, is_random_value, is_random_attribute, is_random_block_training, is_end_chained_event) VALUES (2033, 1151, 'Up', 3, 0, 0, 10, 0, 0, 0, 0, 15, 0, null, 0, 0, 0, 0);
INSERT INTO card_event_choices (choice_id, event_id, choice_label, chain_index, speed, stamina, strength, willpower, intelligence, hp, mood, skill_point, character_favor, event_condition, is_random_value, is_random_attribute, is_random_block_training, is_end_chained_event) VALUES (2034, 1151, 'Down', 3, 35, 0, 0, 0, 0, 0, 0, 0, 5, null, 1, 0, 0, 0);
INSERT INTO card_event_choices (choice_id, event_id, choice_label, chain_index, speed, stamina, strength, willpower, intelligence, hp, mood, skill_point, character_favor, event_condition, is_random_value, is_random_attribute, is_random_block_training, is_end_chained_event) VALUES (2035, 1151, 'Down', 3, 35, 0, 0, 0, 0, 0, 0, 0, 5, null, 0, 0, 0, 0);
INSERT INTO card_events (event_id, event_name, uma_id, uma_name, category) VALUES (1152, '賽馬娘缺乏症！', 30085, 'agnes-digital', '隨機事件');
INSERT INTO card_event_choices (choice_id, event_id, choice_label, chain_index, speed, stamina, strength, willpower, intelligence, hp, mood, skill_point, character_favor, event_condition, is_random_value, is_random_attribute, is_random_block_training, is_end_chained_event) VALUES (2036, 1152, 'Up', 3, 5, 0, 0, 0, 0, 5, 0, 0, 5, null, 0, 0, 0, 0);
INSERT INTO card_event_choices (choice_id, event_id, choice_label, chain_index, speed, stamina, strength, willpower, intelligence, hp, mood, skill_point, character_favor, event_condition, is_random_value, is_random_attribute, is_random_block_training, is_end_chained_event) VALUES (2037, 1152, 'Down', 3, 5, 0, 5, 0, 0, 0, 0, 0, 5, null, 0, 0, 0, 0);
INSERT INTO card_events (event_id, event_name, uma_id, uma_name, category) VALUES (1153, '為了感動不懼風雨！', 30085, 'agnes-digital', '隨機事件');
INSERT INTO card_event_choices (choice_id, event_id, choice_label, chain_index, speed, stamina, strength, willpower, intelligence, hp, mood, skill_point, character_favor, event_condition, is_random_value, is_random_attribute, is_random_block_training, is_end_chained_event) VALUES (2038, 1153, 'Up', 3, 0, 0, 0, 0, 0, 0, 0, 0, 5, null, 0, 0, 0, 0);
INSERT INTO card_event_choices (choice_id, event_id, choice_label, chain_index, speed, stamina, strength, willpower, intelligence, hp, mood, skill_point, character_favor, event_condition, is_random_value, is_random_attribute, is_random_block_training, is_end_chained_event) VALUES (2039, 1153, 'Down', 3, 0, 0, 0, 0, 0, 0, 0, 0, 5, null, 0, 0, 0, 0);
INSERT INTO card_table (count, uma_id, uma_name) VALUES (296, 30086, 'narita-top-road');
INSERT INTO card_events (event_id, event_name, uma_id, uma_name, category) VALUES (1154, '(❯) 如果是同學的危機……！', 30086, 'narita-top-road', '連鎖事件');
INSERT INTO card_event_choices (choice_id, event_id, choice_label, chain_index, speed, stamina, strength, willpower, intelligence, hp, mood, skill_point, character_favor, event_condition, is_random_value, is_random_attribute, is_random_block_training, is_end_chained_event) VALUES (2040, 1154, 'None', 1, 7, 7, 0, 0, 7, -10, 1, 0, 5, null, 0, 0, 0, 0);
INSERT INTO card_events (event_id, event_name, uma_id, uma_name, category) VALUES (1155, '(❯❯) 將期待扛在背上！', 30086, 'narita-top-road', '連鎖事件');
INSERT INTO card_event_choices (choice_id, event_id, choice_label, chain_index, speed, stamina, strength, willpower, intelligence, hp, mood, skill_point, character_favor, event_condition, is_random_value, is_random_attribute, is_random_block_training, is_end_chained_event) VALUES (2041, 1155, 'Up', 2, 15, 15, 0, 0, 0, -10, 0, 0, 5, null, 0, 0, 0, 0);
INSERT INTO card_event_choices (choice_id, event_id, choice_label, chain_index, speed, stamina, strength, willpower, intelligence, hp, mood, skill_point, character_favor, event_condition, is_random_value, is_random_attribute, is_random_block_training, is_end_chained_event) VALUES (2042, 1155, 'Down', 2, 0, 0, 0, 0, 0, 20, 0, 10, 5, null, 0, 0, 0, 0);
INSERT INTO card_events (event_id, event_name, uma_id, uma_name, category) VALUES (1156, '(❯❯❯) 因為是勁敵所以知道', 30086, 'narita-top-road', '連鎖事件');
INSERT INTO card_event_choices (choice_id, event_id, choice_label, chain_index, speed, stamina, strength, willpower, intelligence, hp, mood, skill_point, character_favor, event_condition, is_random_value, is_random_attribute, is_random_block_training, is_end_chained_event) VALUES (2043, 1156, 'None', 3, 15, 15, 0, 0, 0, -10, 0, 20, 5, null, 0, 0, 0, 0);
INSERT INTO card_events (event_id, event_name, uma_id, uma_name, category) VALUES (1157, '仔細檢查！', 30086, 'narita-top-road', '隨機事件');
INSERT INTO card_event_choices (choice_id, event_id, choice_label, chain_index, speed, stamina, strength, willpower, intelligence, hp, mood, skill_point, character_favor, event_condition, is_random_value, is_random_attribute, is_random_block_training, is_end_chained_event) VALUES (2044, 1157, 'Up', 3, 0, 0, 0, 0, 0, 20, 0, 0, 5, null, 0, 0, 0, 0);
INSERT INTO card_event_choices (choice_id, event_id, choice_label, chain_index, speed, stamina, strength, willpower, intelligence, hp, mood, skill_point, character_favor, event_condition, is_random_value, is_random_attribute, is_random_block_training, is_end_chained_event) VALUES (2045, 1157, 'Down', 3, 25, 0, 0, 0, 0, -10, 0, 0, 5, null, 0, 0, 0, 0);
INSERT INTO card_events (event_id, event_name, uma_id, uma_name, category) VALUES (1158, '好好努力！', 30086, 'narita-top-road', '隨機事件');
INSERT INTO card_event_choices (choice_id, event_id, choice_label, chain_index, speed, stamina, strength, willpower, intelligence, hp, mood, skill_point, character_favor, event_condition, is_random_value, is_random_attribute, is_random_block_training, is_end_chained_event) VALUES (2046, 1158, 'Up', 3, 0, 10, 0, 0, 0, 0, 0, 0, 5, null, 0, 0, 0, 0);
INSERT INTO card_event_choices (choice_id, event_id, choice_label, chain_index, speed, stamina, strength, willpower, intelligence, hp, mood, skill_point, character_favor, event_condition, is_random_value, is_random_attribute, is_random_block_training, is_end_chained_event) VALUES (2047, 1158, 'Down', 3, 0, 0, 0, 0, 0, 0, 0, 0, 5, null, 0, 0, 0, 0);
INSERT INTO card_table (count, uma_id, uma_name) VALUES (297, 30087, 'mejiro-bright');
INSERT INTO card_events (event_id, event_name, uma_id, uma_name, category) VALUES (1159, '(❯) 由我來找吧～', 30087, 'mejiro-bright', '連鎖事件');
INSERT INTO card_event_choices (choice_id, event_id, choice_label, chain_index, speed, stamina, strength, willpower, intelligence, hp, mood, skill_point, character_favor, event_condition, is_random_value, is_random_attribute, is_random_block_training, is_end_chained_event) VALUES (2048, 1159, 'Up', 1, 0, 10, 0, 0, 0, 0, 1, 0, 10, null, 0, 0, 0, 0);
INSERT INTO card_event_choices (choice_id, event_id, choice_label, chain_index, speed, stamina, strength, willpower, intelligence, hp, mood, skill_point, character_favor, event_condition, is_random_value, is_random_attribute, is_random_block_training, is_end_chained_event) VALUES (2049, 1159, 'Down', 1, 0, 0, 0, 0, 10, 10, 0, 0, 10, null, 0, 0, 0, 0);
INSERT INTO card_events (event_id, event_name, uma_id, uma_name, category) VALUES (1160, '(❯❯) 由我來演吧～', 30087, 'mejiro-bright', '連鎖事件');
INSERT INTO card_event_choices (choice_id, event_id, choice_label, chain_index, speed, stamina, strength, willpower, intelligence, hp, mood, skill_point, character_favor, event_condition, is_random_value, is_random_attribute, is_random_block_training, is_end_chained_event) VALUES (2050, 1160, 'None', 2, 0, 15, 0, 0, 0, 0, 0, 0, 0, null, 0, 0, 0, 0);
INSERT INTO card_events (event_id, event_name, uma_id, uma_name, category) VALUES (1161, '(❯❯❯) 我不會輸的～', 30087, 'mejiro-bright', '連鎖事件');
INSERT INTO card_event_choices (choice_id, event_id, choice_label, chain_index, speed, stamina, strength, willpower, intelligence, hp, mood, skill_point, character_favor, event_condition, is_random_value, is_random_attribute, is_random_block_training, is_end_chained_event) VALUES (2051, 1161, 'None', 3, 0, 15, 0, 0, 0, 0, 0, 0, 5, null, 0, 0, 0, 0);
INSERT INTO card_events (event_id, event_name, uma_id, uma_name, category) VALUES (1162, '悠哉地、緩慢地。', 30087, 'mejiro-bright', '隨機事件');
INSERT INTO card_event_choices (choice_id, event_id, choice_label, chain_index, speed, stamina, strength, willpower, intelligence, hp, mood, skill_point, character_favor, event_condition, is_random_value, is_random_attribute, is_random_block_training, is_end_chained_event) VALUES (2052, 1162, 'Up', 3, 0, 15, 0, 5, 0, 0, 0, 0, 5, null, 0, 0, 0, 0);
INSERT INTO card_event_choices (choice_id, event_id, choice_label, chain_index, speed, stamina, strength, willpower, intelligence, hp, mood, skill_point, character_favor, event_condition, is_random_value, is_random_attribute, is_random_block_training, is_end_chained_event) VALUES (2053, 1162, 'Down', 3, 15, 0, 5, 0, 0, 0, 0, 0, 5, null, 0, 0, 0, 0);
INSERT INTO card_events (event_id, event_name, uma_id, uma_name, category) VALUES (1163, '認真地、努力地', 30087, 'mejiro-bright', '隨機事件');
INSERT INTO card_event_choices (choice_id, event_id, choice_label, chain_index, speed, stamina, strength, willpower, intelligence, hp, mood, skill_point, character_favor, event_condition, is_random_value, is_random_attribute, is_random_block_training, is_end_chained_event) VALUES (2054, 1163, 'Up', 3, 0, 0, 0, 0, 0, 10, 0, 0, 5, null, 0, 0, 0, 0);
INSERT INTO card_event_choices (choice_id, event_id, choice_label, chain_index, speed, stamina, strength, willpower, intelligence, hp, mood, skill_point, character_favor, event_condition, is_random_value, is_random_attribute, is_random_block_training, is_end_chained_event) VALUES (2055, 1163, 'Down', 3, 0, 0, 0, 0, 20, 0, 0, 0, 5, null, 0, 0, 0, 0);
INSERT INTO card_table (count, uma_id, uma_name) VALUES (298, 30088, 'satono-diamond');
INSERT INTO card_events (event_id, event_name, uma_id, uma_name, category) VALUES (1164, '(❯) 看不到的奉獻', 30088, 'satono-diamond', '連鎖事件');
INSERT INTO card_event_choices (choice_id, event_id, choice_label, chain_index, speed, stamina, strength, willpower, intelligence, hp, mood, skill_point, character_favor, event_condition, is_random_value, is_random_attribute, is_random_block_training, is_end_chained_event) VALUES (2056, 1164, 'None', 1, 0, 0, 0, 0, 10, 0, 0, 0, 5, null, 0, 0, 0, 0);
INSERT INTO card_events (event_id, event_name, uma_id, uma_name, category) VALUES (1165, '(❯❯) 光用說的可不夠', 30088, 'satono-diamond', '連鎖事件');
INSERT INTO card_event_choices (choice_id, event_id, choice_label, chain_index, speed, stamina, strength, willpower, intelligence, hp, mood, skill_point, character_favor, event_condition, is_random_value, is_random_attribute, is_random_block_training, is_end_chained_event) VALUES (2057, 1165, 'None', 2, 10, 0, 0, 0, 10, 0, 0, 0, 5, null, 0, 0, 0, 0);
INSERT INTO card_events (event_id, event_name, uma_id, uma_name, category) VALUES (1166, '(❯❯❯) 和大家共有的夢想', 30088, 'satono-diamond', '連鎖事件');
INSERT INTO card_event_choices (choice_id, event_id, choice_label, chain_index, speed, stamina, strength, willpower, intelligence, hp, mood, skill_point, character_favor, event_condition, is_random_value, is_random_attribute, is_random_block_training, is_end_chained_event) VALUES (2058, 1166, 'None', 3, 0, 0, 0, 0, 10, 0, 0, 0, 5, null, 1, 0, 0, 0);
INSERT INTO card_event_choices (choice_id, event_id, choice_label, chain_index, speed, stamina, strength, willpower, intelligence, hp, mood, skill_point, character_favor, event_condition, is_random_value, is_random_attribute, is_random_block_training, is_end_chained_event) VALUES (2059, 1166, 'None', 3, 0, 0, 0, 0, 30, 0, 0, 0, 5, null, 0, 0, 0, 0);
INSERT INTO card_events (event_id, event_name, uma_id, uma_name, category) VALUES (1167, '最喜歡新東西！', 30088, 'satono-diamond', '隨機事件');
INSERT INTO card_event_choices (choice_id, event_id, choice_label, chain_index, speed, stamina, strength, willpower, intelligence, hp, mood, skill_point, character_favor, event_condition, is_random_value, is_random_attribute, is_random_block_training, is_end_chained_event) VALUES (2060, 1167, 'Up', 3, 0, 0, 0, 10, 0, 0, 0, 0, 5, null, 0, 0, 0, 0);
INSERT INTO card_event_choices (choice_id, event_id, choice_label, chain_index, speed, stamina, strength, willpower, intelligence, hp, mood, skill_point, character_favor, event_condition, is_random_value, is_random_attribute, is_random_block_training, is_end_chained_event) VALUES (2061, 1167, 'Down', 3, 0, 20, 0, 0, 0, -10, 0, 0, 5, null, 0, 0, 0, 0);
INSERT INTO card_events (event_id, event_name, uma_id, uma_name, category) VALUES (1168, '最喜歡困難的事情！', 30088, 'satono-diamond', '隨機事件');
INSERT INTO card_event_choices (choice_id, event_id, choice_label, chain_index, speed, stamina, strength, willpower, intelligence, hp, mood, skill_point, character_favor, event_condition, is_random_value, is_random_attribute, is_random_block_training, is_end_chained_event) VALUES (2062, 1168, 'Up', 3, 0, 5, 0, 10, 0, 0, 0, 0, 5, null, 0, 0, 0, 0);
INSERT INTO card_event_choices (choice_id, event_id, choice_label, chain_index, speed, stamina, strength, willpower, intelligence, hp, mood, skill_point, character_favor, event_condition, is_random_value, is_random_attribute, is_random_block_training, is_end_chained_event) VALUES (2063, 1168, 'Down', 3, 0, 0, 0, 0, 0, 0, 0, 0, 5, null, 0, 0, 0, 0);
INSERT INTO card_table (count, uma_id, uma_name) VALUES (299, 30089, 'marvelous-sunday');
INSERT INTO card_events (event_id, event_name, uma_id, uma_name, category) VALUES (1169, '(❯) 美麗☆下潛！！', 30089, 'marvelous-sunday', '連鎖事件');
INSERT INTO card_event_choices (choice_id, event_id, choice_label, chain_index, speed, stamina, strength, willpower, intelligence, hp, mood, skill_point, character_favor, event_condition, is_random_value, is_random_attribute, is_random_block_training, is_end_chained_event) VALUES (2064, 1169, 'Up', 1, 0, 0, 0, 0, 10, 0, 0, 10, 5, null, 0, 0, 0, 0);
INSERT INTO card_event_choices (choice_id, event_id, choice_label, chain_index, speed, stamina, strength, willpower, intelligence, hp, mood, skill_point, character_favor, event_condition, is_random_value, is_random_attribute, is_random_block_training, is_end_chained_event) VALUES (2065, 1169, 'Down', 1, 0, 0, 0, 25, 0, -10, 0, 0, 5, null, 0, 0, 0, 0);
INSERT INTO card_events (event_id, event_name, uma_id, uma_name, category) VALUES (1170, '(❯❯) 美麗☆學園！！', 30089, 'marvelous-sunday', '連鎖事件');
INSERT INTO card_event_choices (choice_id, event_id, choice_label, chain_index, speed, stamina, strength, willpower, intelligence, hp, mood, skill_point, character_favor, event_condition, is_random_value, is_random_attribute, is_random_block_training, is_end_chained_event) VALUES (2066, 1170, 'None', 2, 0, 0, 0, 0, 0, 0, 0, 30, 5, null, 0, 0, 0, 0);
INSERT INTO card_events (event_id, event_name, uma_id, uma_name, category) VALUES (1171, '(❯❯❯) 美麗☆勝利！！', 30089, 'marvelous-sunday', '連鎖事件');
INSERT INTO card_event_choices (choice_id, event_id, choice_label, chain_index, speed, stamina, strength, willpower, intelligence, hp, mood, skill_point, character_favor, event_condition, is_random_value, is_random_attribute, is_random_block_training, is_end_chained_event) VALUES (2067, 1171, 'None', 3, 0, 0, 0, 10, 10, -10, 0, 20, 5, null, 0, 0, 0, 0);
INSERT INTO card_events (event_id, event_name, uma_id, uma_name, category) VALUES (1172, '不由分說的美麗☆', 30089, 'marvelous-sunday', '隨機事件');
INSERT INTO card_event_choices (choice_id, event_id, choice_label, chain_index, speed, stamina, strength, willpower, intelligence, hp, mood, skill_point, character_favor, event_condition, is_random_value, is_random_attribute, is_random_block_training, is_end_chained_event) VALUES (2068, 1172, 'Up', 3, 5, 0, 0, 0, 0, 10, 0, 0, 5, null, 0, 0, 0, 0);
INSERT INTO card_event_choices (choice_id, event_id, choice_label, chain_index, speed, stamina, strength, willpower, intelligence, hp, mood, skill_point, character_favor, event_condition, is_random_value, is_random_attribute, is_random_block_training, is_end_chained_event) VALUES (2069, 1172, 'Down', 3, 5, 0, 0, 0, 0, 0, 1, 0, 5, null, 0, 0, 0, 0);
INSERT INTO card_events (event_id, event_name, uma_id, uma_name, category) VALUES (1173, '為了變得美麗☆', 30089, 'marvelous-sunday', '隨機事件');
INSERT INTO card_event_choices (choice_id, event_id, choice_label, chain_index, speed, stamina, strength, willpower, intelligence, hp, mood, skill_point, character_favor, event_condition, is_random_value, is_random_attribute, is_random_block_training, is_end_chained_event) VALUES (2070, 1173, 'Up', 3, 0, 0, 0, 0, 0, 10, 1, 0, 5, null, 0, 0, 0, 0);
INSERT INTO card_event_choices (choice_id, event_id, choice_label, chain_index, speed, stamina, strength, willpower, intelligence, hp, mood, skill_point, character_favor, event_condition, is_random_value, is_random_attribute, is_random_block_training, is_end_chained_event) VALUES (2071, 1173, 'Down', 3, 0, 0, 0, 0, 0, 0, 0, 0, 5, null, 0, 0, 0, 0);
INSERT INTO card_table (count, uma_id, uma_name) VALUES (300, 30090, 'symboli-rudolf');
INSERT INTO card_events (event_id, event_name, uma_id, uma_name, category) VALUES (1174, '(❯) 熱情不會有交集', 30090, 'symboli-rudolf', '連鎖事件');
INSERT INTO card_event_choices (choice_id, event_id, choice_label, chain_index, speed, stamina, strength, willpower, intelligence, hp, mood, skill_point, character_favor, event_condition, is_random_value, is_random_attribute, is_random_block_training, is_end_chained_event) VALUES (2072, 1174, 'None', 1, 0, 10, 0, 0, 0, 0, 0, 10, 5, null, 0, 0, 0, 0);
INSERT INTO card_events (event_id, event_name, uma_id, uma_name, category) VALUES (1175, '(❯❯) 熱情所孕育的事物', 30090, 'symboli-rudolf', '連鎖事件');
INSERT INTO card_event_choices (choice_id, event_id, choice_label, chain_index, speed, stamina, strength, willpower, intelligence, hp, mood, skill_point, character_favor, event_condition, is_random_value, is_random_attribute, is_random_block_training, is_end_chained_event) VALUES (2073, 1175, 'Up', 2, 0, 0, 0, 0, 0, 10, 0, 10, 5, null, 0, 0, 0, 0);
INSERT INTO card_event_choices (choice_id, event_id, choice_label, chain_index, speed, stamina, strength, willpower, intelligence, hp, mood, skill_point, character_favor, event_condition, is_random_value, is_random_attribute, is_random_block_training, is_end_chained_event) VALUES (2074, 1175, 'Down', 2, 0, 25, 0, 25, 0, -10, 0, 0, 5, null, 0, 0, 0, 1);
INSERT INTO card_events (event_id, event_name, uma_id, uma_name, category) VALUES (1176, '(❯❯❯) 熱情引領著人們', 30090, 'symboli-rudolf', '連鎖事件');
INSERT INTO card_event_choices (choice_id, event_id, choice_label, chain_index, speed, stamina, strength, willpower, intelligence, hp, mood, skill_point, character_favor, event_condition, is_random_value, is_random_attribute, is_random_block_training, is_end_chained_event) VALUES (2075, 1176, 'None', 3, 0, 10, 0, 0, 0, 0, 0, 30, 5, null, 0, 0, 0, 0);
INSERT INTO card_events (event_id, event_name, uma_id, uma_name, category) VALUES (1177, '「皇帝」的激勵', 30090, 'symboli-rudolf', '隨機事件');
INSERT INTO card_event_choices (choice_id, event_id, choice_label, chain_index, speed, stamina, strength, willpower, intelligence, hp, mood, skill_point, character_favor, event_condition, is_random_value, is_random_attribute, is_random_block_training, is_end_chained_event) VALUES (2076, 1177, 'Up', 3, 10, 0, 0, 0, 0, 0, 0, 0, 5, null, 0, 0, 0, 0);
INSERT INTO card_event_choices (choice_id, event_id, choice_label, chain_index, speed, stamina, strength, willpower, intelligence, hp, mood, skill_point, character_favor, event_condition, is_random_value, is_random_attribute, is_random_block_training, is_end_chained_event) VALUES (2077, 1177, 'Down', 3, 0, 0, 0, 0, 0, -10, 0, 30, 5, null, 0, 0, 0, 0);
INSERT INTO card_events (event_id, event_name, uma_id, uma_name, category) VALUES (1178, '學生會會長的思緒', 30090, 'symboli-rudolf', '隨機事件');
INSERT INTO card_event_choices (choice_id, event_id, choice_label, chain_index, speed, stamina, strength, willpower, intelligence, hp, mood, skill_point, character_favor, event_condition, is_random_value, is_random_attribute, is_random_block_training, is_end_chained_event) VALUES (2078, 1178, 'Up', 3, 0, 0, 0, 0, 0, 0, 0, 0, 5, null, 0, 0, 0, 0);
INSERT INTO card_event_choices (choice_id, event_id, choice_label, chain_index, speed, stamina, strength, willpower, intelligence, hp, mood, skill_point, character_favor, event_condition, is_random_value, is_random_attribute, is_random_block_training, is_end_chained_event) VALUES (2079, 1178, 'Down', 3, 0, 15, 0, 0, 0, 0, 0, 0, 5, null, 0, 0, 0, 0);
INSERT INTO card_table (count, uma_id, uma_name) VALUES (301, 30091, 'sirius-symboli');
INSERT INTO card_events (event_id, event_name, uma_id, uma_name, category) VALUES (1179, '(❯) 擁有象徵之名的人', 30091, 'sirius-symboli', '連鎖事件');
INSERT INTO card_event_choices (choice_id, event_id, choice_label, chain_index, speed, stamina, strength, willpower, intelligence, hp, mood, skill_point, character_favor, event_condition, is_random_value, is_random_attribute, is_random_block_training, is_end_chained_event) VALUES (2080, 1179, 'Up', 1, 0, 0, 0, 0, 0, 15, 0, 0, 5, null, 0, 0, 0, 0);
INSERT INTO card_event_choices (choice_id, event_id, choice_label, chain_index, speed, stamina, strength, willpower, intelligence, hp, mood, skill_point, character_favor, event_condition, is_random_value, is_random_attribute, is_random_block_training, is_end_chained_event) VALUES (2081, 1179, 'Down', 1, 0, 0, 0, 0, 0, 0, 0, 30, 5, null, 0, 0, 0, 1);
INSERT INTO card_events (event_id, event_name, uma_id, uma_name, category) VALUES (1180, '(❯❯) 如果是自由之身', 30091, 'sirius-symboli', '連鎖事件');
INSERT INTO card_event_choices (choice_id, event_id, choice_label, chain_index, speed, stamina, strength, willpower, intelligence, hp, mood, skill_point, character_favor, event_condition, is_random_value, is_random_attribute, is_random_block_training, is_end_chained_event) VALUES (2082, 1180, 'None', 2, 10, 0, 0, 0, 10, 0, 0, 0, 5, null, 0, 0, 0, 0);
INSERT INTO card_events (event_id, event_name, uma_id, uma_name, category) VALUES (1181, '(❯❯❯) 不對等的天秤', 30091, 'sirius-symboli', '連鎖事件');
INSERT INTO card_event_choices (choice_id, event_id, choice_label, chain_index, speed, stamina, strength, willpower, intelligence, hp, mood, skill_point, character_favor, event_condition, is_random_value, is_random_attribute, is_random_block_training, is_end_chained_event) VALUES (2083, 1181, 'None', 3, 0, 0, 0, 0, 15, 0, 0, 0, 5, null, 1, 0, 0, 0);
INSERT INTO card_event_choices (choice_id, event_id, choice_label, chain_index, speed, stamina, strength, willpower, intelligence, hp, mood, skill_point, character_favor, event_condition, is_random_value, is_random_attribute, is_random_block_training, is_end_chained_event) VALUES (2084, 1181, 'None', 3, 0, 0, 0, 0, 30, 0, 0, 0, 5, null, 0, 0, 0, 0);
INSERT INTO card_events (event_id, event_name, uma_id, uma_name, category) VALUES (1182, '要我教你嗎？', 30091, 'sirius-symboli', '隨機事件');
INSERT INTO card_event_choices (choice_id, event_id, choice_label, chain_index, speed, stamina, strength, willpower, intelligence, hp, mood, skill_point, character_favor, event_condition, is_random_value, is_random_attribute, is_random_block_training, is_end_chained_event) VALUES (2085, 1182, 'Up', 3, 0, 20, 0, 0, 0, -5, 0, 0, 5, null, 0, 0, 0, 0);
INSERT INTO card_event_choices (choice_id, event_id, choice_label, chain_index, speed, stamina, strength, willpower, intelligence, hp, mood, skill_point, character_favor, event_condition, is_random_value, is_random_attribute, is_random_block_training, is_end_chained_event) VALUES (2086, 1182, 'Down', 3, 0, 0, 0, 0, 10, 0, 0, 0, 5, null, 0, 0, 0, 0);
INSERT INTO card_events (event_id, event_name, uma_id, uma_name, category) VALUES (1183, '要我幫你嗎？', 30091, 'sirius-symboli', '隨機事件');
INSERT INTO card_event_choices (choice_id, event_id, choice_label, chain_index, speed, stamina, strength, willpower, intelligence, hp, mood, skill_point, character_favor, event_condition, is_random_value, is_random_attribute, is_random_block_training, is_end_chained_event) VALUES (2087, 1183, 'Up', 3, 0, 0, 0, 0, 5, 0, 0, 0, 5, null, 0, 0, 0, 0);
INSERT INTO card_event_choices (choice_id, event_id, choice_label, chain_index, speed, stamina, strength, willpower, intelligence, hp, mood, skill_point, character_favor, event_condition, is_random_value, is_random_attribute, is_random_block_training, is_end_chained_event) VALUES (2088, 1183, 'Down', 3, 0, 0, 0, 0, 0, 0, 0, 15, 5, null, 0, 0, 0, 0);
INSERT INTO card_table (count, uma_id, uma_name) VALUES (302, 30092, 'air-shakur');
INSERT INTO card_events (event_id, event_name, uma_id, uma_name, category) VALUES (1184, '(❯) 重合的高低音', 30092, 'air-shakur', '連鎖事件');
INSERT INTO card_event_choices (choice_id, event_id, choice_label, chain_index, speed, stamina, strength, willpower, intelligence, hp, mood, skill_point, character_favor, event_condition, is_random_value, is_random_attribute, is_random_block_training, is_end_chained_event) VALUES (2089, 1184, 'Up', 1, 10, 0, 10, 0, 0, 0, 0, 0, 5, null, 0, 0, 0, 0);
INSERT INTO card_event_choices (choice_id, event_id, choice_label, chain_index, speed, stamina, strength, willpower, intelligence, hp, mood, skill_point, character_favor, event_condition, is_random_value, is_random_attribute, is_random_block_training, is_end_chained_event) VALUES (2090, 1184, 'Down', 1, 0, 0, 0, 0, 0, 0, 0, 0, 5, null, 0, 0, 0, 0);
INSERT INTO card_events (event_id, event_name, uma_id, uma_name, category) VALUES (1185, '(❯❯) 調合的BPM', 30092, 'air-shakur', '連鎖事件');
INSERT INTO card_event_choices (choice_id, event_id, choice_label, chain_index, speed, stamina, strength, willpower, intelligence, hp, mood, skill_point, character_favor, event_condition, is_random_value, is_random_attribute, is_random_block_training, is_end_chained_event) VALUES (2091, 1185, 'None', 2, 15, 0, 0, 0, 0, 0, 0, 0, 5, null, 0, 0, 0, 0);
INSERT INTO card_events (event_id, event_name, uma_id, uma_name, category) VALUES (1186, '(❯❯❯) 相連的EQ', 30092, 'air-shakur', '連鎖事件');
INSERT INTO card_event_choices (choice_id, event_id, choice_label, chain_index, speed, stamina, strength, willpower, intelligence, hp, mood, skill_point, character_favor, event_condition, is_random_value, is_random_attribute, is_random_block_training, is_end_chained_event) VALUES (2092, 1186, 'None', 3, 10, 0, 0, 0, 0, 0, 0, 10, 5, null, 0, 0, 0, 0);
INSERT INTO card_events (event_id, event_name, uma_id, uma_name, category) VALUES (1187, '//需要驗證', 30092, 'air-shakur', '隨機事件');
INSERT INTO card_event_choices (choice_id, event_id, choice_label, chain_index, speed, stamina, strength, willpower, intelligence, hp, mood, skill_point, character_favor, event_condition, is_random_value, is_random_attribute, is_random_block_training, is_end_chained_event) VALUES (2093, 1187, 'Up', 3, 0, 0, 0, 5, 0, 10, 0, 0, 5, null, 0, 0, 0, 0);
INSERT INTO card_event_choices (choice_id, event_id, choice_label, chain_index, speed, stamina, strength, willpower, intelligence, hp, mood, skill_point, character_favor, event_condition, is_random_value, is_random_attribute, is_random_block_training, is_end_chained_event) VALUES (2094, 1187, 'Down', 3, 0, 5, 0, 10, 0, -10, 0, 0, 5, null, 0, 0, 0, 0);
INSERT INTO card_events (event_id, event_name, uma_id, uma_name, category) VALUES (1188, '//絕對要得到', 30092, 'air-shakur', '隨機事件');
INSERT INTO card_event_choices (choice_id, event_id, choice_label, chain_index, speed, stamina, strength, willpower, intelligence, hp, mood, skill_point, character_favor, event_condition, is_random_value, is_random_attribute, is_random_block_training, is_end_chained_event) VALUES (2095, 1188, 'Up', 3, 0, 0, 0, 0, 0, 0, 0, 0, 5, null, 0, 0, 0, 0);
INSERT INTO card_event_choices (choice_id, event_id, choice_label, chain_index, speed, stamina, strength, willpower, intelligence, hp, mood, skill_point, character_favor, event_condition, is_random_value, is_random_attribute, is_random_block_training, is_end_chained_event) VALUES (2096, 1188, 'Down', 3, 0, 0, 0, 5, 0, 4, 0, 0, 5, null, 0, 0, 0, 0);
INSERT INTO card_table (count, uma_id, uma_name) VALUES (303, 30093, 'daiwa-scarlet');
INSERT INTO card_events (event_id, event_name, uma_id, uma_name, category) VALUES (1189, '(❯) 無法表達的「心意」', 30093, 'daiwa-scarlet', '連鎖事件');
INSERT INTO card_event_choices (choice_id, event_id, choice_label, chain_index, speed, stamina, strength, willpower, intelligence, hp, mood, skill_point, character_favor, event_condition, is_random_value, is_random_attribute, is_random_block_training, is_end_chained_event) VALUES (2097, 1189, 'Up', 1, 0, 10, 0, 0, 0, 0, 0, 0, 5, null, 0, 0, 0, 0);
INSERT INTO card_event_choices (choice_id, event_id, choice_label, chain_index, speed, stamina, strength, willpower, intelligence, hp, mood, skill_point, character_favor, event_condition, is_random_value, is_random_attribute, is_random_block_training, is_end_chained_event) VALUES (2098, 1189, 'Down', 1, 0, 0, 10, 0, 0, 0, 0, 0, 5, null, 0, 0, 0, 0);
INSERT INTO card_events (event_id, event_name, uma_id, uma_name, category) VALUES (1190, '(❯❯) 重要的「暗號」', 30093, 'daiwa-scarlet', '連鎖事件');
INSERT INTO card_event_choices (choice_id, event_id, choice_label, chain_index, speed, stamina, strength, willpower, intelligence, hp, mood, skill_point, character_favor, event_condition, is_random_value, is_random_attribute, is_random_block_training, is_end_chained_event) VALUES (2099, 1190, 'None', 2, 0, 0, 0, 0, 0, 0, 0, 20, 5, null, 0, 0, 0, 0);
INSERT INTO card_events (event_id, event_name, uma_id, uma_name, category) VALUES (1191, '(❯❯❯) 想傳達的「我」', 30093, 'daiwa-scarlet', '連鎖事件');
INSERT INTO card_event_choices (choice_id, event_id, choice_label, chain_index, speed, stamina, strength, willpower, intelligence, hp, mood, skill_point, character_favor, event_condition, is_random_value, is_random_attribute, is_random_block_training, is_end_chained_event) VALUES (2100, 1191, 'None', 3, 0, 0, 15, 0, 15, 0, 0, 0, 5, null, 0, 0, 0, 0);
INSERT INTO card_events (event_id, event_name, uma_id, uma_name, category) VALUES (1192, '明天贏的人是我！', 30093, 'daiwa-scarlet', '隨機事件');
INSERT INTO card_event_choices (choice_id, event_id, choice_label, chain_index, speed, stamina, strength, willpower, intelligence, hp, mood, skill_point, character_favor, event_condition, is_random_value, is_random_attribute, is_random_block_training, is_end_chained_event) VALUES (2101, 1192, 'Up', 3, 0, 0, 0, 0, 10, 0, 0, 0, 5, null, 0, 0, 0, 0);
INSERT INTO card_event_choices (choice_id, event_id, choice_label, chain_index, speed, stamina, strength, willpower, intelligence, hp, mood, skill_point, character_favor, event_condition, is_random_value, is_random_attribute, is_random_block_training, is_end_chained_event) VALUES (2102, 1192, 'Down', 3, 0, 0, 0, 0, 0, 0, 1, 15, 5, null, 0, 0, 0, 0);
INSERT INTO card_events (event_id, event_name, uma_id, uma_name, category) VALUES (1193, '這點小事沒問題的！', 30093, 'daiwa-scarlet', '隨機事件');
INSERT INTO card_event_choices (choice_id, event_id, choice_label, chain_index, speed, stamina, strength, willpower, intelligence, hp, mood, skill_point, character_favor, event_condition, is_random_value, is_random_attribute, is_random_block_training, is_end_chained_event) VALUES (2103, 1193, 'Up', 3, 0, 1, 0, 0, 0, 0, 0, 0, 5, null, 0, 0, 0, 0);
INSERT INTO card_event_choices (choice_id, event_id, choice_label, chain_index, speed, stamina, strength, willpower, intelligence, hp, mood, skill_point, character_favor, event_condition, is_random_value, is_random_attribute, is_random_block_training, is_end_chained_event) VALUES (2104, 1193, 'Down', 3, 0, 0, 0, 0, 0, 20, 1, 0, 5, null, 0, 0, 0, 0);
INSERT INTO card_table (count, uma_id, uma_name) VALUES (304, 30094, 'bamboo-memory');
INSERT INTO card_events (event_id, event_name, uma_id, uma_name, category) VALUES (1194, '(❯) 猛烈特訓！目標成為歐姆蛋大師！', 30094, 'bamboo-memory', '連鎖事件');
INSERT INTO card_event_choices (choice_id, event_id, choice_label, chain_index, speed, stamina, strength, willpower, intelligence, hp, mood, skill_point, character_favor, event_condition, is_random_value, is_random_attribute, is_random_block_training, is_end_chained_event) VALUES (2105, 1194, 'Up', 1, 0, 0, 0, 15, 0, -5, 1, 0, 1, null, 0, 0, 0, 0);
INSERT INTO card_event_choices (choice_id, event_id, choice_label, chain_index, speed, stamina, strength, willpower, intelligence, hp, mood, skill_point, character_favor, event_condition, is_random_value, is_random_attribute, is_random_block_training, is_end_chained_event) VALUES (2106, 1194, 'Down', 1, 0, 0, 0, 0, 0, 0, 0, 30, 5, null, 0, 0, 0, 1);
INSERT INTO card_events (event_id, event_name, uma_id, uma_name, category) VALUES (1195, '(❯❯) 站起來，青竹！汗水與友情的練拳修行！', 30094, 'bamboo-memory', '連鎖事件');
INSERT INTO card_event_choices (choice_id, event_id, choice_label, chain_index, speed, stamina, strength, willpower, intelligence, hp, mood, skill_point, character_favor, event_condition, is_random_value, is_random_attribute, is_random_block_training, is_end_chained_event) VALUES (2107, 1195, 'None', 2, 0, 0, 15, 15, 0, -10, 0, 0, 5, null, 0, 0, 0, 0);
INSERT INTO card_events (event_id, event_name, uma_id, uma_name, category) VALUES (1196, '(❯❯❯) 引發奇蹟吧！傳說的熱血加油！', 30094, 'bamboo-memory', '連鎖事件');
INSERT INTO card_event_choices (choice_id, event_id, choice_label, chain_index, speed, stamina, strength, willpower, intelligence, hp, mood, skill_point, character_favor, event_condition, is_random_value, is_random_attribute, is_random_block_training, is_end_chained_event) VALUES (2108, 1196, 'None', 3, 0, 20, 0, 20, 0, -10, 0, 0, 5, null, 1, 0, 0, 0);
INSERT INTO card_event_choices (choice_id, event_id, choice_label, chain_index, speed, stamina, strength, willpower, intelligence, hp, mood, skill_point, character_favor, event_condition, is_random_value, is_random_attribute, is_random_block_training, is_end_chained_event) VALUES (2109, 1196, 'None', 3, 0, 15, 0, 15, 0, -10, 0, 0, 5, null, 0, 0, 0, 0);
INSERT INTO card_events (event_id, event_name, uma_id, uma_name, category) VALUES (1197, '勁敵，擊倒！', 30094, 'bamboo-memory', '隨機事件');
INSERT INTO card_event_choices (choice_id, event_id, choice_label, chain_index, speed, stamina, strength, willpower, intelligence, hp, mood, skill_point, character_favor, event_condition, is_random_value, is_random_attribute, is_random_block_training, is_end_chained_event) VALUES (2110, 1197, 'Up', 3, 0, 0, 0, 10, 0, 0, 0, 0, 5, null, 0, 0, 0, 0);
INSERT INTO card_event_choices (choice_id, event_id, choice_label, chain_index, speed, stamina, strength, willpower, intelligence, hp, mood, skill_point, character_favor, event_condition, is_random_value, is_random_attribute, is_random_block_training, is_end_chained_event) VALUES (2111, 1197, 'Down', 3, 0, 0, 0, 0, 0, -1, 0, 0, 5, null, 0, 0, 0, 0);
INSERT INTO card_events (event_id, event_name, uma_id, uma_name, category) VALUES (1198, '麻煩事，儘管來吧！', 30094, 'bamboo-memory', '隨機事件');
INSERT INTO card_event_choices (choice_id, event_id, choice_label, chain_index, speed, stamina, strength, willpower, intelligence, hp, mood, skill_point, character_favor, event_condition, is_random_value, is_random_attribute, is_random_block_training, is_end_chained_event) VALUES (2112, 1198, 'Up', 3, 0, 5, 0, 5, 0, 0, 0, 0, 5, null, 0, 0, 0, 0);
INSERT INTO card_event_choices (choice_id, event_id, choice_label, chain_index, speed, stamina, strength, willpower, intelligence, hp, mood, skill_point, character_favor, event_condition, is_random_value, is_random_attribute, is_random_block_training, is_end_chained_event) VALUES (2113, 1198, 'Down', 3, 0, 0, 0, 0, 0, -10, 0, 0, 5, null, 0, 0, 0, 0);
INSERT INTO card_table (count, uma_id, uma_name) VALUES (305, 30095, 'seeking-the-pearl');
INSERT INTO card_events (event_id, event_name, uma_id, uma_name, category) VALUES (1199, '(❯) It will be fine', 30095, 'seeking-the-pearl', '連鎖事件');
INSERT INTO card_event_choices (choice_id, event_id, choice_label, chain_index, speed, stamina, strength, willpower, intelligence, hp, mood, skill_point, character_favor, event_condition, is_random_value, is_random_attribute, is_random_block_training, is_end_chained_event) VALUES (2114, 1199, 'None', 1, 10, 0, 0, 0, 10, 4, 0, 0, 5, null, 0, 0, 0, 0);
INSERT INTO card_events (event_id, event_name, uma_id, uma_name, category) VALUES (1200, '(❯❯) Re:START！', 30095, 'seeking-the-pearl', '連鎖事件');
INSERT INTO card_event_choices (choice_id, event_id, choice_label, chain_index, speed, stamina, strength, willpower, intelligence, hp, mood, skill_point, character_favor, event_condition, is_random_value, is_random_attribute, is_random_block_training, is_end_chained_event) VALUES (2115, 1200, 'Up', 2, 0, 0, 0, 0, 10, 10, 0, 0, 5, null, 0, 0, 0, 0);
INSERT INTO card_event_choices (choice_id, event_id, choice_label, chain_index, speed, stamina, strength, willpower, intelligence, hp, mood, skill_point, character_favor, event_condition, is_random_value, is_random_attribute, is_random_block_training, is_end_chained_event) VALUES (2116, 1200, 'Down', 2, 0, 0, 20, 0, 0, 0, 0, 10, 5, null, 0, 0, 0, 0);
INSERT INTO card_events (event_id, event_name, uma_id, uma_name, category) VALUES (1201, '(❯❯❯) You are Me', 30095, 'seeking-the-pearl', '連鎖事件');
INSERT INTO card_event_choices (choice_id, event_id, choice_label, chain_index, speed, stamina, strength, willpower, intelligence, hp, mood, skill_point, character_favor, event_condition, is_random_value, is_random_attribute, is_random_block_training, is_end_chained_event) VALUES (2117, 1201, 'None', 3, 14, 0, 0, 7, 7, 0, 0, 0, 5, null, 0, 0, 0, 0);
INSERT INTO card_events (event_id, event_name, uma_id, uma_name, category) VALUES (1202, '全力發揮熱情！', 30095, 'seeking-the-pearl', '隨機事件');
INSERT INTO card_event_choices (choice_id, event_id, choice_label, chain_index, speed, stamina, strength, willpower, intelligence, hp, mood, skill_point, character_favor, event_condition, is_random_value, is_random_attribute, is_random_block_training, is_end_chained_event) VALUES (2118, 1202, 'Up', 3, 0, 0, 0, 0, 0, 10, 1, 0, 5, null, 0, 0, 0, 0);
INSERT INTO card_event_choices (choice_id, event_id, choice_label, chain_index, speed, stamina, strength, willpower, intelligence, hp, mood, skill_point, character_favor, event_condition, is_random_value, is_random_attribute, is_random_block_training, is_end_chained_event) VALUES (2119, 1202, 'Down', 3, 0, 0, 5, 5, 0, 0, 0, 0, 5, null, 0, 0, 0, 0);
INSERT INTO card_events (event_id, event_name, uma_id, uma_name, category) VALUES (1203, '全力思考！', 30095, 'seeking-the-pearl', '隨機事件');
INSERT INTO card_event_choices (choice_id, event_id, choice_label, chain_index, speed, stamina, strength, willpower, intelligence, hp, mood, skill_point, character_favor, event_condition, is_random_value, is_random_attribute, is_random_block_training, is_end_chained_event) VALUES (2120, 1203, 'Up', 3, 0, 0, 0, 0, 20, 0, 0, 0, 5, null, 0, 0, 0, 0);
INSERT INTO card_event_choices (choice_id, event_id, choice_label, chain_index, speed, stamina, strength, willpower, intelligence, hp, mood, skill_point, character_favor, event_condition, is_random_value, is_random_attribute, is_random_block_training, is_end_chained_event) VALUES (2121, 1203, 'Down', 3, 0, 0, 0, 0, 0, -10, 0, 0, 5, null, 0, 0, 0, 0);
INSERT INTO card_table (count, uma_id, uma_name) VALUES (306, 30096, 'kawakami-princess');
INSERT INTO card_events (event_id, event_name, uma_id, uma_name, category) VALUES (1204, '(❯) 緊張！刺激！擊退傳說中的鬼怪！？', 30096, 'kawakami-princess', '連鎖事件');
INSERT INTO card_event_choices (choice_id, event_id, choice_label, chain_index, speed, stamina, strength, willpower, intelligence, hp, mood, skill_point, character_favor, event_condition, is_random_value, is_random_attribute, is_random_block_training, is_end_chained_event) VALUES (2122, 1204, 'None', 1, 0, 0, 10, 0, 0, -5, 0, 0, 5, null, 0, 0, 0, 0);
INSERT INTO card_events (event_id, event_name, uma_id, uma_name, category) VALUES (1205, '(❯❯) 夥伴集合！身為公主就要優雅！', 30096, 'kawakami-princess', '連鎖事件');
INSERT INTO card_event_choices (choice_id, event_id, choice_label, chain_index, speed, stamina, strength, willpower, intelligence, hp, mood, skill_point, character_favor, event_condition, is_random_value, is_random_attribute, is_random_block_training, is_end_chained_event) VALUES (2123, 1205, 'None', 2, 0, 0, 20, 0, 0, -10, 0, 0, 5, null, 0, 0, 0, 0);
INSERT INTO card_events (event_id, event_name, uma_id, uma_name, category) VALUES (1206, '(❯❯❯) 接力作戰！擊退鬼怪大結局！', 30096, 'kawakami-princess', '連鎖事件');
INSERT INTO card_event_choices (choice_id, event_id, choice_label, chain_index, speed, stamina, strength, willpower, intelligence, hp, mood, skill_point, character_favor, event_condition, is_random_value, is_random_attribute, is_random_block_training, is_end_chained_event) VALUES (2124, 1206, 'None', 3, 0, 0, 30, 0, 0, -15, 0, 0, 5, null, 0, 0, 0, 0);
INSERT INTO card_events (event_id, event_name, uma_id, uma_name, category) VALUES (1207, '公主出拳！', 30096, 'kawakami-princess', '隨機事件');
INSERT INTO card_event_choices (choice_id, event_id, choice_label, chain_index, speed, stamina, strength, willpower, intelligence, hp, mood, skill_point, character_favor, event_condition, is_random_value, is_random_attribute, is_random_block_training, is_end_chained_event) VALUES (2125, 1207, 'Up', 3, 0, 0, 0, 10, 0, 0, 0, 0, 5, null, 0, 0, 0, 0);
INSERT INTO card_event_choices (choice_id, event_id, choice_label, chain_index, speed, stamina, strength, willpower, intelligence, hp, mood, skill_point, character_favor, event_condition, is_random_value, is_random_attribute, is_random_block_training, is_end_chained_event) VALUES (2126, 1207, 'Down', 3, 0, 0, 0, 0, 0, 0, 1, 0, 5, null, 0, 0, 0, 0);
INSERT INTO card_events (event_id, event_name, uma_id, uma_name, category) VALUES (1208, '公主逃跑！', 30096, 'kawakami-princess', '隨機事件');
INSERT INTO card_event_choices (choice_id, event_id, choice_label, chain_index, speed, stamina, strength, willpower, intelligence, hp, mood, skill_point, character_favor, event_condition, is_random_value, is_random_attribute, is_random_block_training, is_end_chained_event) VALUES (2127, 1208, 'Up', 3, 0, 0, 0, 0, 0, 10, 0, 0, 5, null, 0, 0, 0, 0);
INSERT INTO card_event_choices (choice_id, event_id, choice_label, chain_index, speed, stamina, strength, willpower, intelligence, hp, mood, skill_point, character_favor, event_condition, is_random_value, is_random_attribute, is_random_block_training, is_end_chained_event) VALUES (2128, 1208, 'Down', 3, 0, 0, 0, 0, 0, 0, 0, 0, 5, null, 0, 0, 0, 0);
INSERT INTO card_table (count, uma_id, uma_name) VALUES (307, 30097, 'mr-cb');
INSERT INTO card_events (event_id, event_name, uma_id, uma_name, category) VALUES (1209, '(❯) 逃脫饗宴', 30097, 'mr-cb', '連鎖事件');
INSERT INTO card_event_choices (choice_id, event_id, choice_label, chain_index, speed, stamina, strength, willpower, intelligence, hp, mood, skill_point, character_favor, event_condition, is_random_value, is_random_attribute, is_random_block_training, is_end_chained_event) VALUES (2129, 1209, 'None', 1, 0, 0, 0, 0, 10, 0, 0, 10, 5, null, 0, 0, 0, 0);
INSERT INTO card_events (event_id, event_name, uma_id, uma_name, category) VALUES (1210, '(❯❯) 自我原則的見解', 30097, 'mr-cb', '連鎖事件');
INSERT INTO card_event_choices (choice_id, event_id, choice_label, chain_index, speed, stamina, strength, willpower, intelligence, hp, mood, skill_point, character_favor, event_condition, is_random_value, is_random_attribute, is_random_block_training, is_end_chained_event) VALUES (2130, 1210, 'Up', 2, 0, 0, 0, 0, 0, 20, 0, 0, 10, null, 1, 0, 0, 0);
INSERT INTO card_event_choices (choice_id, event_id, choice_label, chain_index, speed, stamina, strength, willpower, intelligence, hp, mood, skill_point, character_favor, event_condition, is_random_value, is_random_attribute, is_random_block_training, is_end_chained_event) VALUES (2131, 1210, 'Up', 2, 0, 0, 0, 0, 0, 15, 0, 0, 5, null, 0, 0, 0, 0);
INSERT INTO card_event_choices (choice_id, event_id, choice_label, chain_index, speed, stamina, strength, willpower, intelligence, hp, mood, skill_point, character_favor, event_condition, is_random_value, is_random_attribute, is_random_block_training, is_end_chained_event) VALUES (2132, 1210, 'Down', 2, 0, 0, 10, 0, 0, 0, 0, 0, 5, null, 0, 0, 0, 0);
INSERT INTO card_events (event_id, event_name, uma_id, uma_name, category) VALUES (1211, '(❯❯❯) 席捲一切的自由', 30097, 'mr-cb', '連鎖事件');
INSERT INTO card_event_choices (choice_id, event_id, choice_label, chain_index, speed, stamina, strength, willpower, intelligence, hp, mood, skill_point, character_favor, event_condition, is_random_value, is_random_attribute, is_random_block_training, is_end_chained_event) VALUES (2133, 1211, 'None', 3, 0, 0, 10, 0, 20, 0, 0, 0, 5, null, 0, 0, 0, 0);
INSERT INTO card_events (event_id, event_name, uma_id, uma_name, category) VALUES (1212, '愉快的旅途', 30097, 'mr-cb', '隨機事件');
INSERT INTO card_event_choices (choice_id, event_id, choice_label, chain_index, speed, stamina, strength, willpower, intelligence, hp, mood, skill_point, character_favor, event_condition, is_random_value, is_random_attribute, is_random_block_training, is_end_chained_event) VALUES (2134, 1212, 'Up', 3, 0, 0, 0, 0, 0, 10, 0, 10, 5, null, 0, 0, 0, 0);
INSERT INTO card_event_choices (choice_id, event_id, choice_label, chain_index, speed, stamina, strength, willpower, intelligence, hp, mood, skill_point, character_favor, event_condition, is_random_value, is_random_attribute, is_random_block_training, is_end_chained_event) VALUES (2135, 1212, 'Down', 3, 0, 0, 20, 0, 0, 0, 0, 0, 5, null, 0, 0, 0, 0);
INSERT INTO card_events (event_id, event_name, uma_id, uma_name, category) VALUES (1213, '即使會觸犯禁忌', 30097, 'mr-cb', '隨機事件');
INSERT INTO card_event_choices (choice_id, event_id, choice_label, chain_index, speed, stamina, strength, willpower, intelligence, hp, mood, skill_point, character_favor, event_condition, is_random_value, is_random_attribute, is_random_block_training, is_end_chained_event) VALUES (2136, 1213, 'Up', 3, 0, 0, 0, 0, 15, 0, 0, 0, 5, null, 0, 0, 0, 0);
INSERT INTO card_event_choices (choice_id, event_id, choice_label, chain_index, speed, stamina, strength, willpower, intelligence, hp, mood, skill_point, character_favor, event_condition, is_random_value, is_random_attribute, is_random_block_training, is_end_chained_event) VALUES (2137, 1213, 'Down', 3, 0, 0, 0, 0, 0, 0, 0, 0, 5, null, 0, 0, 0, 0);
INSERT INTO card_table (count, uma_id, uma_name) VALUES (308, 30098, 'haru-urara');
INSERT INTO card_events (event_id, event_name, uma_id, uma_name, category) VALUES (1214, '(❯) 美好的結婚典禮？', 30098, 'haru-urara', '連鎖事件');
INSERT INTO card_event_choices (choice_id, event_id, choice_label, chain_index, speed, stamina, strength, willpower, intelligence, hp, mood, skill_point, character_favor, event_condition, is_random_value, is_random_attribute, is_random_block_training, is_end_chained_event) VALUES (2138, 1214, 'None', 1, 0, 0, 0, 0, 0, 15, 0, 0, 5, '討人喜歡○', 1, 0, 0, 0);
INSERT INTO card_event_choices (choice_id, event_id, choice_label, chain_index, speed, stamina, strength, willpower, intelligence, hp, mood, skill_point, character_favor, event_condition, is_random_value, is_random_attribute, is_random_block_training, is_end_chained_event) VALUES (2139, 1214, 'None', 1, 0, 0, 0, 0, 0, 15, 0, 0, 5, null, 0, 0, 0, 0);
INSERT INTO card_events (event_id, event_name, uma_id, uma_name, category) VALUES (1215, '(❯❯) 雛形，決定好了！', 30098, 'haru-urara', '連鎖事件');
INSERT INTO card_event_choices (choice_id, event_id, choice_label, chain_index, speed, stamina, strength, willpower, intelligence, hp, mood, skill_point, character_favor, event_condition, is_random_value, is_random_attribute, is_random_block_training, is_end_chained_event) VALUES (2140, 1215, 'Up', 2, 0, 0, 0, 0, 0, 25, 0, 0, 5, null, 0, 0, 0, 0);
INSERT INTO card_event_choices (choice_id, event_id, choice_label, chain_index, speed, stamina, strength, willpower, intelligence, hp, mood, skill_point, character_favor, event_condition, is_random_value, is_random_attribute, is_random_block_training, is_end_chained_event) VALUES (2141, 1215, 'Down', 2, 0, 0, 0, 0, 0, 0, 2, 0, 5, '治癒一個負', 0, 0, 0, 0);
INSERT INTO card_events (event_id, event_name, uma_id, uma_name, category) VALUES (1216, '(❯❯❯) 興奮期待都是為妳～！', 30098, 'haru-urara', '連鎖事件');
INSERT INTO card_event_choices (choice_id, event_id, choice_label, chain_index, speed, stamina, strength, willpower, intelligence, hp, mood, skill_point, character_favor, event_condition, is_random_value, is_random_attribute, is_random_block_training, is_end_chained_event) VALUES (2142, 1216, 'None', 3, 0, 0, 0, 0, 0, 50, 0, 0, 5, null, 0, 0, 0, 0);
INSERT INTO card_events (event_id, event_name, uma_id, uma_name, category) VALUES (1217, '烏菈菈☆準備考試', 30098, 'haru-urara', '隨機事件');
INSERT INTO card_event_choices (choice_id, event_id, choice_label, chain_index, speed, stamina, strength, willpower, intelligence, hp, mood, skill_point, character_favor, event_condition, is_random_value, is_random_attribute, is_random_block_training, is_end_chained_event) VALUES (2143, 1217, 'Up', 3, 0, 0, 0, 0, 5, 10, 0, 0, 5, null, 0, 0, 0, 0);
INSERT INTO card_event_choices (choice_id, event_id, choice_label, chain_index, speed, stamina, strength, willpower, intelligence, hp, mood, skill_point, character_favor, event_condition, is_random_value, is_random_attribute, is_random_block_training, is_end_chained_event) VALUES (2144, 1217, 'Down', 3, 0, 0, 0, 0, 5, 0, 1, 0, 5, null, 0, 0, 0, 0);
INSERT INTO card_events (event_id, event_name, uma_id, uma_name, category) VALUES (1218, '烏菈菈☆伏兵衝刺！', 30098, 'haru-urara', '隨機事件');
INSERT INTO card_event_choices (choice_id, event_id, choice_label, chain_index, speed, stamina, strength, willpower, intelligence, hp, mood, skill_point, character_favor, event_condition, is_random_value, is_random_attribute, is_random_block_training, is_end_chained_event) VALUES (2145, 1218, 'Up', 3, 0, 0, 0, 0, 0, 0, 0, 0, 5, null, 0, 0, 0, 0);
INSERT INTO card_event_choices (choice_id, event_id, choice_label, chain_index, speed, stamina, strength, willpower, intelligence, hp, mood, skill_point, character_favor, event_condition, is_random_value, is_random_attribute, is_random_block_training, is_end_chained_event) VALUES (2146, 1218, 'Down', 3, 0, 0, 0, 0, 0, 10, 1, 0, 5, null, 0, 0, 0, 0);
INSERT INTO card_table (count, uma_id, uma_name) VALUES (309, 30099, 'ikuno-dictus');
INSERT INTO card_events (event_id, event_name, uma_id, uma_name, category) VALUES (1219, '(❯) 生野式可愛學', 30099, 'ikuno-dictus', '連鎖事件');
INSERT INTO card_event_choices (choice_id, event_id, choice_label, chain_index, speed, stamina, strength, willpower, intelligence, hp, mood, skill_point, character_favor, event_condition, is_random_value, is_random_attribute, is_random_block_training, is_end_chained_event) VALUES (2147, 1219, 'None', 1, 0, 15, 0, 0, 5, 4, 0, 0, 5, null, 0, 0, 0, 0);
INSERT INTO card_events (event_id, event_name, uma_id, uma_name, category) VALUES (1220, '(❯❯) 眼鏡式賽馬娘偶像歌☆', 30099, 'ikuno-dictus', '連鎖事件');
INSERT INTO card_event_choices (choice_id, event_id, choice_label, chain_index, speed, stamina, strength, willpower, intelligence, hp, mood, skill_point, character_favor, event_condition, is_random_value, is_random_attribute, is_random_block_training, is_end_chained_event) VALUES (2148, 1220, 'Up', 2, 0, 0, 0, 0, 0, 15, 0, 0, 10, null, 0, 0, 0, 0);
INSERT INTO card_event_choices (choice_id, event_id, choice_label, chain_index, speed, stamina, strength, willpower, intelligence, hp, mood, skill_point, character_favor, event_condition, is_random_value, is_random_attribute, is_random_block_training, is_end_chained_event) VALUES (2149, 1220, 'Down', 2, 0, 0, 0, 0, 0, 0, 0, 0, 10, '擅長練習○', 0, 0, 0, 0);
INSERT INTO card_events (event_id, event_name, uma_id, uma_name, category) VALUES (1221, '(❯❯❯) 生野式陪伴', 30099, 'ikuno-dictus', '連鎖事件');
INSERT INTO card_event_choices (choice_id, event_id, choice_label, chain_index, speed, stamina, strength, willpower, intelligence, hp, mood, skill_point, character_favor, event_condition, is_random_value, is_random_attribute, is_random_block_training, is_end_chained_event) VALUES (2150, 1221, 'None', 3, 0, 15, 0, 8, 8, 15, 0, 0, 5, null, 1, 0, 0, 0);
INSERT INTO card_event_choices (choice_id, event_id, choice_label, chain_index, speed, stamina, strength, willpower, intelligence, hp, mood, skill_point, character_favor, event_condition, is_random_value, is_random_attribute, is_random_block_training, is_end_chained_event) VALUES (2151, 1221, 'None', 3, 0, 8, 0, 5, 5, 10, 0, 0, 5, null, 0, 0, 0, 0);
INSERT INTO card_events (event_id, event_name, uma_id, uma_name, category) VALUES (1222, '生野式萬全的做法', 30099, 'ikuno-dictus', '隨機事件');
INSERT INTO card_event_choices (choice_id, event_id, choice_label, chain_index, speed, stamina, strength, willpower, intelligence, hp, mood, skill_point, character_favor, event_condition, is_random_value, is_random_attribute, is_random_block_training, is_end_chained_event) VALUES (2152, 1222, 'Up', 3, 0, 0, 0, 0, 10, 0, 0, 0, 5, null, 0, 0, 0, 0);
INSERT INTO card_event_choices (choice_id, event_id, choice_label, chain_index, speed, stamina, strength, willpower, intelligence, hp, mood, skill_point, character_favor, event_condition, is_random_value, is_random_attribute, is_random_block_training, is_end_chained_event) VALUES (2153, 1222, 'Down', 3, 0, 0, 0, 0, 0, 0, 0, 30, 5, null, 0, 0, 0, 0);
INSERT INTO card_events (event_id, event_name, uma_id, uma_name, category) VALUES (1223, '生野式管理論', 30099, 'ikuno-dictus', '隨機事件');
INSERT INTO card_event_choices (choice_id, event_id, choice_label, chain_index, speed, stamina, strength, willpower, intelligence, hp, mood, skill_point, character_favor, event_condition, is_random_value, is_random_attribute, is_random_block_training, is_end_chained_event) VALUES (2154, 1223, 'Up', 3, 0, 20, 0, 0, 0, 0, 0, 0, 5, null, 0, 0, 0, 0);
INSERT INTO card_event_choices (choice_id, event_id, choice_label, chain_index, speed, stamina, strength, willpower, intelligence, hp, mood, skill_point, character_favor, event_condition, is_random_value, is_random_attribute, is_random_block_training, is_end_chained_event) VALUES (2155, 1223, 'Down', 3, 0, 0, 0, 0, 0, 0, 0, 0, 5, null, 0, 0, 0, 0);
INSERT INTO card_table (count, uma_id, uma_name) VALUES (310, 30100, 'rice-shower');
INSERT INTO card_events (event_id, event_name, uma_id, uma_name, category) VALUES (1224, '(❯) 總以為還很年幼的妳', 30100, 'rice-shower', '連鎖事件');
INSERT INTO card_event_choices (choice_id, event_id, choice_label, chain_index, speed, stamina, strength, willpower, intelligence, hp, mood, skill_point, character_favor, event_condition, is_random_value, is_random_attribute, is_random_block_training, is_end_chained_event) VALUES (2156, 1224, 'None', 1, 0, 0, 0, 0, 15, -5, 0, 0, 5, null, 0, 0, 0, 0);
INSERT INTO card_events (event_id, event_name, uma_id, uma_name, category) VALUES (1225, '(❯❯) 不知不覺已長大', 30100, 'rice-shower', '連鎖事件');
INSERT INTO card_event_choices (choice_id, event_id, choice_label, chain_index, speed, stamina, strength, willpower, intelligence, hp, mood, skill_point, character_favor, event_condition, is_random_value, is_random_attribute, is_random_block_training, is_end_chained_event) VALUES (2157, 1225, 'Up', 2, 0, 0, 0, 0, 0, -5, 0, 0, 5, null, 0, 0, 0, 0);
INSERT INTO card_event_choices (choice_id, event_id, choice_label, chain_index, speed, stamina, strength, willpower, intelligence, hp, mood, skill_point, character_favor, event_condition, is_random_value, is_random_attribute, is_random_block_training, is_end_chained_event) VALUES (2158, 1225, 'Down', 2, 0, 0, 0, 0, 0, 20, 0, 0, 5, null, 0, 0, 0, 0);
INSERT INTO card_events (event_id, event_name, uma_id, uma_name, category) VALUES (1226, '(❯❯❯) 胸中滿是喜悅與些微的寂寞', 30100, 'rice-shower', '連鎖事件');
INSERT INTO card_event_choices (choice_id, event_id, choice_label, chain_index, speed, stamina, strength, willpower, intelligence, hp, mood, skill_point, character_favor, event_condition, is_random_value, is_random_attribute, is_random_block_training, is_end_chained_event) VALUES (2159, 1226, 'None', 3, 0, 0, 0, 0, 25, -10, 0, 0, 5, null, 0, 0, 0, 0);
INSERT INTO card_events (event_id, event_name, uma_id, uma_name, category) VALUES (1227, '在花店的一頁', 30100, 'rice-shower', '隨機事件');
INSERT INTO card_event_choices (choice_id, event_id, choice_label, chain_index, speed, stamina, strength, willpower, intelligence, hp, mood, skill_point, character_favor, event_condition, is_random_value, is_random_attribute, is_random_block_training, is_end_chained_event) VALUES (2160, 1227, 'Up', 3, 0, 0, 0, 0, 0, 0, 2, 0, 5, null, 0, 0, 0, 0);
INSERT INTO card_event_choices (choice_id, event_id, choice_label, chain_index, speed, stamina, strength, willpower, intelligence, hp, mood, skill_point, character_favor, event_condition, is_random_value, is_random_attribute, is_random_block_training, is_end_chained_event) VALUES (2161, 1227, 'Down', 3, 0, 10, 0, 0, 0, 0, 0, 0, 5, null, 0, 0, 0, 0);
INSERT INTO card_events (event_id, event_name, uma_id, uma_name, category) VALUES (1228, '陰天的一頁', 30100, 'rice-shower', '隨機事件');
INSERT INTO card_event_choices (choice_id, event_id, choice_label, chain_index, speed, stamina, strength, willpower, intelligence, hp, mood, skill_point, character_favor, event_condition, is_random_value, is_random_attribute, is_random_block_training, is_end_chained_event) VALUES (2162, 1228, 'Up', 3, 5, 0, 0, 5, 0, 0, 0, 0, 5, null, 0, 0, 0, 0);
INSERT INTO card_event_choices (choice_id, event_id, choice_label, chain_index, speed, stamina, strength, willpower, intelligence, hp, mood, skill_point, character_favor, event_condition, is_random_value, is_random_attribute, is_random_block_training, is_end_chained_event) VALUES (2163, 1228, 'Down', 3, 0, 0, 0, 0, 0, 0, 0, 0, 5, null, 0, 0, 0, 0);
INSERT INTO card_table (count, uma_id, uma_name) VALUES (311, 30101, 'agnes-tachyon');
INSERT INTO card_events (event_id, event_name, uma_id, uma_name, category) VALUES (1229, '(❯) 交感：關於突破奔跑能力極限的質性研究', 30101, 'agnes-tachyon', '連鎖事件');
INSERT INTO card_event_choices (choice_id, event_id, choice_label, chain_index, speed, stamina, strength, willpower, intelligence, hp, mood, skill_point, character_favor, event_condition, is_random_value, is_random_attribute, is_random_block_training, is_end_chained_event) VALUES (2164, 1229, 'Up', 1, 0, 0, 0, 0, 0, 10, 1, 0, 5, null, 0, 0, 0, 0);
INSERT INTO card_event_choices (choice_id, event_id, choice_label, chain_index, speed, stamina, strength, willpower, intelligence, hp, mood, skill_point, character_favor, event_condition, is_random_value, is_random_attribute, is_random_block_training, is_end_chained_event) VALUES (2165, 1229, 'Down', 1, 5, 5, 0, 0, 5, 0, 0, 0, 5, null, 1, 0, 0, 0);
INSERT INTO card_event_choices (choice_id, event_id, choice_label, chain_index, speed, stamina, strength, willpower, intelligence, hp, mood, skill_point, character_favor, event_condition, is_random_value, is_random_attribute, is_random_block_training, is_end_chained_event) VALUES (2166, 1229, 'Down', 1, 5, 0, 0, 0, 5, 0, 0, 0, 5, null, 0, 0, 0, 0);
INSERT INTO card_events (event_id, event_name, uma_id, uma_name, category) VALUES (1230, '(❯❯) 夢寐：關於突破奔跑能力極限的質性研究', 30101, 'agnes-tachyon', '連鎖事件');
INSERT INTO card_event_choices (choice_id, event_id, choice_label, chain_index, speed, stamina, strength, willpower, intelligence, hp, mood, skill_point, character_favor, event_condition, is_random_value, is_random_attribute, is_random_block_training, is_end_chained_event) VALUES (2167, 1230, 'None', 2, 5, 5, 0, 0, 5, 0, 0, 10, 5, null, 0, 0, 0, 0);
INSERT INTO card_events (event_id, event_name, uma_id, uma_name, category) VALUES (1231, '(❯❯❯) 奔馳：關於突破奔跑能力極限的質性研究', 30101, 'agnes-tachyon', '連鎖事件');
INSERT INTO card_event_choices (choice_id, event_id, choice_label, chain_index, speed, stamina, strength, willpower, intelligence, hp, mood, skill_point, character_favor, event_condition, is_random_value, is_random_attribute, is_random_block_training, is_end_chained_event) VALUES (2168, 1231, 'None', 3, 0, 0, 0, 0, 0, 10, 0, 30, 0, null, 1, 0, 0, 0);
INSERT INTO card_event_choices (choice_id, event_id, choice_label, chain_index, speed, stamina, strength, willpower, intelligence, hp, mood, skill_point, character_favor, event_condition, is_random_value, is_random_attribute, is_random_block_training, is_end_chained_event) VALUES (2169, 1231, 'None', 3, 0, 0, 0, 0, 0, 5, 0, 10, 0, null, 0, 0, 0, 0);
INSERT INTO card_events (event_id, event_name, uma_id, uma_name, category) VALUES (1232, '需要驗證．睡眠時間與作業效率', 30101, 'agnes-tachyon', '隨機事件');
INSERT INTO card_event_choices (choice_id, event_id, choice_label, chain_index, speed, stamina, strength, willpower, intelligence, hp, mood, skill_point, character_favor, event_condition, is_random_value, is_random_attribute, is_random_block_training, is_end_chained_event) VALUES (2170, 1232, 'Up', 3, 0, 0, 5, 0, 5, 0, 0, 0, 5, null, 0, 0, 0, 0);
INSERT INTO card_event_choices (choice_id, event_id, choice_label, chain_index, speed, stamina, strength, willpower, intelligence, hp, mood, skill_point, character_favor, event_condition, is_random_value, is_random_attribute, is_random_block_training, is_end_chained_event) VALUES (2171, 1232, 'Down', 3, 0, 0, 0, 0, 10, 0, 0, 0, 5, null, 0, 0, 0, 0);
INSERT INTO card_events (event_id, event_name, uma_id, uma_name, category) VALUES (1233, '需要驗證．他人介入所導致的偶然', 30101, 'agnes-tachyon', '隨機事件');
INSERT INTO card_event_choices (choice_id, event_id, choice_label, chain_index, speed, stamina, strength, willpower, intelligence, hp, mood, skill_point, character_favor, event_condition, is_random_value, is_random_attribute, is_random_block_training, is_end_chained_event) VALUES (2172, 1233, 'Up', 3, 0, 0, 0, 0, 0, 0, 0, 0, 5, null, 0, 0, 0, 0);
INSERT INTO card_event_choices (choice_id, event_id, choice_label, chain_index, speed, stamina, strength, willpower, intelligence, hp, mood, skill_point, character_favor, event_condition, is_random_value, is_random_attribute, is_random_block_training, is_end_chained_event) VALUES (2173, 1233, 'Down', 3, 0, 0, 0, 0, 10, 0, 0, 0, 5, null, 0, 0, 0, 0);
INSERT INTO card_table (count, uma_id, uma_name) VALUES (312, 30102, 'el-condor-pasa');
INSERT INTO card_events (event_id, event_name, uma_id, uma_name, category) VALUES (1234, '(❯) 帶給我勇氣的事物', 30102, 'el-condor-pasa', '連鎖事件');
INSERT INTO card_event_choices (choice_id, event_id, choice_label, chain_index, speed, stamina, strength, willpower, intelligence, hp, mood, skill_point, character_favor, event_condition, is_random_value, is_random_attribute, is_random_block_training, is_end_chained_event) VALUES (2174, 1234, 'None', 1, 0, 0, 0, 15, 0, 0, 0, 0, 5, null, 0, 0, 0, 0);
INSERT INTO card_events (event_id, event_name, uma_id, uma_name, category) VALUES (1235, '(❯❯) 百變面罩', 30102, 'el-condor-pasa', '連鎖事件');
INSERT INTO card_event_choices (choice_id, event_id, choice_label, chain_index, speed, stamina, strength, willpower, intelligence, hp, mood, skill_point, character_favor, event_condition, is_random_value, is_random_attribute, is_random_block_training, is_end_chained_event) VALUES (2175, 1235, 'Up', 2, 0, 0, 0, 0, 0, 0, 1, 30, 5, null, 1, 0, 0, 0);
INSERT INTO card_event_choices (choice_id, event_id, choice_label, chain_index, speed, stamina, strength, willpower, intelligence, hp, mood, skill_point, character_favor, event_condition, is_random_value, is_random_attribute, is_random_block_training, is_end_chained_event) VALUES (2176, 1235, 'Up', 2, 0, 0, 0, 0, 0, -10, 0, 5, 0, null, 0, 0, 0, 0);
INSERT INTO card_event_choices (choice_id, event_id, choice_label, chain_index, speed, stamina, strength, willpower, intelligence, hp, mood, skill_point, character_favor, event_condition, is_random_value, is_random_attribute, is_random_block_training, is_end_chained_event) VALUES (2177, 1235, 'Down', 2, 7, 0, 7, 7, 0, 0, 0, 0, 5, null, 0, 0, 0, 0);
INSERT INTO card_events (event_id, event_name, uma_id, uma_name, category) VALUES (1236, '(❯❯❯) 拿出所有的勇氣', 30102, 'el-condor-pasa', '連鎖事件');
INSERT INTO card_event_choices (choice_id, event_id, choice_label, chain_index, speed, stamina, strength, willpower, intelligence, hp, mood, skill_point, character_favor, event_condition, is_random_value, is_random_attribute, is_random_block_training, is_end_chained_event) VALUES (2178, 1236, 'None', 3, 8, 0, 0, 15, 0, 0, 0, 30, 5, null, 1, 0, 0, 0);
INSERT INTO card_event_choices (choice_id, event_id, choice_label, chain_index, speed, stamina, strength, willpower, intelligence, hp, mood, skill_point, character_favor, event_condition, is_random_value, is_random_attribute, is_random_block_training, is_end_chained_event) VALUES (2179, 1236, 'None', 3, 6, 0, 0, 15, 0, 0, 0, 30, 5, null, 0, 0, 0, 0);
INSERT INTO card_events (event_id, event_name, uma_id, uma_name, category) VALUES (1237, '熊熊燃燒．Fire！', 30102, 'el-condor-pasa', '隨機事件');
INSERT INTO card_event_choices (choice_id, event_id, choice_label, chain_index, speed, stamina, strength, willpower, intelligence, hp, mood, skill_point, character_favor, event_condition, is_random_value, is_random_attribute, is_random_block_training, is_end_chained_event) VALUES (2180, 1237, 'Up', 3, 0, 10, 0, 0, 0, 0, 0, 0, 5, null, 0, 0, 0, 0);
INSERT INTO card_event_choices (choice_id, event_id, choice_label, chain_index, speed, stamina, strength, willpower, intelligence, hp, mood, skill_point, character_favor, event_condition, is_random_value, is_random_attribute, is_random_block_training, is_end_chained_event) VALUES (2181, 1237, 'Down', 3, 0, 0, 20, 0, 0, -10, 0, 0, 5, null, 0, 0, 0, 0);
INSERT INTO card_events (event_id, event_name, uma_id, uma_name, category) VALUES (1238, 'Secret note！', 30102, 'el-condor-pasa', '隨機事件');
INSERT INTO card_event_choices (choice_id, event_id, choice_label, chain_index, speed, stamina, strength, willpower, intelligence, hp, mood, skill_point, character_favor, event_condition, is_random_value, is_random_attribute, is_random_block_training, is_end_chained_event) VALUES (2182, 1238, 'Up', 3, 0, 0, 10, 0, 0, 0, 0, 0, 5, null, 0, 0, 0, 0);
INSERT INTO card_event_choices (choice_id, event_id, choice_label, chain_index, speed, stamina, strength, willpower, intelligence, hp, mood, skill_point, character_favor, event_condition, is_random_value, is_random_attribute, is_random_block_training, is_end_chained_event) VALUES (2183, 1238, 'Down', 3, 0, 0, 0, 0, 0, 0, 0, 0, 5, null, 0, 0, 0, 0);
INSERT INTO card_table (count, uma_id, uma_name) VALUES (313, 30103, 'matikanetannhauser');
INSERT INTO card_events (event_id, event_name, uma_id, uma_name, category) VALUES (1239, '(❯) 這就是所謂的害羞', 30103, 'matikanetannhauser', '連鎖事件');
INSERT INTO card_event_choices (choice_id, event_id, choice_label, chain_index, speed, stamina, strength, willpower, intelligence, hp, mood, skill_point, character_favor, event_condition, is_random_value, is_random_attribute, is_random_block_training, is_end_chained_event) VALUES (2184, 1239, 'None', 1, 0, 0, 0, 0, 0, 0, 0, 25, 5, null, 1, 0, 0, 0);
INSERT INTO card_event_choices (choice_id, event_id, choice_label, chain_index, speed, stamina, strength, willpower, intelligence, hp, mood, skill_point, character_favor, event_condition, is_random_value, is_random_attribute, is_random_block_training, is_end_chained_event) VALUES (2185, 1239, 'None', 1, 0, 0, 0, 0, 0, 0, 0, 15, 5, null, 0, 0, 0, 0);
INSERT INTO card_events (event_id, event_name, uma_id, uma_name, category) VALUES (1240, '(❯❯) 這果然要練習', 30103, 'matikanetannhauser', '連鎖事件');
INSERT INTO card_event_choices (choice_id, event_id, choice_label, chain_index, speed, stamina, strength, willpower, intelligence, hp, mood, skill_point, character_favor, event_condition, is_random_value, is_random_attribute, is_random_block_training, is_end_chained_event) VALUES (2186, 1240, 'None', 2, 0, 0, 0, 0, 0, 0, 0, 25, 5, null, 1, 0, 0, 0);
INSERT INTO card_event_choices (choice_id, event_id, choice_label, chain_index, speed, stamina, strength, willpower, intelligence, hp, mood, skill_point, character_favor, event_condition, is_random_value, is_random_attribute, is_random_block_training, is_end_chained_event) VALUES (2187, 1240, 'None', 2, 0, 0, 0, 0, 0, 0, 0, 15, 5, null, 0, 0, 0, 0);
INSERT INTO card_events (event_id, event_name, uma_id, uma_name, category) VALUES (1241, '(❯❯❯) 這也是一種愛情表現', 30103, 'matikanetannhauser', '連鎖事件');
INSERT INTO card_event_choices (choice_id, event_id, choice_label, chain_index, speed, stamina, strength, willpower, intelligence, hp, mood, skill_point, character_favor, event_condition, is_random_value, is_random_attribute, is_random_block_training, is_end_chained_event) VALUES (2188, 1241, 'None', 3, 7, 7, 7, 7, 0, 0, 0, 0, 10, null, 1, 0, 0, 0);
INSERT INTO card_event_choices (choice_id, event_id, choice_label, chain_index, speed, stamina, strength, willpower, intelligence, hp, mood, skill_point, character_favor, event_condition, is_random_value, is_random_attribute, is_random_block_training, is_end_chained_event) VALUES (2189, 1241, 'None', 3, 7, 0, 7, 0, 0, 0, 0, 0, 5, null, 0, 0, 0, 0);
INSERT INTO card_event_choices (choice_id, event_id, choice_label, chain_index, speed, stamina, strength, willpower, intelligence, hp, mood, skill_point, character_favor, event_condition, is_random_value, is_random_attribute, is_random_block_training, is_end_chained_event) VALUES (2190, 1241, 'None', 3, 0, 0, 0, 0, 0, 10, 0, 0, 5, null, 0, 0, 0, 0);
INSERT INTO card_events (event_id, event_name, uma_id, uma_name, category) VALUES (1242, '這也是普通的努力！', 30103, 'matikanetannhauser', '隨機事件');
INSERT INTO card_event_choices (choice_id, event_id, choice_label, chain_index, speed, stamina, strength, willpower, intelligence, hp, mood, skill_point, character_favor, event_condition, is_random_value, is_random_attribute, is_random_block_training, is_end_chained_event) VALUES (2191, 1242, 'Up', 3, 10, 0, 0, 0, 0, 0, 0, 0, 5, null, 0, 0, 0, 0);
INSERT INTO card_event_choices (choice_id, event_id, choice_label, chain_index, speed, stamina, strength, willpower, intelligence, hp, mood, skill_point, character_favor, event_condition, is_random_value, is_random_attribute, is_random_block_training, is_end_chained_event) VALUES (2192, 1242, 'Down', 3, 0, 0, 10, 0, 0, 0, 0, 0, 5, null, 0, 0, 0, 0);
INSERT INTO card_events (event_id, event_name, uma_id, uma_name, category) VALUES (1243, '這也是普通的意外！？', 30103, 'matikanetannhauser', '隨機事件');
INSERT INTO card_event_choices (choice_id, event_id, choice_label, chain_index, speed, stamina, strength, willpower, intelligence, hp, mood, skill_point, character_favor, event_condition, is_random_value, is_random_attribute, is_random_block_training, is_end_chained_event) VALUES (2193, 1243, 'Up', 3, 0, 5, 0, 10, 0, 0, 0, 0, 5, null, 0, 0, 0, 0);
INSERT INTO card_event_choices (choice_id, event_id, choice_label, chain_index, speed, stamina, strength, willpower, intelligence, hp, mood, skill_point, character_favor, event_condition, is_random_value, is_random_attribute, is_random_block_training, is_end_chained_event) VALUES (2194, 1243, 'Down', 3, 0, 0, 0, 0, 0, 0, 0, 0, 5, null, 0, 0, 0, 0);
INSERT INTO card_table (count, uma_id, uma_name) VALUES (314, 30104, 'zenno-rob-roy');
INSERT INTO card_events (event_id, event_name, uma_id, uma_name, category) VALUES (1244, '(❯) 充滿回憶的書', 30104, 'zenno-rob-roy', '連鎖事件');
INSERT INTO card_event_choices (choice_id, event_id, choice_label, chain_index, speed, stamina, strength, willpower, intelligence, hp, mood, skill_point, character_favor, event_condition, is_random_value, is_random_attribute, is_random_block_training, is_end_chained_event) VALUES (2195, 1244, 'None', 1, 0, 10, 0, 0, 10, 0, 0, 0, 5, null, 0, 0, 0, 0);
INSERT INTO card_events (event_id, event_name, uma_id, uma_name, category) VALUES (1245, '(❯❯) 彩虹色的烘培', 30104, 'zenno-rob-roy', '連鎖事件');
INSERT INTO card_event_choices (choice_id, event_id, choice_label, chain_index, speed, stamina, strength, willpower, intelligence, hp, mood, skill_point, character_favor, event_condition, is_random_value, is_random_attribute, is_random_block_training, is_end_chained_event) VALUES (2196, 1245, 'None', 2, 0, 10, 0, 0, 0, 0, 0, 10, 5, null, 0, 0, 0, 0);
INSERT INTO card_events (event_id, event_name, uma_id, uma_name, category) VALUES (1246, '(❯❯❯) 從「興趣」牽起的情誼', 30104, 'zenno-rob-roy', '連鎖事件');
INSERT INTO card_event_choices (choice_id, event_id, choice_label, chain_index, speed, stamina, strength, willpower, intelligence, hp, mood, skill_point, character_favor, event_condition, is_random_value, is_random_attribute, is_random_block_training, is_end_chained_event) VALUES (2197, 1246, 'None', 3, 0, 10, 0, 0, 0, 0, 0, 0, 5, null, 0, 0, 0, 0);
INSERT INTO card_events (event_id, event_name, uma_id, uma_name, category) VALUES (1247, '愛書人常遇到的', 30104, 'zenno-rob-roy', '隨機事件');
INSERT INTO card_event_choices (choice_id, event_id, choice_label, chain_index, speed, stamina, strength, willpower, intelligence, hp, mood, skill_point, character_favor, event_condition, is_random_value, is_random_attribute, is_random_block_training, is_end_chained_event) VALUES (2198, 1247, 'Up', 3, 5, 0, 0, 0, 5, 0, 0, 0, 5, null, 0, 0, 0, 0);
INSERT INTO card_event_choices (choice_id, event_id, choice_label, chain_index, speed, stamina, strength, willpower, intelligence, hp, mood, skill_point, character_favor, event_condition, is_random_value, is_random_attribute, is_random_block_training, is_end_chained_event) VALUES (2199, 1247, 'Down', 3, 0, 0, 5, 0, 0, 10, 0, 0, 5, null, 0, 0, 0, 0);
INSERT INTO card_events (event_id, event_name, uma_id, uma_name, category) VALUES (1248, '被託付的故事', 30104, 'zenno-rob-roy', '隨機事件');
INSERT INTO card_event_choices (choice_id, event_id, choice_label, chain_index, speed, stamina, strength, willpower, intelligence, hp, mood, skill_point, character_favor, event_condition, is_random_value, is_random_attribute, is_random_block_training, is_end_chained_event) VALUES (2200, 1248, 'Up', 3, 0, 10, 0, 0, 10, 0, 0, 0, 5, null, 0, 0, 0, 0);
INSERT INTO card_event_choices (choice_id, event_id, choice_label, chain_index, speed, stamina, strength, willpower, intelligence, hp, mood, skill_point, character_favor, event_condition, is_random_value, is_random_attribute, is_random_block_training, is_end_chained_event) VALUES (2201, 1248, 'Down', 3, 0, 0, 0, 0, 0, 0, 0, 0, 5, null, 0, 0, 0, 0);
INSERT INTO card_table (count, uma_id, uma_name) VALUES (315, 30105, 'special-week');
INSERT INTO card_events (event_id, event_name, uma_id, uma_name, category) VALUES (1249, '(❯) 我會更加油唄！', 30105, 'special-week', '連鎖事件');
INSERT INTO card_event_choices (choice_id, event_id, choice_label, chain_index, speed, stamina, strength, willpower, intelligence, hp, mood, skill_point, character_favor, event_condition, is_random_value, is_random_attribute, is_random_block_training, is_end_chained_event) VALUES (2202, 1249, 'None', 1, 3, 3, 3, 3, 3, 0, 0, 0, 5, null, 0, 0, 0, 0);
INSERT INTO card_events (event_id, event_name, uma_id, uma_name, category) VALUES (1250, '(❯❯) 我正在跟大家一起奔跑！', 30105, 'special-week', '連鎖事件');
INSERT INTO card_event_choices (choice_id, event_id, choice_label, chain_index, speed, stamina, strength, willpower, intelligence, hp, mood, skill_point, character_favor, event_condition, is_random_value, is_random_attribute, is_random_block_training, is_end_chained_event) VALUES (2203, 1250, 'Up', 2, 10, 0, 0, 0, 0, 0, 0, 0, 5, null, 0, 0, 0, 0);
INSERT INTO card_event_choices (choice_id, event_id, choice_label, chain_index, speed, stamina, strength, willpower, intelligence, hp, mood, skill_point, character_favor, event_condition, is_random_value, is_random_attribute, is_random_block_training, is_end_chained_event) VALUES (2204, 1250, 'Down', 2, 0, 10, 0, 0, 0, 0, 0, 0, 5, null, 0, 0, 0, 0);
INSERT INTO card_events (event_id, event_name, uma_id, uma_name, category) VALUES (1251, '(❯❯❯) 我要回老家了！', 30105, 'special-week', '連鎖事件');
INSERT INTO card_event_choices (choice_id, event_id, choice_label, chain_index, speed, stamina, strength, willpower, intelligence, hp, mood, skill_point, character_favor, event_condition, is_random_value, is_random_attribute, is_random_block_training, is_end_chained_event) VALUES (2205, 1251, 'None', 3, 7, 7, 7, 7, 7, -10, 0, 0, 7, null, 0, 0, 0, 0);
INSERT INTO card_events (event_id, event_name, uma_id, uma_name, category) VALUES (1252, '我會多注意轉角處！', 30105, 'special-week', '隨機事件');
INSERT INTO card_event_choices (choice_id, event_id, choice_label, chain_index, speed, stamina, strength, willpower, intelligence, hp, mood, skill_point, character_favor, event_condition, is_random_value, is_random_attribute, is_random_block_training, is_end_chained_event) VALUES (2206, 1252, 'Up', 3, 0, 0, 0, 0, 0, 1, 0, 0, 5, null, 0, 0, 0, 0);
INSERT INTO card_event_choices (choice_id, event_id, choice_label, chain_index, speed, stamina, strength, willpower, intelligence, hp, mood, skill_point, character_favor, event_condition, is_random_value, is_random_attribute, is_random_block_training, is_end_chained_event) VALUES (2207, 1252, 'Down', 3, 0, 0, 0, 15, 0, 0, 0, 0, 5, null, 0, 0, 0, 0);
INSERT INTO card_events (event_id, event_name, uma_id, uma_name, category) VALUES (1253, '這個也好那個也不錯，真煩惱！', 30105, 'special-week', '隨機事件');
INSERT INTO card_event_choices (choice_id, event_id, choice_label, chain_index, speed, stamina, strength, willpower, intelligence, hp, mood, skill_point, character_favor, event_condition, is_random_value, is_random_attribute, is_random_block_training, is_end_chained_event) VALUES (2208, 1253, 'Up', 3, 0, 0, 0, 0, 0, 10, 1, 0, 5, null, 0, 0, 0, 0);
INSERT INTO card_event_choices (choice_id, event_id, choice_label, chain_index, speed, stamina, strength, willpower, intelligence, hp, mood, skill_point, character_favor, event_condition, is_random_value, is_random_attribute, is_random_block_training, is_end_chained_event) VALUES (2209, 1253, 'Down', 3, 0, 15, 0, 0, 0, -10, 0, 15, 5, null, 0, 0, 0, 0);
INSERT INTO card_table (count, uma_id, uma_name) VALUES (316, 30106, 'air-groove');
INSERT INTO card_events (event_id, event_name, uma_id, uma_name, category) VALUES (1254, '(❯) 因為很崇拜妳', 30106, 'air-groove', '連鎖事件');
INSERT INTO card_event_choices (choice_id, event_id, choice_label, chain_index, speed, stamina, strength, willpower, intelligence, hp, mood, skill_point, character_favor, event_condition, is_random_value, is_random_attribute, is_random_block_training, is_end_chained_event) VALUES (2210, 1254, 'None', 1, 0, 0, 10, 0, 0, 0, 1, 0, 5, null, 0, 0, 0, 0);
INSERT INTO card_events (event_id, event_name, uma_id, uma_name, category) VALUES (1255, '(❯❯) 因為有妳在', 30106, 'air-groove', '連鎖事件');
INSERT INTO card_event_choices (choice_id, event_id, choice_label, chain_index, speed, stamina, strength, willpower, intelligence, hp, mood, skill_point, character_favor, event_condition, is_random_value, is_random_attribute, is_random_block_training, is_end_chained_event) VALUES (2211, 1255, 'Up', 2, 0, 0, 7, 0, 7, 0, 0, 0, 5, null, 0, 0, 0, 0);
INSERT INTO card_event_choices (choice_id, event_id, choice_label, chain_index, speed, stamina, strength, willpower, intelligence, hp, mood, skill_point, character_favor, event_condition, is_random_value, is_random_attribute, is_random_block_training, is_end_chained_event) VALUES (2212, 1255, 'Down', 2, 0, 0, 0, 0, 0, 0, 0, 10, 5, null, 0, 0, 0, 0);
INSERT INTO card_events (event_id, event_name, uma_id, uma_name, category) VALUES (1256, '(❯❯❯) 因為我們在一起', 30106, 'air-groove', '連鎖事件');
INSERT INTO card_event_choices (choice_id, event_id, choice_label, chain_index, speed, stamina, strength, willpower, intelligence, hp, mood, skill_point, character_favor, event_condition, is_random_value, is_random_attribute, is_random_block_training, is_end_chained_event) VALUES (2213, 1256, 'None', 3, 0, 0, 10, 0, 10, 0, 0, 0, 5, null, 0, 0, 0, 0);
INSERT INTO card_events (event_id, event_name, uma_id, uma_name, category) VALUES (1257, '剛柔並濟', 30106, 'air-groove', '隨機事件');
INSERT INTO card_event_choices (choice_id, event_id, choice_label, chain_index, speed, stamina, strength, willpower, intelligence, hp, mood, skill_point, character_favor, event_condition, is_random_value, is_random_attribute, is_random_block_training, is_end_chained_event) VALUES (2214, 1257, 'Up', 3, 0, 0, 0, 0, 0, 0, 0, 0, 5, null, 0, 0, 0, 0);
INSERT INTO card_event_choices (choice_id, event_id, choice_label, chain_index, speed, stamina, strength, willpower, intelligence, hp, mood, skill_point, character_favor, event_condition, is_random_value, is_random_attribute, is_random_block_training, is_end_chained_event) VALUES (2215, 1257, 'Down', 3, 0, 0, 0, 0, 10, 10, 0, 0, 5, null, 0, 0, 0, 0);
INSERT INTO card_events (event_id, event_name, uma_id, uma_name, category) VALUES (1258, '聰敏而鐵腕', 30106, 'air-groove', '隨機事件');
INSERT INTO card_event_choices (choice_id, event_id, choice_label, chain_index, speed, stamina, strength, willpower, intelligence, hp, mood, skill_point, character_favor, event_condition, is_random_value, is_random_attribute, is_random_block_training, is_end_chained_event) VALUES (2216, 1258, 'Up', 3, 0, 0, 15, 0, 0, 0, 0, 0, 5, null, 0, 0, 0, 0);
INSERT INTO card_event_choices (choice_id, event_id, choice_label, chain_index, speed, stamina, strength, willpower, intelligence, hp, mood, skill_point, character_favor, event_condition, is_random_value, is_random_attribute, is_random_block_training, is_end_chained_event) VALUES (2217, 1258, 'Down', 3, 10, 5, 0, 0, 0, 0, 0, 0, 5, null, 0, 0, 0, 0);
INSERT INTO card_table (count, uma_id, uma_name) VALUES (317, 30107, 'maruzensky');
INSERT INTO card_events (event_id, event_name, uma_id, uma_name, category) VALUES (1259, '(❯) 海邊的度假勝地，愛上Romantic', 30107, 'maruzensky', '連鎖事件');
INSERT INTO card_event_choices (choice_id, event_id, choice_label, chain_index, speed, stamina, strength, willpower, intelligence, hp, mood, skill_point, character_favor, event_condition, is_random_value, is_random_attribute, is_random_block_training, is_end_chained_event) VALUES (2218, 1259, 'None', 1, 10, 0, 0, 0, 0, 0, 0, 0, 0, null, 1, 0, 0, 0);
INSERT INTO card_event_choices (choice_id, event_id, choice_label, chain_index, speed, stamina, strength, willpower, intelligence, hp, mood, skill_point, character_favor, event_condition, is_random_value, is_random_attribute, is_random_block_training, is_end_chained_event) VALUES (2219, 1259, 'None', 1, 15, 0, 0, 0, 5, 0, 0, 0, 15, null, 0, 0, 0, 0);
INSERT INTO card_events (event_id, event_name, uma_id, uma_name, category) VALUES (1260, '(❯❯) 回憶裡的怦然心動，如今也在My Heart', 30107, 'maruzensky', '連鎖事件');
INSERT INTO card_event_choices (choice_id, event_id, choice_label, chain_index, speed, stamina, strength, willpower, intelligence, hp, mood, skill_point, character_favor, event_condition, is_random_value, is_random_attribute, is_random_block_training, is_end_chained_event) VALUES (2220, 1260, 'None', 2, 10, 0, 0, 0, 0, 0, 0, 0, 0, null, 1, 0, 0, 0);
INSERT INTO card_event_choices (choice_id, event_id, choice_label, chain_index, speed, stamina, strength, willpower, intelligence, hp, mood, skill_point, character_favor, event_condition, is_random_value, is_random_attribute, is_random_block_training, is_end_chained_event) VALUES (2221, 1260, 'None', 2, 15, 0, 5, 0, 0, 0, 0, 0, 15, null, 0, 0, 0, 0);
INSERT INTO card_events (event_id, event_name, uma_id, uma_name, category) VALUES (1261, '(❯❯❯) 一直一直 綻放光輝 Forever', 30107, 'maruzensky', '連鎖事件');
INSERT INTO card_event_choices (choice_id, event_id, choice_label, chain_index, speed, stamina, strength, willpower, intelligence, hp, mood, skill_point, character_favor, event_condition, is_random_value, is_random_attribute, is_random_block_training, is_end_chained_event) VALUES (2222, 1261, 'None', 3, 30, 0, 0, 0, 10, 0, 0, 0, 0, null, 0, 0, 0, 0);
INSERT INTO card_events (event_id, event_name, uma_id, uma_name, category) VALUES (1262, '都是為了可愛的後輩嘛', 30107, 'maruzensky', '隨機事件');
INSERT INTO card_event_choices (choice_id, event_id, choice_label, chain_index, speed, stamina, strength, willpower, intelligence, hp, mood, skill_point, character_favor, event_condition, is_random_value, is_random_attribute, is_random_block_training, is_end_chained_event) VALUES (2223, 1262, 'Up', 3, 0, 0, 0, 0, 0, 0, 0, 0, 5, null, 0, 0, 0, 0);
INSERT INTO card_event_choices (choice_id, event_id, choice_label, chain_index, speed, stamina, strength, willpower, intelligence, hp, mood, skill_point, character_favor, event_condition, is_random_value, is_random_attribute, is_random_block_training, is_end_chained_event) VALUES (2224, 1262, 'Down', 3, 10, 0, 0, 0, 0, 5, 0, 0, 5, null, 0, 0, 0, 0);
INSERT INTO card_events (event_id, event_name, uma_id, uma_name, category) VALUES (1263, '揪～四要酷炫兜風', 30107, 'maruzensky', '隨機事件');
INSERT INTO card_event_choices (choice_id, event_id, choice_label, chain_index, speed, stamina, strength, willpower, intelligence, hp, mood, skill_point, character_favor, event_condition, is_random_value, is_random_attribute, is_random_block_training, is_end_chained_event) VALUES (2225, 1263, 'Up', 3, 5, 0, 0, 0, 0, 0, 1, 0, 5, null, 0, 0, 0, 0);
INSERT INTO card_event_choices (choice_id, event_id, choice_label, chain_index, speed, stamina, strength, willpower, intelligence, hp, mood, skill_point, character_favor, event_condition, is_random_value, is_random_attribute, is_random_block_training, is_end_chained_event) VALUES (2226, 1263, 'Down', 3, 0, 0, 0, 0, 5, 0, 1, 0, 5, null, 0, 0, 0, 0);
INSERT INTO card_table (count, uma_id, uma_name) VALUES (318, 30108, 'nakayama-festa');
INSERT INTO card_events (event_id, event_name, uma_id, uma_name, category) VALUES (1264, '(❯) 堅定的目光', 30108, 'nakayama-festa', '連鎖事件');
INSERT INTO card_event_choices (choice_id, event_id, choice_label, chain_index, speed, stamina, strength, willpower, intelligence, hp, mood, skill_point, character_favor, event_condition, is_random_value, is_random_attribute, is_random_block_training, is_end_chained_event) VALUES (2227, 1264, 'None', 1, 0, 0, 0, 0, 10, 0, 0, 20, 5, null, 0, 0, 0, 0);
INSERT INTO card_events (event_id, event_name, uma_id, uma_name, category) VALUES (1265, '(❯❯) 冽心燃灼焰', 30108, 'nakayama-festa', '連鎖事件');
INSERT INTO card_event_choices (choice_id, event_id, choice_label, chain_index, speed, stamina, strength, willpower, intelligence, hp, mood, skill_point, character_favor, event_condition, is_random_value, is_random_attribute, is_random_block_training, is_end_chained_event) VALUES (2228, 1265, 'Up', 2, 0, 0, 0, 0, 0, 0, 0, 0, 10, null, 0, 0, 0, 0);
INSERT INTO card_event_choices (choice_id, event_id, choice_label, chain_index, speed, stamina, strength, willpower, intelligence, hp, mood, skill_point, character_favor, event_condition, is_random_value, is_random_attribute, is_random_block_training, is_end_chained_event) VALUES (2229, 1265, 'Down', 2, 0, 0, 0, 0, 0, 0, 0, 0, 10, null, 0, 0, 0, 0);
INSERT INTO card_events (event_id, event_name, uma_id, uma_name, category) VALUES (1266, '(❯❯❯) 在絕望中閃耀', 30108, 'nakayama-festa', '連鎖事件');
INSERT INTO card_event_choices (choice_id, event_id, choice_label, chain_index, speed, stamina, strength, willpower, intelligence, hp, mood, skill_point, character_favor, event_condition, is_random_value, is_random_attribute, is_random_block_training, is_end_chained_event) VALUES (2230, 1266, 'None', 3, 20, 20, 0, 0, 20, 0, 0, 30, 5, null, 1, 0, 0, 0);
INSERT INTO card_event_choices (choice_id, event_id, choice_label, chain_index, speed, stamina, strength, willpower, intelligence, hp, mood, skill_point, character_favor, event_condition, is_random_value, is_random_attribute, is_random_block_training, is_end_chained_event) VALUES (2231, 1266, 'None', 3, 10, 0, 0, 0, 10, 0, 0, 20, 5, null, 0, 0, 0, 0);
INSERT INTO card_event_choices (choice_id, event_id, choice_label, chain_index, speed, stamina, strength, willpower, intelligence, hp, mood, skill_point, character_favor, event_condition, is_random_value, is_random_attribute, is_random_block_training, is_end_chained_event) VALUES (2232, 1266, 'None', 3, 0, 0, 0, 0, 0, 0, 0, 10, 0, null, 0, 0, 0, 0);
INSERT INTO card_events (event_id, event_name, uma_id, uma_name, category) VALUES (1267, '黃昏時分決一勝負', 30108, 'nakayama-festa', '隨機事件');
INSERT INTO card_event_choices (choice_id, event_id, choice_label, chain_index, speed, stamina, strength, willpower, intelligence, hp, mood, skill_point, character_favor, event_condition, is_random_value, is_random_attribute, is_random_block_training, is_end_chained_event) VALUES (2233, 1267, 'Up', 3, 0, 0, 0, 0, 0, 15, 0, 0, 5, null, 0, 0, 0, 0);
INSERT INTO card_event_choices (choice_id, event_id, choice_label, chain_index, speed, stamina, strength, willpower, intelligence, hp, mood, skill_point, character_favor, event_condition, is_random_value, is_random_attribute, is_random_block_training, is_end_chained_event) VALUES (2234, 1267, 'Down', 3, 0, 0, 0, 15, 0, 0, 0, 0, 5, null, 0, 0, 0, 0);
INSERT INTO card_events (event_id, event_name, uma_id, uma_name, category) VALUES (1268, '黃昏時分的獨食', 30108, 'nakayama-festa', '隨機事件');
INSERT INTO card_event_choices (choice_id, event_id, choice_label, chain_index, speed, stamina, strength, willpower, intelligence, hp, mood, skill_point, character_favor, event_condition, is_random_value, is_random_attribute, is_random_block_training, is_end_chained_event) VALUES (2235, 1268, 'Up', 3, 0, 0, 0, 0, 0, 0, 0, 0, 5, null, 0, 0, 0, 0);
INSERT INTO card_event_choices (choice_id, event_id, choice_label, chain_index, speed, stamina, strength, willpower, intelligence, hp, mood, skill_point, character_favor, event_condition, is_random_value, is_random_attribute, is_random_block_training, is_end_chained_event) VALUES (2236, 1268, 'Down', 3, 0, 0, 0, 0, 0, 0, 0, 0, 5, null, 0, 0, 0, 0);
INSERT INTO card_table (count, uma_id, uma_name) VALUES (319, 30109, 'sakura-chiyono-o');
INSERT INTO card_events (event_id, event_name, uma_id, uma_name, category) VALUES (1269, '(❯) 致溫柔的妳', 30109, 'sakura-chiyono-o', '連鎖事件');
INSERT INTO card_event_choices (choice_id, event_id, choice_label, chain_index, speed, stamina, strength, willpower, intelligence, hp, mood, skill_point, character_favor, event_condition, is_random_value, is_random_attribute, is_random_block_training, is_end_chained_event) VALUES (2237, 1269, 'None', 1, 0, 0, 0, 10, 0, 0, 1, 0, 5, null, 0, 0, 0, 0);
INSERT INTO card_events (event_id, event_name, uma_id, uma_name, category) VALUES (1270, '(❯❯) 因為我希望妳盡情歡笑', 30109, 'sakura-chiyono-o', '連鎖事件');
INSERT INTO card_event_choices (choice_id, event_id, choice_label, chain_index, speed, stamina, strength, willpower, intelligence, hp, mood, skill_point, character_favor, event_condition, is_random_value, is_random_attribute, is_random_block_training, is_end_chained_event) VALUES (2238, 1270, 'None', 2, 0, 0, 0, 15, 0, 0, 0, 0, 5, null, 0, 0, 0, 0);
INSERT INTO card_events (event_id, event_name, uma_id, uma_name, category) VALUES (1271, '(❯❯❯) 把「快樂」送給妳！', 30109, 'sakura-chiyono-o', '連鎖事件');
INSERT INTO card_event_choices (choice_id, event_id, choice_label, chain_index, speed, stamina, strength, willpower, intelligence, hp, mood, skill_point, character_favor, event_condition, is_random_value, is_random_attribute, is_random_block_training, is_end_chained_event) VALUES (2239, 1271, 'None', 3, 0, 0, 0, 10, 10, 0, 0, 0, 5, null, 1, 0, 0, 0);
INSERT INTO card_event_choices (choice_id, event_id, choice_label, chain_index, speed, stamina, strength, willpower, intelligence, hp, mood, skill_point, character_favor, event_condition, is_random_value, is_random_attribute, is_random_block_training, is_end_chained_event) VALUES (2240, 1271, 'None', 3, 3, 0, 0, 5, 5, 0, 0, 0, 5, null, 0, 0, 0, 0);
INSERT INTO card_events (event_id, event_name, uma_id, uma_name, category) VALUES (1272, '本日格言！', 30109, 'sakura-chiyono-o', '隨機事件');
INSERT INTO card_event_choices (choice_id, event_id, choice_label, chain_index, speed, stamina, strength, willpower, intelligence, hp, mood, skill_point, character_favor, event_condition, is_random_value, is_random_attribute, is_random_block_training, is_end_chained_event) VALUES (2241, 1272, 'Up', 3, 0, 0, 20, 0, 0, -10, 0, 0, 5, null, 0, 0, 0, 0);
INSERT INTO card_event_choices (choice_id, event_id, choice_label, chain_index, speed, stamina, strength, willpower, intelligence, hp, mood, skill_point, character_favor, event_condition, is_random_value, is_random_attribute, is_random_block_training, is_end_chained_event) VALUES (2242, 1272, 'Down', 3, 0, 0, 0, 0, 0, 5, 0, 10, 5, null, 0, 0, 0, 0);
INSERT INTO card_events (event_id, event_name, uma_id, uma_name, category) VALUES (1273, '直到開花的那天……', 30109, 'sakura-chiyono-o', '隨機事件');
INSERT INTO card_event_choices (choice_id, event_id, choice_label, chain_index, speed, stamina, strength, willpower, intelligence, hp, mood, skill_point, character_favor, event_condition, is_random_value, is_random_attribute, is_random_block_training, is_end_chained_event) VALUES (2243, 1273, 'Up', 3, 0, 5, 0, 0, 0, 5, 0, 0, 5, null, 0, 0, 0, 0);
INSERT INTO card_event_choices (choice_id, event_id, choice_label, chain_index, speed, stamina, strength, willpower, intelligence, hp, mood, skill_point, character_favor, event_condition, is_random_value, is_random_attribute, is_random_block_training, is_end_chained_event) VALUES (2244, 1273, 'Down', 3, 0, 0, 0, 0, 0, 0, 0, 0, 5, null, 0, 0, 0, 0);
INSERT INTO card_table (count, uma_id, uma_name) VALUES (320, 30110, 'manhattan-cafe');
INSERT INTO card_events (event_id, event_name, uma_id, uma_name, category) VALUES (1274, '(❯) 看不見的事物，不看也無妨', 30110, 'manhattan-cafe', '連鎖事件');
INSERT INTO card_event_choices (choice_id, event_id, choice_label, chain_index, speed, stamina, strength, willpower, intelligence, hp, mood, skill_point, character_favor, event_condition, is_random_value, is_random_attribute, is_random_block_training, is_end_chained_event) VALUES (2245, 1274, 'None', 1, 0, 5, 0, 0, 0, 20, 1, 0, 5, null, 0, 0, 0, 0);
INSERT INTO card_events (event_id, event_name, uma_id, uma_name, category) VALUES (1275, '(❯❯) 大事，並不是大事', 30110, 'manhattan-cafe', '連鎖事件');
INSERT INTO card_event_choices (choice_id, event_id, choice_label, chain_index, speed, stamina, strength, willpower, intelligence, hp, mood, skill_point, character_favor, event_condition, is_random_value, is_random_attribute, is_random_block_training, is_end_chained_event) VALUES (2246, 1275, 'None', 2, 0, 5, 0, 0, 0, 25, 0, 0, 5, null, 0, 0, 0, 0);
INSERT INTO card_events (event_id, event_name, uma_id, uma_name, category) VALUES (1276, '(❯❯❯) 無解之事，保持無解就好', 30110, 'manhattan-cafe', '連鎖事件');
INSERT INTO card_event_choices (choice_id, event_id, choice_label, chain_index, speed, stamina, strength, willpower, intelligence, hp, mood, skill_point, character_favor, event_condition, is_random_value, is_random_attribute, is_random_block_training, is_end_chained_event) VALUES (2247, 1276, 'None', 3, 0, 5, 0, 0, 0, 30, 0, 0, 5, null, 0, 0, 0, 0);
INSERT INTO card_events (event_id, event_name, uma_id, uma_name, category) VALUES (1277, '夜晚獨跑', 30110, 'manhattan-cafe', '隨機事件');
INSERT INTO card_event_choices (choice_id, event_id, choice_label, chain_index, speed, stamina, strength, willpower, intelligence, hp, mood, skill_point, character_favor, event_condition, is_random_value, is_random_attribute, is_random_block_training, is_end_chained_event) VALUES (2248, 1277, 'Up', 3, 0, 10, 0, 0, 0, 0, 0, 0, 5, null, 0, 0, 0, 0);
INSERT INTO card_event_choices (choice_id, event_id, choice_label, chain_index, speed, stamina, strength, willpower, intelligence, hp, mood, skill_point, character_favor, event_condition, is_random_value, is_random_attribute, is_random_block_training, is_end_chained_event) VALUES (2249, 1277, 'Down', 3, 0, 5, 0, 0, 0, 10, 0, 0, 5, null, 0, 0, 0, 0);
INSERT INTO card_events (event_id, event_name, uma_id, uma_name, category) VALUES (1278, '偏好寧靜', 30110, 'manhattan-cafe', '隨機事件');
INSERT INTO card_event_choices (choice_id, event_id, choice_label, chain_index, speed, stamina, strength, willpower, intelligence, hp, mood, skill_point, character_favor, event_condition, is_random_value, is_random_attribute, is_random_block_training, is_end_chained_event) VALUES (2250, 1278, 'Up', 3, 0, 5, 0, 0, 0, 0, 0, 15, 5, null, 0, 0, 0, 0);
INSERT INTO card_event_choices (choice_id, event_id, choice_label, chain_index, speed, stamina, strength, willpower, intelligence, hp, mood, skill_point, character_favor, event_condition, is_random_value, is_random_attribute, is_random_block_training, is_end_chained_event) VALUES (2251, 1278, 'Down', 3, 0, 0, 0, 0, 0, 0, 0, 0, 5, null, 0, 0, 0, 0);
INSERT INTO card_table (count, uma_id, uma_name) VALUES (321, 30111, 'tokai-teio');
INSERT INTO card_events (event_id, event_name, uma_id, uma_name, category) VALUES (1279, '(❯) 帝王的弱點', 30111, 'tokai-teio', '連鎖事件');
INSERT INTO card_event_choices (choice_id, event_id, choice_label, chain_index, speed, stamina, strength, willpower, intelligence, hp, mood, skill_point, character_favor, event_condition, is_random_value, is_random_attribute, is_random_block_training, is_end_chained_event) VALUES (2252, 1279, 'Up', 1, 0, 0, 0, 0, 0, 0, 2, 0, 5, null, 0, 0, 0, 0);
INSERT INTO card_event_choices (choice_id, event_id, choice_label, chain_index, speed, stamina, strength, willpower, intelligence, hp, mood, skill_point, character_favor, event_condition, is_random_value, is_random_attribute, is_random_block_training, is_end_chained_event) VALUES (2253, 1279, 'Down', 1, 0, 0, 5, 0, 10, 0, 0, 0, 5, null, 0, 0, 0, 0);
INSERT INTO card_events (event_id, event_name, uma_id, uma_name, category) VALUES (1280, '(❯❯) 「帥氣」不只一種', 30111, 'tokai-teio', '連鎖事件');
INSERT INTO card_event_choices (choice_id, event_id, choice_label, chain_index, speed, stamina, strength, willpower, intelligence, hp, mood, skill_point, character_favor, event_condition, is_random_value, is_random_attribute, is_random_block_training, is_end_chained_event) VALUES (2254, 1280, 'Up', 2, 0, 0, 0, 0, 0, 0, 0, 20, 5, null, 1, 0, 0, 0);
INSERT INTO card_event_choices (choice_id, event_id, choice_label, chain_index, speed, stamina, strength, willpower, intelligence, hp, mood, skill_point, character_favor, event_condition, is_random_value, is_random_attribute, is_random_block_training, is_end_chained_event) VALUES (2255, 1280, 'Up', 2, 0, 0, 0, 0, 0, 0, 0, 15, 5, null, 0, 0, 0, 0);
INSERT INTO card_event_choices (choice_id, event_id, choice_label, chain_index, speed, stamina, strength, willpower, intelligence, hp, mood, skill_point, character_favor, event_condition, is_random_value, is_random_attribute, is_random_block_training, is_end_chained_event) VALUES (2256, 1280, 'Down', 2, 0, 0, 10, 0, 10, 0, 0, 0, 5, null, 0, 0, 0, 0);
INSERT INTO card_events (event_id, event_name, uma_id, uma_name, category) VALUES (1281, '(❯❯❯) 帝王的作戰風格', 30111, 'tokai-teio', '連鎖事件');
INSERT INTO card_event_choices (choice_id, event_id, choice_label, chain_index, speed, stamina, strength, willpower, intelligence, hp, mood, skill_point, character_favor, event_condition, is_random_value, is_random_attribute, is_random_block_training, is_end_chained_event) VALUES (2257, 1281, 'None', 3, 0, 0, 10, 0, 20, 0, 0, 0, 5, null, 0, 0, 0, 0);
INSERT INTO card_events (event_id, event_name, uma_id, uma_name, category) VALUES (1282, '我的作法', 30111, 'tokai-teio', '隨機事件');
INSERT INTO card_event_choices (choice_id, event_id, choice_label, chain_index, speed, stamina, strength, willpower, intelligence, hp, mood, skill_point, character_favor, event_condition, is_random_value, is_random_attribute, is_random_block_training, is_end_chained_event) VALUES (2258, 1282, 'Up', 3, 0, 0, 0, 0, 0, 0, 1, 15, 5, null, 0, 0, 0, 0);
INSERT INTO card_event_choices (choice_id, event_id, choice_label, chain_index, speed, stamina, strength, willpower, intelligence, hp, mood, skill_point, character_favor, event_condition, is_random_value, is_random_attribute, is_random_block_training, is_end_chained_event) VALUES (2259, 1282, 'Down', 3, 0, 0, 0, 15, 0, 0, 0, 0, 5, null, 0, 0, 0, 0);
INSERT INTO card_events (event_id, event_name, uma_id, uma_name, category) VALUES (1283, '我的武器', 30111, 'tokai-teio', '隨機事件');
INSERT INTO card_event_choices (choice_id, event_id, choice_label, chain_index, speed, stamina, strength, willpower, intelligence, hp, mood, skill_point, character_favor, event_condition, is_random_value, is_random_attribute, is_random_block_training, is_end_chained_event) VALUES (2260, 1283, 'Up', 3, 0, 0, 0, 10, 0, 0, 1, 0, 5, null, 0, 0, 0, 0);
INSERT INTO card_event_choices (choice_id, event_id, choice_label, chain_index, speed, stamina, strength, willpower, intelligence, hp, mood, skill_point, character_favor, event_condition, is_random_value, is_random_attribute, is_random_block_training, is_end_chained_event) VALUES (2261, 1283, 'Down', 3, 0, 0, 0, 0, 0, 0, 0, 0, 5, null, 0, 0, 0, 0);
INSERT INTO card_table (count, uma_id, uma_name) VALUES (322, 30112, 'twin-turbo');
INSERT INTO card_events (event_id, event_name, uma_id, uma_name, category) VALUES (1284, '(❯) 來追渦輪！', 30112, 'twin-turbo', '連鎖事件');
INSERT INTO card_event_choices (choice_id, event_id, choice_label, chain_index, speed, stamina, strength, willpower, intelligence, hp, mood, skill_point, character_favor, event_condition, is_random_value, is_random_attribute, is_random_block_training, is_end_chained_event) VALUES (2262, 1284, 'Up', 1, 15, 0, 0, 15, 0, 0, 0, 0, 5, null, 1, 0, 0, 0);
INSERT INTO card_event_choices (choice_id, event_id, choice_label, chain_index, speed, stamina, strength, willpower, intelligence, hp, mood, skill_point, character_favor, event_condition, is_random_value, is_random_attribute, is_random_block_training, is_end_chained_event) VALUES (2263, 1284, 'Up', 1, 10, 0, 0, 10, 0, -20, 0, 0, 5, null, 0, 0, 0, 1);
INSERT INTO card_event_choices (choice_id, event_id, choice_label, chain_index, speed, stamina, strength, willpower, intelligence, hp, mood, skill_point, character_favor, event_condition, is_random_value, is_random_attribute, is_random_block_training, is_end_chained_event) VALUES (2264, 1284, 'Down', 1, 0, 0, 0, 0, 0, 0, 0, 10, 5, null, 0, 0, 0, 0);
INSERT INTO card_events (event_id, event_name, uma_id, uma_name, category) VALUES (1285, '(❯❯) 跟渦輪玩遊戲！', 30112, 'twin-turbo', '連鎖事件');
INSERT INTO card_event_choices (choice_id, event_id, choice_label, chain_index, speed, stamina, strength, willpower, intelligence, hp, mood, skill_point, character_favor, event_condition, is_random_value, is_random_attribute, is_random_block_training, is_end_chained_event) VALUES (2265, 1285, 'None', 2, 15, 0, 0, 15, 0, -5, 0, 15, 5, null, 1, 0, 0, 0);
INSERT INTO card_event_choices (choice_id, event_id, choice_label, chain_index, speed, stamina, strength, willpower, intelligence, hp, mood, skill_point, character_favor, event_condition, is_random_value, is_random_attribute, is_random_block_training, is_end_chained_event) VALUES (2266, 1285, 'None', 2, 10, 0, 0, 10, 0, -20, 0, 0, 5, null, 0, 0, 0, 1);
INSERT INTO card_events (event_id, event_name, uma_id, uma_name, category) VALUES (1286, '(❯❯❯) 渦輪是最強的！', 30112, 'twin-turbo', '連鎖事件');
INSERT INTO card_event_choices (choice_id, event_id, choice_label, chain_index, speed, stamina, strength, willpower, intelligence, hp, mood, skill_point, character_favor, event_condition, is_random_value, is_random_attribute, is_random_block_training, is_end_chained_event) VALUES (2267, 1286, 'None', 3, 10, 0, 0, 10, 0, -20, 0, 0, 5, null, 1, 0, 0, 0);
INSERT INTO card_event_choices (choice_id, event_id, choice_label, chain_index, speed, stamina, strength, willpower, intelligence, hp, mood, skill_point, character_favor, event_condition, is_random_value, is_random_attribute, is_random_block_training, is_end_chained_event) VALUES (2268, 1286, 'None', 3, 15, 0, 0, 15, 0, -5, 0, 0, 5, null, 0, 0, 0, 0);
INSERT INTO card_events (event_id, event_name, uma_id, uma_name, category) VALUES (1287, '想到就立刻去做！', 30112, 'twin-turbo', '隨機事件');
INSERT INTO card_event_choices (choice_id, event_id, choice_label, chain_index, speed, stamina, strength, willpower, intelligence, hp, mood, skill_point, character_favor, event_condition, is_random_value, is_random_attribute, is_random_block_training, is_end_chained_event) VALUES (2269, 1287, 'Up', 3, 20, 0, 0, 0, 0, 0, -1, 0, 0, null, 0, 0, 0, 0);
INSERT INTO card_event_choices (choice_id, event_id, choice_label, chain_index, speed, stamina, strength, willpower, intelligence, hp, mood, skill_point, character_favor, event_condition, is_random_value, is_random_attribute, is_random_block_training, is_end_chained_event) VALUES (2270, 1287, 'Down', 3, 0, 0, 20, 0, 0, -10, 0, 0, 5, null, 0, 0, 0, 0);
INSERT INTO card_events (event_id, event_name, uma_id, uma_name, category) VALUES (1288, '熱血沸騰起來了！！', 30112, 'twin-turbo', '隨機事件');
INSERT INTO card_event_choices (choice_id, event_id, choice_label, chain_index, speed, stamina, strength, willpower, intelligence, hp, mood, skill_point, character_favor, event_condition, is_random_value, is_random_attribute, is_random_block_training, is_end_chained_event) VALUES (2271, 1288, 'Up', 3, 0, 0, 0, 0, 0, 15, 0, 0, 5, null, 0, 0, 0, 0);
INSERT INTO card_event_choices (choice_id, event_id, choice_label, chain_index, speed, stamina, strength, willpower, intelligence, hp, mood, skill_point, character_favor, event_condition, is_random_value, is_random_attribute, is_random_block_training, is_end_chained_event) VALUES (2272, 1288, 'Down', 3, 0, 0, 0, 0, 0, 0, 0, 0, 5, null, 0, 0, 0, 0);
INSERT INTO card_table (count, uma_id, uma_name) VALUES (323, 30113, 'biwa-hayahide');
INSERT INTO card_events (event_id, event_name, uma_id, uma_name, category) VALUES (1289, '(❯) 關於老家業務上產生的各種問題', 30113, 'biwa-hayahide', '連鎖事件');
INSERT INTO card_event_choices (choice_id, event_id, choice_label, chain_index, speed, stamina, strength, willpower, intelligence, hp, mood, skill_point, character_favor, event_condition, is_random_value, is_random_attribute, is_random_block_training, is_end_chained_event) VALUES (2273, 1289, 'None', 1, 0, 0, 0, 0, 0, 0, 1, 10, 5, null, 0, 0, 0, 0);
INSERT INTO card_events (event_id, event_name, uma_id, uma_name, category) VALUES (1290, '(❯❯) 關於活用虛擬實境之認知修正', 30113, 'biwa-hayahide', '連鎖事件');
INSERT INTO card_event_choices (choice_id, event_id, choice_label, chain_index, speed, stamina, strength, willpower, intelligence, hp, mood, skill_point, character_favor, event_condition, is_random_value, is_random_attribute, is_random_block_training, is_end_chained_event) VALUES (2274, 1290, 'Up', 2, 0, 20, 0, 0, 0, 0, 0, 0, 5, null, 0, 0, 0, 0);
INSERT INTO card_event_choices (choice_id, event_id, choice_label, chain_index, speed, stamina, strength, willpower, intelligence, hp, mood, skill_point, character_favor, event_condition, is_random_value, is_random_attribute, is_random_block_training, is_end_chained_event) VALUES (2275, 1290, 'Down', 2, 0, 0, 0, 0, 0, 0, 0, 10, 5, null, 0, 0, 0, 0);
INSERT INTO card_events (event_id, event_name, uma_id, uma_name, category) VALUES (1291, '(❯❯❯) 關於負責人特質對宴會造成之影響', 30113, 'biwa-hayahide', '連鎖事件');
INSERT INTO card_event_choices (choice_id, event_id, choice_label, chain_index, speed, stamina, strength, willpower, intelligence, hp, mood, skill_point, character_favor, event_condition, is_random_value, is_random_attribute, is_random_block_training, is_end_chained_event) VALUES (2276, 1291, 'None', 3, 0, 10, 0, 0, 0, 0, 0, 0, 5, null, 0, 0, 0, 0);
INSERT INTO card_events (event_id, event_name, uma_id, uma_name, category) VALUES (1292, '極限的模態邏輯', 30113, 'biwa-hayahide', '隨機事件');
INSERT INTO card_event_choices (choice_id, event_id, choice_label, chain_index, speed, stamina, strength, willpower, intelligence, hp, mood, skill_point, character_favor, event_condition, is_random_value, is_random_attribute, is_random_block_training, is_end_chained_event) VALUES (2277, 1292, 'Up', 3, 0, 0, 15, 0, 0, 0, 0, 0, 5, null, 0, 0, 0, 0);
INSERT INTO card_event_choices (choice_id, event_id, choice_label, chain_index, speed, stamina, strength, willpower, intelligence, hp, mood, skill_point, character_favor, event_condition, is_random_value, is_random_attribute, is_random_block_training, is_end_chained_event) VALUES (2278, 1292, 'Down', 3, 10, 0, 0, 0, 0, 0, 0, 15, 5, null, 0, 0, 0, 0);
INSERT INTO card_events (event_id, event_name, uma_id, uma_name, category) VALUES (1293, '脫離安全牌理論', 30113, 'biwa-hayahide', '隨機事件');
INSERT INTO card_event_choices (choice_id, event_id, choice_label, chain_index, speed, stamina, strength, willpower, intelligence, hp, mood, skill_point, character_favor, event_condition, is_random_value, is_random_attribute, is_random_block_training, is_end_chained_event) VALUES (2279, 1293, 'Up', 3, 0, 0, 0, 0, 0, -10, 0, 0, 5, null, 0, 0, 0, 0);
INSERT INTO card_event_choices (choice_id, event_id, choice_label, chain_index, speed, stamina, strength, willpower, intelligence, hp, mood, skill_point, character_favor, event_condition, is_random_value, is_random_attribute, is_random_block_training, is_end_chained_event) VALUES (2280, 1293, 'Down', 3, 0, 10, 0, 0, 0, 10, 0, 0, 5, null, 0, 0, 0, 0);
INSERT INTO card_table (count, uma_id, uma_name) VALUES (324, 30114, 'daiichi-ruby');
INSERT INTO card_events (event_id, event_name, uma_id, uma_name, category) VALUES (1294, '(❯) 何故展現堅強一面', 30114, 'daiichi-ruby', '連鎖事件');
INSERT INTO card_event_choices (choice_id, event_id, choice_label, chain_index, speed, stamina, strength, willpower, intelligence, hp, mood, skill_point, character_favor, event_condition, is_random_value, is_random_attribute, is_random_block_training, is_end_chained_event) VALUES (2281, 1294, 'None', 1, 0, 0, 10, 0, 0, 0, 0, 0, 5, null, 1, 0, 0, 0);
INSERT INTO card_event_choices (choice_id, event_id, choice_label, chain_index, speed, stamina, strength, willpower, intelligence, hp, mood, skill_point, character_favor, event_condition, is_random_value, is_random_attribute, is_random_block_training, is_end_chained_event) VALUES (2282, 1294, 'None', 1, 0, 0, 15, 0, 0, 0, 0, 0, 5, null, 0, 0, 0, 0);
INSERT INTO card_events (event_id, event_name, uma_id, uma_name, category) VALUES (1295, '(❯❯) 何故展現俐落手腕', 30114, 'daiichi-ruby', '連鎖事件');
INSERT INTO card_event_choices (choice_id, event_id, choice_label, chain_index, speed, stamina, strength, willpower, intelligence, hp, mood, skill_point, character_favor, event_condition, is_random_value, is_random_attribute, is_random_block_training, is_end_chained_event) VALUES (2283, 1295, 'Up', 2, 0, 0, 10, 0, 0, 10, 0, 0, 5, null, 0, 0, 0, 0);
INSERT INTO card_event_choices (choice_id, event_id, choice_label, chain_index, speed, stamina, strength, willpower, intelligence, hp, mood, skill_point, character_favor, event_condition, is_random_value, is_random_attribute, is_random_block_training, is_end_chained_event) VALUES (2284, 1295, 'Down', 2, 0, 0, 0, 0, 0, 0, 0, 10, 5, null, 0, 0, 0, 0);
INSERT INTO card_events (event_id, event_name, uma_id, uma_name, category) VALUES (1296, '(❯❯❯) 為何人而溫柔體貼', 30114, 'daiichi-ruby', '連鎖事件');
INSERT INTO card_event_choices (choice_id, event_id, choice_label, chain_index, speed, stamina, strength, willpower, intelligence, hp, mood, skill_point, character_favor, event_condition, is_random_value, is_random_attribute, is_random_block_training, is_end_chained_event) VALUES (2285, 1296, 'None', 3, 0, 0, 15, 0, 0, 0, 0, 25, 5, null, 0, 0, 0, 0);
INSERT INTO card_events (event_id, event_name, uma_id, uma_name, category) VALUES (1297, '華麗的憂愁？', 30114, 'daiichi-ruby', '隨機事件');
INSERT INTO card_event_choices (choice_id, event_id, choice_label, chain_index, speed, stamina, strength, willpower, intelligence, hp, mood, skill_point, character_favor, event_condition, is_random_value, is_random_attribute, is_random_block_training, is_end_chained_event) VALUES (2286, 1297, 'Up', 3, 0, 0, 0, 0, 0, 15, 0, 0, 5, null, 0, 0, 0, 0);
INSERT INTO card_event_choices (choice_id, event_id, choice_label, chain_index, speed, stamina, strength, willpower, intelligence, hp, mood, skill_point, character_favor, event_condition, is_random_value, is_random_attribute, is_random_block_training, is_end_chained_event) VALUES (2287, 1297, 'Down', 3, 0, 0, 15, 0, 0, 0, 0, 0, 5, null, 0, 0, 0, 0);
INSERT INTO card_events (event_id, event_name, uma_id, uma_name, category) VALUES (1298, '華麗的旋律', 30114, 'daiichi-ruby', '隨機事件');
INSERT INTO card_event_choices (choice_id, event_id, choice_label, chain_index, speed, stamina, strength, willpower, intelligence, hp, mood, skill_point, character_favor, event_condition, is_random_value, is_random_attribute, is_random_block_training, is_end_chained_event) VALUES (2288, 1298, 'Up', 3, 0, 0, 0, 0, 0, 0, 0, 25, 5, null, 0, 0, 0, 0);
INSERT INTO card_event_choices (choice_id, event_id, choice_label, chain_index, speed, stamina, strength, willpower, intelligence, hp, mood, skill_point, character_favor, event_condition, is_random_value, is_random_attribute, is_random_block_training, is_end_chained_event) VALUES (2289, 1298, 'Down', 3, 0, 0, 0, 0, 0, 0, 0, 0, 5, null, 0, 0, 0, 0);
INSERT INTO card_table (count, uma_id, uma_name) VALUES (325, 30115, 'mejiro-palmer');
INSERT INTO card_events (event_id, event_name, uma_id, uma_name, category) VALUES (1299, '(❯) 因為我很會發糖果啊', 30115, 'mejiro-palmer', '連鎖事件');
INSERT INTO card_event_choices (choice_id, event_id, choice_label, chain_index, speed, stamina, strength, willpower, intelligence, hp, mood, skill_point, character_favor, event_condition, is_random_value, is_random_attribute, is_random_block_training, is_end_chained_event) VALUES (2290, 1299, 'Up', 1, 0, 0, 0, 0, 0, 0, 0, 30, 5, null, 0, 0, 0, 0);
INSERT INTO card_event_choices (choice_id, event_id, choice_label, chain_index, speed, stamina, strength, willpower, intelligence, hp, mood, skill_point, character_favor, event_condition, is_random_value, is_random_attribute, is_random_block_training, is_end_chained_event) VALUES (2291, 1299, 'Down', 1, 0, 0, 0, 0, 0, 30, 0, 0, 0, null, 0, 0, 0, 1);
INSERT INTO card_events (event_id, event_name, uma_id, uma_name, category) VALUES (1300, '(❯❯) 這樣我就滿足了啦', 30115, 'mejiro-palmer', '連鎖事件');
INSERT INTO card_event_choices (choice_id, event_id, choice_label, chain_index, speed, stamina, strength, willpower, intelligence, hp, mood, skill_point, character_favor, event_condition, is_random_value, is_random_attribute, is_random_block_training, is_end_chained_event) VALUES (2292, 1300, 'None', 2, 15, 0, 0, 0, 0, 0, 0, 0, 5, null, 0, 0, 0, 0);
INSERT INTO card_events (event_id, event_name, uma_id, uma_name, category) VALUES (1301, '(❯❯❯) 也想嚐嚐其他的「味道」', 30115, 'mejiro-palmer', '連鎖事件');
INSERT INTO card_event_choices (choice_id, event_id, choice_label, chain_index, speed, stamina, strength, willpower, intelligence, hp, mood, skill_point, character_favor, event_condition, is_random_value, is_random_attribute, is_random_block_training, is_end_chained_event) VALUES (2293, 1301, 'None', 3, 10, 10, 0, 0, 0, 0, 0, 0, 5, null, 1, 0, 0, 0);
INSERT INTO card_event_choices (choice_id, event_id, choice_label, chain_index, speed, stamina, strength, willpower, intelligence, hp, mood, skill_point, character_favor, event_condition, is_random_value, is_random_attribute, is_random_block_training, is_end_chained_event) VALUES (2294, 1301, 'None', 3, 15, 15, 0, 0, 0, 0, 0, 0, 5, null, 0, 0, 0, 0);
INSERT INTO card_events (event_id, event_name, uma_id, uma_name, category) VALUES (1302, '逃不掉的選擇？', 30115, 'mejiro-palmer', '隨機事件');
INSERT INTO card_event_choices (choice_id, event_id, choice_label, chain_index, speed, stamina, strength, willpower, intelligence, hp, mood, skill_point, character_favor, event_condition, is_random_value, is_random_attribute, is_random_block_training, is_end_chained_event) VALUES (2295, 1302, 'Up', 3, 0, 0, 0, 20, 0, -15, 0, 0, 5, null, 0, 0, 0, 0);
INSERT INTO card_event_choices (choice_id, event_id, choice_label, chain_index, speed, stamina, strength, willpower, intelligence, hp, mood, skill_point, character_favor, event_condition, is_random_value, is_random_attribute, is_random_block_training, is_end_chained_event) VALUES (2296, 1302, 'Down', 3, 0, 0, 5, 0, 0, 0, 0, 15, 5, null, 0, 0, 0, 0);
INSERT INTO card_events (event_id, event_name, uma_id, uma_name, category) VALUES (1303, '積極的逃避', 30115, 'mejiro-palmer', '隨機事件');
INSERT INTO card_event_choices (choice_id, event_id, choice_label, chain_index, speed, stamina, strength, willpower, intelligence, hp, mood, skill_point, character_favor, event_condition, is_random_value, is_random_attribute, is_random_block_training, is_end_chained_event) VALUES (2297, 1303, 'Up', 3, 0, 0, 0, 15, 0, 0, 0, 0, 5, null, 0, 0, 0, 0);
INSERT INTO card_event_choices (choice_id, event_id, choice_label, chain_index, speed, stamina, strength, willpower, intelligence, hp, mood, skill_point, character_favor, event_condition, is_random_value, is_random_attribute, is_random_block_training, is_end_chained_event) VALUES (2298, 1303, 'Down', 3, 0, 0, 0, 0, 0, 0, 0, 0, 5, null, 0, 0, 0, 0);
INSERT INTO card_table (count, uma_id, uma_name) VALUES (326, 30116, 'daitaku-helios');
INSERT INTO card_events (event_id, event_name, uma_id, uma_name, category) VALUES (1304, '(❯) 太陽的嗨翻天堂前日談☆', 30116, 'daitaku-helios', '連鎖事件');
INSERT INTO card_event_choices (choice_id, event_id, choice_label, chain_index, speed, stamina, strength, willpower, intelligence, hp, mood, skill_point, character_favor, event_condition, is_random_value, is_random_attribute, is_random_block_training, is_end_chained_event) VALUES (2299, 1304, 'None', 1, 5, 0, 0, 0, 0, 0, 0, 10, 5, null, 1, 0, 0, 0);
INSERT INTO card_event_choices (choice_id, event_id, choice_label, chain_index, speed, stamina, strength, willpower, intelligence, hp, mood, skill_point, character_favor, event_condition, is_random_value, is_random_attribute, is_random_block_training, is_end_chained_event) VALUES (2300, 1304, 'None', 1, 15, 0, 0, 0, 0, 0, 0, 20, 5, null, 0, 0, 0, 0);
INSERT INTO card_events (event_id, event_name, uma_id, uma_name, category) VALUES (1305, '(❯❯) 太陽的嗨翻天堂週揭幕！', 30116, 'daitaku-helios', '連鎖事件');
INSERT INTO card_event_choices (choice_id, event_id, choice_label, chain_index, speed, stamina, strength, willpower, intelligence, hp, mood, skill_point, character_favor, event_condition, is_random_value, is_random_attribute, is_random_block_training, is_end_chained_event) VALUES (2301, 1305, 'None', 2, 0, 0, 0, 0, 0, 0, 0, 15, 5, null, 1, 0, 0, 0);
INSERT INTO card_event_choices (choice_id, event_id, choice_label, chain_index, speed, stamina, strength, willpower, intelligence, hp, mood, skill_point, character_favor, event_condition, is_random_value, is_random_attribute, is_random_block_training, is_end_chained_event) VALUES (2302, 1305, 'None', 2, 0, 0, 0, 0, 0, 0, 0, 40, 10, null, 0, 0, 0, 0);
INSERT INTO card_events (event_id, event_name, uma_id, uma_name, category) VALUES (1306, '(❯❯❯) 嗨翻天堂延長賽！', 30116, 'daitaku-helios', '連鎖事件');
INSERT INTO card_event_choices (choice_id, event_id, choice_label, chain_index, speed, stamina, strength, willpower, intelligence, hp, mood, skill_point, character_favor, event_condition, is_random_value, is_random_attribute, is_random_block_training, is_end_chained_event) VALUES (2303, 1306, 'None', 3, 10, 0, 0, 5, 0, 0, 0, 10, 5, null, 1, 0, 0, 0);
INSERT INTO card_event_choices (choice_id, event_id, choice_label, chain_index, speed, stamina, strength, willpower, intelligence, hp, mood, skill_point, character_favor, event_condition, is_random_value, is_random_attribute, is_random_block_training, is_end_chained_event) VALUES (2304, 1306, 'None', 3, 15, 0, 0, 10, 0, 0, 0, 10, 5, null, 0, 0, 0, 0);
INSERT INTO card_events (event_id, event_name, uma_id, uma_name, category) VALUES (1307, '遭遇太陽☆', 30116, 'daitaku-helios', '隨機事件');
INSERT INTO card_event_choices (choice_id, event_id, choice_label, chain_index, speed, stamina, strength, willpower, intelligence, hp, mood, skill_point, character_favor, event_condition, is_random_value, is_random_attribute, is_random_block_training, is_end_chained_event) VALUES (2305, 1307, 'Up', 3, 0, 0, 10, 0, 0, 0, 0, 0, 5, null, 0, 0, 0, 0);
INSERT INTO card_event_choices (choice_id, event_id, choice_label, chain_index, speed, stamina, strength, willpower, intelligence, hp, mood, skill_point, character_favor, event_condition, is_random_value, is_random_attribute, is_random_block_training, is_end_chained_event) VALUES (2306, 1307, 'Down', 3, 0, 0, 0, 0, 0, 0, 0, 0, 5, '備受矚目', 0, 0, 0, 0);
INSERT INTO card_events (event_id, event_name, uma_id, uma_name, category) VALUES (1308, '笑容Forever', 30116, 'daitaku-helios', '隨機事件');
INSERT INTO card_event_choices (choice_id, event_id, choice_label, chain_index, speed, stamina, strength, willpower, intelligence, hp, mood, skill_point, character_favor, event_condition, is_random_value, is_random_attribute, is_random_block_training, is_end_chained_event) VALUES (2307, 1308, 'Up', 3, 5, 0, 10, 0, 0, 0, 0, 0, 5, null, 0, 0, 0, 0);
INSERT INTO card_event_choices (choice_id, event_id, choice_label, chain_index, speed, stamina, strength, willpower, intelligence, hp, mood, skill_point, character_favor, event_condition, is_random_value, is_random_attribute, is_random_block_training, is_end_chained_event) VALUES (2308, 1308, 'Down', 3, 0, 0, 0, 0, 0, 0, 0, 0, 5, null, 0, 0, 0, 0);
INSERT INTO card_table (count, uma_id, uma_name) VALUES (327, 30117, 'shinko-windy');
INSERT INTO card_events (event_id, event_name, uma_id, uma_name, category) VALUES (1309, '(❯) 太一成不變了嗎！？', 30117, 'shinko-windy', '連鎖事件');
INSERT INTO card_event_choices (choice_id, event_id, choice_label, chain_index, speed, stamina, strength, willpower, intelligence, hp, mood, skill_point, character_favor, event_condition, is_random_value, is_random_attribute, is_random_block_training, is_end_chained_event) VALUES (2309, 1309, 'None', 1, 15, 0, 0, 0, 0, 0, 0, 0, 5, null, 0, 0, 0, 0);
INSERT INTO card_events (event_id, event_name, uma_id, uma_name, category) VALUES (1310, '(❯❯) 嚇人的計畫喔！', 30117, 'shinko-windy', '連鎖事件');
INSERT INTO card_event_choices (choice_id, event_id, choice_label, chain_index, speed, stamina, strength, willpower, intelligence, hp, mood, skill_point, character_favor, event_condition, is_random_value, is_random_attribute, is_random_block_training, is_end_chained_event) VALUES (2310, 1310, 'None', 2, 0, 0, 15, 0, 0, 0, 0, 0, 5, null, 0, 0, 0, 0);
INSERT INTO card_events (event_id, event_name, uma_id, uma_name, category) VALUES (1311, '(❯❯❯) 實行計畫啦！', 30117, 'shinko-windy', '連鎖事件');
INSERT INTO card_event_choices (choice_id, event_id, choice_label, chain_index, speed, stamina, strength, willpower, intelligence, hp, mood, skill_point, character_favor, event_condition, is_random_value, is_random_attribute, is_random_block_training, is_end_chained_event) VALUES (2311, 1311, 'None', 3, 0, 0, 0, 20, 0, 0, 0, 10, 5, null, 0, 0, 0, 0);
INSERT INTO card_events (event_id, event_name, uma_id, uma_name, category) VALUES (1312, '一口氣撲滅！', 30117, 'shinko-windy', '隨機事件');
INSERT INTO card_event_choices (choice_id, event_id, choice_label, chain_index, speed, stamina, strength, willpower, intelligence, hp, mood, skill_point, character_favor, event_condition, is_random_value, is_random_attribute, is_random_block_training, is_end_chained_event) VALUES (2312, 1312, 'Up', 3, 3, 0, 0, 0, 0, 0, 1, 0, 5, null, 0, 0, 0, 0);
INSERT INTO card_event_choices (choice_id, event_id, choice_label, chain_index, speed, stamina, strength, willpower, intelligence, hp, mood, skill_point, character_favor, event_condition, is_random_value, is_random_attribute, is_random_block_training, is_end_chained_event) VALUES (2313, 1312, 'Down', 3, 0, 0, 0, 0, 0, 10, 0, 5, 5, null, 0, 0, 0, 0);
INSERT INTO card_events (event_id, event_name, uma_id, uma_name, category) VALUES (1313, '一口氣突擊！', 30117, 'shinko-windy', '隨機事件');
INSERT INTO card_event_choices (choice_id, event_id, choice_label, chain_index, speed, stamina, strength, willpower, intelligence, hp, mood, skill_point, character_favor, event_condition, is_random_value, is_random_attribute, is_random_block_training, is_end_chained_event) VALUES (2314, 1313, 'Up', 3, 0, 0, 0, 0, 0, 0, 0, 15, 5, null, 0, 0, 0, 0);
INSERT INTO card_event_choices (choice_id, event_id, choice_label, chain_index, speed, stamina, strength, willpower, intelligence, hp, mood, skill_point, character_favor, event_condition, is_random_value, is_random_attribute, is_random_block_training, is_end_chained_event) VALUES (2315, 1313, 'Down', 3, 3, 0, 0, 0, 0, 0, 0, 0, 5, null, 0, 0, 0, 0);
INSERT INTO card_table (count, uma_id, uma_name) VALUES (328, 30118, 'symboli-kris-s');
INSERT INTO card_events (event_id, event_name, uma_id, uma_name, category) VALUES (1314, '(❯) 克莉斯耶絲流休假', 30118, 'symboli-kris-s', '連鎖事件');
INSERT INTO card_event_choices (choice_id, event_id, choice_label, chain_index, speed, stamina, strength, willpower, intelligence, hp, mood, skill_point, character_favor, event_condition, is_random_value, is_random_attribute, is_random_block_training, is_end_chained_event) VALUES (2316, 1314, 'Up', 1, 0, 0, 0, 0, 0, 4, 1, 0, 5, null, 0, 0, 0, 0);
INSERT INTO card_event_choices (choice_id, event_id, choice_label, chain_index, speed, stamina, strength, willpower, intelligence, hp, mood, skill_point, character_favor, event_condition, is_random_value, is_random_attribute, is_random_block_training, is_end_chained_event) VALUES (2317, 1314, 'Down', 1, 0, 7, 7, 7, 0, 0, 0, 0, 5, null, 0, 0, 0, 0);
INSERT INTO card_events (event_id, event_name, uma_id, uma_name, category) VALUES (1315, '(❯❯) 大相逕庭的自尊心', 30118, 'symboli-kris-s', '連鎖事件');
INSERT INTO card_event_choices (choice_id, event_id, choice_label, chain_index, speed, stamina, strength, willpower, intelligence, hp, mood, skill_point, character_favor, event_condition, is_random_value, is_random_attribute, is_random_block_training, is_end_chained_event) VALUES (2318, 1315, 'None', 2, 0, 0, 0, 10, 0, 15, 0, 0, 5, null, 0, 0, 0, 0);
INSERT INTO card_events (event_id, event_name, uma_id, uma_name, category) VALUES (1316, '(❯❯❯) 魔鬼教官克莉斯耶絲', 30118, 'symboli-kris-s', '連鎖事件');
INSERT INTO card_event_choices (choice_id, event_id, choice_label, chain_index, speed, stamina, strength, willpower, intelligence, hp, mood, skill_point, character_favor, event_condition, is_random_value, is_random_attribute, is_random_block_training, is_end_chained_event) VALUES (2319, 1316, 'None', 3, 0, 15, 0, 15, 0, 0, 0, 10, 5, null, 0, 0, 0, 0);
INSERT INTO card_events (event_id, event_name, uma_id, uma_name, category) VALUES (1317, '專家的心境', 30118, 'symboli-kris-s', '隨機事件');
INSERT INTO card_event_choices (choice_id, event_id, choice_label, chain_index, speed, stamina, strength, willpower, intelligence, hp, mood, skill_point, character_favor, event_condition, is_random_value, is_random_attribute, is_random_block_training, is_end_chained_event) VALUES (2320, 1317, 'Up', 3, 0, 0, 0, 25, 0, 0, 0, 0, 5, null, 0, 0, 0, 0);
INSERT INTO card_event_choices (choice_id, event_id, choice_label, chain_index, speed, stamina, strength, willpower, intelligence, hp, mood, skill_point, character_favor, event_condition, is_random_value, is_random_attribute, is_random_block_training, is_end_chained_event) VALUES (2321, 1317, 'Down', 3, 0, 0, 0, 0, 0, 15, 0, 0, 5, null, 0, 0, 0, 0);
INSERT INTO card_events (event_id, event_name, uma_id, uma_name, category) VALUES (1318, '專家的心態', 30118, 'symboli-kris-s', '隨機事件');
INSERT INTO card_event_choices (choice_id, event_id, choice_label, chain_index, speed, stamina, strength, willpower, intelligence, hp, mood, skill_point, character_favor, event_condition, is_random_value, is_random_attribute, is_random_block_training, is_end_chained_event) VALUES (2322, 1318, 'Up', 3, 0, 15, 0, 0, 0, 0, 0, 0, 5, null, 0, 0, 0, 0);
INSERT INTO card_event_choices (choice_id, event_id, choice_label, chain_index, speed, stamina, strength, willpower, intelligence, hp, mood, skill_point, character_favor, event_condition, is_random_value, is_random_attribute, is_random_block_training, is_end_chained_event) VALUES (2323, 1318, 'Down', 3, 0, 0, 0, 0, 0, 0, 0, 0, 5, null, 0, 0, 0, 0);
INSERT INTO card_table (count, uma_id, uma_name) VALUES (329, 30119, 'mejiro-ardan');
INSERT INTO card_events (event_id, event_name, uma_id, uma_name, category) VALUES (1319, '(❯) 來幻想看看吧', 30119, 'mejiro-ardan', '連鎖事件');
INSERT INTO card_event_choices (choice_id, event_id, choice_label, chain_index, speed, stamina, strength, willpower, intelligence, hp, mood, skill_point, character_favor, event_condition, is_random_value, is_random_attribute, is_random_block_training, is_end_chained_event) VALUES (2324, 1319, 'Up', 1, 0, 0, 0, 0, 0, 15, 0, 0, 0, null, 0, 0, 0, 0);
INSERT INTO card_event_choices (choice_id, event_id, choice_label, chain_index, speed, stamina, strength, willpower, intelligence, hp, mood, skill_point, character_favor, event_condition, is_random_value, is_random_attribute, is_random_block_training, is_end_chained_event) VALUES (2325, 1319, 'Down', 1, 15, 0, 0, 0, 0, 0, 0, 0, 0, null, 0, 0, 0, 0);
INSERT INTO card_events (event_id, event_name, uma_id, uma_name, category) VALUES (1320, '(❯❯) 來唸故事給大家聽吧', 30119, 'mejiro-ardan', '連鎖事件');
INSERT INTO card_event_choices (choice_id, event_id, choice_label, chain_index, speed, stamina, strength, willpower, intelligence, hp, mood, skill_point, character_favor, event_condition, is_random_value, is_random_attribute, is_random_block_training, is_end_chained_event) VALUES (2326, 1320, 'None', 2, 10, 0, 0, 0, 0, 0, 0, 5, 5, null, 0, 0, 0, 0);
INSERT INTO card_events (event_id, event_name, uma_id, uma_name, category) VALUES (1321, '(❯❯❯) 來體驗看看吧', 30119, 'mejiro-ardan', '連鎖事件');
INSERT INTO card_event_choices (choice_id, event_id, choice_label, chain_index, speed, stamina, strength, willpower, intelligence, hp, mood, skill_point, character_favor, event_condition, is_random_value, is_random_attribute, is_random_block_training, is_end_chained_event) VALUES (2327, 1321, 'None', 3, 10, 0, 0, 0, 0, 0, 0, 0, 5, null, 0, 0, 0, 0);
INSERT INTO card_events (event_id, event_name, uma_id, uma_name, category) VALUES (1322, '玻璃少女想學習', 30119, 'mejiro-ardan', '隨機事件');
INSERT INTO card_event_choices (choice_id, event_id, choice_label, chain_index, speed, stamina, strength, willpower, intelligence, hp, mood, skill_point, character_favor, event_condition, is_random_value, is_random_attribute, is_random_block_training, is_end_chained_event) VALUES (2328, 1322, 'Up', 3, 10, 0, 0, 0, 0, 0, 0, 0, 5, null, 0, 0, 0, 0);
INSERT INTO card_event_choices (choice_id, event_id, choice_label, chain_index, speed, stamina, strength, willpower, intelligence, hp, mood, skill_point, character_favor, event_condition, is_random_value, is_random_attribute, is_random_block_training, is_end_chained_event) VALUES (2329, 1322, 'Down', 3, 0, 0, 0, 0, 5, 10, 0, 0, 5, null, 0, 0, 0, 0);
INSERT INTO card_events (event_id, event_name, uma_id, uma_name, category) VALUES (1323, '玻璃少女想遊戲', 30119, 'mejiro-ardan', '隨機事件');
INSERT INTO card_event_choices (choice_id, event_id, choice_label, chain_index, speed, stamina, strength, willpower, intelligence, hp, mood, skill_point, character_favor, event_condition, is_random_value, is_random_attribute, is_random_block_training, is_end_chained_event) VALUES (2330, 1323, 'Up', 3, 10, 0, 0, 0, 10, 0, 0, 0, 5, null, 0, 0, 0, 0);
INSERT INTO card_event_choices (choice_id, event_id, choice_label, chain_index, speed, stamina, strength, willpower, intelligence, hp, mood, skill_point, character_favor, event_condition, is_random_value, is_random_attribute, is_random_block_training, is_end_chained_event) VALUES (2331, 1323, 'Down', 3, 0, 0, 0, 0, 0, 0, 0, 0, 5, null, 0, 0, 0, 0);
INSERT INTO card_table (count, uma_id, uma_name) VALUES (330, 30120, 'yaeno-muteki');
INSERT INTO card_events (event_id, event_name, uma_id, uma_name, category) VALUES (1324, '(❯) 一、審視自己', 30120, 'yaeno-muteki', '連鎖事件');
INSERT INTO card_event_choices (choice_id, event_id, choice_label, chain_index, speed, stamina, strength, willpower, intelligence, hp, mood, skill_point, character_favor, event_condition, is_random_value, is_random_attribute, is_random_block_training, is_end_chained_event) VALUES (2332, 1324, 'None', 1, 10, 0, 10, 10, 0, 0, 0, 0, 5, null, 1, 0, 0, 0);
INSERT INTO card_event_choices (choice_id, event_id, choice_label, chain_index, speed, stamina, strength, willpower, intelligence, hp, mood, skill_point, character_favor, event_condition, is_random_value, is_random_attribute, is_random_block_training, is_end_chained_event) VALUES (2333, 1324, 'None', 1, 5, 0, 5, 5, 0, 0, 0, 0, 5, null, 0, 0, 0, 0);
INSERT INTO card_events (event_id, event_name, uma_id, uma_name, category) VALUES (1325, '(❯❯) 二、決定該做的事', 30120, 'yaeno-muteki', '連鎖事件');
INSERT INTO card_event_choices (choice_id, event_id, choice_label, chain_index, speed, stamina, strength, willpower, intelligence, hp, mood, skill_point, character_favor, event_condition, is_random_value, is_random_attribute, is_random_block_training, is_end_chained_event) VALUES (2334, 1325, 'None', 2, 0, 0, 0, 0, 0, 0, 0, 40, 5, null, 1, 0, 0, 0);
INSERT INTO card_event_choices (choice_id, event_id, choice_label, chain_index, speed, stamina, strength, willpower, intelligence, hp, mood, skill_point, character_favor, event_condition, is_random_value, is_random_attribute, is_random_block_training, is_end_chained_event) VALUES (2335, 1325, 'None', 2, 0, 0, 0, 0, 0, 0, 0, 15, 5, null, 0, 0, 0, 0);
INSERT INTO card_events (event_id, event_name, uma_id, uma_name, category) VALUES (1326, '(❯❯❯) 三、吸引人的鬥志', 30120, 'yaeno-muteki', '連鎖事件');
INSERT INTO card_event_choices (choice_id, event_id, choice_label, chain_index, speed, stamina, strength, willpower, intelligence, hp, mood, skill_point, character_favor, event_condition, is_random_value, is_random_attribute, is_random_block_training, is_end_chained_event) VALUES (2336, 1326, 'None', 3, 7, 0, 7, 7, 0, 0, 0, 15, 0, null, 1, 0, 0, 0);
INSERT INTO card_event_choices (choice_id, event_id, choice_label, chain_index, speed, stamina, strength, willpower, intelligence, hp, mood, skill_point, character_favor, event_condition, is_random_value, is_random_attribute, is_random_block_training, is_end_chained_event) VALUES (2337, 1326, 'None', 3, 7, 0, 0, 0, 0, 0, 0, 15, 0, null, 0, 0, 0, 0);
INSERT INTO card_event_choices (choice_id, event_id, choice_label, chain_index, speed, stamina, strength, willpower, intelligence, hp, mood, skill_point, character_favor, event_condition, is_random_value, is_random_attribute, is_random_block_training, is_end_chained_event) VALUES (2338, 1326, 'None', 3, 0, 0, 0, 0, 0, 0, 0, 15, 0, null, 0, 0, 0, 0);
INSERT INTO card_events (event_id, event_name, uma_id, uma_name, category) VALUES (1327, '剛毅木訥，近仁', 30120, 'yaeno-muteki', '隨機事件');
INSERT INTO card_event_choices (choice_id, event_id, choice_label, chain_index, speed, stamina, strength, willpower, intelligence, hp, mood, skill_point, character_favor, event_condition, is_random_value, is_random_attribute, is_random_block_training, is_end_chained_event) VALUES (2339, 1327, 'Up', 3, 10, 0, 0, 0, 0, 0, 0, 0, 5, null, 0, 0, 0, 0);
INSERT INTO card_event_choices (choice_id, event_id, choice_label, chain_index, speed, stamina, strength, willpower, intelligence, hp, mood, skill_point, character_favor, event_condition, is_random_value, is_random_attribute, is_random_block_training, is_end_chained_event) VALUES (2340, 1327, 'Down', 3, 0, 0, 5, 0, 0, 0, 1, 0, 5, null, 0, 0, 0, 0);
INSERT INTO card_events (event_id, event_name, uma_id, uma_name, category) VALUES (1328, '啊啊，想守護……！', 30120, 'yaeno-muteki', '隨機事件');
INSERT INTO card_event_choices (choice_id, event_id, choice_label, chain_index, speed, stamina, strength, willpower, intelligence, hp, mood, skill_point, character_favor, event_condition, is_random_value, is_random_attribute, is_random_block_training, is_end_chained_event) VALUES (2341, 1328, 'Up', 3, 0, 10, 10, 0, 0, 0, 0, 0, 5, null, 0, 0, 0, 0);
INSERT INTO card_event_choices (choice_id, event_id, choice_label, chain_index, speed, stamina, strength, willpower, intelligence, hp, mood, skill_point, character_favor, event_condition, is_random_value, is_random_attribute, is_random_block_training, is_end_chained_event) VALUES (2342, 1328, 'Down', 3, 0, 0, 0, 0, 0, 0, 0, 0, 5, null, 0, 0, 0, 0);
INSERT INTO card_table (count, uma_id, uma_name) VALUES (331, 30121, 'mihono-bourbon');
INSERT INTO card_events (event_id, event_name, uma_id, uma_name, category) VALUES (1329, '(❯) 重新執行工作', 30121, 'mihono-bourbon', '連鎖事件');
INSERT INTO card_event_choices (choice_id, event_id, choice_label, chain_index, speed, stamina, strength, willpower, intelligence, hp, mood, skill_point, character_favor, event_condition, is_random_value, is_random_attribute, is_random_block_training, is_end_chained_event) VALUES (2343, 1329, 'Up', 1, 0, 0, 0, 0, 0, 5, 1, 0, 5, null, 0, 0, 0, 0);
INSERT INTO card_event_choices (choice_id, event_id, choice_label, chain_index, speed, stamina, strength, willpower, intelligence, hp, mood, skill_point, character_favor, event_condition, is_random_value, is_random_attribute, is_random_block_training, is_end_chained_event) VALUES (2344, 1329, 'Down', 1, 10, 0, 0, 0, 0, 0, 0, 0, 5, null, 0, 0, 0, 0);
INSERT INTO card_events (event_id, event_name, uma_id, uma_name, category) VALUES (1330, '(❯❯) 共同要素是……？', 30121, 'mihono-bourbon', '連鎖事件');
INSERT INTO card_event_choices (choice_id, event_id, choice_label, chain_index, speed, stamina, strength, willpower, intelligence, hp, mood, skill_point, character_favor, event_condition, is_random_value, is_random_attribute, is_random_block_training, is_end_chained_event) VALUES (2345, 1330, 'None', 2, 10, 0, 0, 0, 0, 0, 0, 15, 5, null, 0, 0, 0, 0);
INSERT INTO card_events (event_id, event_name, uma_id, uma_name, category) VALUES (1331, '(❯❯❯) 粉絲感謝企畫抽獎會！', 30121, 'mihono-bourbon', '連鎖事件');
INSERT INTO card_event_choices (choice_id, event_id, choice_label, chain_index, speed, stamina, strength, willpower, intelligence, hp, mood, skill_point, character_favor, event_condition, is_random_value, is_random_attribute, is_random_block_training, is_end_chained_event) VALUES (2346, 1331, 'None', 3, 10, 0, 0, 0, 0, 0, 0, 0, 5, null, 0, 0, 0, 0);
INSERT INTO card_events (event_id, event_name, uma_id, uma_name, category) VALUES (1332, '不可危及他人', 30121, 'mihono-bourbon', '隨機事件');
INSERT INTO card_event_choices (choice_id, event_id, choice_label, chain_index, speed, stamina, strength, willpower, intelligence, hp, mood, skill_point, character_favor, event_condition, is_random_value, is_random_attribute, is_random_block_training, is_end_chained_event) VALUES (2347, 1332, 'Up', 3, 0, 5, 15, 0, 0, -10, 0, 0, 5, null, 0, 0, 0, 0);
INSERT INTO card_event_choices (choice_id, event_id, choice_label, chain_index, speed, stamina, strength, willpower, intelligence, hp, mood, skill_point, character_favor, event_condition, is_random_value, is_random_attribute, is_random_block_training, is_end_chained_event) VALUES (2348, 1332, 'Down', 3, 0, 0, 0, 0, 5, 10, 0, 0, 5, null, 0, 0, 0, 0);
INSERT INTO card_events (event_id, event_name, uma_id, uma_name, category) VALUES (1333, '不可違反命令', 30121, 'mihono-bourbon', '隨機事件');
INSERT INTO card_event_choices (choice_id, event_id, choice_label, chain_index, speed, stamina, strength, willpower, intelligence, hp, mood, skill_point, character_favor, event_condition, is_random_value, is_random_attribute, is_random_block_training, is_end_chained_event) VALUES (2349, 1333, 'Up', 3, 0, 0, 0, 0, 0, 0, 0, 0, 5, null, 0, 0, 0, 0);
INSERT INTO card_event_choices (choice_id, event_id, choice_label, chain_index, speed, stamina, strength, willpower, intelligence, hp, mood, skill_point, character_favor, event_condition, is_random_value, is_random_attribute, is_random_block_training, is_end_chained_event) VALUES (2350, 1333, 'Down', 3, 10, 0, 0, 0, 0, 0, 0, 15, 5, null, 0, 0, 0, 0);
INSERT INTO card_table (count, uma_id, uma_name) VALUES (332, 30122, 'eishin-flash');
INSERT INTO card_events (event_id, event_name, uma_id, uma_name, category) VALUES (1334, '(❯) 汝應成為辣妹的守護者', 30122, 'eishin-flash', '連鎖事件');
INSERT INTO card_event_choices (choice_id, event_id, choice_label, chain_index, speed, stamina, strength, willpower, intelligence, hp, mood, skill_point, character_favor, event_condition, is_random_value, is_random_attribute, is_random_block_training, is_end_chained_event) VALUES (2351, 1334, 'None', 1, 0, 0, 0, 0, 0, 14, 0, 10, 5, null, 0, 0, 0, 0);
INSERT INTO card_events (event_id, event_name, uma_id, uma_name, category) VALUES (1335, '(❯❯) 汝應成為賽馬娘偶像並炒熱氣氛', 30122, 'eishin-flash', '連鎖事件');
INSERT INTO card_event_choices (choice_id, event_id, choice_label, chain_index, speed, stamina, strength, willpower, intelligence, hp, mood, skill_point, character_favor, event_condition, is_random_value, is_random_attribute, is_random_block_training, is_end_chained_event) VALUES (2352, 1335, 'Up', 2, 15, 0, 0, 0, 10, 0, 0, 0, 5, null, 0, 0, 0, 0);
INSERT INTO card_event_choices (choice_id, event_id, choice_label, chain_index, speed, stamina, strength, willpower, intelligence, hp, mood, skill_point, character_favor, event_condition, is_random_value, is_random_attribute, is_random_block_training, is_end_chained_event) VALUES (2353, 1335, 'Down', 2, 0, 0, 10, 0, 0, 30, 0, 0, 5, null, 1, 0, 0, 0);
INSERT INTO card_event_choices (choice_id, event_id, choice_label, chain_index, speed, stamina, strength, willpower, intelligence, hp, mood, skill_point, character_favor, event_condition, is_random_value, is_random_attribute, is_random_block_training, is_end_chained_event) VALUES (2354, 1335, 'Down', 2, 0, 0, 5, 0, 0, 10, 0, 0, 5, null, 0, 0, 0, 0);
INSERT INTO card_events (event_id, event_name, uma_id, uma_name, category) VALUES (1336, '(❯❯❯) 汝應喜愛深愛著苫小牧的朋友', 30122, 'eishin-flash', '連鎖事件');
INSERT INTO card_event_choices (choice_id, event_id, choice_label, chain_index, speed, stamina, strength, willpower, intelligence, hp, mood, skill_point, character_favor, event_condition, is_random_value, is_random_attribute, is_random_block_training, is_end_chained_event) VALUES (2355, 1336, 'None', 3, 5, 0, 0, 0, 0, 10, 0, 5, 5, null, 1, 0, 0, 0);
INSERT INTO card_event_choices (choice_id, event_id, choice_label, chain_index, speed, stamina, strength, willpower, intelligence, hp, mood, skill_point, character_favor, event_condition, is_random_value, is_random_attribute, is_random_block_training, is_end_chained_event) VALUES (2356, 1336, 'None', 3, 10, 0, 0, 0, 0, 20, 0, 10, 5, null, 0, 0, 0, 0);
INSERT INTO card_events (event_id, event_name, uma_id, uma_name, category) VALUES (1337, '預料之外的午餐', 30122, 'eishin-flash', '隨機事件');
INSERT INTO card_event_choices (choice_id, event_id, choice_label, chain_index, speed, stamina, strength, willpower, intelligence, hp, mood, skill_point, character_favor, event_condition, is_random_value, is_random_attribute, is_random_block_training, is_end_chained_event) VALUES (2357, 1337, 'Up', 3, 0, 0, 0, 0, 0, 15, 0, 0, 5, null, 0, 0, 0, 0);
INSERT INTO card_event_choices (choice_id, event_id, choice_label, chain_index, speed, stamina, strength, willpower, intelligence, hp, mood, skill_point, character_favor, event_condition, is_random_value, is_random_attribute, is_random_block_training, is_end_chained_event) VALUES (2358, 1337, 'Down', 3, 5, 0, 0, 5, 0, 0, 0, 0, 5, null, 0, 0, 0, 0);
INSERT INTO card_events (event_id, event_name, uma_id, uma_name, category) VALUES (1338, '應對突發狀況的方式', 30122, 'eishin-flash', '隨機事件');
INSERT INTO card_event_choices (choice_id, event_id, choice_label, chain_index, speed, stamina, strength, willpower, intelligence, hp, mood, skill_point, character_favor, event_condition, is_random_value, is_random_attribute, is_random_block_training, is_end_chained_event) VALUES (2359, 1338, 'Up', 3, 0, 0, 0, 10, 0, 0, 0, 0, 5, null, 0, 0, 0, 0);
INSERT INTO card_event_choices (choice_id, event_id, choice_label, chain_index, speed, stamina, strength, willpower, intelligence, hp, mood, skill_point, character_favor, event_condition, is_random_value, is_random_attribute, is_random_block_training, is_end_chained_event) VALUES (2360, 1338, 'Down', 3, 0, 0, 0, 0, 0, 0, 0, 0, 5, null, 0, 0, 0, 0);
INSERT INTO card_table (count, uma_id, uma_name) VALUES (333, 30123, 'narita-brian');
INSERT INTO card_events (event_id, event_name, uma_id, uma_name, category) VALUES (1339, '(❯) 浮於混沌的神祕之火', 30123, 'narita-brian', '連鎖事件');
INSERT INTO card_event_choices (choice_id, event_id, choice_label, chain_index, speed, stamina, strength, willpower, intelligence, hp, mood, skill_point, character_favor, event_condition, is_random_value, is_random_attribute, is_random_block_training, is_end_chained_event) VALUES (2361, 1339, 'Up', 1, 0, 10, 10, 0, 0, 0, 0, 0, 5, null, 0, 0, 0, 0);
INSERT INTO card_event_choices (choice_id, event_id, choice_label, chain_index, speed, stamina, strength, willpower, intelligence, hp, mood, skill_point, character_favor, event_condition, is_random_value, is_random_attribute, is_random_block_training, is_end_chained_event) VALUES (2362, 1339, 'Down', 1, 0, 0, 0, 0, 0, 15, 1, 0, 5, null, 0, 0, 0, 0);
INSERT INTO card_events (event_id, event_name, uma_id, uma_name, category) VALUES (1340, '(❯❯) 現在仍未察覺到那道光芒', 30123, 'narita-brian', '連鎖事件');
INSERT INTO card_event_choices (choice_id, event_id, choice_label, chain_index, speed, stamina, strength, willpower, intelligence, hp, mood, skill_point, character_favor, event_condition, is_random_value, is_random_attribute, is_random_block_training, is_end_chained_event) VALUES (2363, 1340, 'None', 2, 0, 10, 10, 0, 0, 0, 0, 0, 5, null, 0, 0, 0, 0);
INSERT INTO card_events (event_id, event_name, uma_id, uma_name, category) VALUES (1341, '(❯❯❯) 不善言辭的兩人', 30123, 'narita-brian', '連鎖事件');
INSERT INTO card_event_choices (choice_id, event_id, choice_label, chain_index, speed, stamina, strength, willpower, intelligence, hp, mood, skill_point, character_favor, event_condition, is_random_value, is_random_attribute, is_random_block_training, is_end_chained_event) VALUES (2364, 1341, 'None', 3, 0, 15, 15, 0, 0, 0, 0, 0, 5, null, 1, 0, 0, 0);
INSERT INTO card_event_choices (choice_id, event_id, choice_label, chain_index, speed, stamina, strength, willpower, intelligence, hp, mood, skill_point, character_favor, event_condition, is_random_value, is_random_attribute, is_random_block_training, is_end_chained_event) VALUES (2365, 1341, 'None', 3, 0, 7, 7, 0, 0, 0, 0, 0, 5, null, 0, 0, 0, 0);
INSERT INTO card_events (event_id, event_name, uma_id, uma_name, category) VALUES (1342, '學生會幹部！', 30123, 'narita-brian', '隨機事件');
INSERT INTO card_event_choices (choice_id, event_id, choice_label, chain_index, speed, stamina, strength, willpower, intelligence, hp, mood, skill_point, character_favor, event_condition, is_random_value, is_random_attribute, is_random_block_training, is_end_chained_event) VALUES (2366, 1342, 'Up', 3, 5, 0, 0, 0, 0, 0, 1, 0, 5, null, 0, 0, 0, 0);
INSERT INTO card_event_choices (choice_id, event_id, choice_label, chain_index, speed, stamina, strength, willpower, intelligence, hp, mood, skill_point, character_favor, event_condition, is_random_value, is_random_attribute, is_random_block_training, is_end_chained_event) VALUES (2367, 1342, 'Down', 3, 0, 0, 0, 0, 0, 4, 0, 0, 5, null, 0, 0, 0, 0);
INSERT INTO card_events (event_id, event_name, uma_id, uma_name, category) VALUES (1343, '獨行俠', 30123, 'narita-brian', '隨機事件');
INSERT INTO card_event_choices (choice_id, event_id, choice_label, chain_index, speed, stamina, strength, willpower, intelligence, hp, mood, skill_point, character_favor, event_condition, is_random_value, is_random_attribute, is_random_block_training, is_end_chained_event) VALUES (2368, 1343, 'Up', 3, 3, 3, 3, 0, 0, 0, 0, 0, 5, null, 0, 0, 0, 0);
INSERT INTO card_event_choices (choice_id, event_id, choice_label, chain_index, speed, stamina, strength, willpower, intelligence, hp, mood, skill_point, character_favor, event_condition, is_random_value, is_random_attribute, is_random_block_training, is_end_chained_event) VALUES (2369, 1343, 'Down', 3, 0, 0, 0, 0, 0, 0, 0, 0, 5, null, 0, 0, 0, 0);
INSERT INTO card_table (count, uma_id, uma_name) VALUES (334, 30124, 'air-groove');
INSERT INTO card_events (event_id, event_name, uma_id, uma_name, category) VALUES (1344, '(❯) 異端分子降臨', 30124, 'air-groove', '連鎖事件');
INSERT INTO card_event_choices (choice_id, event_id, choice_label, chain_index, speed, stamina, strength, willpower, intelligence, hp, mood, skill_point, character_favor, event_condition, is_random_value, is_random_attribute, is_random_block_training, is_end_chained_event) VALUES (2370, 1344, 'None', 1, 7, 0, 0, 0, 7, 0, 0, 0, 5, null, 1, 0, 0, 0);
INSERT INTO card_event_choices (choice_id, event_id, choice_label, chain_index, speed, stamina, strength, willpower, intelligence, hp, mood, skill_point, character_favor, event_condition, is_random_value, is_random_attribute, is_random_block_training, is_end_chained_event) VALUES (2371, 1344, 'None', 1, 10, 0, 0, 0, 10, 0, 0, 0, 10, null, 0, 0, 0, 0);
INSERT INTO card_events (event_id, event_name, uma_id, uma_name, category) VALUES (1345, '(❯❯) 是妳的雙腳幫上了忙', 30124, 'air-groove', '連鎖事件');
INSERT INTO card_event_choices (choice_id, event_id, choice_label, chain_index, speed, stamina, strength, willpower, intelligence, hp, mood, skill_point, character_favor, event_condition, is_random_value, is_random_attribute, is_random_block_training, is_end_chained_event) VALUES (2372, 1345, 'Up', 2, 0, 0, 0, 0, 0, 0, 0, 20, 5, null, 0, 0, 0, 0);
INSERT INTO card_event_choices (choice_id, event_id, choice_label, chain_index, speed, stamina, strength, willpower, intelligence, hp, mood, skill_point, character_favor, event_condition, is_random_value, is_random_attribute, is_random_block_training, is_end_chained_event) VALUES (2373, 1345, 'Down', 2, 0, 0, 0, 0, 10, 20, 0, 0, 5, null, 0, 0, 0, 0);
INSERT INTO card_events (event_id, event_name, uma_id, uma_name, category) VALUES (1346, '(❯❯❯) 過去的那一晚，星光熠熠', 30124, 'air-groove', '連鎖事件');
INSERT INTO card_event_choices (choice_id, event_id, choice_label, chain_index, speed, stamina, strength, willpower, intelligence, hp, mood, skill_point, character_favor, event_condition, is_random_value, is_random_attribute, is_random_block_training, is_end_chained_event) VALUES (2374, 1346, 'None', 3, 10, 0, 0, 0, 10, 0, 0, 0, 5, null, 0, 0, 0, 0);
INSERT INTO card_events (event_id, event_name, uma_id, uma_name, category) VALUES (1347, '剛柔並濟', 30124, 'air-groove', '隨機事件');
INSERT INTO card_event_choices (choice_id, event_id, choice_label, chain_index, speed, stamina, strength, willpower, intelligence, hp, mood, skill_point, character_favor, event_condition, is_random_value, is_random_attribute, is_random_block_training, is_end_chained_event) VALUES (2375, 1347, 'Up', 3, 0, 0, 0, 0, 0, 0, 0, 0, 5, null, 0, 0, 0, 0);
INSERT INTO card_event_choices (choice_id, event_id, choice_label, chain_index, speed, stamina, strength, willpower, intelligence, hp, mood, skill_point, character_favor, event_condition, is_random_value, is_random_attribute, is_random_block_training, is_end_chained_event) VALUES (2376, 1347, 'Down', 3, 0, 0, 0, 0, 10, 10, 0, 0, 5, null, 0, 0, 0, 0);
INSERT INTO card_events (event_id, event_name, uma_id, uma_name, category) VALUES (1348, '聰敏而鐵腕', 30124, 'air-groove', '隨機事件');
INSERT INTO card_event_choices (choice_id, event_id, choice_label, chain_index, speed, stamina, strength, willpower, intelligence, hp, mood, skill_point, character_favor, event_condition, is_random_value, is_random_attribute, is_random_block_training, is_end_chained_event) VALUES (2377, 1348, 'Up', 3, 0, 0, 15, 0, 0, 0, 0, 0, 5, null, 0, 0, 0, 0);
INSERT INTO card_event_choices (choice_id, event_id, choice_label, chain_index, speed, stamina, strength, willpower, intelligence, hp, mood, skill_point, character_favor, event_condition, is_random_value, is_random_attribute, is_random_block_training, is_end_chained_event) VALUES (2378, 1348, 'Down', 3, 10, 5, 0, 0, 0, 0, 0, 0, 5, null, 0, 0, 0, 0);
INSERT INTO card_table (count, uma_id, uma_name) VALUES (335, 30125, 'sakura-laurel');
INSERT INTO card_events (event_id, event_name, uma_id, uma_name, category) VALUES (1349, '(❯) 這就是成熟美麗吧', 30125, 'sakura-laurel', '連鎖事件');
INSERT INTO card_event_choices (choice_id, event_id, choice_label, chain_index, speed, stamina, strength, willpower, intelligence, hp, mood, skill_point, character_favor, event_condition, is_random_value, is_random_attribute, is_random_block_training, is_end_chained_event) VALUES (2379, 1349, 'None', 1, 0, 5, 0, 5, 0, 0, 0, 0, 5, null, 0, 0, 0, 0);
INSERT INTO card_events (event_id, event_name, uma_id, uma_name, category) VALUES (1350, '(❯❯) 告訴你恢復活力的祕訣', 30125, 'sakura-laurel', '連鎖事件');
INSERT INTO card_event_choices (choice_id, event_id, choice_label, chain_index, speed, stamina, strength, willpower, intelligence, hp, mood, skill_point, character_favor, event_condition, is_random_value, is_random_attribute, is_random_block_training, is_end_chained_event) VALUES (2380, 1350, 'Up', 2, 0, 10, 0, 5, 0, 0, 0, 0, 5, null, 0, 0, 0, 0);
INSERT INTO card_event_choices (choice_id, event_id, choice_label, chain_index, speed, stamina, strength, willpower, intelligence, hp, mood, skill_point, character_favor, event_condition, is_random_value, is_random_attribute, is_random_block_training, is_end_chained_event) VALUES (2381, 1350, 'Down', 2, 0, 0, 0, 0, 0, 0, 0, 0, 5, null, 0, 0, 0, 0);
INSERT INTO card_events (event_id, event_name, uma_id, uma_name, category) VALUES (1351, '(❯❯❯) 被關起來了呢', 30125, 'sakura-laurel', '連鎖事件');
INSERT INTO card_event_choices (choice_id, event_id, choice_label, chain_index, speed, stamina, strength, willpower, intelligence, hp, mood, skill_point, character_favor, event_condition, is_random_value, is_random_attribute, is_random_block_training, is_end_chained_event) VALUES (2382, 1351, 'None', 3, 0, 10, 0, 0, 0, 0, 0, 0, 5, null, 0, 0, 0, 0);
INSERT INTO card_events (event_id, event_name, uma_id, uma_name, category) VALUES (1352, '永遠都要積極向前！', 30125, 'sakura-laurel', '隨機事件');
INSERT INTO card_event_choices (choice_id, event_id, choice_label, chain_index, speed, stamina, strength, willpower, intelligence, hp, mood, skill_point, character_favor, event_condition, is_random_value, is_random_attribute, is_random_block_training, is_end_chained_event) VALUES (2383, 1352, 'Up', 3, 0, 15, 0, 0, 0, 0, 0, 0, 5, null, 0, 0, 0, 0);
INSERT INTO card_event_choices (choice_id, event_id, choice_label, chain_index, speed, stamina, strength, willpower, intelligence, hp, mood, skill_point, character_favor, event_condition, is_random_value, is_random_attribute, is_random_block_training, is_end_chained_event) VALUES (2384, 1352, 'Down', 3, 0, 0, 0, 0, 0, 0, 2, 0, 5, null, 0, 0, 0, 0);
INSERT INTO card_events (event_id, event_name, uma_id, uma_name, category) VALUES (1353, '無論如何都要保持積極！', 30125, 'sakura-laurel', '隨機事件');
INSERT INTO card_event_choices (choice_id, event_id, choice_label, chain_index, speed, stamina, strength, willpower, intelligence, hp, mood, skill_point, character_favor, event_condition, is_random_value, is_random_attribute, is_random_block_training, is_end_chained_event) VALUES (2385, 1353, 'Up', 3, 0, 0, 0, 0, 0, 10, 0, 0, 5, null, 0, 0, 0, 0);
INSERT INTO card_event_choices (choice_id, event_id, choice_label, chain_index, speed, stamina, strength, willpower, intelligence, hp, mood, skill_point, character_favor, event_condition, is_random_value, is_random_attribute, is_random_block_training, is_end_chained_event) VALUES (2386, 1353, 'Down', 3, 0, 0, 0, 0, 0, 0, 0, 0, 5, null, 0, 0, 0, 0);
INSERT INTO card_table (count, uma_id, uma_name) VALUES (336, 30126, 'yamanin-zephyr');
INSERT INTO card_events (event_id, event_name, uma_id, uma_name, category) VALUES (1354, '(❯) 去尋找呼喚自己的風', 30126, 'yamanin-zephyr', '連鎖事件');
INSERT INTO card_event_choices (choice_id, event_id, choice_label, chain_index, speed, stamina, strength, willpower, intelligence, hp, mood, skill_point, character_favor, event_condition, is_random_value, is_random_attribute, is_random_block_training, is_end_chained_event) VALUES (2387, 1354, 'None', 1, 0, 0, 0, 10, 0, 0, 0, 0, 5, null, 1, 0, 0, 0);
INSERT INTO card_event_choices (choice_id, event_id, choice_label, chain_index, speed, stamina, strength, willpower, intelligence, hp, mood, skill_point, character_favor, event_condition, is_random_value, is_random_attribute, is_random_block_training, is_end_chained_event) VALUES (2388, 1354, 'None', 1, 5, 0, 0, 15, 0, 0, 0, 0, 10, null, 0, 0, 0, 0);
INSERT INTO card_events (event_id, event_name, uma_id, uma_name, category) VALUES (1355, '(❯❯) 滋味深奧的香氣之風', 30126, 'yamanin-zephyr', '連鎖事件');
INSERT INTO card_event_choices (choice_id, event_id, choice_label, chain_index, speed, stamina, strength, willpower, intelligence, hp, mood, skill_point, character_favor, event_condition, is_random_value, is_random_attribute, is_random_block_training, is_end_chained_event) VALUES (2389, 1355, 'Up', 2, 0, 0, 0, 0, 0, 20, 0, 0, 5, null, 0, 0, 0, 0);
INSERT INTO card_event_choices (choice_id, event_id, choice_label, chain_index, speed, stamina, strength, willpower, intelligence, hp, mood, skill_point, character_favor, event_condition, is_random_value, is_random_attribute, is_random_block_training, is_end_chained_event) VALUES (2390, 1355, 'Down', 2, 5, 0, 0, 5, 0, 0, 0, 0, 5, null, 0, 0, 0, 0);
INSERT INTO card_events (event_id, event_name, uma_id, uma_name, category) VALUES (1356, '(❯❯❯) 曾幾何時懷抱的夢想', 30126, 'yamanin-zephyr', '連鎖事件');
INSERT INTO card_event_choices (choice_id, event_id, choice_label, chain_index, speed, stamina, strength, willpower, intelligence, hp, mood, skill_point, character_favor, event_condition, is_random_value, is_random_attribute, is_random_block_training, is_end_chained_event) VALUES (2391, 1356, 'None', 3, 3, 0, 3, 10, 0, 0, 0, 0, 5, null, 1, 0, 0, 0);
INSERT INTO card_event_choices (choice_id, event_id, choice_label, chain_index, speed, stamina, strength, willpower, intelligence, hp, mood, skill_point, character_favor, event_condition, is_random_value, is_random_attribute, is_random_block_training, is_end_chained_event) VALUES (2392, 1356, 'None', 3, 7, 0, 7, 15, 0, 0, 0, 0, 5, null, 0, 0, 0, 0);
INSERT INTO card_events (event_id, event_name, uma_id, uma_name, category) VALUES (1357, '自由的風', 30126, 'yamanin-zephyr', '隨機事件');
INSERT INTO card_event_choices (choice_id, event_id, choice_label, chain_index, speed, stamina, strength, willpower, intelligence, hp, mood, skill_point, character_favor, event_condition, is_random_value, is_random_attribute, is_random_block_training, is_end_chained_event) VALUES (2393, 1357, 'Up', 3, 10, 0, 0, 5, 0, 0, 0, 0, 5, null, 0, 0, 0, 0);
INSERT INTO card_event_choices (choice_id, event_id, choice_label, chain_index, speed, stamina, strength, willpower, intelligence, hp, mood, skill_point, character_favor, event_condition, is_random_value, is_random_attribute, is_random_block_training, is_end_chained_event) VALUES (2394, 1357, 'Down', 3, 0, 0, 0, 0, 0, 4, 0, 0, 5, null, 0, 0, 0, 0);
INSERT INTO card_events (event_id, event_name, uma_id, uma_name, category) VALUES (1358, '無盡的風', 30126, 'yamanin-zephyr', '隨機事件');
INSERT INTO card_event_choices (choice_id, event_id, choice_label, chain_index, speed, stamina, strength, willpower, intelligence, hp, mood, skill_point, character_favor, event_condition, is_random_value, is_random_attribute, is_random_block_training, is_end_chained_event) VALUES (2395, 1358, 'Up', 3, 3, 0, 3, 3, 0, 0, 0, 0, 5, null, 0, 0, 0, 0);
INSERT INTO card_event_choices (choice_id, event_id, choice_label, chain_index, speed, stamina, strength, willpower, intelligence, hp, mood, skill_point, character_favor, event_condition, is_random_value, is_random_attribute, is_random_block_training, is_end_chained_event) VALUES (2396, 1358, 'Down', 3, 0, 0, 0, 0, 0, 0, 0, 0, 5, null, 0, 0, 0, 0);
INSERT INTO card_table (count, uma_id, uma_name) VALUES (337, 30127, 'special-week');
INSERT INTO card_events (event_id, event_name, uma_id, uma_name, category) VALUES (1359, '(❯) 以同樣的心意，全心投入', 30127, 'special-week', '連鎖事件');
INSERT INTO card_event_choices (choice_id, event_id, choice_label, chain_index, speed, stamina, strength, willpower, intelligence, hp, mood, skill_point, character_favor, event_condition, is_random_value, is_random_attribute, is_random_block_training, is_end_chained_event) VALUES (2397, 1359, 'None', 1, 0, 0, 0, 0, 0, 15, 1, 0, 5, null, 0, 0, 0, 0);
INSERT INTO card_events (event_id, event_name, uma_id, uma_name, category) VALUES (1360, '(❯❯) 以同樣的心意，傳達真心', 30127, 'special-week', '連鎖事件');
INSERT INTO card_event_choices (choice_id, event_id, choice_label, chain_index, speed, stamina, strength, willpower, intelligence, hp, mood, skill_point, character_favor, event_condition, is_random_value, is_random_attribute, is_random_block_training, is_end_chained_event) VALUES (2398, 1360, 'Up', 2, 7, 7, 0, 7, 0, 0, 0, 0, 5, null, 0, 0, 0, 0);
INSERT INTO card_event_choices (choice_id, event_id, choice_label, chain_index, speed, stamina, strength, willpower, intelligence, hp, mood, skill_point, character_favor, event_condition, is_random_value, is_random_attribute, is_random_block_training, is_end_chained_event) VALUES (2399, 1360, 'Down', 2, 0, 0, 0, 0, 0, 25, 0, 0, 5, null, 0, 0, 0, 0);
INSERT INTO card_events (event_id, event_name, uma_id, uma_name, category) VALUES (1361, '(❯❯❯) 以同樣的心意，實現願望', 30127, 'special-week', '連鎖事件');
INSERT INTO card_event_choices (choice_id, event_id, choice_label, chain_index, speed, stamina, strength, willpower, intelligence, hp, mood, skill_point, character_favor, event_condition, is_random_value, is_random_attribute, is_random_block_training, is_end_chained_event) VALUES (2400, 1361, 'None', 3, 4, 10, 0, 4, 0, 0, 0, 0, 5, null, 1, 0, 0, 0);
INSERT INTO card_event_choices (choice_id, event_id, choice_label, chain_index, speed, stamina, strength, willpower, intelligence, hp, mood, skill_point, character_favor, event_condition, is_random_value, is_random_attribute, is_random_block_training, is_end_chained_event) VALUES (2401, 1361, 'None', 3, 8, 15, 0, 8, 0, 0, 0, 0, 5, null, 0, 0, 0, 0);
INSERT INTO card_events (event_id, event_name, uma_id, uma_name, category) VALUES (1362, '我會多注意轉角處！', 30127, 'special-week', '隨機事件');
INSERT INTO card_event_choices (choice_id, event_id, choice_label, chain_index, speed, stamina, strength, willpower, intelligence, hp, mood, skill_point, character_favor, event_condition, is_random_value, is_random_attribute, is_random_block_training, is_end_chained_event) VALUES (2402, 1362, 'Up', 3, 0, 0, 0, 0, 0, 1, 0, 0, 5, null, 0, 0, 0, 0);
INSERT INTO card_event_choices (choice_id, event_id, choice_label, chain_index, speed, stamina, strength, willpower, intelligence, hp, mood, skill_point, character_favor, event_condition, is_random_value, is_random_attribute, is_random_block_training, is_end_chained_event) VALUES (2403, 1362, 'Down', 3, 0, 0, 0, 15, 0, 0, 0, 0, 5, null, 0, 0, 0, 0);
INSERT INTO card_events (event_id, event_name, uma_id, uma_name, category) VALUES (1363, '這個也好那個也不錯，真煩惱！', 30127, 'special-week', '隨機事件');
INSERT INTO card_event_choices (choice_id, event_id, choice_label, chain_index, speed, stamina, strength, willpower, intelligence, hp, mood, skill_point, character_favor, event_condition, is_random_value, is_random_attribute, is_random_block_training, is_end_chained_event) VALUES (2404, 1363, 'Up', 3, 0, 0, 0, 0, 0, 10, 1, 0, 5, null, 0, 0, 0, 0);
INSERT INTO card_event_choices (choice_id, event_id, choice_label, chain_index, speed, stamina, strength, willpower, intelligence, hp, mood, skill_point, character_favor, event_condition, is_random_value, is_random_attribute, is_random_block_training, is_end_chained_event) VALUES (2405, 1363, 'Down', 3, 0, 15, 0, 0, 0, -10, 0, 15, 5, null, 0, 0, 0, 0);
INSERT INTO card_table (count, uma_id, uma_name) VALUES (338, 30128, 'sweep-tosho');
INSERT INTO card_events (event_id, event_name, uma_id, uma_name, category) VALUES (1364, '(❯) 過去，穿過的和服', 30128, 'sweep-tosho', '連鎖事件');
INSERT INTO card_event_choices (choice_id, event_id, choice_label, chain_index, speed, stamina, strength, willpower, intelligence, hp, mood, skill_point, character_favor, event_condition, is_random_value, is_random_attribute, is_random_block_training, is_end_chained_event) VALUES (2406, 1364, 'Up', 1, 0, 0, 0, 0, 10, 0, 0, 0, 5, null, 1, 0, 0, 0);
INSERT INTO card_event_choices (choice_id, event_id, choice_label, chain_index, speed, stamina, strength, willpower, intelligence, hp, mood, skill_point, character_favor, event_condition, is_random_value, is_random_attribute, is_random_block_training, is_end_chained_event) VALUES (2407, 1364, 'Up', 1, 0, 0, 0, 0, 15, 0, 0, 0, 10, null, 0, 0, 0, 0);
INSERT INTO card_event_choices (choice_id, event_id, choice_label, chain_index, speed, stamina, strength, willpower, intelligence, hp, mood, skill_point, character_favor, event_condition, is_random_value, is_random_attribute, is_random_block_training, is_end_chained_event) VALUES (2408, 1364, 'Down', 1, 0, 0, 0, 0, 0, 15, 0, 0, 5, null, 0, 0, 0, 0);
INSERT INTO card_events (event_id, event_name, uma_id, uma_name, category) VALUES (1365, '(❯❯) 現在，綁緊腰帶', 30128, 'sweep-tosho', '連鎖事件');
INSERT INTO card_event_choices (choice_id, event_id, choice_label, chain_index, speed, stamina, strength, willpower, intelligence, hp, mood, skill_point, character_favor, event_condition, is_random_value, is_random_attribute, is_random_block_training, is_end_chained_event) VALUES (2409, 1365, 'None', 2, 0, 0, 0, 0, 0, 0, 0, 25, 5, null, 0, 0, 0, 0);
INSERT INTO card_events (event_id, event_name, uma_id, uma_name, category) VALUES (1366, '(❯❯❯) 未來，繫緊夾腳帶', 30128, 'sweep-tosho', '連鎖事件');
INSERT INTO card_event_choices (choice_id, event_id, choice_label, chain_index, speed, stamina, strength, willpower, intelligence, hp, mood, skill_point, character_favor, event_condition, is_random_value, is_random_attribute, is_random_block_training, is_end_chained_event) VALUES (2410, 1366, 'None', 3, 0, 0, 7, 0, 7, 0, 0, 0, 5, null, 1, 0, 0, 0);
INSERT INTO card_event_choices (choice_id, event_id, choice_label, chain_index, speed, stamina, strength, willpower, intelligence, hp, mood, skill_point, character_favor, event_condition, is_random_value, is_random_attribute, is_random_block_training, is_end_chained_event) VALUES (2411, 1366, 'None', 3, 0, 0, 15, 0, 15, 0, 0, 0, 5, null, 0, 0, 0, 0);
INSERT INTO card_events (event_id, event_name, uma_id, uma_name, category) VALUES (1367, 'Miracle☆Escape！', 30128, 'sweep-tosho', '隨機事件');
INSERT INTO card_event_choices (choice_id, event_id, choice_label, chain_index, speed, stamina, strength, willpower, intelligence, hp, mood, skill_point, character_favor, event_condition, is_random_value, is_random_attribute, is_random_block_training, is_end_chained_event) VALUES (2412, 1367, 'Up', 3, 5, 0, 0, 0, 0, 10, 0, 0, 5, null, 0, 0, 0, 0);
INSERT INTO card_event_choices (choice_id, event_id, choice_label, chain_index, speed, stamina, strength, willpower, intelligence, hp, mood, skill_point, character_favor, event_condition, is_random_value, is_random_attribute, is_random_block_training, is_end_chained_event) VALUES (2413, 1367, 'Down', 3, 20, 0, 0, 0, 0, -10, 0, 0, 5, null, 0, 0, 0, 0);
INSERT INTO card_events (event_id, event_name, uma_id, uma_name, category) VALUES (1368, 'Wonderful☆Mistake！', 30128, 'sweep-tosho', '隨機事件');
INSERT INTO card_event_choices (choice_id, event_id, choice_label, chain_index, speed, stamina, strength, willpower, intelligence, hp, mood, skill_point, character_favor, event_condition, is_random_value, is_random_attribute, is_random_block_training, is_end_chained_event) VALUES (2414, 1368, 'Up', 3, 0, 0, 0, 0, 0, -15, 0, 40, 0, null, 1, 0, 0, 0);
INSERT INTO card_event_choices (choice_id, event_id, choice_label, chain_index, speed, stamina, strength, willpower, intelligence, hp, mood, skill_point, character_favor, event_condition, is_random_value, is_random_attribute, is_random_block_training, is_end_chained_event) VALUES (2415, 1368, 'Up', 3, 0, 0, 0, 0, 0, -20, 0, 40, 5, null, 0, 0, 0, 0);
INSERT INTO card_event_choices (choice_id, event_id, choice_label, chain_index, speed, stamina, strength, willpower, intelligence, hp, mood, skill_point, character_favor, event_condition, is_random_value, is_random_attribute, is_random_block_training, is_end_chained_event) VALUES (2416, 1368, 'Down', 3, 0, 0, 0, 0, 0, 0, 0, 0, 5, '討人喜歡○', 0, 0, 0, 0);
INSERT INTO card_table (count, uma_id, uma_name) VALUES (339, 30129, 'grass-wonder');
INSERT INTO card_events (event_id, event_name, uma_id, uma_name, category) VALUES (1369, '(❯) 引導者的憂愁', 30129, 'grass-wonder', '連鎖事件');
INSERT INTO card_event_choices (choice_id, event_id, choice_label, chain_index, speed, stamina, strength, willpower, intelligence, hp, mood, skill_point, character_favor, event_condition, is_random_value, is_random_attribute, is_random_block_training, is_end_chained_event) VALUES (2417, 1369, 'None', 1, 0, 0, 10, 0, 0, 0, 0, 0, 5, null, 0, 0, 0, 0);
INSERT INTO card_events (event_id, event_name, uma_id, uma_name, category) VALUES (1370, '(❯❯) 那一天的互相競爭', 30129, 'grass-wonder', '連鎖事件');
INSERT INTO card_event_choices (choice_id, event_id, choice_label, chain_index, speed, stamina, strength, willpower, intelligence, hp, mood, skill_point, character_favor, event_condition, is_random_value, is_random_attribute, is_random_block_training, is_end_chained_event) VALUES (2418, 1370, 'Up', 2, 0, 0, 0, 0, 0, 15, 0, 0, 5, null, 0, 0, 0, 0);
INSERT INTO card_event_choices (choice_id, event_id, choice_label, chain_index, speed, stamina, strength, willpower, intelligence, hp, mood, skill_point, character_favor, event_condition, is_random_value, is_random_attribute, is_random_block_training, is_end_chained_event) VALUES (2419, 1370, 'Down', 2, 0, 0, 15, 0, 0, 0, 0, 0, 5, null, 0, 0, 0, 0);
INSERT INTO card_events (event_id, event_name, uma_id, uma_name, category) VALUES (1371, '(❯❯❯) 背靠著背', 30129, 'grass-wonder', '連鎖事件');
INSERT INTO card_event_choices (choice_id, event_id, choice_label, chain_index, speed, stamina, strength, willpower, intelligence, hp, mood, skill_point, character_favor, event_condition, is_random_value, is_random_attribute, is_random_block_training, is_end_chained_event) VALUES (2420, 1371, 'None', 3, 0, 5, 10, 0, 0, 0, 0, 0, 5, null, 0, 0, 0, 0);
INSERT INTO card_events (event_id, event_name, uma_id, uma_name, category) VALUES (1372, '書庫，煩思', 30129, 'grass-wonder', '隨機事件');
INSERT INTO card_event_choices (choice_id, event_id, choice_label, chain_index, speed, stamina, strength, willpower, intelligence, hp, mood, skill_point, character_favor, event_condition, is_random_value, is_random_attribute, is_random_block_training, is_end_chained_event) VALUES (2421, 1372, 'Up', 3, 0, 0, 0, 0, 10, 0, 0, 0, 5, null, 0, 0, 0, 0);
INSERT INTO card_event_choices (choice_id, event_id, choice_label, chain_index, speed, stamina, strength, willpower, intelligence, hp, mood, skill_point, character_favor, event_condition, is_random_value, is_random_attribute, is_random_block_training, is_end_chained_event) VALUES (2422, 1372, 'Down', 3, 0, 0, 0, 5, 5, 0, 0, 0, 5, null, 0, 0, 0, 0);
INSERT INTO card_events (event_id, event_name, uma_id, uma_name, category) VALUES (1373, '正午，議論', 30129, 'grass-wonder', '隨機事件');
INSERT INTO card_event_choices (choice_id, event_id, choice_label, chain_index, speed, stamina, strength, willpower, intelligence, hp, mood, skill_point, character_favor, event_condition, is_random_value, is_random_attribute, is_random_block_training, is_end_chained_event) VALUES (2423, 1373, 'Up', 3, 0, 0, 0, 0, 0, 0, 0, 0, 5, null, 0, 0, 0, 0);
INSERT INTO card_event_choices (choice_id, event_id, choice_label, chain_index, speed, stamina, strength, willpower, intelligence, hp, mood, skill_point, character_favor, event_condition, is_random_value, is_random_attribute, is_random_block_training, is_end_chained_event) VALUES (2424, 1373, 'Down', 3, 0, 0, 0, 0, 0, 0, 0, 0, 5, null, 0, 0, 0, 0);
INSERT INTO card_table (count, uma_id, uma_name) VALUES (340, 30130, 'ksmiracle');
INSERT INTO card_events (event_id, event_name, uma_id, uma_name, category) VALUES (1374, '(❯) 能做的事', 30130, 'ksmiracle', '連鎖事件');
INSERT INTO card_event_choices (choice_id, event_id, choice_label, chain_index, speed, stamina, strength, willpower, intelligence, hp, mood, skill_point, character_favor, event_condition, is_random_value, is_random_attribute, is_random_block_training, is_end_chained_event) VALUES (2425, 1374, 'None', 1, 10, 0, 0, 10, 0, 0, 0, 0, 5, null, 0, 0, 0, 0);
INSERT INTO card_events (event_id, event_name, uma_id, uma_name, category) VALUES (1375, '(❯❯) 試過的事', 30130, 'ksmiracle', '連鎖事件');
INSERT INTO card_event_choices (choice_id, event_id, choice_label, chain_index, speed, stamina, strength, willpower, intelligence, hp, mood, skill_point, character_favor, event_condition, is_random_value, is_random_attribute, is_random_block_training, is_end_chained_event) VALUES (2426, 1375, 'Up', 2, 0, 0, 0, 0, 0, 15, 0, 15, 5, null, 0, 0, 0, 0);
INSERT INTO card_event_choices (choice_id, event_id, choice_label, chain_index, speed, stamina, strength, willpower, intelligence, hp, mood, skill_point, character_favor, event_condition, is_random_value, is_random_attribute, is_random_block_training, is_end_chained_event) VALUES (2427, 1375, 'Down', 2, 7, 0, 7, 7, 0, 0, 0, 0, 5, null, 0, 0, 0, 0);
INSERT INTO card_events (event_id, event_name, uma_id, uma_name, category) VALUES (1376, '(❯❯❯) 想做的事', 30130, 'ksmiracle', '連鎖事件');
INSERT INTO card_event_choices (choice_id, event_id, choice_label, chain_index, speed, stamina, strength, willpower, intelligence, hp, mood, skill_point, character_favor, event_condition, is_random_value, is_random_attribute, is_random_block_training, is_end_chained_event) VALUES (2428, 1376, 'None', 3, 7, 0, 7, 7, 0, 0, 0, 0, 5, null, 0, 0, 0, 0);
INSERT INTO card_events (event_id, event_name, uma_id, uma_name, category) VALUES (1377, '分享體貼', 30130, 'ksmiracle', '隨機事件');
INSERT INTO card_event_choices (choice_id, event_id, choice_label, chain_index, speed, stamina, strength, willpower, intelligence, hp, mood, skill_point, character_favor, event_condition, is_random_value, is_random_attribute, is_random_block_training, is_end_chained_event) VALUES (2429, 1377, 'Up', 3, 5, 0, 5, 5, 0, 0, 0, 0, 5, null, 0, 0, 0, 0);
INSERT INTO card_event_choices (choice_id, event_id, choice_label, chain_index, speed, stamina, strength, willpower, intelligence, hp, mood, skill_point, character_favor, event_condition, is_random_value, is_random_attribute, is_random_block_training, is_end_chained_event) VALUES (2430, 1377, 'Down', 3, 0, 0, 0, 0, 0, 0, 2, 0, 5, null, 0, 0, 0, 0);
INSERT INTO card_events (event_id, event_name, uma_id, uma_name, category) VALUES (1378, '溼透也沒關係', 30130, 'ksmiracle', '隨機事件');
INSERT INTO card_event_choices (choice_id, event_id, choice_label, chain_index, speed, stamina, strength, willpower, intelligence, hp, mood, skill_point, character_favor, event_condition, is_random_value, is_random_attribute, is_random_block_training, is_end_chained_event) VALUES (2431, 1378, 'Up', 3, 0, 0, 0, 0, 20, 0, 0, 0, 5, null, 0, 0, 0, 0);
INSERT INTO card_event_choices (choice_id, event_id, choice_label, chain_index, speed, stamina, strength, willpower, intelligence, hp, mood, skill_point, character_favor, event_condition, is_random_value, is_random_attribute, is_random_block_training, is_end_chained_event) VALUES (2432, 1378, 'Down', 3, 0, 0, 0, 0, 0, 0, 0, 0, 5, null, 0, 0, 0, 0);
INSERT INTO card_table (count, uma_id, uma_name) VALUES (341, 30131, 'marvelous-sunday');
INSERT INTO card_events (event_id, event_name, uma_id, uma_name, category) VALUES (1379, '(❯) 美麗式跨文化交流', 30131, 'marvelous-sunday', '連鎖事件');
INSERT INTO card_event_choices (choice_id, event_id, choice_label, chain_index, speed, stamina, strength, willpower, intelligence, hp, mood, skill_point, character_favor, event_condition, is_random_value, is_random_attribute, is_random_block_training, is_end_chained_event) VALUES (2433, 1379, 'None', 1, 0, 0, 0, 0, 0, 0, 1, 10, 5, null, 0, 0, 0, 0);
INSERT INTO card_events (event_id, event_name, uma_id, uma_name, category) VALUES (1380, '(❯❯) 美麗無限補充☆', 30131, 'marvelous-sunday', '連鎖事件');
INSERT INTO card_event_choices (choice_id, event_id, choice_label, chain_index, speed, stamina, strength, willpower, intelligence, hp, mood, skill_point, character_favor, event_condition, is_random_value, is_random_attribute, is_random_block_training, is_end_chained_event) VALUES (2434, 1380, 'Up', 2, 0, 0, 0, 0, 0, 0, 0, 30, 5, null, 0, 0, 0, 0);
INSERT INTO card_event_choices (choice_id, event_id, choice_label, chain_index, speed, stamina, strength, willpower, intelligence, hp, mood, skill_point, character_favor, event_condition, is_random_value, is_random_attribute, is_random_block_training, is_end_chained_event) VALUES (2435, 1380, 'Middle', 2, 0, 0, 0, 0, 0, 15, 1, 0, 5, '治癒一個負', 0, 0, 0, 0);
INSERT INTO card_event_choices (choice_id, event_id, choice_label, chain_index, speed, stamina, strength, willpower, intelligence, hp, mood, skill_point, character_favor, event_condition, is_random_value, is_random_attribute, is_random_block_training, is_end_chained_event) VALUES (2436, 1380, 'Down', 2, 7, 7, 7, 7, 7, 0, 0, 0, 5, '擅長練習○', 0, 0, 0, 0);
INSERT INTO card_events (event_id, event_name, uma_id, uma_name, category) VALUES (1381, '(❯❯❯) 美麗枯竭危機', 30131, 'marvelous-sunday', '連鎖事件');
INSERT INTO card_event_choices (choice_id, event_id, choice_label, chain_index, speed, stamina, strength, willpower, intelligence, hp, mood, skill_point, character_favor, event_condition, is_random_value, is_random_attribute, is_random_block_training, is_end_chained_event) VALUES (2437, 1381, 'None', 3, 10, 10, 10, 0, 0, 0, 0, 0, 5, null, 1, 0, 0, 0);
INSERT INTO card_event_choices (choice_id, event_id, choice_label, chain_index, speed, stamina, strength, willpower, intelligence, hp, mood, skill_point, character_favor, event_condition, is_random_value, is_random_attribute, is_random_block_training, is_end_chained_event) VALUES (2438, 1381, 'None', 3, 5, 5, 5, 0, 0, 0, 0, 0, 5, null, 0, 0, 0, 0);
INSERT INTO card_events (event_id, event_name, uma_id, uma_name, category) VALUES (1382, '不由分說的美麗☆', 30131, 'marvelous-sunday', '隨機事件');
INSERT INTO card_event_choices (choice_id, event_id, choice_label, chain_index, speed, stamina, strength, willpower, intelligence, hp, mood, skill_point, character_favor, event_condition, is_random_value, is_random_attribute, is_random_block_training, is_end_chained_event) VALUES (2439, 1382, 'Up', 3, 5, 0, 0, 0, 0, 10, 0, 0, 5, null, 0, 0, 0, 0);
INSERT INTO card_event_choices (choice_id, event_id, choice_label, chain_index, speed, stamina, strength, willpower, intelligence, hp, mood, skill_point, character_favor, event_condition, is_random_value, is_random_attribute, is_random_block_training, is_end_chained_event) VALUES (2440, 1382, 'Down', 3, 5, 0, 0, 0, 0, 0, 1, 0, 5, null, 0, 0, 0, 0);
INSERT INTO card_events (event_id, event_name, uma_id, uma_name, category) VALUES (1383, '為了變得美麗☆', 30131, 'marvelous-sunday', '隨機事件');
INSERT INTO card_event_choices (choice_id, event_id, choice_label, chain_index, speed, stamina, strength, willpower, intelligence, hp, mood, skill_point, character_favor, event_condition, is_random_value, is_random_attribute, is_random_block_training, is_end_chained_event) VALUES (2441, 1383, 'Up', 3, 0, 0, 0, 0, 0, 10, 1, 0, 5, null, 0, 0, 0, 0);
INSERT INTO card_event_choices (choice_id, event_id, choice_label, chain_index, speed, stamina, strength, willpower, intelligence, hp, mood, skill_point, character_favor, event_condition, is_random_value, is_random_attribute, is_random_block_training, is_end_chained_event) VALUES (2442, 1383, 'Down', 3, 0, 0, 0, 0, 0, 0, 0, 0, 5, null, 0, 0, 0, 0);
INSERT INTO card_table (count, uma_id, uma_name) VALUES (342, 30132, 'biko-pegasus');
INSERT INTO card_events (event_id, event_name, uma_id, uma_name, category) VALUES (1384, '(❯) 炙熱的情誼！跟曙曙一起當英雄！', 30132, 'biko-pegasus', '連鎖事件');
INSERT INTO card_event_choices (choice_id, event_id, choice_label, chain_index, speed, stamina, strength, willpower, intelligence, hp, mood, skill_point, character_favor, event_condition, is_random_value, is_random_attribute, is_random_block_training, is_end_chained_event) VALUES (2443, 1384, 'Up', 1, 10, 0, 10, 0, 0, 0, 0, 0, 5, null, 0, 0, 0, 0);
INSERT INTO card_event_choices (choice_id, event_id, choice_label, chain_index, speed, stamina, strength, willpower, intelligence, hp, mood, skill_point, character_favor, event_condition, is_random_value, is_random_attribute, is_random_block_training, is_end_chained_event) VALUES (2444, 1384, 'Down', 1, 0, 0, 0, 0, 0, 4, 0, 0, 10, null, 0, 0, 0, 0);
INSERT INTO card_events (event_id, event_name, uma_id, uma_name, category) VALUES (1385, '(❯❯) 坦率地面對吧！心意相通做點心', 30132, 'biko-pegasus', '連鎖事件');
INSERT INTO card_event_choices (choice_id, event_id, choice_label, chain_index, speed, stamina, strength, willpower, intelligence, hp, mood, skill_point, character_favor, event_condition, is_random_value, is_random_attribute, is_random_block_training, is_end_chained_event) VALUES (2445, 1385, 'None', 2, 0, 0, 0, 0, 0, 4, 0, 10, 5, null, 0, 0, 0, 0);
INSERT INTO card_events (event_id, event_name, uma_id, uma_name, category) VALUES (1386, '(❯❯❯) 變身！素質是Prinfight！？', 30132, 'biko-pegasus', '連鎖事件');
INSERT INTO card_event_choices (choice_id, event_id, choice_label, chain_index, speed, stamina, strength, willpower, intelligence, hp, mood, skill_point, character_favor, event_condition, is_random_value, is_random_attribute, is_random_block_training, is_end_chained_event) VALUES (2446, 1386, 'None', 3, 7, 0, 7, 7, 0, 0, 0, 0, 5, null, 0, 0, 0, 0);
INSERT INTO card_events (event_id, event_name, uma_id, uma_name, category) VALUES (1387, '英雄的苦惱', 30132, 'biko-pegasus', '隨機事件');
INSERT INTO card_event_choices (choice_id, event_id, choice_label, chain_index, speed, stamina, strength, willpower, intelligence, hp, mood, skill_point, character_favor, event_condition, is_random_value, is_random_attribute, is_random_block_training, is_end_chained_event) VALUES (2447, 1387, 'Up', 3, 0, 0, 0, 0, 0, 15, 0, 0, 5, null, 0, 0, 0, 0);
INSERT INTO card_event_choices (choice_id, event_id, choice_label, chain_index, speed, stamina, strength, willpower, intelligence, hp, mood, skill_point, character_favor, event_condition, is_random_value, is_random_attribute, is_random_block_training, is_end_chained_event) VALUES (2448, 1387, 'Down', 3, 0, 0, 5, 0, 0, 5, 0, 0, 5, null, 0, 0, 0, 0);
INSERT INTO card_events (event_id, event_name, uma_id, uma_name, category) VALUES (1388, '取得必殺技吧！', 30132, 'biko-pegasus', '隨機事件');
INSERT INTO card_event_choices (choice_id, event_id, choice_label, chain_index, speed, stamina, strength, willpower, intelligence, hp, mood, skill_point, character_favor, event_condition, is_random_value, is_random_attribute, is_random_block_training, is_end_chained_event) VALUES (2449, 1388, 'Up', 3, 0, 0, 0, 0, 0, 0, 0, 0, 5, null, 0, 0, 0, 0);
INSERT INTO card_event_choices (choice_id, event_id, choice_label, chain_index, speed, stamina, strength, willpower, intelligence, hp, mood, skill_point, character_favor, event_condition, is_random_value, is_random_attribute, is_random_block_training, is_end_chained_event) VALUES (2450, 1388, 'Down', 3, 0, 0, 0, 0, 0, 30, 0, 0, 5, null, 0, 0, 0, 0);
INSERT INTO card_table (count, uma_id, uma_name) VALUES (343, 30133, 'hishi-akebono');
INSERT INTO card_events (event_id, event_name, uma_id, uma_name, category) VALUES (1389, '(❯) Buono餐廳什麼都有', 30133, 'hishi-akebono', '連鎖事件');
INSERT INTO card_event_choices (choice_id, event_id, choice_label, chain_index, speed, stamina, strength, willpower, intelligence, hp, mood, skill_point, character_favor, event_condition, is_random_value, is_random_attribute, is_random_block_training, is_end_chained_event) VALUES (2451, 1389, 'None', 1, 0, 0, 5, 0, 10, 0, 0, 0, 5, null, 0, 0, 0, 0);
INSERT INTO card_events (event_id, event_name, uma_id, uma_name, category) VALUES (1390, '(❯❯) 來Buono餐廳喘口氣', 30133, 'hishi-akebono', '連鎖事件');
INSERT INTO card_event_choices (choice_id, event_id, choice_label, chain_index, speed, stamina, strength, willpower, intelligence, hp, mood, skill_point, character_favor, event_condition, is_random_value, is_random_attribute, is_random_block_training, is_end_chained_event) VALUES (2452, 1390, 'Up', 2, 0, 0, 0, 0, 0, 0, 0, 0, 5, null, 0, 0, 0, 0);
INSERT INTO card_event_choices (choice_id, event_id, choice_label, chain_index, speed, stamina, strength, willpower, intelligence, hp, mood, skill_point, character_favor, event_condition, is_random_value, is_random_attribute, is_random_block_training, is_end_chained_event) VALUES (2453, 1390, 'Down', 2, 0, 0, 0, 0, 5, 10, 0, 0, 5, null, 0, 0, 0, 0);
INSERT INTO card_events (event_id, event_name, uma_id, uma_name, category) VALUES (1391, '(❯❯❯) Buono餐廳陪伴在你身邊', 30133, 'hishi-akebono', '連鎖事件');
INSERT INTO card_event_choices (choice_id, event_id, choice_label, chain_index, speed, stamina, strength, willpower, intelligence, hp, mood, skill_point, character_favor, event_condition, is_random_value, is_random_attribute, is_random_block_training, is_end_chained_event) VALUES (2454, 1391, 'None', 3, 0, 0, 5, 0, 5, 0, 0, 10, 5, null, 0, 0, 0, 0);
INSERT INTO card_events (event_id, event_name, uma_id, uma_name, category) VALUES (1392, '盡情☆享用吧♪', 30133, 'hishi-akebono', '隨機事件');
INSERT INTO card_event_choices (choice_id, event_id, choice_label, chain_index, speed, stamina, strength, willpower, intelligence, hp, mood, skill_point, character_favor, event_condition, is_random_value, is_random_attribute, is_random_block_training, is_end_chained_event) VALUES (2455, 1392, 'Up', 3, 0, 0, 0, 0, 0, 10, 0, 0, 5, null, 0, 0, 0, 0);
INSERT INTO card_event_choices (choice_id, event_id, choice_label, chain_index, speed, stamina, strength, willpower, intelligence, hp, mood, skill_point, character_favor, event_condition, is_random_value, is_random_attribute, is_random_block_training, is_end_chained_event) VALUES (2456, 1392, 'Down', 3, 0, 0, 15, 0, 0, -5, 0, 0, 5, null, 0, 0, 0, 0);
INSERT INTO card_events (event_id, event_name, uma_id, uma_name, category) VALUES (1393, '儘管☆交給我吧♪', 30133, 'hishi-akebono', '隨機事件');
INSERT INTO card_event_choices (choice_id, event_id, choice_label, chain_index, speed, stamina, strength, willpower, intelligence, hp, mood, skill_point, character_favor, event_condition, is_random_value, is_random_attribute, is_random_block_training, is_end_chained_event) VALUES (2457, 1393, 'Up', 3, 0, 10, 0, 0, 0, 0, 0, 0, 5, null, 0, 0, 0, 0);
INSERT INTO card_event_choices (choice_id, event_id, choice_label, chain_index, speed, stamina, strength, willpower, intelligence, hp, mood, skill_point, character_favor, event_condition, is_random_value, is_random_attribute, is_random_block_training, is_end_chained_event) VALUES (2458, 1393, 'Down', 3, 0, 0, 0, 0, 0, -15, 0, 0, 5, null, 0, 0, 0, 0);
INSERT INTO card_table (count, uma_id, uma_name) VALUES (344, 30134, 'mejiro-ramonu');
INSERT INTO card_events (event_id, event_name, uma_id, uma_name, category) VALUES (1394, '(❯) 黝簾石般的眼眸', 30134, 'mejiro-ramonu', '連鎖事件');
INSERT INTO card_event_choices (choice_id, event_id, choice_label, chain_index, speed, stamina, strength, willpower, intelligence, hp, mood, skill_point, character_favor, event_condition, is_random_value, is_random_attribute, is_random_block_training, is_end_chained_event) VALUES (2459, 1394, 'Up', 1, 5, 0, 0, 0, 0, 15, 1, 0, 5, null, 0, 0, 0, 0);
INSERT INTO card_event_choices (choice_id, event_id, choice_label, chain_index, speed, stamina, strength, willpower, intelligence, hp, mood, skill_point, character_favor, event_condition, is_random_value, is_random_attribute, is_random_block_training, is_end_chained_event) VALUES (2460, 1394, 'Middle', 1, 0, 0, 0, 0, 0, 0, 0, 30, 5, null, 0, 0, 0, 0);
INSERT INTO card_event_choices (choice_id, event_id, choice_label, chain_index, speed, stamina, strength, willpower, intelligence, hp, mood, skill_point, character_favor, event_condition, is_random_value, is_random_attribute, is_random_block_training, is_end_chained_event) VALUES (2461, 1394, 'Down', 1, 0, 0, 0, 0, 15, 0, 0, 0, 15, null, 1, 0, 0, 0);
INSERT INTO card_event_choices (choice_id, event_id, choice_label, chain_index, speed, stamina, strength, willpower, intelligence, hp, mood, skill_point, character_favor, event_condition, is_random_value, is_random_attribute, is_random_block_training, is_end_chained_event) VALUES (2462, 1394, 'Down', 1, 0, 0, 0, 0, 10, 0, 0, 0, 5, null, 0, 0, 0, 0);
INSERT INTO card_events (event_id, event_name, uma_id, uma_name, category) VALUES (1395, '(❯❯) 隔著水晶窺探', 30134, 'mejiro-ramonu', '連鎖事件');
INSERT INTO card_event_choices (choice_id, event_id, choice_label, chain_index, speed, stamina, strength, willpower, intelligence, hp, mood, skill_point, character_favor, event_condition, is_random_value, is_random_attribute, is_random_block_training, is_end_chained_event) VALUES (2463, 1395, 'None', 2, 5, 5, 0, 0, 5, 0, 0, 15, 5, null, 0, 0, 0, 0);
INSERT INTO card_events (event_id, event_name, uma_id, uma_name, category) VALUES (1396, '(❯❯❯) 踏破金剛石', 30134, 'mejiro-ramonu', '連鎖事件');
INSERT INTO card_event_choices (choice_id, event_id, choice_label, chain_index, speed, stamina, strength, willpower, intelligence, hp, mood, skill_point, character_favor, event_condition, is_random_value, is_random_attribute, is_random_block_training, is_end_chained_event) VALUES (2464, 1396, 'None', 3, 7, 7, 0, 0, 10, 0, 0, 0, 5, null, 0, 0, 0, 0);
INSERT INTO card_events (event_id, event_name, uma_id, uma_name, category) VALUES (1397, '僅只一瞥', 30134, 'mejiro-ramonu', '隨機事件');
INSERT INTO card_event_choices (choice_id, event_id, choice_label, chain_index, speed, stamina, strength, willpower, intelligence, hp, mood, skill_point, character_favor, event_condition, is_random_value, is_random_attribute, is_random_block_training, is_end_chained_event) VALUES (2465, 1397, 'Up', 3, 0, 0, 0, 0, 0, 0, 1, 10, 5, null, 0, 0, 0, 0);
INSERT INTO card_event_choices (choice_id, event_id, choice_label, chain_index, speed, stamina, strength, willpower, intelligence, hp, mood, skill_point, character_favor, event_condition, is_random_value, is_random_attribute, is_random_block_training, is_end_chained_event) VALUES (2466, 1397, 'Down', 3, 0, 0, 0, 0, 15, 0, 0, 0, 5, null, 0, 0, 0, 0);
INSERT INTO card_events (event_id, event_name, uma_id, uma_name, category) VALUES (1398, '俯首效忠', 30134, 'mejiro-ramonu', '隨機事件');
INSERT INTO card_event_choices (choice_id, event_id, choice_label, chain_index, speed, stamina, strength, willpower, intelligence, hp, mood, skill_point, character_favor, event_condition, is_random_value, is_random_attribute, is_random_block_training, is_end_chained_event) VALUES (2467, 1398, 'Up', 3, 10, 5, 0, 0, 0, 0, 0, 0, 5, null, 0, 0, 0, 0);
INSERT INTO card_event_choices (choice_id, event_id, choice_label, chain_index, speed, stamina, strength, willpower, intelligence, hp, mood, skill_point, character_favor, event_condition, is_random_value, is_random_attribute, is_random_block_training, is_end_chained_event) VALUES (2468, 1398, 'Down', 3, 0, 0, 0, 0, 0, 0, 0, 0, 5, null, 0, 0, 0, 0);
INSERT INTO card_table (count, uma_id, uma_name) VALUES (345, 30135, 'katsuragi-ace');
INSERT INTO card_events (event_id, event_name, uma_id, uma_name, category) VALUES (1399, '(❯) By the People', 30135, 'katsuragi-ace', '連鎖事件');
INSERT INTO card_event_choices (choice_id, event_id, choice_label, chain_index, speed, stamina, strength, willpower, intelligence, hp, mood, skill_point, character_favor, event_condition, is_random_value, is_random_attribute, is_random_block_training, is_end_chained_event) VALUES (2469, 1399, 'None', 1, 0, 0, 0, 0, 0, 0, 0, 20, 5, null, 0, 0, 0, 0);
INSERT INTO card_events (event_id, event_name, uma_id, uma_name, category) VALUES (1400, '(❯❯) No Way Home', 30135, 'katsuragi-ace', '連鎖事件');
INSERT INTO card_event_choices (choice_id, event_id, choice_label, chain_index, speed, stamina, strength, willpower, intelligence, hp, mood, skill_point, character_favor, event_condition, is_random_value, is_random_attribute, is_random_block_training, is_end_chained_event) VALUES (2470, 1400, 'Up', 2, 10, 0, 0, 0, 0, 0, 0, 0, 5, null, 0, 0, 0, 0);
INSERT INTO card_event_choices (choice_id, event_id, choice_label, chain_index, speed, stamina, strength, willpower, intelligence, hp, mood, skill_point, character_favor, event_condition, is_random_value, is_random_attribute, is_random_block_training, is_end_chained_event) VALUES (2471, 1400, 'Down', 2, 0, 0, 0, 15, 0, -5, 0, 0, 10, null, 0, 0, 0, 0);
INSERT INTO card_events (event_id, event_name, uma_id, uma_name, category) VALUES (1401, '(❯❯❯) Through Telepathy', 30135, 'katsuragi-ace', '連鎖事件');
INSERT INTO card_event_choices (choice_id, event_id, choice_label, chain_index, speed, stamina, strength, willpower, intelligence, hp, mood, skill_point, character_favor, event_condition, is_random_value, is_random_attribute, is_random_block_training, is_end_chained_event) VALUES (2472, 1401, 'None', 3, 10, 0, 0, 10, 0, 0, 0, 0, 5, null, 0, 0, 0, 0);
INSERT INTO card_events (event_id, event_name, uma_id, uma_name, category) VALUES (1402, '榮主VS演講！', 30135, 'katsuragi-ace', '隨機事件');
INSERT INTO card_event_choices (choice_id, event_id, choice_label, chain_index, speed, stamina, strength, willpower, intelligence, hp, mood, skill_point, character_favor, event_condition, is_random_value, is_random_attribute, is_random_block_training, is_end_chained_event) VALUES (2473, 1402, 'Up', 3, 0, 0, 0, 0, 0, 0, 2, 0, 5, null, 0, 0, 0, 0);
INSERT INTO card_event_choices (choice_id, event_id, choice_label, chain_index, speed, stamina, strength, willpower, intelligence, hp, mood, skill_point, character_favor, event_condition, is_random_value, is_random_attribute, is_random_block_training, is_end_chained_event) VALUES (2474, 1402, 'Down', 3, 0, 0, 0, 15, 0, 0, 0, 0, 5, null, 0, 0, 0, 0);
INSERT INTO card_events (event_id, event_name, uma_id, uma_name, category) VALUES (1403, '榮主VS奧客！', 30135, 'katsuragi-ace', '隨機事件');
INSERT INTO card_event_choices (choice_id, event_id, choice_label, chain_index, speed, stamina, strength, willpower, intelligence, hp, mood, skill_point, character_favor, event_condition, is_random_value, is_random_attribute, is_random_block_training, is_end_chained_event) VALUES (2475, 1403, 'Up', 3, 0, 0, 0, 0, 0, 15, 0, 0, 5, null, 0, 0, 0, 0);
INSERT INTO card_event_choices (choice_id, event_id, choice_label, chain_index, speed, stamina, strength, willpower, intelligence, hp, mood, skill_point, character_favor, event_condition, is_random_value, is_random_attribute, is_random_block_training, is_end_chained_event) VALUES (2476, 1403, 'Down', 3, 0, 0, 0, 0, 0, 0, 0, 0, 5, null, 0, 0, 0, 0);
INSERT INTO card_table (count, uma_id, uma_name) VALUES (346, 30136, 'symboli-kris-s');
INSERT INTO card_events (event_id, event_name, uma_id, uma_name, category) VALUES (1404, '(❯) 特雷森學園奇妙的日常生活', 30136, 'symboli-kris-s', '連鎖事件');
INSERT INTO card_event_choices (choice_id, event_id, choice_label, chain_index, speed, stamina, strength, willpower, intelligence, hp, mood, skill_point, character_favor, event_condition, is_random_value, is_random_attribute, is_random_block_training, is_end_chained_event) VALUES (2477, 1404, 'Up', 1, 0, 0, 0, 0, 0, 10, 0, 0, 5, null, 0, 0, 0, 0);
INSERT INTO card_event_choices (choice_id, event_id, choice_label, chain_index, speed, stamina, strength, willpower, intelligence, hp, mood, skill_point, character_favor, event_condition, is_random_value, is_random_attribute, is_random_block_training, is_end_chained_event) VALUES (2478, 1404, 'Down', 1, 0, 5, 0, 10, 0, 0, 0, 0, 5, null, 0, 0, 0, 0);
INSERT INTO card_events (event_id, event_name, uma_id, uma_name, category) VALUES (1405, '(❯❯) 特雷森學園的非凡生活', 30136, 'symboli-kris-s', '連鎖事件');
INSERT INTO card_event_choices (choice_id, event_id, choice_label, chain_index, speed, stamina, strength, willpower, intelligence, hp, mood, skill_point, character_favor, event_condition, is_random_value, is_random_attribute, is_random_block_training, is_end_chained_event) VALUES (2479, 1405, 'None', 2, 0, 7, 0, 7, 0, 0, 0, 0, 5, null, 0, 0, 0, 0);
INSERT INTO card_events (event_id, event_name, uma_id, uma_name, category) VALUES (1406, '(❯❯❯) 歡迎來到特雷森學園', 30136, 'symboli-kris-s', '連鎖事件');
INSERT INTO card_event_choices (choice_id, event_id, choice_label, chain_index, speed, stamina, strength, willpower, intelligence, hp, mood, skill_point, character_favor, event_condition, is_random_value, is_random_attribute, is_random_block_training, is_end_chained_event) VALUES (2480, 1406, 'None', 3, 0, 7, 0, 7, 0, 0, 0, 10, 5, null, 0, 0, 0, 0);
INSERT INTO card_events (event_id, event_name, uma_id, uma_name, category) VALUES (1407, '專家的心境', 30136, 'symboli-kris-s', '隨機事件');
INSERT INTO card_event_choices (choice_id, event_id, choice_label, chain_index, speed, stamina, strength, willpower, intelligence, hp, mood, skill_point, character_favor, event_condition, is_random_value, is_random_attribute, is_random_block_training, is_end_chained_event) VALUES (2481, 1407, 'Up', 3, 0, 0, 0, 25, 0, 0, 0, 0, 5, null, 0, 0, 0, 0);
INSERT INTO card_event_choices (choice_id, event_id, choice_label, chain_index, speed, stamina, strength, willpower, intelligence, hp, mood, skill_point, character_favor, event_condition, is_random_value, is_random_attribute, is_random_block_training, is_end_chained_event) VALUES (2482, 1407, 'Down', 3, 0, 0, 0, 0, 0, 15, 0, 0, 5, null, 0, 0, 0, 0);
INSERT INTO card_events (event_id, event_name, uma_id, uma_name, category) VALUES (1408, '專家的心態', 30136, 'symboli-kris-s', '隨機事件');
INSERT INTO card_event_choices (choice_id, event_id, choice_label, chain_index, speed, stamina, strength, willpower, intelligence, hp, mood, skill_point, character_favor, event_condition, is_random_value, is_random_attribute, is_random_block_training, is_end_chained_event) VALUES (2483, 1408, 'Up', 3, 0, 15, 0, 0, 0, 0, 0, 0, 5, null, 0, 0, 0, 0);
INSERT INTO card_event_choices (choice_id, event_id, choice_label, chain_index, speed, stamina, strength, willpower, intelligence, hp, mood, skill_point, character_favor, event_condition, is_random_value, is_random_attribute, is_random_block_training, is_end_chained_event) VALUES (2484, 1408, 'Down', 3, 0, 0, 0, 0, 0, 0, 0, 0, 5, null, 0, 0, 0, 0);
INSERT INTO card_table (count, uma_id, uma_name) VALUES (347, 30137, 'ancestors-guides');
INSERT INTO card_events (event_id, event_name, uma_id, uma_name, category) VALUES (1409, '和偉人一起旅行 (達利阿拉伯)', 30137, 'ancestors-guides', '外出');
INSERT INTO card_event_choices (choice_id, event_id, choice_label, chain_index, speed, stamina, strength, willpower, intelligence, hp, mood, skill_point, character_favor, event_condition, is_random_value, is_random_attribute, is_random_block_training, is_end_chained_event) VALUES (2485, 1409, 'None', 0, 0, 0, 0, 0, 0, 35, 1, 20, 5, null, 0, 0, 0, 0);
INSERT INTO card_events (event_id, event_name, uma_id, uma_name, category) VALUES (1410, '簡直就像魔法師一樣 (高多芬柏布)', 30137, 'ancestors-guides', '外出');
INSERT INTO card_event_choices (choice_id, event_id, choice_label, chain_index, speed, stamina, strength, willpower, intelligence, hp, mood, skill_point, character_favor, event_condition, is_random_value, is_random_attribute, is_random_block_training, is_end_chained_event) VALUES (2486, 1410, 'None', 0, 10, 0, 0, 0, 10, 25, 1, 0, 5, '治癒所有負', 0, 0, 0, 0);
INSERT INTO card_events (event_id, event_name, uma_id, uma_name, category) VALUES (1411, '如旋風般的強悍 (拜耶爾土耳其)', 30137, 'ancestors-guides', '外出');
INSERT INTO card_event_choices (choice_id, event_id, choice_label, chain_index, speed, stamina, strength, willpower, intelligence, hp, mood, skill_point, character_favor, event_condition, is_random_value, is_random_attribute, is_random_block_training, is_end_chained_event) VALUES (2487, 1411, 'None', 0, 0, 7, 7, 7, 0, 29, 1, 0, 5, null, 0, 0, 0, 0);
INSERT INTO card_events (event_id, event_name, uma_id, uma_name, category) VALUES (1412, '從三女神傳遞給她們', 30137, 'ancestors-guides', '外出');
INSERT INTO card_event_choices (choice_id, event_id, choice_label, chain_index, speed, stamina, strength, willpower, intelligence, hp, mood, skill_point, character_favor, event_condition, is_random_value, is_random_attribute, is_random_block_training, is_end_chained_event) VALUES (2488, 1412, 'Up', 0, 8, 8, 8, 8, 8, 35, 1, 0, 5, null, 0, 0, 0, 0);
INSERT INTO card_event_choices (choice_id, event_id, choice_label, chain_index, speed, stamina, strength, willpower, intelligence, hp, mood, skill_point, character_favor, event_condition, is_random_value, is_random_attribute, is_random_block_training, is_end_chained_event) VALUES (2489, 1412, 'Middle', 0, 20, 0, 0, 0, 20, 35, 1, 0, 5, null, 0, 0, 0, 0);
INSERT INTO card_event_choices (choice_id, event_id, choice_label, chain_index, speed, stamina, strength, willpower, intelligence, hp, mood, skill_point, character_favor, event_condition, is_random_value, is_random_attribute, is_random_block_training, is_end_chained_event) VALUES (2490, 1412, 'Down', 0, 0, 13, 13, 13, 0, 35, 1, 0, 5, null, 0, 0, 0, 0);
INSERT INTO card_events (event_id, event_name, uma_id, uma_name, category) VALUES (1413, '從她們傳遞給妳們', 30137, 'ancestors-guides', '外出');
INSERT INTO card_event_choices (choice_id, event_id, choice_label, chain_index, speed, stamina, strength, willpower, intelligence, hp, mood, skill_point, character_favor, event_condition, is_random_value, is_random_attribute, is_random_block_training, is_end_chained_event) VALUES (2491, 1413, 'None', 0, 8, 8, 8, 8, 8, 40, 1, 30, 5, '熱情領域：身兼指導者的始祖們', 0, 0, 0, 0);
INSERT INTO card_events (event_id, event_name, uma_id, uma_name, category) VALUES (1414, '在大自然中奔跑', 30137, 'ancestors-guides', '隨機事件');
INSERT INTO card_event_choices (choice_id, event_id, choice_label, chain_index, speed, stamina, strength, willpower, intelligence, hp, mood, skill_point, character_favor, event_condition, is_random_value, is_random_attribute, is_random_block_training, is_end_chained_event) VALUES (2492, 1414, 'Up', 0, 3, 3, 3, 3, 3, 0, 0, 0, 5, null, 0, 0, 0, 0);
INSERT INTO card_event_choices (choice_id, event_id, choice_label, chain_index, speed, stamina, strength, willpower, intelligence, hp, mood, skill_point, character_favor, event_condition, is_random_value, is_random_attribute, is_random_block_training, is_end_chained_event) VALUES (2493, 1414, 'Down', 0, 0, 0, 0, 0, 0, 0, 0, 30, 5, null, 0, 0, 0, 0);
INSERT INTO card_events (event_id, event_name, uma_id, uma_name, category) VALUES (1415, '大自然的教誨', 30137, 'ancestors-guides', '隨機事件');
INSERT INTO card_event_choices (choice_id, event_id, choice_label, chain_index, speed, stamina, strength, willpower, intelligence, hp, mood, skill_point, character_favor, event_condition, is_random_value, is_random_attribute, is_random_block_training, is_end_chained_event) VALUES (2494, 1415, 'Up', 0, 0, 0, 0, 0, 0, 0, 0, 0, 5, null, 0, 0, 0, 0);
INSERT INTO card_event_choices (choice_id, event_id, choice_label, chain_index, speed, stamina, strength, willpower, intelligence, hp, mood, skill_point, character_favor, event_condition, is_random_value, is_random_attribute, is_random_block_training, is_end_chained_event) VALUES (2495, 1415, 'Down', 0, 0, 0, 0, 0, 0, 15, 0, 0, 5, null, 0, 0, 0, 0);
INSERT INTO card_events (event_id, event_name, uma_id, uma_name, category) VALUES (1416, '女神的愛宛如蔚藍的大海', 30137, 'ancestors-guides', '隨機事件');
INSERT INTO card_event_choices (choice_id, event_id, choice_label, chain_index, speed, stamina, strength, willpower, intelligence, hp, mood, skill_point, character_favor, event_condition, is_random_value, is_random_attribute, is_random_block_training, is_end_chained_event) VALUES (2496, 1416, 'Up', 0, 8, 0, 0, 0, 8, 0, 0, 0, 5, null, 0, 0, 0, 0);
INSERT INTO card_event_choices (choice_id, event_id, choice_label, chain_index, speed, stamina, strength, willpower, intelligence, hp, mood, skill_point, character_favor, event_condition, is_random_value, is_random_attribute, is_random_block_training, is_end_chained_event) VALUES (2497, 1416, 'Down', 0, 0, 0, 0, 0, 0, 0, 2, 0, 5, null, 0, 0, 0, 0);
INSERT INTO card_events (event_id, event_name, uma_id, uma_name, category) VALUES (1417, '女神的愛之深，責之切', 30137, 'ancestors-guides', '隨機事件');
INSERT INTO card_event_choices (choice_id, event_id, choice_label, chain_index, speed, stamina, strength, willpower, intelligence, hp, mood, skill_point, character_favor, event_condition, is_random_value, is_random_attribute, is_random_block_training, is_end_chained_event) VALUES (2498, 1417, 'Up', 0, 0, 0, 0, 0, 0, 0, 0, 0, 5, null, 0, 0, 0, 0);
INSERT INTO card_event_choices (choice_id, event_id, choice_label, chain_index, speed, stamina, strength, willpower, intelligence, hp, mood, skill_point, character_favor, event_condition, is_random_value, is_random_attribute, is_random_block_training, is_end_chained_event) VALUES (2499, 1417, 'Down', 0, 10, 0, 0, 0, 0, 10, 0, 0, 5, null, 0, 0, 0, 0);
INSERT INTO card_events (event_id, event_name, uma_id, uma_name, category) VALUES (1418, '毛頭小子，別誤判了', 30137, 'ancestors-guides', '隨機事件');
INSERT INTO card_event_choices (choice_id, event_id, choice_label, chain_index, speed, stamina, strength, willpower, intelligence, hp, mood, skill_point, character_favor, event_condition, is_random_value, is_random_attribute, is_random_block_training, is_end_chained_event) VALUES (2500, 1418, 'Up', 0, 0, 5, 5, 5, 0, 0, 0, 0, 5, null, 0, 0, 0, 0);
INSERT INTO card_event_choices (choice_id, event_id, choice_label, chain_index, speed, stamina, strength, willpower, intelligence, hp, mood, skill_point, character_favor, event_condition, is_random_value, is_random_attribute, is_random_block_training, is_end_chained_event) VALUES (2501, 1418, 'Down', 0, 0, 0, 0, 0, 0, 10, 0, 5, 5, null, 0, 0, 0, 0);
INSERT INTO card_events (event_id, event_name, uma_id, uma_name, category) VALUES (1419, '毛頭小子，保持積極吧', 30137, 'ancestors-guides', '隨機事件');
INSERT INTO card_event_choices (choice_id, event_id, choice_label, chain_index, speed, stamina, strength, willpower, intelligence, hp, mood, skill_point, character_favor, event_condition, is_random_value, is_random_attribute, is_random_block_training, is_end_chained_event) VALUES (2502, 1419, 'Up', 0, 0, 0, 0, 0, 0, 0, 0, 0, 5, null, 0, 0, 0, 0);
INSERT INTO card_event_choices (choice_id, event_id, choice_label, chain_index, speed, stamina, strength, willpower, intelligence, hp, mood, skill_point, character_favor, event_condition, is_random_value, is_random_attribute, is_random_block_training, is_end_chained_event) VALUES (2503, 1419, 'Down', 0, 0, 0, 10, 0, 0, 0, 0, 15, 5, null, 0, 0, 0, 0);
INSERT INTO card_events (event_id, event_name, uma_id, uma_name, category) VALUES (1420, '仿效學習的三女神', 30137, 'ancestors-guides', '隨機事件');
INSERT INTO card_event_choices (choice_id, event_id, choice_label, chain_index, speed, stamina, strength, willpower, intelligence, hp, mood, skill_point, character_favor, event_condition, is_random_value, is_random_attribute, is_random_block_training, is_end_chained_event) VALUES (2504, 1420, 'None', 0, 5, 5, 5, 5, 5, 0, 0, 10, 5, '熱情領域：身兼指導者的始祖們', 0, 0, 0, 0);
INSERT INTO card_events (event_id, event_name, uma_id, uma_name, category) VALUES (1421, '唯二的依靠', 30137, 'ancestors-guides', '隨機事件');
INSERT INTO card_event_choices (choice_id, event_id, choice_label, chain_index, speed, stamina, strength, willpower, intelligence, hp, mood, skill_point, character_favor, event_condition, is_random_value, is_random_attribute, is_random_block_training, is_end_chained_event) VALUES (2505, 1421, 'Up', 0, 0, 0, 0, 0, 0, 0, 0, 20, 5, null, 0, 0, 0, 0);
INSERT INTO card_event_choices (choice_id, event_id, choice_label, chain_index, speed, stamina, strength, willpower, intelligence, hp, mood, skill_point, character_favor, event_condition, is_random_value, is_random_attribute, is_random_block_training, is_end_chained_event) VALUES (2506, 1421, 'Middle', 0, 10, 0, 0, 0, 10, 0, 0, 0, 5, null, 0, 0, 0, 0);
INSERT INTO card_event_choices (choice_id, event_id, choice_label, chain_index, speed, stamina, strength, willpower, intelligence, hp, mood, skill_point, character_favor, event_condition, is_random_value, is_random_attribute, is_random_block_training, is_end_chained_event) VALUES (2507, 1421, 'Down', 0, 0, 10, 10, 0, 0, 0, 0, 0, 5, null, 0, 0, 0, 0);
INSERT INTO card_events (event_id, event_name, uma_id, uma_name, category) VALUES (1422, '女神們的休息時間', 30137, 'ancestors-guides', '特殊事件');
INSERT INTO card_event_choices (choice_id, event_id, choice_label, chain_index, speed, stamina, strength, willpower, intelligence, hp, mood, skill_point, character_favor, event_condition, is_random_value, is_random_attribute, is_random_block_training, is_end_chained_event) VALUES (2508, 1422, 'None', 0, 2, 2, 2, 2, 2, 6, 0, 0, 5, null, 0, 0, 0, 0);
INSERT INTO card_events (event_id, event_name, uma_id, uma_name, category) VALUES (1423, '三女神用來轉換心情的訓練', 30137, 'ancestors-guides', '特殊事件');
INSERT INTO card_event_choices (choice_id, event_id, choice_label, chain_index, speed, stamina, strength, willpower, intelligence, hp, mood, skill_point, character_favor, event_condition, is_random_value, is_random_attribute, is_random_block_training, is_end_chained_event) VALUES (2509, 1423, 'Up', 0, 0, 0, 0, 0, 0, 0, 0, 8, 5, '(隨機)  熱情領域：身兼指導者的始祖們', 0, 1, 0, 0);
INSERT INTO card_event_choices (choice_id, event_id, choice_label, chain_index, speed, stamina, strength, willpower, intelligence, hp, mood, skill_point, character_favor, event_condition, is_random_value, is_random_attribute, is_random_block_training, is_end_chained_event) VALUES (2510, 1423, 'Middle', 0, 4, 0, 0, 0, 0, 0, 0, 4, 5, '(隨機)  熱情領域：身兼指導者的始祖們', 0, 1, 0, 0);
INSERT INTO card_event_choices (choice_id, event_id, choice_label, chain_index, speed, stamina, strength, willpower, intelligence, hp, mood, skill_point, character_favor, event_condition, is_random_value, is_random_attribute, is_random_block_training, is_end_chained_event) VALUES (2511, 1423, 'Down', 0, 0, 4, 0, 0, 0, 0, 0, 4, 5, '(隨機)  熱情領域：身兼指導者的始祖們', 0, 1, 0, 0);
INSERT INTO card_events (event_id, event_name, uma_id, uma_name, category) VALUES (1424, '永不終結的故事', 30137, 'ancestors-guides', '特殊事件');
INSERT INTO card_event_choices (choice_id, event_id, choice_label, chain_index, speed, stamina, strength, willpower, intelligence, hp, mood, skill_point, character_favor, event_condition, is_random_value, is_random_attribute, is_random_block_training, is_end_chained_event) VALUES (2512, 1424, 'None', 0, 10, 10, 10, 10, 10, 0, 0, 10, 0, null, 0, 0, 0, 0);
INSERT INTO card_events (event_id, event_name, uma_id, uma_name, category) VALUES (1425, '致未來將盛大綻放的妳們', 30137, 'ancestors-guides', '特殊事件');
INSERT INTO card_event_choices (choice_id, event_id, choice_label, chain_index, speed, stamina, strength, willpower, intelligence, hp, mood, skill_point, character_favor, event_condition, is_random_value, is_random_attribute, is_random_block_training, is_end_chained_event) VALUES (2513, 1425, 'None', 0, 7, 7, 7, 7, 7, 0, 0, 0, 0, null, 0, 0, 0, 0);
INSERT INTO card_events (event_id, event_name, uma_id, uma_name, category) VALUES (1426, '女神的小憩', 30137, 'ancestors-guides', '特殊事件');
INSERT INTO card_event_choices (choice_id, event_id, choice_label, chain_index, speed, stamina, strength, willpower, intelligence, hp, mood, skill_point, character_favor, event_condition, is_random_value, is_random_attribute, is_random_block_training, is_end_chained_event) VALUES (2514, 1426, 'None', 0, 0, 0, 0, 0, 0, 15, 0, 30, 5, null, 0, 0, 0, 0);
INSERT INTO card_table (count, uma_id, uma_name) VALUES (348, 30138, 'nice-nature');
INSERT INTO card_events (event_id, event_name, uma_id, uma_name, category) VALUES (1427, '(❯) 擅於多管閒事的素質小姐', 30138, 'nice-nature', '連鎖事件');
INSERT INTO card_event_choices (choice_id, event_id, choice_label, chain_index, speed, stamina, strength, willpower, intelligence, hp, mood, skill_point, character_favor, event_condition, is_random_value, is_random_attribute, is_random_block_training, is_end_chained_event) VALUES (2515, 1427, 'Up', 1, 0, 0, 0, 0, 0, 10, 1, 0, 5, null, 0, 0, 0, 0);
INSERT INTO card_event_choices (choice_id, event_id, choice_label, chain_index, speed, stamina, strength, willpower, intelligence, hp, mood, skill_point, character_favor, event_condition, is_random_value, is_random_attribute, is_random_block_training, is_end_chained_event) VALUES (2516, 1427, 'Down', 1, 0, 7, 7, 0, 0, 0, 0, 0, 5, null, 0, 0, 0, 0);
INSERT INTO card_events (event_id, event_name, uma_id, uma_name, category) VALUES (1428, '(❯❯) 在閃亮亮咖啡廳被逮個正著', 30138, 'nice-nature', '連鎖事件');
INSERT INTO card_event_choices (choice_id, event_id, choice_label, chain_index, speed, stamina, strength, willpower, intelligence, hp, mood, skill_point, character_favor, event_condition, is_random_value, is_random_attribute, is_random_block_training, is_end_chained_event) VALUES (2517, 1428, 'None', 2, 0, 10, 10, 0, 0, 30, 0, 0, 10, null, 0, 0, 0, 0);
INSERT INTO card_events (event_id, event_name, uma_id, uma_name, category) VALUES (1429, '(❯❯❯) 那就是我的生存之道', 30138, 'nice-nature', '連鎖事件');
INSERT INTO card_event_choices (choice_id, event_id, choice_label, chain_index, speed, stamina, strength, willpower, intelligence, hp, mood, skill_point, character_favor, event_condition, is_random_value, is_random_attribute, is_random_block_training, is_end_chained_event) VALUES (2518, 1429, 'None', 3, 0, 10, 10, 0, 0, 0, 0, 0, 5, null, 1, 0, 0, 0);
INSERT INTO card_event_choices (choice_id, event_id, choice_label, chain_index, speed, stamina, strength, willpower, intelligence, hp, mood, skill_point, character_favor, event_condition, is_random_value, is_random_attribute, is_random_block_training, is_end_chained_event) VALUES (2519, 1429, 'None', 3, 0, 5, 5, 0, 0, 0, 0, 0, 5, null, 0, 0, 0, 0);
INSERT INTO card_events (event_id, event_name, uma_id, uma_name, category) VALUES (1430, '（喵喵什麼的）並不適合我', 30138, 'nice-nature', '隨機事件');
INSERT INTO card_event_choices (choice_id, event_id, choice_label, chain_index, speed, stamina, strength, willpower, intelligence, hp, mood, skill_point, character_favor, event_condition, is_random_value, is_random_attribute, is_random_block_training, is_end_chained_event) VALUES (2520, 1430, 'Up', 3, 0, 0, 0, 0, 0, 20, 0, 0, 5, null, 0, 0, 0, 0);
INSERT INTO card_event_choices (choice_id, event_id, choice_label, chain_index, speed, stamina, strength, willpower, intelligence, hp, mood, skill_point, character_favor, event_condition, is_random_value, is_random_attribute, is_random_block_training, is_end_chained_event) VALUES (2521, 1430, 'Down', 3, 0, 0, 0, 0, 5, 10, 0, 0, 5, null, 0, 0, 0, 0);
INSERT INTO card_events (event_id, event_name, uma_id, uma_name, category) VALUES (1431, '（好吃的）雞婆', 30138, 'nice-nature', '隨機事件');
INSERT INTO card_event_choices (choice_id, event_id, choice_label, chain_index, speed, stamina, strength, willpower, intelligence, hp, mood, skill_point, character_favor, event_condition, is_random_value, is_random_attribute, is_random_block_training, is_end_chained_event) VALUES (2522, 1431, 'Up', 3, 0, 0, 0, 0, 0, 0, 0, 0, 5, null, 0, 0, 0, 0);
INSERT INTO card_event_choices (choice_id, event_id, choice_label, chain_index, speed, stamina, strength, willpower, intelligence, hp, mood, skill_point, character_favor, event_condition, is_random_value, is_random_attribute, is_random_block_training, is_end_chained_event) VALUES (2523, 1431, 'Down', 3, 0, 0, 0, 0, 0, 4, 1, 0, 5, null, 0, 0, 0, 0);
INSERT INTO card_table (count, uma_id, uma_name) VALUES (349, 30139, 'mejiro-mcqueen');
INSERT INTO card_events (event_id, event_name, uma_id, uma_name, category) VALUES (1432, '(❯) 仰望優美的群花', 30139, 'mejiro-mcqueen', '連鎖事件');
INSERT INTO card_event_choices (choice_id, event_id, choice_label, chain_index, speed, stamina, strength, willpower, intelligence, hp, mood, skill_point, character_favor, event_condition, is_random_value, is_random_attribute, is_random_block_training, is_end_chained_event) VALUES (2524, 1432, 'Up', 1, 7, 7, 0, 0, 0, 0, 0, 0, 5, null, 0, 0, 0, 0);
INSERT INTO card_event_choices (choice_id, event_id, choice_label, chain_index, speed, stamina, strength, willpower, intelligence, hp, mood, skill_point, character_favor, event_condition, is_random_value, is_random_attribute, is_random_block_training, is_end_chained_event) VALUES (2525, 1432, 'Down', 1, 0, 7, 0, 7, 0, 0, 0, 15, 5, null, 0, 0, 0, 0);
INSERT INTO card_events (event_id, event_name, uma_id, uma_name, category) VALUES (1433, '(❯❯) 花苞的記憶', 30139, 'mejiro-mcqueen', '連鎖事件');
INSERT INTO card_event_choices (choice_id, event_id, choice_label, chain_index, speed, stamina, strength, willpower, intelligence, hp, mood, skill_point, character_favor, event_condition, is_random_value, is_random_attribute, is_random_block_training, is_end_chained_event) VALUES (2526, 1433, 'None', 2, 10, 20, 0, 10, 0, 0, 0, 20, 10, null, 0, 0, 0, 0);
INSERT INTO card_events (event_id, event_name, uma_id, uma_name, category) VALUES (1434, '(❯❯❯) 凜然綻放', 30139, 'mejiro-mcqueen', '連鎖事件');
INSERT INTO card_event_choices (choice_id, event_id, choice_label, chain_index, speed, stamina, strength, willpower, intelligence, hp, mood, skill_point, character_favor, event_condition, is_random_value, is_random_attribute, is_random_block_training, is_end_chained_event) VALUES (2527, 1434, 'None', 3, 0, 20, 0, 0, 0, 10, 0, 0, 5, null, 1, 0, 0, 0);
INSERT INTO card_event_choices (choice_id, event_id, choice_label, chain_index, speed, stamina, strength, willpower, intelligence, hp, mood, skill_point, character_favor, event_condition, is_random_value, is_random_attribute, is_random_block_training, is_end_chained_event) VALUES (2528, 1434, 'None', 3, 0, 10, 0, 0, 0, 5, 0, 0, 5, null, 0, 0, 0, 0);
INSERT INTO card_events (event_id, event_name, uma_id, uma_name, category) VALUES (1435, '為了維持體重', 30139, 'mejiro-mcqueen', '隨機事件');
INSERT INTO card_event_choices (choice_id, event_id, choice_label, chain_index, speed, stamina, strength, willpower, intelligence, hp, mood, skill_point, character_favor, event_condition, is_random_value, is_random_attribute, is_random_block_training, is_end_chained_event) VALUES (2529, 1435, 'Up', 3, 0, 15, 0, 0, 0, -10, 0, 0, 5, null, 0, 0, 0, 0);
INSERT INTO card_event_choices (choice_id, event_id, choice_label, chain_index, speed, stamina, strength, willpower, intelligence, hp, mood, skill_point, character_favor, event_condition, is_random_value, is_random_attribute, is_random_block_training, is_end_chained_event) VALUES (2530, 1435, 'Down', 3, 0, 5, 0, 0, 0, 4, 0, 0, 5, null, 0, 0, 0, 0);
INSERT INTO card_events (event_id, event_name, uma_id, uma_name, category) VALUES (1436, '為了達到巔峰', 30139, 'mejiro-mcqueen', '隨機事件');
INSERT INTO card_event_choices (choice_id, event_id, choice_label, chain_index, speed, stamina, strength, willpower, intelligence, hp, mood, skill_point, character_favor, event_condition, is_random_value, is_random_attribute, is_random_block_training, is_end_chained_event) VALUES (2531, 1436, 'Up', 3, 0, 5, 0, 5, 0, 0, 0, 0, 5, null, 0, 0, 0, 0);
INSERT INTO card_event_choices (choice_id, event_id, choice_label, chain_index, speed, stamina, strength, willpower, intelligence, hp, mood, skill_point, character_favor, event_condition, is_random_value, is_random_attribute, is_random_block_training, is_end_chained_event) VALUES (2532, 1436, 'Down', 3, 0, 0, 0, 0, 0, 0, 0, 0, 5, null, 0, 0, 0, 0);
INSERT INTO card_table (count, uma_id, uma_name) VALUES (350, 30140, 'tokai-teio');
INSERT INTO card_events (event_id, event_name, uma_id, uma_name, category) VALUES (1437, '(❯) LESSON.1　備好用具吧', 30140, 'tokai-teio', '連鎖事件');
INSERT INTO card_event_choices (choice_id, event_id, choice_label, chain_index, speed, stamina, strength, willpower, intelligence, hp, mood, skill_point, character_favor, event_condition, is_random_value, is_random_attribute, is_random_block_training, is_end_chained_event) VALUES (2533, 1437, 'None', 1, 10, 0, 5, 0, 0, 0, 0, 0, 5, null, 0, 0, 0, 0);
INSERT INTO card_events (event_id, event_name, uma_id, uma_name, category) VALUES (1438, '(❯❯) LESSON.2　來學習禮儀吧', 30140, 'tokai-teio', '連鎖事件');
INSERT INTO card_event_choices (choice_id, event_id, choice_label, chain_index, speed, stamina, strength, willpower, intelligence, hp, mood, skill_point, character_favor, event_condition, is_random_value, is_random_attribute, is_random_block_training, is_end_chained_event) VALUES (2534, 1438, 'Up', 2, 5, 0, 0, 0, 0, 0, 0, 0, 5, null, 0, 0, 0, 0);
INSERT INTO card_event_choices (choice_id, event_id, choice_label, chain_index, speed, stamina, strength, willpower, intelligence, hp, mood, skill_point, character_favor, event_condition, is_random_value, is_random_attribute, is_random_block_training, is_end_chained_event) VALUES (2535, 1438, 'Down', 2, 0, 0, 5, 0, 0, 10, 0, 0, 5, null, 0, 0, 0, 0);
INSERT INTO card_events (event_id, event_name, uma_id, uma_name, category) VALUES (1439, '(❯❯❯) LESSON.3　來進行款待吧', 30140, 'tokai-teio', '連鎖事件');
INSERT INTO card_event_choices (choice_id, event_id, choice_label, chain_index, speed, stamina, strength, willpower, intelligence, hp, mood, skill_point, character_favor, event_condition, is_random_value, is_random_attribute, is_random_block_training, is_end_chained_event) VALUES (2536, 1439, 'None', 3, 10, 0, 5, 0, 0, 0, 0, 0, 5, null, 0, 0, 0, 0);
INSERT INTO card_events (event_id, event_name, uma_id, uma_name, category) VALUES (1440, '我的作法', 30140, 'tokai-teio', '隨機事件');
INSERT INTO card_event_choices (choice_id, event_id, choice_label, chain_index, speed, stamina, strength, willpower, intelligence, hp, mood, skill_point, character_favor, event_condition, is_random_value, is_random_attribute, is_random_block_training, is_end_chained_event) VALUES (2537, 1440, 'Up', 3, 0, 0, 0, 0, 0, 0, 1, 15, 5, null, 0, 0, 0, 0);
INSERT INTO card_event_choices (choice_id, event_id, choice_label, chain_index, speed, stamina, strength, willpower, intelligence, hp, mood, skill_point, character_favor, event_condition, is_random_value, is_random_attribute, is_random_block_training, is_end_chained_event) VALUES (2538, 1440, 'Down', 3, 0, 0, 0, 15, 0, 0, 0, 0, 5, null, 0, 0, 0, 0);
INSERT INTO card_events (event_id, event_name, uma_id, uma_name, category) VALUES (1441, '我的武器', 30140, 'tokai-teio', '隨機事件');
INSERT INTO card_event_choices (choice_id, event_id, choice_label, chain_index, speed, stamina, strength, willpower, intelligence, hp, mood, skill_point, character_favor, event_condition, is_random_value, is_random_attribute, is_random_block_training, is_end_chained_event) VALUES (2539, 1441, 'Up', 3, 0, 0, 0, 10, 0, 0, 1, 0, 5, null, 0, 0, 0, 0);
INSERT INTO card_event_choices (choice_id, event_id, choice_label, chain_index, speed, stamina, strength, willpower, intelligence, hp, mood, skill_point, character_favor, event_condition, is_random_value, is_random_attribute, is_random_block_training, is_end_chained_event) VALUES (2540, 1441, 'Down', 3, 0, 0, 0, 0, 0, 0, 0, 0, 5, null, 0, 0, 0, 0);
INSERT INTO card_table (count, uma_id, uma_name) VALUES (351, 30141, 'mihono-bourbon');
INSERT INTO card_events (event_id, event_name, uma_id, uma_name, category) VALUES (1442, '(❯) 任務「打雷特訓」', 30141, 'mihono-bourbon', '連鎖事件');
INSERT INTO card_event_choices (choice_id, event_id, choice_label, chain_index, speed, stamina, strength, willpower, intelligence, hp, mood, skill_point, character_favor, event_condition, is_random_value, is_random_attribute, is_random_block_training, is_end_chained_event) VALUES (2541, 1442, 'Up', 1, 0, 0, 0, 0, 10, 0, 0, 0, 10, null, 1, 0, 0, 0);
INSERT INTO card_event_choices (choice_id, event_id, choice_label, chain_index, speed, stamina, strength, willpower, intelligence, hp, mood, skill_point, character_favor, event_condition, is_random_value, is_random_attribute, is_random_block_training, is_end_chained_event) VALUES (2542, 1442, 'Up', 1, 0, 0, 0, 0, 5, 0, 0, 0, 5, null, 0, 0, 0, 0);
INSERT INTO card_event_choices (choice_id, event_id, choice_label, chain_index, speed, stamina, strength, willpower, intelligence, hp, mood, skill_point, character_favor, event_condition, is_random_value, is_random_attribute, is_random_block_training, is_end_chained_event) VALUES (2543, 1442, 'Down', 1, 0, 0, 0, 0, 0, 10, 0, 0, 5, null, 0, 0, 0, 0);
INSERT INTO card_events (event_id, event_name, uma_id, uma_name, category) VALUES (1443, '(❯❯) 任務「為朋友加油」', 30141, 'mihono-bourbon', '連鎖事件');
INSERT INTO card_event_choices (choice_id, event_id, choice_label, chain_index, speed, stamina, strength, willpower, intelligence, hp, mood, skill_point, character_favor, event_condition, is_random_value, is_random_attribute, is_random_block_training, is_end_chained_event) VALUES (2544, 1443, 'Up', 2, 10, 0, 10, 0, 10, 0, 0, 0, 5, null, 0, 0, 0, 0);
INSERT INTO card_event_choices (choice_id, event_id, choice_label, chain_index, speed, stamina, strength, willpower, intelligence, hp, mood, skill_point, character_favor, event_condition, is_random_value, is_random_attribute, is_random_block_training, is_end_chained_event) VALUES (2545, 1443, 'Down', 2, 0, 0, 0, 0, 0, 20, 0, 0, 5, null, 0, 0, 0, 0);
INSERT INTO card_events (event_id, event_name, uma_id, uma_name, category) VALUES (1444, '(❯❯❯) 緊急任務「注入能量」', 30141, 'mihono-bourbon', '連鎖事件');
INSERT INTO card_event_choices (choice_id, event_id, choice_label, chain_index, speed, stamina, strength, willpower, intelligence, hp, mood, skill_point, character_favor, event_condition, is_random_value, is_random_attribute, is_random_block_training, is_end_chained_event) VALUES (2546, 1444, 'None', 3, 0, 0, 0, 0, 10, 10, 0, 10, 5, null, 0, 0, 0, 0);
INSERT INTO card_events (event_id, event_name, uma_id, uma_name, category) VALUES (1445, '不可危及他人', 30141, 'mihono-bourbon', '隨機事件');
INSERT INTO card_event_choices (choice_id, event_id, choice_label, chain_index, speed, stamina, strength, willpower, intelligence, hp, mood, skill_point, character_favor, event_condition, is_random_value, is_random_attribute, is_random_block_training, is_end_chained_event) VALUES (2547, 1445, 'Up', 3, 0, 5, 15, 0, 0, -10, 0, 0, 5, null, 0, 0, 0, 0);
INSERT INTO card_event_choices (choice_id, event_id, choice_label, chain_index, speed, stamina, strength, willpower, intelligence, hp, mood, skill_point, character_favor, event_condition, is_random_value, is_random_attribute, is_random_block_training, is_end_chained_event) VALUES (2548, 1445, 'Down', 3, 0, 0, 0, 0, 5, 10, 0, 0, 5, null, 0, 0, 0, 0);
INSERT INTO card_events (event_id, event_name, uma_id, uma_name, category) VALUES (1446, '不可違反命令', 30141, 'mihono-bourbon', '隨機事件');
INSERT INTO card_event_choices (choice_id, event_id, choice_label, chain_index, speed, stamina, strength, willpower, intelligence, hp, mood, skill_point, character_favor, event_condition, is_random_value, is_random_attribute, is_random_block_training, is_end_chained_event) VALUES (2549, 1446, 'Up', 3, 0, 0, 0, 0, 0, 0, 0, 0, 5, null, 0, 0, 0, 0);
INSERT INTO card_event_choices (choice_id, event_id, choice_label, chain_index, speed, stamina, strength, willpower, intelligence, hp, mood, skill_point, character_favor, event_condition, is_random_value, is_random_attribute, is_random_block_training, is_end_chained_event) VALUES (2550, 1446, 'Down', 3, 10, 0, 0, 0, 0, 0, 0, 15, 5, null, 0, 0, 0, 0);
INSERT INTO card_table (count, uma_id, uma_name) VALUES (352, 30142, 'sakura-laurel');
INSERT INTO card_events (event_id, event_name, uma_id, uma_name, category) VALUES (1447, '(❯) 人人為我！', 30142, 'sakura-laurel', '連鎖事件');
INSERT INTO card_event_choices (choice_id, event_id, choice_label, chain_index, speed, stamina, strength, willpower, intelligence, hp, mood, skill_point, character_favor, event_condition, is_random_value, is_random_attribute, is_random_block_training, is_end_chained_event) VALUES (2551, 1447, 'None', 1, 0, 10, 0, 0, 0, 0, 0, 0, 10, null, 1, 0, 0, 0);
INSERT INTO card_event_choices (choice_id, event_id, choice_label, chain_index, speed, stamina, strength, willpower, intelligence, hp, mood, skill_point, character_favor, event_condition, is_random_value, is_random_attribute, is_random_block_training, is_end_chained_event) VALUES (2552, 1447, 'None', 1, 0, 5, 0, 0, 0, 0, 0, 0, 5, null, 0, 0, 0, 0);
INSERT INTO card_events (event_id, event_name, uma_id, uma_name, category) VALUES (1448, '(❯❯) 過去的櫻餅滋味', 30142, 'sakura-laurel', '連鎖事件');
INSERT INTO card_event_choices (choice_id, event_id, choice_label, chain_index, speed, stamina, strength, willpower, intelligence, hp, mood, skill_point, character_favor, event_condition, is_random_value, is_random_attribute, is_random_block_training, is_end_chained_event) VALUES (2553, 1448, 'Up', 2, 0, 10, 10, 10, 0, 0, 0, 0, 5, '擅長練習○', 0, 0, 0, 0);
INSERT INTO card_event_choices (choice_id, event_id, choice_label, chain_index, speed, stamina, strength, willpower, intelligence, hp, mood, skill_point, character_favor, event_condition, is_random_value, is_random_attribute, is_random_block_training, is_end_chained_event) VALUES (2554, 1448, 'Middle', 2, 15, 0, 0, 0, 15, 0, 0, 0, 5, '備受矚目', 0, 0, 0, 0);
INSERT INTO card_event_choices (choice_id, event_id, choice_label, chain_index, speed, stamina, strength, willpower, intelligence, hp, mood, skill_point, character_favor, event_condition, is_random_value, is_random_attribute, is_random_block_training, is_end_chained_event) VALUES (2555, 1448, 'Down', 2, 0, 0, 0, 0, 0, 20, 1, 0, 5, '治癒一個負', 0, 0, 0, 0);
INSERT INTO card_events (event_id, event_name, uma_id, uma_name, category) VALUES (1449, '(❯❯❯) 我為人人！', 30142, 'sakura-laurel', '連鎖事件');
INSERT INTO card_event_choices (choice_id, event_id, choice_label, chain_index, speed, stamina, strength, willpower, intelligence, hp, mood, skill_point, character_favor, event_condition, is_random_value, is_random_attribute, is_random_block_training, is_end_chained_event) VALUES (2556, 1449, 'None', 3, 0, 20, 0, 0, 0, 0, 0, 10, 5, null, 1, 0, 0, 0);
INSERT INTO card_event_choices (choice_id, event_id, choice_label, chain_index, speed, stamina, strength, willpower, intelligence, hp, mood, skill_point, character_favor, event_condition, is_random_value, is_random_attribute, is_random_block_training, is_end_chained_event) VALUES (2557, 1449, 'None', 3, 0, 10, 0, 0, 0, 0, 0, 5, 5, null, 0, 0, 0, 0);
INSERT INTO card_events (event_id, event_name, uma_id, uma_name, category) VALUES (1450, '永遠都要積極向前！', 30142, 'sakura-laurel', '隨機事件');
INSERT INTO card_event_choices (choice_id, event_id, choice_label, chain_index, speed, stamina, strength, willpower, intelligence, hp, mood, skill_point, character_favor, event_condition, is_random_value, is_random_attribute, is_random_block_training, is_end_chained_event) VALUES (2558, 1450, 'Up', 3, 0, 15, 0, 0, 0, 0, 0, 0, 5, null, 0, 0, 0, 0);
INSERT INTO card_event_choices (choice_id, event_id, choice_label, chain_index, speed, stamina, strength, willpower, intelligence, hp, mood, skill_point, character_favor, event_condition, is_random_value, is_random_attribute, is_random_block_training, is_end_chained_event) VALUES (2559, 1450, 'Down', 3, 0, 0, 0, 0, 0, 0, 2, 0, 5, null, 0, 0, 0, 0);
INSERT INTO card_events (event_id, event_name, uma_id, uma_name, category) VALUES (1451, '無論如何都要保持積極！', 30142, 'sakura-laurel', '隨機事件');
INSERT INTO card_event_choices (choice_id, event_id, choice_label, chain_index, speed, stamina, strength, willpower, intelligence, hp, mood, skill_point, character_favor, event_condition, is_random_value, is_random_attribute, is_random_block_training, is_end_chained_event) VALUES (2560, 1451, 'Up', 3, 0, 0, 0, 0, 0, 10, 0, 0, 5, null, 0, 0, 0, 0);
INSERT INTO card_event_choices (choice_id, event_id, choice_label, chain_index, speed, stamina, strength, willpower, intelligence, hp, mood, skill_point, character_favor, event_condition, is_random_value, is_random_attribute, is_random_block_training, is_end_chained_event) VALUES (2561, 1451, 'Down', 3, 0, 0, 0, 0, 0, 0, 0, 0, 5, null, 0, 0, 0, 0);
INSERT INTO card_table (count, uma_id, uma_name) VALUES (353, 30143, 'ikuno-dictus');
INSERT INTO card_events (event_id, event_name, uma_id, uma_name, category) VALUES (1452, '(❯) 對每個用品都付出真心', 30143, 'ikuno-dictus', '連鎖事件');
INSERT INTO card_event_choices (choice_id, event_id, choice_label, chain_index, speed, stamina, strength, willpower, intelligence, hp, mood, skill_point, character_favor, event_condition, is_random_value, is_random_attribute, is_random_block_training, is_end_chained_event) VALUES (2562, 1452, 'None', 1, 0, 0, 5, 0, 0, 0, 0, 0, 5, null, 0, 0, 0, 0);
INSERT INTO card_events (event_id, event_name, uma_id, uma_name, category) VALUES (1453, '(❯❯) 誠心誠意，飽含感謝', 30143, 'ikuno-dictus', '連鎖事件');
INSERT INTO card_event_choices (choice_id, event_id, choice_label, chain_index, speed, stamina, strength, willpower, intelligence, hp, mood, skill_point, character_favor, event_condition, is_random_value, is_random_attribute, is_random_block_training, is_end_chained_event) VALUES (2563, 1453, 'Up', 2, 0, 7, 0, 0, 0, 10, 0, 0, 5, null, 0, 0, 0, 0);
INSERT INTO card_event_choices (choice_id, event_id, choice_label, chain_index, speed, stamina, strength, willpower, intelligence, hp, mood, skill_point, character_favor, event_condition, is_random_value, is_random_attribute, is_random_block_training, is_end_chained_event) VALUES (2564, 1453, 'Down', 2, 0, 0, 0, 0, 7, 0, 1, 0, 5, null, 0, 0, 0, 0);
INSERT INTO card_events (event_id, event_name, uma_id, uma_name, category) VALUES (1454, '(❯❯❯) 體貼之心，禮尚往來', 30143, 'ikuno-dictus', '連鎖事件');
INSERT INTO card_event_choices (choice_id, event_id, choice_label, chain_index, speed, stamina, strength, willpower, intelligence, hp, mood, skill_point, character_favor, event_condition, is_random_value, is_random_attribute, is_random_block_training, is_end_chained_event) VALUES (2565, 1454, 'None', 3, 0, 0, 7, 0, 7, 0, 0, 0, 5, null, 0, 0, 0, 0);
INSERT INTO card_events (event_id, event_name, uma_id, uma_name, category) VALUES (1455, '生野式萬全的做法', 30143, 'ikuno-dictus', '隨機事件');
INSERT INTO card_event_choices (choice_id, event_id, choice_label, chain_index, speed, stamina, strength, willpower, intelligence, hp, mood, skill_point, character_favor, event_condition, is_random_value, is_random_attribute, is_random_block_training, is_end_chained_event) VALUES (2566, 1455, 'Up', 3, 0, 0, 0, 0, 10, 0, 0, 0, 5, null, 0, 0, 0, 0);
INSERT INTO card_event_choices (choice_id, event_id, choice_label, chain_index, speed, stamina, strength, willpower, intelligence, hp, mood, skill_point, character_favor, event_condition, is_random_value, is_random_attribute, is_random_block_training, is_end_chained_event) VALUES (2567, 1455, 'Down', 3, 0, 0, 0, 0, 0, 0, 0, 30, 5, null, 0, 0, 0, 0);
INSERT INTO card_events (event_id, event_name, uma_id, uma_name, category) VALUES (1456, '生野式管理論', 30143, 'ikuno-dictus', '隨機事件');
INSERT INTO card_event_choices (choice_id, event_id, choice_label, chain_index, speed, stamina, strength, willpower, intelligence, hp, mood, skill_point, character_favor, event_condition, is_random_value, is_random_attribute, is_random_block_training, is_end_chained_event) VALUES (2568, 1456, 'Up', 3, 0, 20, 0, 0, 0, 0, 0, 0, 5, null, 0, 0, 0, 0);
INSERT INTO card_event_choices (choice_id, event_id, choice_label, chain_index, speed, stamina, strength, willpower, intelligence, hp, mood, skill_point, character_favor, event_condition, is_random_value, is_random_attribute, is_random_block_training, is_end_chained_event) VALUES (2569, 1456, 'Down', 3, 0, 0, 0, 0, 0, 0, 0, 0, 5, null, 0, 0, 0, 0);
INSERT INTO card_table (count, uma_id, uma_name) VALUES (354, 30145, 'tanino-gimlet');
INSERT INTO card_events (event_id, event_name, uma_id, uma_name, category) VALUES (1457, '(❯) 如同偉大的藝術家……', 30145, 'tanino-gimlet', '連鎖事件');
INSERT INTO card_event_choices (choice_id, event_id, choice_label, chain_index, speed, stamina, strength, willpower, intelligence, hp, mood, skill_point, character_favor, event_condition, is_random_value, is_random_attribute, is_random_block_training, is_end_chained_event) VALUES (2570, 1457, 'None', 1, 0, 0, 15, 0, 0, 0, 0, 15, 5, null, 1, 0, 0, 0);
INSERT INTO card_event_choices (choice_id, event_id, choice_label, chain_index, speed, stamina, strength, willpower, intelligence, hp, mood, skill_point, character_favor, event_condition, is_random_value, is_random_attribute, is_random_block_training, is_end_chained_event) VALUES (2571, 1457, 'None', 1, 0, 0, 0, 0, 0, 0, 0, 10, 5, null, 0, 0, 0, 0);
INSERT INTO card_events (event_id, event_name, uma_id, uma_name, category) VALUES (1458, '(❯❯) 如同北國罪人……', 30145, 'tanino-gimlet', '連鎖事件');
INSERT INTO card_event_choices (choice_id, event_id, choice_label, chain_index, speed, stamina, strength, willpower, intelligence, hp, mood, skill_point, character_favor, event_condition, is_random_value, is_random_attribute, is_random_block_training, is_end_chained_event) VALUES (2572, 1458, 'None', 2, 0, 15, 15, 0, 0, 0, 0, 0, 5, null, 1, 0, 0, 0);
INSERT INTO card_event_choices (choice_id, event_id, choice_label, chain_index, speed, stamina, strength, willpower, intelligence, hp, mood, skill_point, character_favor, event_condition, is_random_value, is_random_attribute, is_random_block_training, is_end_chained_event) VALUES (2573, 1458, 'None', 2, 0, 0, 10, 0, 0, 0, 0, 0, 5, null, 0, 0, 0, 0);
INSERT INTO card_events (event_id, event_name, uma_id, uma_name, category) VALUES (1459, '(❯❯❯) 如同葡萄酒之神……', 30145, 'tanino-gimlet', '連鎖事件');
INSERT INTO card_event_choices (choice_id, event_id, choice_label, chain_index, speed, stamina, strength, willpower, intelligence, hp, mood, skill_point, character_favor, event_condition, is_random_value, is_random_attribute, is_random_block_training, is_end_chained_event) VALUES (2574, 1459, 'None', 3, 0, 10, 10, 0, 0, 0, 0, 0, 5, null, 0, 0, 0, 0);
INSERT INTO card_events (event_id, event_name, uma_id, uma_name, category) VALUES (1460, '享受破壞的喜悅……！！', 30145, 'tanino-gimlet', '隨機事件');
INSERT INTO card_event_choices (choice_id, event_id, choice_label, chain_index, speed, stamina, strength, willpower, intelligence, hp, mood, skill_point, character_favor, event_condition, is_random_value, is_random_attribute, is_random_block_training, is_end_chained_event) VALUES (2575, 1460, 'Up', 3, 0, 0, 0, 0, 0, 15, 0, 0, 5, null, 0, 0, 0, 0);
INSERT INTO card_event_choices (choice_id, event_id, choice_label, chain_index, speed, stamina, strength, willpower, intelligence, hp, mood, skill_point, character_favor, event_condition, is_random_value, is_random_attribute, is_random_block_training, is_end_chained_event) VALUES (2576, 1460, 'Down', 3, 0, 0, 0, 0, 0, 0, 0, 30, 5, null, 0, 0, 0, 0);
INSERT INTO card_events (event_id, event_name, uma_id, uma_name, category) VALUES (1461, '活在鮮明的當下……！！', 30145, 'tanino-gimlet', '隨機事件');
INSERT INTO card_event_choices (choice_id, event_id, choice_label, chain_index, speed, stamina, strength, willpower, intelligence, hp, mood, skill_point, character_favor, event_condition, is_random_value, is_random_attribute, is_random_block_training, is_end_chained_event) VALUES (2577, 1461, 'Up', 3, 0, 0, 10, 0, 0, 0, 0, 5, 5, null, 0, 0, 0, 0);
INSERT INTO card_event_choices (choice_id, event_id, choice_label, chain_index, speed, stamina, strength, willpower, intelligence, hp, mood, skill_point, character_favor, event_condition, is_random_value, is_random_attribute, is_random_block_training, is_end_chained_event) VALUES (2578, 1461, 'Down', 3, 0, 0, 0, 0, 0, 0, 0, 0, 5, null, 0, 0, 0, 0);
INSERT INTO card_table (count, uma_id, uma_name) VALUES (355, 30146, 'oguri-cap');
INSERT INTO card_events (event_id, event_name, uma_id, uma_name, category) VALUES (1462, '(❯) 希望能聽到大家說謝謝', 30146, 'oguri-cap', '連鎖事件');
INSERT INTO card_event_choices (choice_id, event_id, choice_label, chain_index, speed, stamina, strength, willpower, intelligence, hp, mood, skill_point, character_favor, event_condition, is_random_value, is_random_attribute, is_random_block_training, is_end_chained_event) VALUES (2579, 1462, 'None', 1, 0, 0, 0, 0, 0, 0, 0, 30, 5, null, 0, 0, 0, 0);
INSERT INTO card_events (event_id, event_name, uma_id, uma_name, category) VALUES (1463, '(❯❯) 希望能讓大家露出笑容', 30146, 'oguri-cap', '連鎖事件');
INSERT INTO card_event_choices (choice_id, event_id, choice_label, chain_index, speed, stamina, strength, willpower, intelligence, hp, mood, skill_point, character_favor, event_condition, is_random_value, is_random_attribute, is_random_block_training, is_end_chained_event) VALUES (2580, 1463, 'Up', 2, 10, 0, 0, 0, 0, 30, 0, 0, 5, null, 1, 0, 0, 0);
INSERT INTO card_event_choices (choice_id, event_id, choice_label, chain_index, speed, stamina, strength, willpower, intelligence, hp, mood, skill_point, character_favor, event_condition, is_random_value, is_random_attribute, is_random_block_training, is_end_chained_event) VALUES (2581, 1463, 'Up', 2, 0, 0, 0, 0, 0, 10, 0, 0, 5, null, 0, 0, 0, 0);
INSERT INTO card_event_choices (choice_id, event_id, choice_label, chain_index, speed, stamina, strength, willpower, intelligence, hp, mood, skill_point, character_favor, event_condition, is_random_value, is_random_attribute, is_random_block_training, is_end_chained_event) VALUES (2582, 1463, 'Down', 2, 7, 0, 0, 0, 7, 0, 0, 20, 5, null, 0, 0, 0, 0);
INSERT INTO card_events (event_id, event_name, uma_id, uma_name, category) VALUES (1464, '(❯❯❯) 希望能和大家一起歡笑', 30146, 'oguri-cap', '連鎖事件');
INSERT INTO card_event_choices (choice_id, event_id, choice_label, chain_index, speed, stamina, strength, willpower, intelligence, hp, mood, skill_point, character_favor, event_condition, is_random_value, is_random_attribute, is_random_block_training, is_end_chained_event) VALUES (2583, 1464, 'None', 3, 0, 0, 0, 0, 0, 0, 0, 0, 0, null, 1, 0, 0, 0);
INSERT INTO card_event_choices (choice_id, event_id, choice_label, chain_index, speed, stamina, strength, willpower, intelligence, hp, mood, skill_point, character_favor, event_condition, is_random_value, is_random_attribute, is_random_block_training, is_end_chained_event) VALUES (2584, 1464, 'None', 3, 10, 0, 0, 0, 10, 0, 0, 20, 5, null, 0, 0, 0, 0);
INSERT INTO card_event_choices (choice_id, event_id, choice_label, chain_index, speed, stamina, strength, willpower, intelligence, hp, mood, skill_point, character_favor, event_condition, is_random_value, is_random_attribute, is_random_block_training, is_end_chained_event) VALUES (2585, 1464, 'None', 3, 7, 0, 0, 0, 7, 0, 0, 15, 5, null, 0, 0, 0, 0);
INSERT INTO card_events (event_id, event_name, uma_id, uma_name, category) VALUES (1465, '該如何回答才好……', 30146, 'oguri-cap', '隨機事件');
INSERT INTO card_event_choices (choice_id, event_id, choice_label, chain_index, speed, stamina, strength, willpower, intelligence, hp, mood, skill_point, character_favor, event_condition, is_random_value, is_random_attribute, is_random_block_training, is_end_chained_event) VALUES (2586, 1465, 'Up', 3, 0, 0, 5, 0, 0, 5, 0, 0, 5, null, 0, 0, 0, 0);
INSERT INTO card_event_choices (choice_id, event_id, choice_label, chain_index, speed, stamina, strength, willpower, intelligence, hp, mood, skill_point, character_favor, event_condition, is_random_value, is_random_attribute, is_random_block_training, is_end_chained_event) VALUES (2587, 1465, 'Down', 3, 0, 0, 0, 15, 0, -10, 0, 0, 5, null, 0, 0, 0, 0);
INSERT INTO card_events (event_id, event_name, uma_id, uma_name, category) VALUES (1466, '人潮很麻煩呢……', 30146, 'oguri-cap', '隨機事件');
INSERT INTO card_event_choices (choice_id, event_id, choice_label, chain_index, speed, stamina, strength, willpower, intelligence, hp, mood, skill_point, character_favor, event_condition, is_random_value, is_random_attribute, is_random_block_training, is_end_chained_event) VALUES (2588, 1466, 'Up', 3, 0, 0, 5, 0, 0, 0, 0, 15, 5, null, 0, 0, 0, 0);
INSERT INTO card_event_choices (choice_id, event_id, choice_label, chain_index, speed, stamina, strength, willpower, intelligence, hp, mood, skill_point, character_favor, event_condition, is_random_value, is_random_attribute, is_random_block_training, is_end_chained_event) VALUES (2589, 1466, 'Down', 3, 0, 0, 0, 0, 0, 0, 0, 0, 5, null, 0, 0, 0, 0);
INSERT INTO card_table (count, uma_id, uma_name) VALUES (356, 30147, 'jungle-pocket');
INSERT INTO card_events (event_id, event_name, uma_id, uma_name, category) VALUES (1467, '(❯) 粗魯茶會與閃耀之星', 30147, 'jungle-pocket', '連鎖事件');
INSERT INTO card_event_choices (choice_id, event_id, choice_label, chain_index, speed, stamina, strength, willpower, intelligence, hp, mood, skill_point, character_favor, event_condition, is_random_value, is_random_attribute, is_random_block_training, is_end_chained_event) VALUES (2590, 1467, 'Up', 1, 20, 0, 0, 0, 0, 0, 0, 0, 15, null, 1, 0, 0, 0);
INSERT INTO card_event_choices (choice_id, event_id, choice_label, chain_index, speed, stamina, strength, willpower, intelligence, hp, mood, skill_point, character_favor, event_condition, is_random_value, is_random_attribute, is_random_block_training, is_end_chained_event) VALUES (2591, 1467, 'Up', 1, 10, 0, 0, 0, 0, 0, 0, 0, 5, null, 0, 0, 0, 0);
INSERT INTO card_event_choices (choice_id, event_id, choice_label, chain_index, speed, stamina, strength, willpower, intelligence, hp, mood, skill_point, character_favor, event_condition, is_random_value, is_random_attribute, is_random_block_training, is_end_chained_event) VALUES (2592, 1467, 'Down', 1, 0, 0, 0, 0, 0, 0, 0, 25, 5, null, 0, 0, 0, 0);
INSERT INTO card_events (event_id, event_name, uma_id, uma_name, category) VALUES (1468, '(❯❯) 重擊心臟的衝擊', 30147, 'jungle-pocket', '連鎖事件');
INSERT INTO card_event_choices (choice_id, event_id, choice_label, chain_index, speed, stamina, strength, willpower, intelligence, hp, mood, skill_point, character_favor, event_condition, is_random_value, is_random_attribute, is_random_block_training, is_end_chained_event) VALUES (2593, 1468, 'None', 2, 10, 10, 0, 0, 0, 0, 0, 0, 10, null, 1, 0, 0, 0);
INSERT INTO card_event_choices (choice_id, event_id, choice_label, chain_index, speed, stamina, strength, willpower, intelligence, hp, mood, skill_point, character_favor, event_condition, is_random_value, is_random_attribute, is_random_block_training, is_end_chained_event) VALUES (2594, 1468, 'None', 2, 10, 10, 0, 0, 0, -10, 0, 0, 5, null, 0, 0, 0, 1);
INSERT INTO card_events (event_id, event_name, uma_id, uma_name, category) VALUES (1469, '(❯❯❯) 吞沒一切的咆哮', 30147, 'jungle-pocket', '連鎖事件');
INSERT INTO card_event_choices (choice_id, event_id, choice_label, chain_index, speed, stamina, strength, willpower, intelligence, hp, mood, skill_point, character_favor, event_condition, is_random_value, is_random_attribute, is_random_block_training, is_end_chained_event) VALUES (2595, 1469, 'None', 3, 15, 15, 0, 0, 0, 0, 0, 0, 5, null, 1, 0, 0, 0);
INSERT INTO card_event_choices (choice_id, event_id, choice_label, chain_index, speed, stamina, strength, willpower, intelligence, hp, mood, skill_point, character_favor, event_condition, is_random_value, is_random_attribute, is_random_block_training, is_end_chained_event) VALUES (2596, 1469, 'None', 3, 10, 10, 0, 0, 0, 0, 0, 0, 5, null, 0, 0, 0, 0);
INSERT INTO card_events (event_id, event_name, uma_id, uma_name, category) VALUES (1470, '「戰吼」之鬼', 30147, 'jungle-pocket', '隨機事件');
INSERT INTO card_event_choices (choice_id, event_id, choice_label, chain_index, speed, stamina, strength, willpower, intelligence, hp, mood, skill_point, character_favor, event_condition, is_random_value, is_random_attribute, is_random_block_training, is_end_chained_event) VALUES (2597, 1470, 'Up', 3, 0, 0, 15, 0, 0, 0, 0, 0, 5, null, 0, 0, 0, 0);
INSERT INTO card_event_choices (choice_id, event_id, choice_label, chain_index, speed, stamina, strength, willpower, intelligence, hp, mood, skill_point, character_favor, event_condition, is_random_value, is_random_attribute, is_random_block_training, is_end_chained_event) VALUES (2598, 1470, 'Down', 3, 15, 10, 0, 0, 0, -10, 0, 0, 5, null, 0, 0, 0, 0);
INSERT INTO card_events (event_id, event_name, uma_id, uma_name, category) VALUES (1471, '像「魔術」一樣', 30147, 'jungle-pocket', '隨機事件');
INSERT INTO card_event_choices (choice_id, event_id, choice_label, chain_index, speed, stamina, strength, willpower, intelligence, hp, mood, skill_point, character_favor, event_condition, is_random_value, is_random_attribute, is_random_block_training, is_end_chained_event) VALUES (2599, 1471, 'Up', 3, 0, 15, 0, 0, 0, 0, 0, 0, 5, null, 0, 0, 0, 0);
INSERT INTO card_event_choices (choice_id, event_id, choice_label, chain_index, speed, stamina, strength, willpower, intelligence, hp, mood, skill_point, character_favor, event_condition, is_random_value, is_random_attribute, is_random_block_training, is_end_chained_event) VALUES (2600, 1471, 'Down', 3, 0, 0, 0, 0, 0, 0, 0, 0, 5, null, 0, 0, 0, 0);
INSERT INTO card_table (count, uma_id, uma_name) VALUES (357, 30148, 'daiwa-scarlet');
INSERT INTO card_events (event_id, event_name, uma_id, uma_name, category) VALUES (1472, '(❯) 婚宴狂想曲', 30148, 'daiwa-scarlet', '連鎖事件');
INSERT INTO card_event_choices (choice_id, event_id, choice_label, chain_index, speed, stamina, strength, willpower, intelligence, hp, mood, skill_point, character_favor, event_condition, is_random_value, is_random_attribute, is_random_block_training, is_end_chained_event) VALUES (2601, 1472, 'None', 1, 10, 0, 10, 0, 0, 0, 0, 0, 5, null, 0, 0, 0, 0);
INSERT INTO card_events (event_id, event_name, uma_id, uma_name, category) VALUES (1473, '(❯❯) 新娘的自尊', 30148, 'daiwa-scarlet', '連鎖事件');
INSERT INTO card_event_choices (choice_id, event_id, choice_label, chain_index, speed, stamina, strength, willpower, intelligence, hp, mood, skill_point, character_favor, event_condition, is_random_value, is_random_attribute, is_random_block_training, is_end_chained_event) VALUES (2602, 1473, 'Up', 2, 0, 0, 0, 0, 0, 25, 0, 0, 5, null, 0, 0, 0, 0);
INSERT INTO card_event_choices (choice_id, event_id, choice_label, chain_index, speed, stamina, strength, willpower, intelligence, hp, mood, skill_point, character_favor, event_condition, is_random_value, is_random_attribute, is_random_block_training, is_end_chained_event) VALUES (2603, 1473, 'Down', 2, 0, 0, 0, 0, 0, 0, 0, 15, 5, null, 0, 0, 0, 0);
INSERT INTO card_events (event_id, event_name, uma_id, uma_name, category) VALUES (1474, '(❯❯❯) 妝點幸福的人', 30148, 'daiwa-scarlet', '連鎖事件');
INSERT INTO card_event_choices (choice_id, event_id, choice_label, chain_index, speed, stamina, strength, willpower, intelligence, hp, mood, skill_point, character_favor, event_condition, is_random_value, is_random_attribute, is_random_block_training, is_end_chained_event) VALUES (2604, 1474, 'None', 3, 10, 0, 10, 10, 0, 0, 0, 0, 5, null, 1, 0, 0, 0);
INSERT INTO card_event_choices (choice_id, event_id, choice_label, chain_index, speed, stamina, strength, willpower, intelligence, hp, mood, skill_point, character_favor, event_condition, is_random_value, is_random_attribute, is_random_block_training, is_end_chained_event) VALUES (2605, 1474, 'None', 3, 5, 0, 5, 5, 0, 0, 0, 0, 5, null, 0, 0, 0, 0);
INSERT INTO card_events (event_id, event_name, uma_id, uma_name, category) VALUES (1475, '明天贏的人是我！', 30148, 'daiwa-scarlet', '隨機事件');
INSERT INTO card_event_choices (choice_id, event_id, choice_label, chain_index, speed, stamina, strength, willpower, intelligence, hp, mood, skill_point, character_favor, event_condition, is_random_value, is_random_attribute, is_random_block_training, is_end_chained_event) VALUES (2606, 1475, 'Up', 3, 0, 0, 0, 0, 10, 0, 0, 0, 5, null, 0, 0, 0, 0);
INSERT INTO card_event_choices (choice_id, event_id, choice_label, chain_index, speed, stamina, strength, willpower, intelligence, hp, mood, skill_point, character_favor, event_condition, is_random_value, is_random_attribute, is_random_block_training, is_end_chained_event) VALUES (2607, 1475, 'Down', 3, 0, 0, 0, 0, 0, 0, 1, 15, 5, null, 0, 0, 0, 0);
INSERT INTO card_events (event_id, event_name, uma_id, uma_name, category) VALUES (1476, '這點小事沒問題的！', 30148, 'daiwa-scarlet', '隨機事件');
INSERT INTO card_event_choices (choice_id, event_id, choice_label, chain_index, speed, stamina, strength, willpower, intelligence, hp, mood, skill_point, character_favor, event_condition, is_random_value, is_random_attribute, is_random_block_training, is_end_chained_event) VALUES (2608, 1476, 'Up', 3, 0, 1, 0, 0, 0, 0, 0, 0, 5, null, 0, 0, 0, 0);
INSERT INTO card_event_choices (choice_id, event_id, choice_label, chain_index, speed, stamina, strength, willpower, intelligence, hp, mood, skill_point, character_favor, event_condition, is_random_value, is_random_attribute, is_random_block_training, is_end_chained_event) VALUES (2609, 1476, 'Down', 3, 0, 0, 0, 0, 0, 20, 1, 0, 5, null, 0, 0, 0, 0);
INSERT INTO card_table (count, uma_id, uma_name) VALUES (358, 30149, 'aston-machan');
INSERT INTO card_events (event_id, event_name, uma_id, uma_name, category) VALUES (1477, '(❯) 回憶裡的鑰匙', 30149, 'aston-machan', '連鎖事件');
INSERT INTO card_event_choices (choice_id, event_id, choice_label, chain_index, speed, stamina, strength, willpower, intelligence, hp, mood, skill_point, character_favor, event_condition, is_random_value, is_random_attribute, is_random_block_training, is_end_chained_event) VALUES (2610, 1477, 'Up', 1, 0, 0, 0, 0, 15, 0, 0, 0, 10, null, 0, 0, 0, 0);
INSERT INTO card_event_choices (choice_id, event_id, choice_label, chain_index, speed, stamina, strength, willpower, intelligence, hp, mood, skill_point, character_favor, event_condition, is_random_value, is_random_attribute, is_random_block_training, is_end_chained_event) VALUES (2611, 1477, 'Down', 1, 0, 0, 0, 0, 0, 14, 0, 0, 5, null, 0, 0, 0, 0);
INSERT INTO card_events (event_id, event_name, uma_id, uma_name, category) VALUES (1478, '(❯❯) 排列鑰匙', 30149, 'aston-machan', '連鎖事件');
INSERT INTO card_event_choices (choice_id, event_id, choice_label, chain_index, speed, stamina, strength, willpower, intelligence, hp, mood, skill_point, character_favor, event_condition, is_random_value, is_random_attribute, is_random_block_training, is_end_chained_event) VALUES (2612, 1478, 'Up', 2, 15, 0, 0, 0, 0, 0, 0, 0, 5, null, 0, 0, 0, 0);
INSERT INTO card_event_choices (choice_id, event_id, choice_label, chain_index, speed, stamina, strength, willpower, intelligence, hp, mood, skill_point, character_favor, event_condition, is_random_value, is_random_attribute, is_random_block_training, is_end_chained_event) VALUES (2613, 1478, 'Middle', 2, 0, 0, 0, 0, 5, 0, 0, 10, 10, null, 0, 0, 0, 0);
INSERT INTO card_event_choices (choice_id, event_id, choice_label, chain_index, speed, stamina, strength, willpower, intelligence, hp, mood, skill_point, character_favor, event_condition, is_random_value, is_random_attribute, is_random_block_training, is_end_chained_event) VALUES (2614, 1478, 'Down', 2, 0, 0, 0, 0, 0, 0, 2, 0, 5, '治癒所有負', 0, 0, 0, 0);
INSERT INTO card_events (event_id, event_name, uma_id, uma_name, category) VALUES (1479, '(❯❯❯) 好好鎖上', 30149, 'aston-machan', '連鎖事件');
INSERT INTO card_event_choices (choice_id, event_id, choice_label, chain_index, speed, stamina, strength, willpower, intelligence, hp, mood, skill_point, character_favor, event_condition, is_random_value, is_random_attribute, is_random_block_training, is_end_chained_event) VALUES (2615, 1479, 'Up', 3, 10, 0, 0, 10, 10, 0, 0, 10, 10, null, 0, 0, 0, 0);
INSERT INTO card_event_choices (choice_id, event_id, choice_label, chain_index, speed, stamina, strength, willpower, intelligence, hp, mood, skill_point, character_favor, event_condition, is_random_value, is_random_attribute, is_random_block_training, is_end_chained_event) VALUES (2616, 1479, 'Down', 3, 0, 0, 0, 0, 0, 25, 3, 0, 10, null, 0, 0, 0, 0);
INSERT INTO card_events (event_id, event_name, uma_id, uma_name, category) VALUES (1480, '永遠在一旁盯著你', 30149, 'aston-machan', '隨機事件');
INSERT INTO card_event_choices (choice_id, event_id, choice_label, chain_index, speed, stamina, strength, willpower, intelligence, hp, mood, skill_point, character_favor, event_condition, is_random_value, is_random_attribute, is_random_block_training, is_end_chained_event) VALUES (2617, 1480, 'Up', 3, 0, 0, 0, 0, 0, 15, 0, 0, 5, null, 0, 0, 0, 0);
INSERT INTO card_event_choices (choice_id, event_id, choice_label, chain_index, speed, stamina, strength, willpower, intelligence, hp, mood, skill_point, character_favor, event_condition, is_random_value, is_random_attribute, is_random_block_training, is_end_chained_event) VALUES (2618, 1480, 'Down', 3, 20, 0, 0, 0, 0, -5, 0, 0, 5, null, 0, 0, 0, 0);
INSERT INTO card_events (event_id, event_name, uma_id, uma_name, category) VALUES (1481, '永遠透過照片盯著你', 30149, 'aston-machan', '隨機事件');
INSERT INTO card_event_choices (choice_id, event_id, choice_label, chain_index, speed, stamina, strength, willpower, intelligence, hp, mood, skill_point, character_favor, event_condition, is_random_value, is_random_attribute, is_random_block_training, is_end_chained_event) VALUES (2619, 1481, 'Up', 3, 0, 0, 0, 0, 0, 0, 0, 30, 5, null, 0, 0, 0, 0);
INSERT INTO card_event_choices (choice_id, event_id, choice_label, chain_index, speed, stamina, strength, willpower, intelligence, hp, mood, skill_point, character_favor, event_condition, is_random_value, is_random_attribute, is_random_block_training, is_end_chained_event) VALUES (2620, 1481, 'Down', 3, 0, 0, 0, 0, 0, 0, 0, 0, 5, null, 0, 0, 0, 0);
INSERT INTO card_table (count, uma_id, uma_name) VALUES (359, 30150, 'vodka');
INSERT INTO card_events (event_id, event_name, uma_id, uma_name, category) VALUES (1482, '(❯) 我的Great！！', 30150, 'vodka', '連鎖事件');
INSERT INTO card_event_choices (choice_id, event_id, choice_label, chain_index, speed, stamina, strength, willpower, intelligence, hp, mood, skill_point, character_favor, event_condition, is_random_value, is_random_attribute, is_random_block_training, is_end_chained_event) VALUES (2621, 1482, 'None', 1, 0, 15, 0, 0, 0, 0, 0, 0, 5, null, 0, 0, 0, 0);
INSERT INTO card_events (event_id, event_name, uma_id, uma_name, category) VALUES (1483, '(❯❯) 我的Greatest！！！', 30150, 'vodka', '連鎖事件');
INSERT INTO card_event_choices (choice_id, event_id, choice_label, chain_index, speed, stamina, strength, willpower, intelligence, hp, mood, skill_point, character_favor, event_condition, is_random_value, is_random_attribute, is_random_block_training, is_end_chained_event) VALUES (2622, 1483, 'None', 2, 0, 15, 0, 0, 0, 0, 0, 0, 5, null, 0, 0, 0, 0);
INSERT INTO card_events (event_id, event_name, uma_id, uma_name, category) VALUES (1484, '(❯❯❯) 我的GOAT！！！！', 30150, 'vodka', '連鎖事件');
INSERT INTO card_event_choices (choice_id, event_id, choice_label, chain_index, speed, stamina, strength, willpower, intelligence, hp, mood, skill_point, character_favor, event_condition, is_random_value, is_random_attribute, is_random_block_training, is_end_chained_event) VALUES (2623, 1484, 'None', 3, 5, 5, 5, 5, 0, 0, 0, 0, 5, null, 0, 0, 0, 0);
INSERT INTO card_events (event_id, event_name, uma_id, uma_name, category) VALUES (1485, '憧憬的那句話', 30150, 'vodka', '隨機事件');
INSERT INTO card_event_choices (choice_id, event_id, choice_label, chain_index, speed, stamina, strength, willpower, intelligence, hp, mood, skill_point, character_favor, event_condition, is_random_value, is_random_attribute, is_random_block_training, is_end_chained_event) VALUES (2624, 1485, 'Up', 3, 0, 0, 10, 0, 0, 0, 0, 0, 5, null, 0, 0, 0, 0);
INSERT INTO card_event_choices (choice_id, event_id, choice_label, chain_index, speed, stamina, strength, willpower, intelligence, hp, mood, skill_point, character_favor, event_condition, is_random_value, is_random_attribute, is_random_block_training, is_end_chained_event) VALUES (2625, 1485, 'Down', 3, 0, 0, 5, 0, 0, 0, 0, 15, 5, null, 0, 0, 0, 0);
INSERT INTO card_events (event_id, event_name, uma_id, uma_name, category) VALUES (1486, '大街上的強敵', 30150, 'vodka', '隨機事件');
INSERT INTO card_event_choices (choice_id, event_id, choice_label, chain_index, speed, stamina, strength, willpower, intelligence, hp, mood, skill_point, character_favor, event_condition, is_random_value, is_random_attribute, is_random_block_training, is_end_chained_event) VALUES (2626, 1486, 'Up', 3, 0, 0, 0, 0, 0, 0, 0, 0, 5, null, 0, 0, 0, 0);
INSERT INTO card_event_choices (choice_id, event_id, choice_label, chain_index, speed, stamina, strength, willpower, intelligence, hp, mood, skill_point, character_favor, event_condition, is_random_value, is_random_attribute, is_random_block_training, is_end_chained_event) VALUES (2627, 1486, 'Down', 3, 0, 0, 5, 0, 0, 0, 0, 15, 5, null, 0, 0, 0, 0);
INSERT INTO card_table (count, uma_id, uma_name) VALUES (360, 30151, 'mayano-top-gun');
INSERT INTO card_events (event_id, event_name, uma_id, uma_name, category) VALUES (1487, '(❯) 成熟味☆在家約會', 30151, 'mayano-top-gun', '連鎖事件');
INSERT INTO card_event_choices (choice_id, event_id, choice_label, chain_index, speed, stamina, strength, willpower, intelligence, hp, mood, skill_point, character_favor, event_condition, is_random_value, is_random_attribute, is_random_block_training, is_end_chained_event) VALUES (2628, 1487, 'None', 1, 0, 0, 10, 0, 0, 0, 0, 15, 5, null, 0, 0, 0, 0);
INSERT INTO card_events (event_id, event_name, uma_id, uma_name, category) VALUES (1488, '(❯❯) 好興奮！規劃約會', 30151, 'mayano-top-gun', '連鎖事件');
INSERT INTO card_event_choices (choice_id, event_id, choice_label, chain_index, speed, stamina, strength, willpower, intelligence, hp, mood, skill_point, character_favor, event_condition, is_random_value, is_random_attribute, is_random_block_training, is_end_chained_event) VALUES (2629, 1488, 'Up', 2, 0, 0, 0, 0, 0, 0, 0, 35, 5, null, 0, 0, 0, 0);
INSERT INTO card_event_choices (choice_id, event_id, choice_label, chain_index, speed, stamina, strength, willpower, intelligence, hp, mood, skill_point, character_favor, event_condition, is_random_value, is_random_attribute, is_random_block_training, is_end_chained_event) VALUES (2630, 1488, 'Down', 2, 0, 0, 10, 0, 0, 0, 0, 0, 5, null, 0, 0, 0, 1);
INSERT INTO card_events (event_id, event_name, uma_id, uma_name, category) VALUES (1489, '(❯❯❯) 如何打造最棒的約會', 30151, 'mayano-top-gun', '連鎖事件');
INSERT INTO card_event_choices (choice_id, event_id, choice_label, chain_index, speed, stamina, strength, willpower, intelligence, hp, mood, skill_point, character_favor, event_condition, is_random_value, is_random_attribute, is_random_block_training, is_end_chained_event) VALUES (2631, 1489, 'None', 3, 0, 15, 15, 0, 0, 0, 0, 0, 5, null, 1, 0, 0, 0);
INSERT INTO card_event_choices (choice_id, event_id, choice_label, chain_index, speed, stamina, strength, willpower, intelligence, hp, mood, skill_point, character_favor, event_condition, is_random_value, is_random_attribute, is_random_block_training, is_end_chained_event) VALUES (2632, 1489, 'None', 3, 0, 10, 10, 0, 0, 0, 0, 0, 5, null, 0, 0, 0, 0);
INSERT INTO card_events (event_id, event_name, uma_id, uma_name, category) VALUES (1490, '重砲的點心會議！', 30151, 'mayano-top-gun', '隨機事件');
INSERT INTO card_event_choices (choice_id, event_id, choice_label, chain_index, speed, stamina, strength, willpower, intelligence, hp, mood, skill_point, character_favor, event_condition, is_random_value, is_random_attribute, is_random_block_training, is_end_chained_event) VALUES (2633, 1490, 'Up', 3, 0, 5, 0, 5, 0, 0, 0, 0, 5, null, 0, 0, 0, 0);
INSERT INTO card_event_choices (choice_id, event_id, choice_label, chain_index, speed, stamina, strength, willpower, intelligence, hp, mood, skill_point, character_favor, event_condition, is_random_value, is_random_attribute, is_random_block_training, is_end_chained_event) VALUES (2634, 1490, 'Down', 3, 0, 10, 0, 0, 0, 0, 0, 0, 5, null, 0, 0, 0, 0);
INSERT INTO card_events (event_id, event_name, uma_id, uma_name, category) VALUES (1491, '重砲的時尚會議！', 30151, 'mayano-top-gun', '隨機事件');
INSERT INTO card_event_choices (choice_id, event_id, choice_label, chain_index, speed, stamina, strength, willpower, intelligence, hp, mood, skill_point, character_favor, event_condition, is_random_value, is_random_attribute, is_random_block_training, is_end_chained_event) VALUES (2635, 1491, 'Up', 3, 0, 0, 0, 0, 0, 0, 0, 0, 5, null, 0, 0, 0, 0);
INSERT INTO card_event_choices (choice_id, event_id, choice_label, chain_index, speed, stamina, strength, willpower, intelligence, hp, mood, skill_point, character_favor, event_condition, is_random_value, is_random_attribute, is_random_block_training, is_end_chained_event) VALUES (2636, 1491, 'Down', 3, 0, 10, 0, 0, 0, 0, 0, 0, 5, null, 0, 0, 0, 0);
INSERT INTO card_table (count, uma_id, uma_name) VALUES (361, 30152, 'tm-opera-o');
INSERT INTO card_events (event_id, event_name, uma_id, uma_name, category) VALUES (1492, '(❯) 突如其來的開幕', 30152, 'tm-opera-o', '連鎖事件');
INSERT INTO card_event_choices (choice_id, event_id, choice_label, chain_index, speed, stamina, strength, willpower, intelligence, hp, mood, skill_point, character_favor, event_condition, is_random_value, is_random_attribute, is_random_block_training, is_end_chained_event) VALUES (2637, 1492, 'None', 1, 0, 0, 0, 0, 10, 0, 0, 15, 5, null, 0, 0, 0, 0);
INSERT INTO card_events (event_id, event_name, uma_id, uma_name, category) VALUES (1493, '(❯❯) 狗狗、兔兔，以及好歌劇', 30152, 'tm-opera-o', '連鎖事件');
INSERT INTO card_event_choices (choice_id, event_id, choice_label, chain_index, speed, stamina, strength, willpower, intelligence, hp, mood, skill_point, character_favor, event_condition, is_random_value, is_random_attribute, is_random_block_training, is_end_chained_event) VALUES (2638, 1493, 'Up', 2, 0, 10, 0, 0, 0, 0, 0, 0, 5, null, 0, 0, 0, 0);
INSERT INTO card_event_choices (choice_id, event_id, choice_label, chain_index, speed, stamina, strength, willpower, intelligence, hp, mood, skill_point, character_favor, event_condition, is_random_value, is_random_attribute, is_random_block_training, is_end_chained_event) VALUES (2639, 1493, 'Down', 2, 10, 0, 0, 0, 0, 0, 0, 0, 5, null, 0, 0, 0, 0);
INSERT INTO card_events (event_id, event_name, uma_id, uma_name, category) VALUES (1494, '(❯❯❯) 在光芒的陰影下', 30152, 'tm-opera-o', '連鎖事件');
INSERT INTO card_event_choices (choice_id, event_id, choice_label, chain_index, speed, stamina, strength, willpower, intelligence, hp, mood, skill_point, character_favor, event_condition, is_random_value, is_random_attribute, is_random_block_training, is_end_chained_event) VALUES (2640, 1494, 'Up', 3, 0, 10, 0, 0, 10, 0, 0, 0, 5, null, 0, 0, 0, 0);
INSERT INTO card_event_choices (choice_id, event_id, choice_label, chain_index, speed, stamina, strength, willpower, intelligence, hp, mood, skill_point, character_favor, event_condition, is_random_value, is_random_attribute, is_random_block_training, is_end_chained_event) VALUES (2641, 1494, 'Down', 3, 10, 0, 0, 0, 10, 0, 0, 0, 5, null, 0, 0, 0, 0);
INSERT INTO card_events (event_id, event_name, uma_id, uma_name, category) VALUES (1495, '成為贏家的練習曲', 30152, 'tm-opera-o', '隨機事件');
INSERT INTO card_event_choices (choice_id, event_id, choice_label, chain_index, speed, stamina, strength, willpower, intelligence, hp, mood, skill_point, character_favor, event_condition, is_random_value, is_random_attribute, is_random_block_training, is_end_chained_event) VALUES (2642, 1495, 'Up', 3, 5, 0, 0, 0, 0, 0, -1, 30, 5, null, 0, 0, 0, 0);
INSERT INTO card_event_choices (choice_id, event_id, choice_label, chain_index, speed, stamina, strength, willpower, intelligence, hp, mood, skill_point, character_favor, event_condition, is_random_value, is_random_attribute, is_random_block_training, is_end_chained_event) VALUES (2643, 1495, 'Down', 3, 0, 0, 5, 0, 0, 0, 0, 15, 5, null, 0, 0, 0, 0);
INSERT INTO card_events (event_id, event_name, uma_id, uma_name, category) VALUES (1496, '超越有限的時間', 30152, 'tm-opera-o', '隨機事件');
INSERT INTO card_event_choices (choice_id, event_id, choice_label, chain_index, speed, stamina, strength, willpower, intelligence, hp, mood, skill_point, character_favor, event_condition, is_random_value, is_random_attribute, is_random_block_training, is_end_chained_event) VALUES (2644, 1496, 'Up', 3, 0, 0, 0, 0, 0, 10, 0, 15, 5, null, 0, 0, 0, 0);
INSERT INTO card_event_choices (choice_id, event_id, choice_label, chain_index, speed, stamina, strength, willpower, intelligence, hp, mood, skill_point, character_favor, event_condition, is_random_value, is_random_attribute, is_random_block_training, is_end_chained_event) VALUES (2645, 1496, 'Down', 3, 0, 0, 0, 0, 0, 0, 0, 0, 5, null, 0, 0, 0, 0);
INSERT INTO card_table (count, uma_id, uma_name) VALUES (362, 30153, 'gold-city');
INSERT INTO card_events (event_id, event_name, uma_id, uma_name, category) VALUES (1497, '(❯) 行程更動風暴', 30153, 'gold-city', '連鎖事件');
INSERT INTO card_event_choices (choice_id, event_id, choice_label, chain_index, speed, stamina, strength, willpower, intelligence, hp, mood, skill_point, character_favor, event_condition, is_random_value, is_random_attribute, is_random_block_training, is_end_chained_event) VALUES (2646, 1497, 'None', 1, 10, 0, 10, 0, 0, 0, 0, 0, 5, null, 0, 0, 0, 0);
INSERT INTO card_events (event_id, event_name, uma_id, uma_name, category) VALUES (1498, '(❯❯) 真的……沒辦法嗎？', 30153, 'gold-city', '連鎖事件');
INSERT INTO card_event_choices (choice_id, event_id, choice_label, chain_index, speed, stamina, strength, willpower, intelligence, hp, mood, skill_point, character_favor, event_condition, is_random_value, is_random_attribute, is_random_block_training, is_end_chained_event) VALUES (2647, 1498, 'Up', 2, 0, 0, 0, 10, 0, 0, 0, 10, 5, null, 0, 0, 0, 0);
INSERT INTO card_event_choices (choice_id, event_id, choice_label, chain_index, speed, stamina, strength, willpower, intelligence, hp, mood, skill_point, character_favor, event_condition, is_random_value, is_random_attribute, is_random_block_training, is_end_chained_event) VALUES (2648, 1498, 'Down', 2, 0, 0, 0, 0, 0, 35, 2, 0, 5, null, 0, 0, 0, 1);
INSERT INTO card_events (event_id, event_name, uma_id, uma_name, category) VALUES (1499, '(❯❯❯) 應該說的話', 30153, 'gold-city', '連鎖事件');
INSERT INTO card_event_choices (choice_id, event_id, choice_label, chain_index, speed, stamina, strength, willpower, intelligence, hp, mood, skill_point, character_favor, event_condition, is_random_value, is_random_attribute, is_random_block_training, is_end_chained_event) VALUES (2649, 1499, 'Up', 3, 0, 0, 0, 0, 10, 0, 0, 15, 5, null, 0, 0, 0, 0);
INSERT INTO card_event_choices (choice_id, event_id, choice_label, chain_index, speed, stamina, strength, willpower, intelligence, hp, mood, skill_point, character_favor, event_condition, is_random_value, is_random_attribute, is_random_block_training, is_end_chained_event) VALUES (2650, 1499, 'Down', 3, 0, 0, 0, 10, 0, 0, 0, 15, 5, null, 0, 0, 0, 0);
INSERT INTO card_events (event_id, event_name, uma_id, uma_name, category) VALUES (1500, '08：36／睡過頭，糟糕', 30153, 'gold-city', '隨機事件');
INSERT INTO card_event_choices (choice_id, event_id, choice_label, chain_index, speed, stamina, strength, willpower, intelligence, hp, mood, skill_point, character_favor, event_condition, is_random_value, is_random_attribute, is_random_block_training, is_end_chained_event) VALUES (2651, 1500, 'Up', 3, 0, 0, 0, 0, 0, 0, -1, 45, 5, null, 0, 0, 0, 0);
INSERT INTO card_event_choices (choice_id, event_id, choice_label, chain_index, speed, stamina, strength, willpower, intelligence, hp, mood, skill_point, character_favor, event_condition, is_random_value, is_random_attribute, is_random_block_training, is_end_chained_event) VALUES (2652, 1500, 'Down', 3, 0, 0, 0, 0, 5, 10, 0, 0, 5, null, 0, 0, 0, 0);
INSERT INTO card_events (event_id, event_name, uma_id, uma_name, category) VALUES (1501, '13：12／午休，必須拿出幹勁', 30153, 'gold-city', '隨機事件');
INSERT INTO card_event_choices (choice_id, event_id, choice_label, chain_index, speed, stamina, strength, willpower, intelligence, hp, mood, skill_point, character_favor, event_condition, is_random_value, is_random_attribute, is_random_block_training, is_end_chained_event) VALUES (2653, 1501, 'Up', 3, 0, 0, 0, 0, 0, 0, 0, 30, 5, null, 0, 0, 0, 0);
INSERT INTO card_event_choices (choice_id, event_id, choice_label, chain_index, speed, stamina, strength, willpower, intelligence, hp, mood, skill_point, character_favor, event_condition, is_random_value, is_random_attribute, is_random_block_training, is_end_chained_event) VALUES (2654, 1501, 'Down', 3, 0, 0, 0, 0, 0, 0, 0, 0, 5, null, 0, 0, 0, 0);
INSERT INTO card_table (count, uma_id, uma_name) VALUES (363, 30154, 'mejiro-palmer');
INSERT INTO card_events (event_id, event_name, uma_id, uma_name, category) VALUES (1502, '(❯) 輕鬆又冷靜', 30154, 'mejiro-palmer', '連鎖事件');
INSERT INTO card_event_choices (choice_id, event_id, choice_label, chain_index, speed, stamina, strength, willpower, intelligence, hp, mood, skill_point, character_favor, event_condition, is_random_value, is_random_attribute, is_random_block_training, is_end_chained_event) VALUES (2655, 1502, 'None', 1, 7, 7, 7, 0, 0, 0, 0, 0, 5, null, 0, 0, 0, 0);
INSERT INTO card_events (event_id, event_name, uma_id, uma_name, category) VALUES (1503, '(❯❯) 適當又省成本', 30154, 'mejiro-palmer', '連鎖事件');
INSERT INTO card_event_choices (choice_id, event_id, choice_label, chain_index, speed, stamina, strength, willpower, intelligence, hp, mood, skill_point, character_favor, event_condition, is_random_value, is_random_attribute, is_random_block_training, is_end_chained_event) VALUES (2656, 1503, 'Up', 2, 0, 0, 0, 0, 0, 10, 0, 20, 5, null, 0, 0, 0, 0);
INSERT INTO card_event_choices (choice_id, event_id, choice_label, chain_index, speed, stamina, strength, willpower, intelligence, hp, mood, skill_point, character_favor, event_condition, is_random_value, is_random_attribute, is_random_block_training, is_end_chained_event) VALUES (2657, 1503, 'Down', 2, 3, 3, 3, 0, 0, 0, 0, 0, 0, null, 0, 0, 0, 1);
INSERT INTO card_events (event_id, event_name, uma_id, uma_name, category) VALUES (1504, '(❯❯❯) 嗨翻天的玩法！！', 30154, 'mejiro-palmer', '連鎖事件');
INSERT INTO card_event_choices (choice_id, event_id, choice_label, chain_index, speed, stamina, strength, willpower, intelligence, hp, mood, skill_point, character_favor, event_condition, is_random_value, is_random_attribute, is_random_block_training, is_end_chained_event) VALUES (2658, 1504, 'None', 3, 10, 10, 10, 0, 0, 0, 0, 0, 5, null, 1, 0, 0, 0);
INSERT INTO card_event_choices (choice_id, event_id, choice_label, chain_index, speed, stamina, strength, willpower, intelligence, hp, mood, skill_point, character_favor, event_condition, is_random_value, is_random_attribute, is_random_block_training, is_end_chained_event) VALUES (2659, 1504, 'None', 3, 5, 5, 5, 0, 0, 0, 0, 0, 5, null, 0, 0, 0, 0);
INSERT INTO card_events (event_id, event_name, uma_id, uma_name, category) VALUES (1505, '逃不掉的選擇？', 30154, 'mejiro-palmer', '隨機事件');
INSERT INTO card_event_choices (choice_id, event_id, choice_label, chain_index, speed, stamina, strength, willpower, intelligence, hp, mood, skill_point, character_favor, event_condition, is_random_value, is_random_attribute, is_random_block_training, is_end_chained_event) VALUES (2660, 1505, 'Up', 3, 0, 0, 0, 20, 0, -15, 0, 0, 5, null, 0, 0, 0, 0);
INSERT INTO card_event_choices (choice_id, event_id, choice_label, chain_index, speed, stamina, strength, willpower, intelligence, hp, mood, skill_point, character_favor, event_condition, is_random_value, is_random_attribute, is_random_block_training, is_end_chained_event) VALUES (2661, 1505, 'Down', 3, 0, 0, 5, 0, 0, 0, 0, 15, 5, null, 0, 0, 0, 0);
INSERT INTO card_events (event_id, event_name, uma_id, uma_name, category) VALUES (1506, '積極的逃避', 30154, 'mejiro-palmer', '隨機事件');
INSERT INTO card_event_choices (choice_id, event_id, choice_label, chain_index, speed, stamina, strength, willpower, intelligence, hp, mood, skill_point, character_favor, event_condition, is_random_value, is_random_attribute, is_random_block_training, is_end_chained_event) VALUES (2662, 1506, 'Up', 3, 0, 0, 0, 15, 0, 0, 0, 0, 5, null, 0, 0, 0, 0);
INSERT INTO card_event_choices (choice_id, event_id, choice_label, chain_index, speed, stamina, strength, willpower, intelligence, hp, mood, skill_point, character_favor, event_condition, is_random_value, is_random_attribute, is_random_block_training, is_end_chained_event) VALUES (2663, 1506, 'Down', 3, 0, 0, 0, 0, 0, 0, 0, 0, 5, null, 0, 0, 0, 0);
INSERT INTO card_table (count, uma_id, uma_name) VALUES (364, 30155, 'daitaku-helios');
INSERT INTO card_events (event_id, event_name, uma_id, uma_name, category) VALUES (1507, '(❯) 試著從後方欣賞太陽？', 30155, 'daitaku-helios', '連鎖事件');
INSERT INTO card_event_choices (choice_id, event_id, choice_label, chain_index, speed, stamina, strength, willpower, intelligence, hp, mood, skill_point, character_favor, event_condition, is_random_value, is_random_attribute, is_random_block_training, is_end_chained_event) VALUES (2664, 1507, 'None', 1, 5, 0, 0, 5, 5, 0, 0, 0, 5, null, 0, 0, 0, 0);
INSERT INTO card_events (event_id, event_name, uma_id, uma_name, category) VALUES (1508, '(❯❯) 桑心時就該來場突擊式旅行☆', 30155, 'daitaku-helios', '連鎖事件');
INSERT INTO card_event_choices (choice_id, event_id, choice_label, chain_index, speed, stamina, strength, willpower, intelligence, hp, mood, skill_point, character_favor, event_condition, is_random_value, is_random_attribute, is_random_block_training, is_end_chained_event) VALUES (2665, 1508, 'None', 2, 0, 0, 0, 0, 0, 0, 0, 15, 5, null, 0, 0, 0, 0);
INSERT INTO card_events (event_id, event_name, uma_id, uma_name, category) VALUES (1509, '(❯❯❯) 站上☆小矢的演唱會！', 30155, 'daitaku-helios', '連鎖事件');
INSERT INTO card_event_choices (choice_id, event_id, choice_label, chain_index, speed, stamina, strength, willpower, intelligence, hp, mood, skill_point, character_favor, event_condition, is_random_value, is_random_attribute, is_random_block_training, is_end_chained_event) VALUES (2666, 1509, 'None', 3, 5, 0, 0, 5, 5, 0, 0, 0, 5, null, 0, 0, 0, 0);
INSERT INTO card_events (event_id, event_name, uma_id, uma_name, category) VALUES (1510, '遭遇太陽☆', 30155, 'daitaku-helios', '隨機事件');
INSERT INTO card_event_choices (choice_id, event_id, choice_label, chain_index, speed, stamina, strength, willpower, intelligence, hp, mood, skill_point, character_favor, event_condition, is_random_value, is_random_attribute, is_random_block_training, is_end_chained_event) VALUES (2667, 1510, 'Up', 3, 0, 0, 10, 0, 0, 0, 0, 0, 5, null, 0, 0, 0, 0);
INSERT INTO card_event_choices (choice_id, event_id, choice_label, chain_index, speed, stamina, strength, willpower, intelligence, hp, mood, skill_point, character_favor, event_condition, is_random_value, is_random_attribute, is_random_block_training, is_end_chained_event) VALUES (2668, 1510, 'Down', 3, 0, 0, 0, 0, 0, 0, 0, 0, 5, '備受矚目', 0, 0, 0, 0);
INSERT INTO card_events (event_id, event_name, uma_id, uma_name, category) VALUES (1511, '笑容Forever', 30155, 'daitaku-helios', '隨機事件');
INSERT INTO card_event_choices (choice_id, event_id, choice_label, chain_index, speed, stamina, strength, willpower, intelligence, hp, mood, skill_point, character_favor, event_condition, is_random_value, is_random_attribute, is_random_block_training, is_end_chained_event) VALUES (2669, 1511, 'Up', 3, 5, 0, 10, 0, 0, 0, 0, 0, 5, null, 0, 0, 0, 0);
INSERT INTO card_event_choices (choice_id, event_id, choice_label, chain_index, speed, stamina, strength, willpower, intelligence, hp, mood, skill_point, character_favor, event_condition, is_random_value, is_random_attribute, is_random_block_training, is_end_chained_event) VALUES (2670, 1511, 'Down', 3, 0, 0, 0, 0, 0, 0, 0, 0, 5, null, 0, 0, 0, 0);
INSERT INTO card_table (count, uma_id, uma_name) VALUES (365, 30156, 'wonder-acute');
INSERT INTO card_events (event_id, event_name, uma_id, uma_name, category) VALUES (1512, '(❯) 長壽節目的祕訣', 30156, 'wonder-acute', '連鎖事件');
INSERT INTO card_event_choices (choice_id, event_id, choice_label, chain_index, speed, stamina, strength, willpower, intelligence, hp, mood, skill_point, character_favor, event_condition, is_random_value, is_random_attribute, is_random_block_training, is_end_chained_event) VALUES (2671, 1512, 'None', 1, 0, 0, 0, 0, 0, 15, 0, 10, 5, null, 0, 0, 0, 0);
INSERT INTO card_events (event_id, event_name, uma_id, uma_name, category) VALUES (1513, '(❯❯) 傾注於指尖的心意', 30156, 'wonder-acute', '連鎖事件');
INSERT INTO card_event_choices (choice_id, event_id, choice_label, chain_index, speed, stamina, strength, willpower, intelligence, hp, mood, skill_point, character_favor, event_condition, is_random_value, is_random_attribute, is_random_block_training, is_end_chained_event) VALUES (2672, 1513, 'Up', 2, 0, 0, 20, 0, 0, 0, 0, 0, 5, null, 0, 0, 0, 0);
INSERT INTO card_event_choices (choice_id, event_id, choice_label, chain_index, speed, stamina, strength, willpower, intelligence, hp, mood, skill_point, character_favor, event_condition, is_random_value, is_random_attribute, is_random_block_training, is_end_chained_event) VALUES (2673, 1513, 'Down', 2, 0, 0, 5, 10, 0, -10, 0, 0, 5, null, 0, 0, 0, 1);
INSERT INTO card_events (event_id, event_name, uma_id, uma_name, category) VALUES (1514, '(❯❯❯) 我能做的所有事', 30156, 'wonder-acute', '連鎖事件');
INSERT INTO card_event_choices (choice_id, event_id, choice_label, chain_index, speed, stamina, strength, willpower, intelligence, hp, mood, skill_point, character_favor, event_condition, is_random_value, is_random_attribute, is_random_block_training, is_end_chained_event) VALUES (2674, 1514, 'Up', 3, 0, 0, 20, 10, 0, 0, 0, 10, 5, null, 0, 0, 0, 0);
INSERT INTO card_event_choices (choice_id, event_id, choice_label, chain_index, speed, stamina, strength, willpower, intelligence, hp, mood, skill_point, character_favor, event_condition, is_random_value, is_random_attribute, is_random_block_training, is_end_chained_event) VALUES (2675, 1514, 'Down', 3, 0, 0, 20, 20, 0, 10, 0, 0, 5, null, 0, 0, 0, 0);
INSERT INTO card_events (event_id, event_name, uma_id, uma_name, category) VALUES (1515, '吃點蘋果吧', 30156, 'wonder-acute', '隨機事件');
INSERT INTO card_event_choices (choice_id, event_id, choice_label, chain_index, speed, stamina, strength, willpower, intelligence, hp, mood, skill_point, character_favor, event_condition, is_random_value, is_random_attribute, is_random_block_training, is_end_chained_event) VALUES (2676, 1515, 'Up', 3, 0, 0, 0, 15, 0, 0, 0, 0, 5, null, 0, 0, 0, 0);
INSERT INTO card_event_choices (choice_id, event_id, choice_label, chain_index, speed, stamina, strength, willpower, intelligence, hp, mood, skill_point, character_favor, event_condition, is_random_value, is_random_attribute, is_random_block_training, is_end_chained_event) VALUES (2677, 1515, 'Down', 3, 0, 0, 0, 0, 0, 15, 0, 0, 5, null, 0, 0, 0, 0);
INSERT INTO card_events (event_id, event_name, uma_id, uma_name, category) VALUES (1516, '用串珠玩偶當禮物吧', 30156, 'wonder-acute', '隨機事件');
INSERT INTO card_event_choices (choice_id, event_id, choice_label, chain_index, speed, stamina, strength, willpower, intelligence, hp, mood, skill_point, character_favor, event_condition, is_random_value, is_random_attribute, is_random_block_training, is_end_chained_event) VALUES (2678, 1516, 'Up', 3, 0, 0, 0, 0, 0, 0, 0, 0, 5, null, 0, 0, 0, 0);
INSERT INTO card_event_choices (choice_id, event_id, choice_label, chain_index, speed, stamina, strength, willpower, intelligence, hp, mood, skill_point, character_favor, event_condition, is_random_value, is_random_attribute, is_random_block_training, is_end_chained_event) VALUES (2679, 1516, 'Down', 3, 0, 0, 0, 10, 0, 0, 0, 10, 5, null, 0, 0, 0, 0);
INSERT INTO card_table (count, uma_id, uma_name) VALUES (366, 30157, 'manhattan-cafe');
INSERT INTO card_events (event_id, event_name, uma_id, uma_name, category) VALUES (1517, '(❯) 沒入寂靜', 30157, 'manhattan-cafe', '連鎖事件');
INSERT INTO card_event_choices (choice_id, event_id, choice_label, chain_index, speed, stamina, strength, willpower, intelligence, hp, mood, skill_point, character_favor, event_condition, is_random_value, is_random_attribute, is_random_block_training, is_end_chained_event) VALUES (2680, 1517, 'Up', 1, 0, 5, 0, 0, 5, 10, 0, 0, 5, null, 0, 0, 0, 0);
INSERT INTO card_event_choices (choice_id, event_id, choice_label, chain_index, speed, stamina, strength, willpower, intelligence, hp, mood, skill_point, character_favor, event_condition, is_random_value, is_random_attribute, is_random_block_training, is_end_chained_event) VALUES (2681, 1517, 'Down', 1, 0, 0, 0, 0, 0, 0, 0, 25, 5, null, 0, 0, 0, 1);
INSERT INTO card_events (event_id, event_name, uma_id, uma_name, category) VALUES (1518, '(❯❯) 溫暖的呼喚聲', 30157, 'manhattan-cafe', '連鎖事件');
INSERT INTO card_event_choices (choice_id, event_id, choice_label, chain_index, speed, stamina, strength, willpower, intelligence, hp, mood, skill_point, character_favor, event_condition, is_random_value, is_random_attribute, is_random_block_training, is_end_chained_event) VALUES (2682, 1518, 'Up', 2, 0, 0, 0, 0, 0, 15, 0, 0, 5, null, 0, 0, 0, 0);
INSERT INTO card_event_choices (choice_id, event_id, choice_label, chain_index, speed, stamina, strength, willpower, intelligence, hp, mood, skill_point, character_favor, event_condition, is_random_value, is_random_attribute, is_random_block_training, is_end_chained_event) VALUES (2683, 1518, 'Down', 2, 0, 0, 0, 0, 30, 0, 0, 15, 5, null, 0, 0, 0, 1);
INSERT INTO card_events (event_id, event_name, uma_id, uma_name, category) VALUES (1519, '(❯❯❯) 水面的另一邊', 30157, 'manhattan-cafe', '連鎖事件');
INSERT INTO card_event_choices (choice_id, event_id, choice_label, chain_index, speed, stamina, strength, willpower, intelligence, hp, mood, skill_point, character_favor, event_condition, is_random_value, is_random_attribute, is_random_block_training, is_end_chained_event) VALUES (2684, 1519, 'Up', 3, 0, 20, 0, 0, 10, 0, 0, 0, 5, null, 0, 0, 0, 0);
INSERT INTO card_event_choices (choice_id, event_id, choice_label, chain_index, speed, stamina, strength, willpower, intelligence, hp, mood, skill_point, character_favor, event_condition, is_random_value, is_random_attribute, is_random_block_training, is_end_chained_event) VALUES (2685, 1519, 'Down', 3, 0, 10, 0, 0, 20, 0, 0, 0, 5, null, 0, 0, 0, 0);
INSERT INTO card_events (event_id, event_name, uma_id, uma_name, category) VALUES (1520, '夜晚獨跑', 30157, 'manhattan-cafe', '隨機事件');
INSERT INTO card_event_choices (choice_id, event_id, choice_label, chain_index, speed, stamina, strength, willpower, intelligence, hp, mood, skill_point, character_favor, event_condition, is_random_value, is_random_attribute, is_random_block_training, is_end_chained_event) VALUES (2686, 1520, 'Up', 3, 0, 10, 0, 0, 0, 0, 0, 0, 5, null, 0, 0, 0, 0);
INSERT INTO card_event_choices (choice_id, event_id, choice_label, chain_index, speed, stamina, strength, willpower, intelligence, hp, mood, skill_point, character_favor, event_condition, is_random_value, is_random_attribute, is_random_block_training, is_end_chained_event) VALUES (2687, 1520, 'Down', 3, 0, 5, 0, 0, 0, 10, 0, 0, 5, null, 0, 0, 0, 0);
INSERT INTO card_events (event_id, event_name, uma_id, uma_name, category) VALUES (1521, '偏好寧靜', 30157, 'manhattan-cafe', '隨機事件');
INSERT INTO card_event_choices (choice_id, event_id, choice_label, chain_index, speed, stamina, strength, willpower, intelligence, hp, mood, skill_point, character_favor, event_condition, is_random_value, is_random_attribute, is_random_block_training, is_end_chained_event) VALUES (2688, 1521, 'Up', 3, 0, 5, 0, 0, 0, 0, 0, 15, 5, null, 0, 0, 0, 0);
INSERT INTO card_event_choices (choice_id, event_id, choice_label, chain_index, speed, stamina, strength, willpower, intelligence, hp, mood, skill_point, character_favor, event_condition, is_random_value, is_random_attribute, is_random_block_training, is_end_chained_event) VALUES (2689, 1521, 'Down', 3, 0, 0, 0, 0, 0, 0, 0, 0, 5, null, 0, 0, 0, 0);
INSERT INTO card_table (count, uma_id, uma_name) VALUES (367, 30158, 'jungle-pocket');
INSERT INTO card_events (event_id, event_name, uma_id, uma_name, category) VALUES (1522, '(❯) 死黨三人組成的最強攤販', 30158, 'jungle-pocket', '連鎖事件');
INSERT INTO card_event_choices (choice_id, event_id, choice_label, chain_index, speed, stamina, strength, willpower, intelligence, hp, mood, skill_point, character_favor, event_condition, is_random_value, is_random_attribute, is_random_block_training, is_end_chained_event) VALUES (2690, 1522, 'None', 1, 0, 0, 0, 10, 0, 15, 0, 0, 15, null, 1, 0, 0, 0);
INSERT INTO card_event_choices (choice_id, event_id, choice_label, chain_index, speed, stamina, strength, willpower, intelligence, hp, mood, skill_point, character_favor, event_condition, is_random_value, is_random_attribute, is_random_block_training, is_end_chained_event) VALUES (2691, 1522, 'None', 1, 0, 0, 0, 5, 0, 5, 0, 0, 5, null, 0, 0, 0, 0);
INSERT INTO card_events (event_id, event_name, uma_id, uma_name, category) VALUES (1523, '(❯❯) 所謂的夥伴……', 30158, 'jungle-pocket', '連鎖事件');
INSERT INTO card_event_choices (choice_id, event_id, choice_label, chain_index, speed, stamina, strength, willpower, intelligence, hp, mood, skill_point, character_favor, event_condition, is_random_value, is_random_attribute, is_random_block_training, is_end_chained_event) VALUES (2692, 1523, 'None', 2, 0, 0, 0, 15, 0, 0, 0, 15, 15, null, 1, 0, 0, 0);
INSERT INTO card_event_choices (choice_id, event_id, choice_label, chain_index, speed, stamina, strength, willpower, intelligence, hp, mood, skill_point, character_favor, event_condition, is_random_value, is_random_attribute, is_random_block_training, is_end_chained_event) VALUES (2693, 1523, 'None', 2, 0, 0, 0, 20, 0, -10, 0, 0, 5, null, 0, 0, 0, 1);
INSERT INTO card_events (event_id, event_name, uma_id, uma_name, category) VALUES (1524, '(❯❯❯) 頂尖作戰', 30158, 'jungle-pocket', '連鎖事件');
INSERT INTO card_event_choices (choice_id, event_id, choice_label, chain_index, speed, stamina, strength, willpower, intelligence, hp, mood, skill_point, character_favor, event_condition, is_random_value, is_random_attribute, is_random_block_training, is_end_chained_event) VALUES (2694, 1524, 'Up', 3, 10, 0, 0, 30, 0, 0, 0, 0, 5, null, 1, 0, 0, 0);
INSERT INTO card_event_choices (choice_id, event_id, choice_label, chain_index, speed, stamina, strength, willpower, intelligence, hp, mood, skill_point, character_favor, event_condition, is_random_value, is_random_attribute, is_random_block_training, is_end_chained_event) VALUES (2695, 1524, 'Up', 3, 0, 0, 0, 20, 0, 0, 0, 0, 5, null, 0, 0, 0, 0);
INSERT INTO card_event_choices (choice_id, event_id, choice_label, chain_index, speed, stamina, strength, willpower, intelligence, hp, mood, skill_point, character_favor, event_condition, is_random_value, is_random_attribute, is_random_block_training, is_end_chained_event) VALUES (2696, 1524, 'Down', 3, 0, 0, 15, 0, 0, 15, 0, 15, 5, null, 0, 0, 0, 0);
INSERT INTO card_events (event_id, event_name, uma_id, uma_name, category) VALUES (1525, '「戰吼」之鬼', 30158, 'jungle-pocket', '隨機事件');
INSERT INTO card_event_choices (choice_id, event_id, choice_label, chain_index, speed, stamina, strength, willpower, intelligence, hp, mood, skill_point, character_favor, event_condition, is_random_value, is_random_attribute, is_random_block_training, is_end_chained_event) VALUES (2697, 1525, 'Up', 3, 0, 0, 15, 0, 0, 0, 0, 0, 5, null, 0, 0, 0, 0);
INSERT INTO card_event_choices (choice_id, event_id, choice_label, chain_index, speed, stamina, strength, willpower, intelligence, hp, mood, skill_point, character_favor, event_condition, is_random_value, is_random_attribute, is_random_block_training, is_end_chained_event) VALUES (2698, 1525, 'Down', 3, 15, 10, 0, 0, 0, -10, 0, 0, 5, null, 0, 0, 0, 0);
INSERT INTO card_events (event_id, event_name, uma_id, uma_name, category) VALUES (1526, '像「魔術」一樣', 30158, 'jungle-pocket', '隨機事件');
INSERT INTO card_event_choices (choice_id, event_id, choice_label, chain_index, speed, stamina, strength, willpower, intelligence, hp, mood, skill_point, character_favor, event_condition, is_random_value, is_random_attribute, is_random_block_training, is_end_chained_event) VALUES (2699, 1526, 'Up', 3, 0, 15, 0, 0, 0, 0, 0, 0, 5, null, 0, 0, 0, 0);
INSERT INTO card_event_choices (choice_id, event_id, choice_label, chain_index, speed, stamina, strength, willpower, intelligence, hp, mood, skill_point, character_favor, event_condition, is_random_value, is_random_attribute, is_random_block_training, is_end_chained_event) VALUES (2700, 1526, 'Down', 3, 0, 0, 0, 0, 0, 0, 0, 0, 5, null, 0, 0, 0, 0);
INSERT INTO card_table (count, uma_id, uma_name) VALUES (368, 30159, 'air-groove');
INSERT INTO card_events (event_id, event_name, uma_id, uma_name, category) VALUES (1527, '(❯) 因為關心而無法傳達', 30159, 'air-groove', '連鎖事件');
INSERT INTO card_event_choices (choice_id, event_id, choice_label, chain_index, speed, stamina, strength, willpower, intelligence, hp, mood, skill_point, character_favor, event_condition, is_random_value, is_random_attribute, is_random_block_training, is_end_chained_event) VALUES (2701, 1527, 'None', 1, 10, 0, 0, 0, 0, 0, 0, 0, 5, null, 0, 0, 0, 0);
INSERT INTO card_events (event_id, event_name, uma_id, uma_name, category) VALUES (1528, '(❯❯) 因為關心而無法前進', 30159, 'air-groove', '連鎖事件');
INSERT INTO card_event_choices (choice_id, event_id, choice_label, chain_index, speed, stamina, strength, willpower, intelligence, hp, mood, skill_point, character_favor, event_condition, is_random_value, is_random_attribute, is_random_block_training, is_end_chained_event) VALUES (2702, 1528, 'None', 2, 10, 0, 0, 0, 0, 0, 0, 0, 5, null, 0, 0, 0, 0);
INSERT INTO card_events (event_id, event_name, uma_id, uma_name, category) VALUES (1529, '(❯❯❯) 因為關心而無法離開', 30159, 'air-groove', '連鎖事件');
INSERT INTO card_event_choices (choice_id, event_id, choice_label, chain_index, speed, stamina, strength, willpower, intelligence, hp, mood, skill_point, character_favor, event_condition, is_random_value, is_random_attribute, is_random_block_training, is_end_chained_event) VALUES (2703, 1529, 'None', 3, 16, 0, 0, 0, 0, -5, 0, 0, 5, null, 0, 0, 0, 0);
INSERT INTO card_events (event_id, event_name, uma_id, uma_name, category) VALUES (1530, '剛柔並濟', 30159, 'air-groove', '隨機事件');
INSERT INTO card_event_choices (choice_id, event_id, choice_label, chain_index, speed, stamina, strength, willpower, intelligence, hp, mood, skill_point, character_favor, event_condition, is_random_value, is_random_attribute, is_random_block_training, is_end_chained_event) VALUES (2704, 1530, 'Up', 3, 0, 0, 0, 0, 0, 0, 0, 0, 5, null, 0, 0, 0, 0);
INSERT INTO card_event_choices (choice_id, event_id, choice_label, chain_index, speed, stamina, strength, willpower, intelligence, hp, mood, skill_point, character_favor, event_condition, is_random_value, is_random_attribute, is_random_block_training, is_end_chained_event) VALUES (2705, 1530, 'Down', 3, 0, 0, 0, 0, 10, 10, 0, 0, 5, null, 0, 0, 0, 0);
INSERT INTO card_events (event_id, event_name, uma_id, uma_name, category) VALUES (1531, '聰敏而鐵腕', 30159, 'air-groove', '隨機事件');
INSERT INTO card_event_choices (choice_id, event_id, choice_label, chain_index, speed, stamina, strength, willpower, intelligence, hp, mood, skill_point, character_favor, event_condition, is_random_value, is_random_attribute, is_random_block_training, is_end_chained_event) VALUES (2706, 1531, 'Up', 3, 0, 0, 15, 0, 0, 0, 0, 0, 5, null, 0, 0, 0, 0);
INSERT INTO card_event_choices (choice_id, event_id, choice_label, chain_index, speed, stamina, strength, willpower, intelligence, hp, mood, skill_point, character_favor, event_condition, is_random_value, is_random_attribute, is_random_block_training, is_end_chained_event) VALUES (2707, 1531, 'Down', 3, 10, 5, 0, 0, 0, 0, 0, 0, 5, null, 0, 0, 0, 0);
INSERT INTO card_table (count, uma_id, uma_name) VALUES (369, 30160, 'mei-satake');
INSERT INTO card_events (event_id, event_name, uma_id, uma_name, category) VALUES (1532, '(❯) 禮讚如雨一般', 30160, 'mei-satake', '外出');
INSERT INTO card_event_choices (choice_id, event_id, choice_label, chain_index, speed, stamina, strength, willpower, intelligence, hp, mood, skill_point, character_favor, event_condition, is_random_value, is_random_attribute, is_random_block_training, is_end_chained_event) VALUES (2708, 1532, 'None', 1, 0, 0, 0, 5, 0, 30, 1, 0, 5, null, 0, 0, 0, 0);
INSERT INTO card_events (event_id, event_name, uma_id, uma_name, category) VALUES (1533, '(❯❯) 不遠的將來就能克服？', 30160, 'mei-satake', '外出');
INSERT INTO card_event_choices (choice_id, event_id, choice_label, chain_index, speed, stamina, strength, willpower, intelligence, hp, mood, skill_point, character_favor, event_condition, is_random_value, is_random_attribute, is_random_block_training, is_end_chained_event) VALUES (2709, 1533, 'None', 2, 0, 0, 5, 5, 0, 25, 1, 0, 5, null, 0, 0, 0, 0);
INSERT INTO card_events (event_id, event_name, uma_id, uma_name, category) VALUES (1534, '(❯❯❯) 緣分終將開花結果', 30160, 'mei-satake', '外出');
INSERT INTO card_event_choices (choice_id, event_id, choice_label, chain_index, speed, stamina, strength, willpower, intelligence, hp, mood, skill_point, character_favor, event_condition, is_random_value, is_random_attribute, is_random_block_training, is_end_chained_event) VALUES (2710, 1534, 'Up', 3, 0, 0, 0, 15, 0, 35, 1, 0, 5, '正向思考', 0, 0, 0, 0);
INSERT INTO card_event_choices (choice_id, event_id, choice_label, chain_index, speed, stamina, strength, willpower, intelligence, hp, mood, skill_point, character_favor, event_condition, is_random_value, is_random_attribute, is_random_block_training, is_end_chained_event) VALUES (2711, 1534, 'Down', 3, 5, 5, 5, 5, 5, 0, 1, 0, 5, '幸運體質', 0, 0, 0, 0);
INSERT INTO card_events (event_id, event_name, uma_id, uma_name, category) VALUES (1535, '(❯❯❯❯) 憧憬成為起點', 30160, 'mei-satake', '外出');
INSERT INTO card_event_choices (choice_id, event_id, choice_label, chain_index, speed, stamina, strength, willpower, intelligence, hp, mood, skill_point, character_favor, event_condition, is_random_value, is_random_attribute, is_random_block_training, is_end_chained_event) VALUES (2712, 1535, 'None', 4, 0, 0, 0, 20, 0, 25, 0, 0, 5, null, 0, 0, 0, 0);
INSERT INTO card_events (event_id, event_name, uma_id, uma_name, category) VALUES (1536, '(❯❯❯❯❯) 結下星空的誓約', 30160, 'mei-satake', '外出');
INSERT INTO card_event_choices (choice_id, event_id, choice_label, chain_index, speed, stamina, strength, willpower, intelligence, hp, mood, skill_point, character_favor, event_condition, is_random_value, is_random_attribute, is_random_block_training, is_end_chained_event) VALUES (2713, 1536, 'None', 5, 0, 0, 0, 10, 0, 40, 1, 0, 5, null, 1, 0, 0, 0);
INSERT INTO card_event_choices (choice_id, event_id, choice_label, chain_index, speed, stamina, strength, willpower, intelligence, hp, mood, skill_point, character_favor, event_condition, is_random_value, is_random_attribute, is_random_block_training, is_end_chained_event) VALUES (2714, 1536, 'None', 5, 0, 0, 0, 5, 0, 35, 1, 0, 5, null, 0, 0, 0, 0);
INSERT INTO card_events (event_id, event_name, uma_id, uma_name, category) VALUES (1537, '來踢足球吧！', 30160, 'mei-satake', '隨機事件');
INSERT INTO card_event_choices (choice_id, event_id, choice_label, chain_index, speed, stamina, strength, willpower, intelligence, hp, mood, skill_point, character_favor, event_condition, is_random_value, is_random_attribute, is_random_block_training, is_end_chained_event) VALUES (2715, 1537, 'Up', 5, 0, 0, 0, 15, 0, 0, 0, 0, 5, null, 0, 0, 0, 0);
INSERT INTO card_event_choices (choice_id, event_id, choice_label, chain_index, speed, stamina, strength, willpower, intelligence, hp, mood, skill_point, character_favor, event_condition, is_random_value, is_random_attribute, is_random_block_training, is_end_chained_event) VALUES (2716, 1537, 'Down', 5, 0, 0, 10, 0, 0, 5, 0, 0, 5, null, 0, 0, 0, 0);
INSERT INTO card_events (event_id, event_name, uma_id, uma_name, category) VALUES (1538, '有時也要忘記工作', 30160, 'mei-satake', '隨機事件');
INSERT INTO card_event_choices (choice_id, event_id, choice_label, chain_index, speed, stamina, strength, willpower, intelligence, hp, mood, skill_point, character_favor, event_condition, is_random_value, is_random_attribute, is_random_block_training, is_end_chained_event) VALUES (2717, 1538, 'Up', 5, 0, 0, 0, 5, 0, 15, 1, 0, 5, '幸運體質', 0, 0, 0, 0);
INSERT INTO card_event_choices (choice_id, event_id, choice_label, chain_index, speed, stamina, strength, willpower, intelligence, hp, mood, skill_point, character_favor, event_condition, is_random_value, is_random_attribute, is_random_block_training, is_end_chained_event) VALUES (2718, 1538, 'Middle', 5, 0, 0, 0, 0, 0, 35, 1, 0, 10, '幸運體質', 1, 0, 0, 0);
INSERT INTO card_event_choices (choice_id, event_id, choice_label, chain_index, speed, stamina, strength, willpower, intelligence, hp, mood, skill_point, character_favor, event_condition, is_random_value, is_random_attribute, is_random_block_training, is_end_chained_event) VALUES (2719, 1538, 'Middle', 5, 0, 0, 0, 0, 0, -10, 1, 0, 10, null, 0, 0, 0, 1);
INSERT INTO card_event_choices (choice_id, event_id, choice_label, chain_index, speed, stamina, strength, willpower, intelligence, hp, mood, skill_point, character_favor, event_condition, is_random_value, is_random_attribute, is_random_block_training, is_end_chained_event) VALUES (2720, 1538, 'Down', 5, 30, 0, 0, 0, 20, 0, 0, 0, -5, null, 0, 0, 0, 1);
INSERT INTO card_events (event_id, event_name, uma_id, uma_name, category) VALUES (1539, '夢想的檢修員', 30160, 'mei-satake', '特殊事件');
INSERT INTO card_event_choices (choice_id, event_id, choice_label, chain_index, speed, stamina, strength, willpower, intelligence, hp, mood, skill_point, character_favor, event_condition, is_random_value, is_random_attribute, is_random_block_training, is_end_chained_event) VALUES (2721, 1539, 'None', 5, 0, 0, 0, 15, 0, 0, 1, 5, 10, null, 0, 0, 0, 0);
INSERT INTO card_events (event_id, event_name, uma_id, uma_name, category) VALUES (1540, '辛苦了！！', 30160, 'mei-satake', '特殊事件');
INSERT INTO card_event_choices (choice_id, event_id, choice_label, chain_index, speed, stamina, strength, willpower, intelligence, hp, mood, skill_point, character_favor, event_condition, is_random_value, is_random_attribute, is_random_block_training, is_end_chained_event) VALUES (2722, 1540, 'None', 5, 0, 0, 0, 3, 0, 0, 1, 3, 7, null, 0, 1, 0, 0);
INSERT INTO card_events (event_id, event_name, uma_id, uma_name, category) VALUES (1541, '星之凱旋門', 30160, 'mei-satake', '特殊事件');
INSERT INTO card_event_choices (choice_id, event_id, choice_label, chain_index, speed, stamina, strength, willpower, intelligence, hp, mood, skill_point, character_favor, event_condition, is_random_value, is_random_attribute, is_random_block_training, is_end_chained_event) VALUES (2723, 1541, 'None', 5, 0, 0, 15, 25, 0, 0, 0, 30, 0, null, 0, 0, 0, 0);
INSERT INTO card_events (event_id, event_name, uma_id, uma_name, category) VALUES (1542, '為舉杯慶祝預先付款', 30160, 'mei-satake', '特殊事件');
INSERT INTO card_event_choices (choice_id, event_id, choice_label, chain_index, speed, stamina, strength, willpower, intelligence, hp, mood, skill_point, character_favor, event_condition, is_random_value, is_random_attribute, is_random_block_training, is_end_chained_event) VALUES (2724, 1542, 'None', 5, 0, 0, 12, 18, 0, 0, 0, 20, 0, null, 0, 0, 0, 0);
INSERT INTO card_events (event_id, event_name, uma_id, uma_name, category) VALUES (1543, '與佐岳鳴的情誼．「夢」好難', 30160, 'mei-satake', '特殊事件');
INSERT INTO card_event_choices (choice_id, event_id, choice_label, chain_index, speed, stamina, strength, willpower, intelligence, hp, mood, skill_point, character_favor, event_condition, is_random_value, is_random_attribute, is_random_block_training, is_end_chained_event) VALUES (2725, 1543, 'None', 5, 0, 0, 0, 15, 0, 0, 1, 0, 10, null, 0, 0, 0, 0);
INSERT INTO card_table (count, uma_id, uma_name) VALUES (370, 30161, 'el-condor-pasa');
INSERT INTO card_events (event_id, event_name, uma_id, uma_name, category) VALUES (1544, '(❯) Bon appétit♪法國菜！', 30161, 'el-condor-pasa', '連鎖事件');
INSERT INTO card_event_choices (choice_id, event_id, choice_label, chain_index, speed, stamina, strength, willpower, intelligence, hp, mood, skill_point, character_favor, event_condition, is_random_value, is_random_attribute, is_random_block_training, is_end_chained_event) VALUES (2726, 1544, 'Up', 1, 15, 0, 0, 0, 0, 0, 0, 0, 15, null, 1, 0, 0, 0);
INSERT INTO card_event_choices (choice_id, event_id, choice_label, chain_index, speed, stamina, strength, willpower, intelligence, hp, mood, skill_point, character_favor, event_condition, is_random_value, is_random_attribute, is_random_block_training, is_end_chained_event) VALUES (2727, 1544, 'Up', 1, 5, 0, 0, 0, 0, 0, 0, 0, 5, null, 0, 0, 0, 0);
INSERT INTO card_event_choices (choice_id, event_id, choice_label, chain_index, speed, stamina, strength, willpower, intelligence, hp, mood, skill_point, character_favor, event_condition, is_random_value, is_random_attribute, is_random_block_training, is_end_chained_event) VALUES (2728, 1544, 'Down', 1, 0, 0, 0, 0, 0, 15, 0, 15, 5, null, 0, 0, 0, 0);
INSERT INTO card_events (event_id, event_name, uma_id, uma_name, category) VALUES (1545, '(❯❯) 為了有一天能站上頂點！', 30161, 'el-condor-pasa', '連鎖事件');
INSERT INTO card_event_choices (choice_id, event_id, choice_label, chain_index, speed, stamina, strength, willpower, intelligence, hp, mood, skill_point, character_favor, event_condition, is_random_value, is_random_attribute, is_random_block_training, is_end_chained_event) VALUES (2729, 1545, 'None', 2, 0, 0, 0, 0, 0, 10, 1, 10, 5, null, 0, 0, 0, 0);
INSERT INTO card_events (event_id, event_name, uma_id, uma_name, category) VALUES (1546, '(❯❯❯) 飛向世界', 30161, 'el-condor-pasa', '連鎖事件');
INSERT INTO card_event_choices (choice_id, event_id, choice_label, chain_index, speed, stamina, strength, willpower, intelligence, hp, mood, skill_point, character_favor, event_condition, is_random_value, is_random_attribute, is_random_block_training, is_end_chained_event) VALUES (2730, 1546, 'Up', 3, 20, 20, 0, 0, 0, 0, 0, 0, 5, null, 1, 0, 0, 0);
INSERT INTO card_event_choices (choice_id, event_id, choice_label, chain_index, speed, stamina, strength, willpower, intelligence, hp, mood, skill_point, character_favor, event_condition, is_random_value, is_random_attribute, is_random_block_training, is_end_chained_event) VALUES (2731, 1546, 'Up', 3, 10, 5, 0, 0, 0, 0, 0, 0, 5, null, 0, 0, 0, 0);
INSERT INTO card_event_choices (choice_id, event_id, choice_label, chain_index, speed, stamina, strength, willpower, intelligence, hp, mood, skill_point, character_favor, event_condition, is_random_value, is_random_attribute, is_random_block_training, is_end_chained_event) VALUES (2732, 1546, 'Down', 3, 10, 10, 0, 0, 0, 10, 0, 0, 5, null, 1, 0, 0, 0);
INSERT INTO card_event_choices (choice_id, event_id, choice_label, chain_index, speed, stamina, strength, willpower, intelligence, hp, mood, skill_point, character_favor, event_condition, is_random_value, is_random_attribute, is_random_block_training, is_end_chained_event) VALUES (2733, 1546, 'Down', 3, 5, 5, 0, 0, 0, 5, 0, 0, 5, null, 0, 0, 0, 0);
INSERT INTO card_events (event_id, event_name, uma_id, uma_name, category) VALUES (1547, '熊熊燃燒．Fire！', 30161, 'el-condor-pasa', '隨機事件');
INSERT INTO card_event_choices (choice_id, event_id, choice_label, chain_index, speed, stamina, strength, willpower, intelligence, hp, mood, skill_point, character_favor, event_condition, is_random_value, is_random_attribute, is_random_block_training, is_end_chained_event) VALUES (2734, 1547, 'Up', 3, 0, 10, 0, 0, 0, 0, 0, 0, 5, null, 0, 0, 0, 0);
INSERT INTO card_event_choices (choice_id, event_id, choice_label, chain_index, speed, stamina, strength, willpower, intelligence, hp, mood, skill_point, character_favor, event_condition, is_random_value, is_random_attribute, is_random_block_training, is_end_chained_event) VALUES (2735, 1547, 'Down', 3, 0, 0, 20, 0, 0, -10, 0, 0, 5, null, 0, 0, 0, 0);
INSERT INTO card_events (event_id, event_name, uma_id, uma_name, category) VALUES (1548, 'Secret note！', 30161, 'el-condor-pasa', '隨機事件');
INSERT INTO card_event_choices (choice_id, event_id, choice_label, chain_index, speed, stamina, strength, willpower, intelligence, hp, mood, skill_point, character_favor, event_condition, is_random_value, is_random_attribute, is_random_block_training, is_end_chained_event) VALUES (2736, 1548, 'Up', 3, 0, 0, 10, 0, 0, 0, 0, 0, 5, null, 0, 0, 0, 0);
INSERT INTO card_event_choices (choice_id, event_id, choice_label, chain_index, speed, stamina, strength, willpower, intelligence, hp, mood, skill_point, character_favor, event_condition, is_random_value, is_random_attribute, is_random_block_training, is_end_chained_event) VALUES (2737, 1548, 'Down', 3, 0, 0, 0, 0, 0, 0, 0, 0, 5, null, 0, 0, 0, 0);
INSERT INTO card_table (count, uma_id, uma_name) VALUES (371, 30162, 'admire-vega');
INSERT INTO card_events (event_id, event_name, uma_id, uma_name, category) VALUES (1549, '(❯) 星星默默發亮', 30162, 'admire-vega', '連鎖事件');
INSERT INTO card_event_choices (choice_id, event_id, choice_label, chain_index, speed, stamina, strength, willpower, intelligence, hp, mood, skill_point, character_favor, event_condition, is_random_value, is_random_attribute, is_random_block_training, is_end_chained_event) VALUES (2738, 1549, 'Up', 1, 0, 0, 0, 0, 0, 10, 0, 10, 5, null, 0, 0, 0, 0);
INSERT INTO card_event_choices (choice_id, event_id, choice_label, chain_index, speed, stamina, strength, willpower, intelligence, hp, mood, skill_point, character_favor, event_condition, is_random_value, is_random_attribute, is_random_block_training, is_end_chained_event) VALUES (2739, 1549, 'Down', 1, 0, 0, 0, 0, 0, 0, 0, 0, 5, null, 0, 0, 0, 0);
INSERT INTO card_events (event_id, event_name, uma_id, uma_name, category) VALUES (1550, '(❯❯) 向微小的燈光表達感謝', 30162, 'admire-vega', '連鎖事件');
INSERT INTO card_event_choices (choice_id, event_id, choice_label, chain_index, speed, stamina, strength, willpower, intelligence, hp, mood, skill_point, character_favor, event_condition, is_random_value, is_random_attribute, is_random_block_training, is_end_chained_event) VALUES (2740, 1550, 'None', 2, 0, 15, 0, 0, 0, 0, 0, 0, 5, null, 0, 0, 0, 0);
INSERT INTO card_events (event_id, event_name, uma_id, uma_name, category) VALUES (1551, '(❯❯❯) 在天空下傳達吧', 30162, 'admire-vega', '連鎖事件');
INSERT INTO card_event_choices (choice_id, event_id, choice_label, chain_index, speed, stamina, strength, willpower, intelligence, hp, mood, skill_point, character_favor, event_condition, is_random_value, is_random_attribute, is_random_block_training, is_end_chained_event) VALUES (2741, 1551, 'None', 3, 0, 10, 0, 0, 0, 0, 0, 0, 5, null, 0, 0, 0, 0);
INSERT INTO card_events (event_id, event_name, uma_id, uma_name, category) VALUES (1552, '笨拙的三角星座', 30162, 'admire-vega', '隨機事件');
INSERT INTO card_event_choices (choice_id, event_id, choice_label, chain_index, speed, stamina, strength, willpower, intelligence, hp, mood, skill_point, character_favor, event_condition, is_random_value, is_random_attribute, is_random_block_training, is_end_chained_event) VALUES (2742, 1552, 'Up', 3, 0, 0, 15, 0, 0, 0, 0, 0, 5, null, 0, 0, 0, 0);
INSERT INTO card_event_choices (choice_id, event_id, choice_label, chain_index, speed, stamina, strength, willpower, intelligence, hp, mood, skill_point, character_favor, event_condition, is_random_value, is_random_attribute, is_random_block_training, is_end_chained_event) VALUES (2743, 1552, 'Down', 3, 0, 0, 0, 0, 0, 10, 0, 0, 5, null, 0, 0, 0, 0);
INSERT INTO card_events (event_id, event_name, uma_id, uma_name, category) VALUES (1553, '孤傲的仙王座', 30162, 'admire-vega', '隨機事件');
INSERT INTO card_event_choices (choice_id, event_id, choice_label, chain_index, speed, stamina, strength, willpower, intelligence, hp, mood, skill_point, character_favor, event_condition, is_random_value, is_random_attribute, is_random_block_training, is_end_chained_event) VALUES (2744, 1553, 'Up', 3, 0, 0, 0, 0, 0, 0, 0, 0, 5, null, 0, 0, 0, 0);
INSERT INTO card_event_choices (choice_id, event_id, choice_label, chain_index, speed, stamina, strength, willpower, intelligence, hp, mood, skill_point, character_favor, event_condition, is_random_value, is_random_attribute, is_random_block_training, is_end_chained_event) VALUES (2745, 1553, 'Down', 3, 0, 0, 0, 0, 10, 0, 0, 0, 5, null, 0, 0, 0, 0);
INSERT INTO card_table (count, uma_id, uma_name) VALUES (372, 30163, 'nakayama-festa');
INSERT INTO card_events (event_id, event_name, uma_id, uma_name, category) VALUES (1554, '(❯) 想當賭徒還太早', 30163, 'nakayama-festa', '連鎖事件');
INSERT INTO card_event_choices (choice_id, event_id, choice_label, chain_index, speed, stamina, strength, willpower, intelligence, hp, mood, skill_point, character_favor, event_condition, is_random_value, is_random_attribute, is_random_block_training, is_end_chained_event) VALUES (2746, 1554, 'None', 1, 15, 0, 0, 0, 15, 0, 0, 10, 15, null, 1, 0, 0, 0);
INSERT INTO card_event_choices (choice_id, event_id, choice_label, chain_index, speed, stamina, strength, willpower, intelligence, hp, mood, skill_point, character_favor, event_condition, is_random_value, is_random_attribute, is_random_block_training, is_end_chained_event) VALUES (2747, 1554, 'None', 1, 0, 0, 0, 0, 0, 0, 0, 10, 5, null, 0, 0, 0, 0);
INSERT INTO card_events (event_id, event_name, uma_id, uma_name, category) VALUES (1555, '(❯❯) 「活著」的條件', 30163, 'nakayama-festa', '連鎖事件');
INSERT INTO card_event_choices (choice_id, event_id, choice_label, chain_index, speed, stamina, strength, willpower, intelligence, hp, mood, skill_point, character_favor, event_condition, is_random_value, is_random_attribute, is_random_block_training, is_end_chained_event) VALUES (2748, 1555, 'None', 2, 0, 15, 0, 0, 15, 0, 0, 0, 15, null, 1, 0, 0, 0);
INSERT INTO card_event_choices (choice_id, event_id, choice_label, chain_index, speed, stamina, strength, willpower, intelligence, hp, mood, skill_point, character_favor, event_condition, is_random_value, is_random_attribute, is_random_block_training, is_end_chained_event) VALUES (2749, 1555, 'None', 2, 0, 10, 0, 0, 0, 0, 0, 0, 5, null, 0, 0, 0, 0);
INSERT INTO card_events (event_id, event_name, uma_id, uma_name, category) VALUES (1556, '(❯❯❯) 想要的只有一個', 30163, 'nakayama-festa', '連鎖事件');
INSERT INTO card_event_choices (choice_id, event_id, choice_label, chain_index, speed, stamina, strength, willpower, intelligence, hp, mood, skill_point, character_favor, event_condition, is_random_value, is_random_attribute, is_random_block_training, is_end_chained_event) VALUES (2750, 1556, 'None', 3, 0, 0, 0, 0, 30, 0, 0, 30, 5, null, 1, 0, 0, 0);
INSERT INTO card_event_choices (choice_id, event_id, choice_label, chain_index, speed, stamina, strength, willpower, intelligence, hp, mood, skill_point, character_favor, event_condition, is_random_value, is_random_attribute, is_random_block_training, is_end_chained_event) VALUES (2751, 1556, 'None', 3, 0, 0, 0, 0, 10, 0, 0, 0, 5, null, 0, 0, 0, 0);
INSERT INTO card_events (event_id, event_name, uma_id, uma_name, category) VALUES (1557, '黃昏時分決一勝負', 30163, 'nakayama-festa', '隨機事件');
INSERT INTO card_event_choices (choice_id, event_id, choice_label, chain_index, speed, stamina, strength, willpower, intelligence, hp, mood, skill_point, character_favor, event_condition, is_random_value, is_random_attribute, is_random_block_training, is_end_chained_event) VALUES (2752, 1557, 'Up', 3, 0, 0, 0, 0, 0, 15, 0, 0, 5, null, 0, 0, 0, 0);
INSERT INTO card_event_choices (choice_id, event_id, choice_label, chain_index, speed, stamina, strength, willpower, intelligence, hp, mood, skill_point, character_favor, event_condition, is_random_value, is_random_attribute, is_random_block_training, is_end_chained_event) VALUES (2753, 1557, 'Down', 3, 0, 0, 0, 15, 0, 0, 0, 0, 5, null, 0, 0, 0, 0);
INSERT INTO card_events (event_id, event_name, uma_id, uma_name, category) VALUES (1558, '黃昏時分的獨食', 30163, 'nakayama-festa', '隨機事件');
INSERT INTO card_event_choices (choice_id, event_id, choice_label, chain_index, speed, stamina, strength, willpower, intelligence, hp, mood, skill_point, character_favor, event_condition, is_random_value, is_random_attribute, is_random_block_training, is_end_chained_event) VALUES (2754, 1558, 'Up', 3, 0, 0, 0, 0, 0, 0, 0, 0, 5, null, 0, 0, 0, 0);
INSERT INTO card_event_choices (choice_id, event_id, choice_label, chain_index, speed, stamina, strength, willpower, intelligence, hp, mood, skill_point, character_favor, event_condition, is_random_value, is_random_attribute, is_random_block_training, is_end_chained_event) VALUES (2755, 1558, 'Down', 3, 0, 0, 0, 0, 0, 0, 0, 0, 5, null, 0, 0, 0, 0);
INSERT INTO card_table (count, uma_id, uma_name) VALUES (373, 30164, 'hishi-amazon');
INSERT INTO card_events (event_id, event_name, uma_id, uma_name, category) VALUES (1559, '(❯) 單挑禁止令，發布中', 30164, 'hishi-amazon', '連鎖事件');
INSERT INTO card_event_choices (choice_id, event_id, choice_label, chain_index, speed, stamina, strength, willpower, intelligence, hp, mood, skill_point, character_favor, event_condition, is_random_value, is_random_attribute, is_random_block_training, is_end_chained_event) VALUES (2756, 1559, 'None', 1, 0, 0, 10, 0, 0, 0, 0, 0, 10, null, 0, 0, 0, 0);
INSERT INTO card_events (event_id, event_name, uma_id, uma_name, category) VALUES (1560, '(❯❯) 關於單挑最初的記憶', 30164, 'hishi-amazon', '連鎖事件');
INSERT INTO card_event_choices (choice_id, event_id, choice_label, chain_index, speed, stamina, strength, willpower, intelligence, hp, mood, skill_point, character_favor, event_condition, is_random_value, is_random_attribute, is_random_block_training, is_end_chained_event) VALUES (2757, 1560, 'Up', 2, 0, 0, 10, 0, 0, 0, 0, 0, 5, null, 0, 0, 0, 0);
INSERT INTO card_event_choices (choice_id, event_id, choice_label, chain_index, speed, stamina, strength, willpower, intelligence, hp, mood, skill_point, character_favor, event_condition, is_random_value, is_random_attribute, is_random_block_training, is_end_chained_event) VALUES (2758, 1560, 'Down', 2, 0, 0, 0, 30, 0, 15, 0, 0, 5, null, 0, 0, 0, 1);
INSERT INTO card_events (event_id, event_name, uma_id, uma_name, category) VALUES (1561, '(❯❯❯) 寫成戰友唸為「好友」', 30164, 'hishi-amazon', '連鎖事件');
INSERT INTO card_event_choices (choice_id, event_id, choice_label, chain_index, speed, stamina, strength, willpower, intelligence, hp, mood, skill_point, character_favor, event_condition, is_random_value, is_random_attribute, is_random_block_training, is_end_chained_event) VALUES (2759, 1561, 'Up', 3, 0, 0, 15, 0, 0, 20, 0, 0, 5, null, 0, 0, 0, 0);
INSERT INTO card_event_choices (choice_id, event_id, choice_label, chain_index, speed, stamina, strength, willpower, intelligence, hp, mood, skill_point, character_favor, event_condition, is_random_value, is_random_attribute, is_random_block_training, is_end_chained_event) VALUES (2760, 1561, 'Down', 3, 0, 0, 25, 10, 0, 0, 0, 0, 5, null, 0, 0, 0, 0);
INSERT INTO card_events (event_id, event_name, uma_id, uma_name, category) VALUES (1562, '菱亞姐姐奮鬥記　～問題兒童篇～', 30164, 'hishi-amazon', '隨機事件');
INSERT INTO card_event_choices (choice_id, event_id, choice_label, chain_index, speed, stamina, strength, willpower, intelligence, hp, mood, skill_point, character_favor, event_condition, is_random_value, is_random_attribute, is_random_block_training, is_end_chained_event) VALUES (2761, 1562, 'Up', 3, 0, 0, 0, 0, 5, 10, 0, 0, 5, null, 0, 0, 0, 0);
INSERT INTO card_event_choices (choice_id, event_id, choice_label, chain_index, speed, stamina, strength, willpower, intelligence, hp, mood, skill_point, character_favor, event_condition, is_random_value, is_random_attribute, is_random_block_training, is_end_chained_event) VALUES (2762, 1562, 'Down', 3, 10, 0, 0, 5, 0, -10, 0, 0, 5, null, 0, 0, 0, 0);
INSERT INTO card_events (event_id, event_name, uma_id, uma_name, category) VALUES (1563, '菱亞姐姐奮鬥記　～追到天涯海角篇～', 30164, 'hishi-amazon', '隨機事件');
INSERT INTO card_event_choices (choice_id, event_id, choice_label, chain_index, speed, stamina, strength, willpower, intelligence, hp, mood, skill_point, character_favor, event_condition, is_random_value, is_random_attribute, is_random_block_training, is_end_chained_event) VALUES (2763, 1563, 'Up', 3, 0, 0, 0, 0, 0, 0, 0, 0, 5, null, 0, 0, 0, 0);
INSERT INTO card_event_choices (choice_id, event_id, choice_label, chain_index, speed, stamina, strength, willpower, intelligence, hp, mood, skill_point, character_favor, event_condition, is_random_value, is_random_attribute, is_random_block_training, is_end_chained_event) VALUES (2764, 1563, 'Down', 3, 0, 0, 5, 0, 0, 0, 0, 15, 5, null, 0, 0, 0, 0);
INSERT INTO card_table (count, uma_id, uma_name) VALUES (374, 30165, 'tanino-gimlet');
INSERT INTO card_events (event_id, event_name, uma_id, uma_name, category) VALUES (1564, '(❯) 十日談的神諭', 30165, 'tanino-gimlet', '連鎖事件');
INSERT INTO card_event_choices (choice_id, event_id, choice_label, chain_index, speed, stamina, strength, willpower, intelligence, hp, mood, skill_point, character_favor, event_condition, is_random_value, is_random_attribute, is_random_block_training, is_end_chained_event) VALUES (2765, 1564, 'Up', 1, 0, 10, 0, 0, 0, 10, 0, 0, 5, null, 0, 0, 0, 0);
INSERT INTO card_event_choices (choice_id, event_id, choice_label, chain_index, speed, stamina, strength, willpower, intelligence, hp, mood, skill_point, character_favor, event_condition, is_random_value, is_random_attribute, is_random_block_training, is_end_chained_event) VALUES (2766, 1564, 'Down', 1, 0, 0, 0, 0, 0, 0, 0, 25, 5, null, 0, 0, 0, 1);
INSERT INTO card_events (event_id, event_name, uma_id, uma_name, category) VALUES (1565, '(❯❯) 破壞與重生的浮士德', 30165, 'tanino-gimlet', '連鎖事件');
INSERT INTO card_event_choices (choice_id, event_id, choice_label, chain_index, speed, stamina, strength, willpower, intelligence, hp, mood, skill_point, character_favor, event_condition, is_random_value, is_random_attribute, is_random_block_training, is_end_chained_event) VALUES (2767, 1565, 'Up', 2, 0, 10, 0, 10, 0, 15, 0, 0, 5, null, 0, 0, 0, 0);
INSERT INTO card_event_choices (choice_id, event_id, choice_label, chain_index, speed, stamina, strength, willpower, intelligence, hp, mood, skill_point, character_favor, event_condition, is_random_value, is_random_attribute, is_random_block_training, is_end_chained_event) VALUES (2768, 1565, 'Down', 2, 0, 0, 0, 30, 0, 0, 0, 0, 10, null, 0, 0, 0, 0);
INSERT INTO card_events (event_id, event_name, uma_id, uma_name, category) VALUES (1566, '(❯❯❯) 吾之樂園顯現於世', 30165, 'tanino-gimlet', '連鎖事件');
INSERT INTO card_event_choices (choice_id, event_id, choice_label, chain_index, speed, stamina, strength, willpower, intelligence, hp, mood, skill_point, character_favor, event_condition, is_random_value, is_random_attribute, is_random_block_training, is_end_chained_event) VALUES (2769, 1566, 'None', 3, 0, 15, 0, 15, 0, 0, 0, 15, 5, null, 0, 0, 0, 0);
INSERT INTO card_events (event_id, event_name, uma_id, uma_name, category) VALUES (1567, '享受破壞的喜悅……！！', 30165, 'tanino-gimlet', '隨機事件');
INSERT INTO card_event_choices (choice_id, event_id, choice_label, chain_index, speed, stamina, strength, willpower, intelligence, hp, mood, skill_point, character_favor, event_condition, is_random_value, is_random_attribute, is_random_block_training, is_end_chained_event) VALUES (2770, 1567, 'Up', 3, 0, 0, 0, 0, 0, 15, 0, 0, 5, null, 0, 0, 0, 0);
INSERT INTO card_event_choices (choice_id, event_id, choice_label, chain_index, speed, stamina, strength, willpower, intelligence, hp, mood, skill_point, character_favor, event_condition, is_random_value, is_random_attribute, is_random_block_training, is_end_chained_event) VALUES (2771, 1567, 'Down', 3, 0, 0, 0, 0, 0, 0, 0, 30, 5, null, 0, 0, 0, 0);
INSERT INTO card_events (event_id, event_name, uma_id, uma_name, category) VALUES (1568, '活在鮮明的當下……！！', 30165, 'tanino-gimlet', '隨機事件');
INSERT INTO card_event_choices (choice_id, event_id, choice_label, chain_index, speed, stamina, strength, willpower, intelligence, hp, mood, skill_point, character_favor, event_condition, is_random_value, is_random_attribute, is_random_block_training, is_end_chained_event) VALUES (2772, 1568, 'Up', 3, 0, 0, 10, 0, 0, 0, 0, 5, 5, null, 0, 0, 0, 0);
INSERT INTO card_event_choices (choice_id, event_id, choice_label, chain_index, speed, stamina, strength, willpower, intelligence, hp, mood, skill_point, character_favor, event_condition, is_random_value, is_random_attribute, is_random_block_training, is_end_chained_event) VALUES (2773, 1568, 'Down', 3, 0, 0, 0, 0, 0, 0, 0, 0, 5, null, 0, 0, 0, 0);
INSERT INTO card_table (count, uma_id, uma_name) VALUES (375, 30166, 'tap-dance-city');
INSERT INTO card_events (event_id, event_name, uma_id, uma_name, category) VALUES (1569, '(❯) Awesome！山頂的景色', 30166, 'tap-dance-city', '連鎖事件');
INSERT INTO card_event_choices (choice_id, event_id, choice_label, chain_index, speed, stamina, strength, willpower, intelligence, hp, mood, skill_point, character_favor, event_condition, is_random_value, is_random_attribute, is_random_block_training, is_end_chained_event) VALUES (2774, 1569, 'None', 1, 10, 0, 0, 10, 0, 0, 0, 0, 10, null, 1, 0, 0, 0);
INSERT INTO card_event_choices (choice_id, event_id, choice_label, chain_index, speed, stamina, strength, willpower, intelligence, hp, mood, skill_point, character_favor, event_condition, is_random_value, is_random_attribute, is_random_block_training, is_end_chained_event) VALUES (2775, 1569, 'None', 1, 5, 0, 0, 5, 0, 0, 0, 0, 5, null, 0, 0, 0, 0);
INSERT INTO card_events (event_id, event_name, uma_id, uma_name, category) VALUES (1570, '(❯❯) Crisis！蜜蜜店', 30166, 'tap-dance-city', '連鎖事件');
INSERT INTO card_event_choices (choice_id, event_id, choice_label, chain_index, speed, stamina, strength, willpower, intelligence, hp, mood, skill_point, character_favor, event_condition, is_random_value, is_random_attribute, is_random_block_training, is_end_chained_event) VALUES (2776, 1570, 'None', 2, 0, 0, 0, 10, 0, 0, 0, 15, 5, null, 0, 0, 0, 0);
INSERT INTO card_events (event_id, event_name, uma_id, uma_name, category) VALUES (1571, '(❯❯❯) See Ya！追夢的朋友', 30166, 'tap-dance-city', '連鎖事件');
INSERT INTO card_event_choices (choice_id, event_id, choice_label, chain_index, speed, stamina, strength, willpower, intelligence, hp, mood, skill_point, character_favor, event_condition, is_random_value, is_random_attribute, is_random_block_training, is_end_chained_event) VALUES (2777, 1571, 'Up', 3, 0, 0, 10, 15, 0, 0, 0, 0, 5, null, 0, 0, 0, 0);
INSERT INTO card_event_choices (choice_id, event_id, choice_label, chain_index, speed, stamina, strength, willpower, intelligence, hp, mood, skill_point, character_favor, event_condition, is_random_value, is_random_attribute, is_random_block_training, is_end_chained_event) VALUES (2778, 1571, 'Down', 3, 10, 0, 0, 15, 0, 0, 0, 0, 5, null, 0, 0, 0, 0);
INSERT INTO card_events (event_id, event_name, uma_id, uma_name, category) VALUES (1572, '守護吧，Precious Venue', 30166, 'tap-dance-city', '隨機事件');
INSERT INTO card_event_choices (choice_id, event_id, choice_label, chain_index, speed, stamina, strength, willpower, intelligence, hp, mood, skill_point, character_favor, event_condition, is_random_value, is_random_attribute, is_random_block_training, is_end_chained_event) VALUES (2779, 1572, 'Up', 3, 0, 0, 0, 0, 0, 10, 0, 10, 5, null, 0, 0, 0, 0);
INSERT INTO card_event_choices (choice_id, event_id, choice_label, chain_index, speed, stamina, strength, willpower, intelligence, hp, mood, skill_point, character_favor, event_condition, is_random_value, is_random_attribute, is_random_block_training, is_end_chained_event) VALUES (2780, 1572, 'Down', 3, 10, 0, 10, 0, 0, 0, 0, 0, 5, null, 0, 0, 0, 0);
INSERT INTO card_events (event_id, event_name, uma_id, uma_name, category) VALUES (1573, '尋求吧，充滿夢想的treasure', 30166, 'tap-dance-city', '隨機事件');
INSERT INTO card_event_choices (choice_id, event_id, choice_label, chain_index, speed, stamina, strength, willpower, intelligence, hp, mood, skill_point, character_favor, event_condition, is_random_value, is_random_attribute, is_random_block_training, is_end_chained_event) VALUES (2781, 1573, 'Up', 3, 0, 0, 0, 15, 0, 0, 0, 0, 5, null, 0, 0, 0, 0);
INSERT INTO card_event_choices (choice_id, event_id, choice_label, chain_index, speed, stamina, strength, willpower, intelligence, hp, mood, skill_point, character_favor, event_condition, is_random_value, is_random_attribute, is_random_block_training, is_end_chained_event) VALUES (2782, 1573, 'Down', 3, 0, 0, 0, 0, 0, 0, 0, 0, 0, null, 0, 0, 0, 0);
INSERT INTO card_table (count, uma_id, uma_name) VALUES (376, 30167, 'fine-motion');
INSERT INTO card_events (event_id, event_name, uma_id, uma_name, category) VALUES (1574, '(❯) 特雷森學園的Psychic？', 30167, 'fine-motion', '連鎖事件');
INSERT INTO card_event_choices (choice_id, event_id, choice_label, chain_index, speed, stamina, strength, willpower, intelligence, hp, mood, skill_point, character_favor, event_condition, is_random_value, is_random_attribute, is_random_block_training, is_end_chained_event) VALUES (2783, 1574, 'None', 1, 10, 0, 0, 0, 0, 0, 0, 0, 5, null, 0, 0, 0, 0);
INSERT INTO card_events (event_id, event_name, uma_id, uma_name, category) VALUES (1575, '(❯❯) Psychic會看什麼？', 30167, 'fine-motion', '連鎖事件');
INSERT INTO card_event_choices (choice_id, event_id, choice_label, chain_index, speed, stamina, strength, willpower, intelligence, hp, mood, skill_point, character_favor, event_condition, is_random_value, is_random_attribute, is_random_block_training, is_end_chained_event) VALUES (2784, 1575, 'Up', 2, 0, 0, 0, 0, 0, 10, 0, 0, 5, null, 0, 0, 0, 0);
INSERT INTO card_event_choices (choice_id, event_id, choice_label, chain_index, speed, stamina, strength, willpower, intelligence, hp, mood, skill_point, character_favor, event_condition, is_random_value, is_random_attribute, is_random_block_training, is_end_chained_event) VALUES (2785, 1575, 'Down', 2, 5, 0, 5, 0, 0, 0, 0, 0, 5, null, 0, 0, 0, 0);
INSERT INTO card_events (event_id, event_name, uma_id, uma_name, category) VALUES (1576, '(❯❯❯) 妳是我的Psychic', 30167, 'fine-motion', '連鎖事件');
INSERT INTO card_event_choices (choice_id, event_id, choice_label, chain_index, speed, stamina, strength, willpower, intelligence, hp, mood, skill_point, character_favor, event_condition, is_random_value, is_random_attribute, is_random_block_training, is_end_chained_event) VALUES (2786, 1576, 'None', 3, 15, 0, 0, 0, 0, 0, 0, 0, 5, null, 0, 0, 0, 0);
INSERT INTO card_events (event_id, event_name, uma_id, uma_name, category) VALUES (1577, '心跳加速運動鞋', 30167, 'fine-motion', '隨機事件');
INSERT INTO card_event_choices (choice_id, event_id, choice_label, chain_index, speed, stamina, strength, willpower, intelligence, hp, mood, skill_point, character_favor, event_condition, is_random_value, is_random_attribute, is_random_block_training, is_end_chained_event) VALUES (2787, 1577, 'Up', 3, 5, 0, 0, 0, 0, 0, 0, 10, 5, null, 0, 0, 0, 0);
INSERT INTO card_event_choices (choice_id, event_id, choice_label, chain_index, speed, stamina, strength, willpower, intelligence, hp, mood, skill_point, character_favor, event_condition, is_random_value, is_random_attribute, is_random_block_training, is_end_chained_event) VALUES (2788, 1577, 'Down', 3, 0, 5, 0, 0, 0, -10, 0, 20, 5, null, 0, 0, 0, 0);
INSERT INTO card_events (event_id, event_name, uma_id, uma_name, category) VALUES (1578, '回憶的三葉草', 30167, 'fine-motion', '隨機事件');
INSERT INTO card_event_choices (choice_id, event_id, choice_label, chain_index, speed, stamina, strength, willpower, intelligence, hp, mood, skill_point, character_favor, event_condition, is_random_value, is_random_attribute, is_random_block_training, is_end_chained_event) VALUES (2789, 1578, 'Up', 3, 0, 0, 0, 0, 0, 0, 0, 0, 5, null, 0, 0, 0, 0);
INSERT INTO card_event_choices (choice_id, event_id, choice_label, chain_index, speed, stamina, strength, willpower, intelligence, hp, mood, skill_point, character_favor, event_condition, is_random_value, is_random_attribute, is_random_block_training, is_end_chained_event) VALUES (2790, 1578, 'Down', 3, 0, 0, 0, 15, 0, 0, 0, 0, 5, null, 0, 0, 0, 0);
INSERT INTO card_table (count, uma_id, uma_name) VALUES (377, 30168, 'gold-ship');
INSERT INTO card_events (event_id, event_name, uma_id, uma_name, category) VALUES (1579, '(❯) 每天都是引退賽', 30168, 'gold-ship', '連鎖事件');
INSERT INTO card_event_choices (choice_id, event_id, choice_label, chain_index, speed, stamina, strength, willpower, intelligence, hp, mood, skill_point, character_favor, event_condition, is_random_value, is_random_attribute, is_random_block_training, is_end_chained_event) VALUES (2791, 1579, 'Up', 1, 10, 0, 0, 0, 0, 0, 0, 0, 15, null, 0, 0, 0, 0);
INSERT INTO card_event_choices (choice_id, event_id, choice_label, chain_index, speed, stamina, strength, willpower, intelligence, hp, mood, skill_point, character_favor, event_condition, is_random_value, is_random_attribute, is_random_block_training, is_end_chained_event) VALUES (2792, 1579, 'Down', 1, 0, 0, 0, 0, 0, 20, 0, 0, 0, null, 0, 0, 0, 0);
INSERT INTO card_events (event_id, event_name, uma_id, uma_name, category) VALUES (1580, '(❯❯) 不悔的生存之道', 30168, 'gold-ship', '連鎖事件');
INSERT INTO card_event_choices (choice_id, event_id, choice_label, chain_index, speed, stamina, strength, willpower, intelligence, hp, mood, skill_point, character_favor, event_condition, is_random_value, is_random_attribute, is_random_block_training, is_end_chained_event) VALUES (2793, 1580, 'Up', 2, 15, 0, 0, 0, 0, 0, 0, 0, 5, null, 0, 0, 0, 0);
INSERT INTO card_event_choices (choice_id, event_id, choice_label, chain_index, speed, stamina, strength, willpower, intelligence, hp, mood, skill_point, character_favor, event_condition, is_random_value, is_random_attribute, is_random_block_training, is_end_chained_event) VALUES (2794, 1580, 'Middle', 2, 0, 0, 15, 0, 0, 0, 0, 0, 5, null, 0, 0, 0, 0);
INSERT INTO card_event_choices (choice_id, event_id, choice_label, chain_index, speed, stamina, strength, willpower, intelligence, hp, mood, skill_point, character_favor, event_condition, is_random_value, is_random_attribute, is_random_block_training, is_end_chained_event) VALUES (2795, 1580, 'Down', 2, 0, 0, 0, 0, 0, 10, 0, 0, 5, null, 0, 0, 0, 1);
INSERT INTO card_events (event_id, event_name, uma_id, uma_name, category) VALUES (1581, '(❯❯❯) 未來的對岸', 30168, 'gold-ship', '連鎖事件');
INSERT INTO card_event_choices (choice_id, event_id, choice_label, chain_index, speed, stamina, strength, willpower, intelligence, hp, mood, skill_point, character_favor, event_condition, is_random_value, is_random_attribute, is_random_block_training, is_end_chained_event) VALUES (2796, 1581, 'None', 3, 25, 0, 0, 0, 0, 15, 0, 0, 15, null, 1, 0, 0, 0);
INSERT INTO card_event_choices (choice_id, event_id, choice_label, chain_index, speed, stamina, strength, willpower, intelligence, hp, mood, skill_point, character_favor, event_condition, is_random_value, is_random_attribute, is_random_block_training, is_end_chained_event) VALUES (2797, 1581, 'None', 3, 15, 0, 0, 0, 0, 10, 0, 0, 5, null, 0, 0, 0, 0);
INSERT INTO card_events (event_id, event_name, uma_id, uma_name, category) VALUES (1582, '冒險家黃金船', 30168, 'gold-ship', '隨機事件');
INSERT INTO card_event_choices (choice_id, event_id, choice_label, chain_index, speed, stamina, strength, willpower, intelligence, hp, mood, skill_point, character_favor, event_condition, is_random_value, is_random_attribute, is_random_block_training, is_end_chained_event) VALUES (2798, 1582, 'Up', 3, 0, 15, 0, 0, 0, 0, 0, 0, 5, null, 0, 0, 0, 0);
INSERT INTO card_event_choices (choice_id, event_id, choice_label, chain_index, speed, stamina, strength, willpower, intelligence, hp, mood, skill_point, character_favor, event_condition, is_random_value, is_random_attribute, is_random_block_training, is_end_chained_event) VALUES (2799, 1582, 'Down', 3, 0, 0, 0, 10, 0, 0, 0, 15, 5, null, 0, 0, 0, 0);
INSERT INTO card_events (event_id, event_name, uma_id, uma_name, category) VALUES (1583, '復活吧！阿船標章的醬汁炒麵！', 30168, 'gold-ship', '隨機事件');
INSERT INTO card_event_choices (choice_id, event_id, choice_label, chain_index, speed, stamina, strength, willpower, intelligence, hp, mood, skill_point, character_favor, event_condition, is_random_value, is_random_attribute, is_random_block_training, is_end_chained_event) VALUES (2800, 1583, 'Up', 3, 0, 5, 0, 0, 0, 0, 1, 0, 5, null, 0, 0, 0, 0);
INSERT INTO card_event_choices (choice_id, event_id, choice_label, chain_index, speed, stamina, strength, willpower, intelligence, hp, mood, skill_point, character_favor, event_condition, is_random_value, is_random_attribute, is_random_block_training, is_end_chained_event) VALUES (2801, 1583, 'Down', 3, 0, 0, 0, 0, 0, 0, 0, 0, 5, null, 0, 0, 0, 0);
INSERT INTO card_table (count, uma_id, uma_name) VALUES (378, 30169, 'tsurumaru-tsuyoshi');
INSERT INTO card_events (event_id, event_name, uma_id, uma_name, category) VALUES (1584, '(❯) 來自過去的遺失物', 30169, 'tsurumaru-tsuyoshi', '連鎖事件');
INSERT INTO card_event_choices (choice_id, event_id, choice_label, chain_index, speed, stamina, strength, willpower, intelligence, hp, mood, skill_point, character_favor, event_condition, is_random_value, is_random_attribute, is_random_block_training, is_end_chained_event) VALUES (2802, 1584, 'Up', 1, 0, 0, 10, 0, 0, 0, 0, 0, 5, null, 0, 0, 0, 0);
INSERT INTO card_event_choices (choice_id, event_id, choice_label, chain_index, speed, stamina, strength, willpower, intelligence, hp, mood, skill_point, character_favor, event_condition, is_random_value, is_random_attribute, is_random_block_training, is_end_chained_event) VALUES (2803, 1584, 'Down', 1, 0, 0, 0, 0, 0, -10, 0, 45, 5, null, 0, 0, 0, 1);
INSERT INTO card_events (event_id, event_name, uma_id, uma_name, category) VALUES (1585, '(❯❯) 聯繫到現在', 30169, 'tsurumaru-tsuyoshi', '連鎖事件');
INSERT INTO card_event_choices (choice_id, event_id, choice_label, chain_index, speed, stamina, strength, willpower, intelligence, hp, mood, skill_point, character_favor, event_condition, is_random_value, is_random_attribute, is_random_block_training, is_end_chained_event) VALUES (2804, 1585, 'Up', 2, 0, 20, 15, 0, 0, 0, 0, 0, 5, null, 0, 0, 0, 0);
INSERT INTO card_event_choices (choice_id, event_id, choice_label, chain_index, speed, stamina, strength, willpower, intelligence, hp, mood, skill_point, character_favor, event_condition, is_random_value, is_random_attribute, is_random_block_training, is_end_chained_event) VALUES (2805, 1585, 'Down', 2, 0, 0, 10, 0, 0, 0, 0, 0, 5, null, 0, 0, 0, 1);
INSERT INTO card_events (event_id, event_name, uma_id, uma_name, category) VALUES (1586, '(❯❯❯) 未來由我創造！', 30169, 'tsurumaru-tsuyoshi', '連鎖事件');
INSERT INTO card_event_choices (choice_id, event_id, choice_label, chain_index, speed, stamina, strength, willpower, intelligence, hp, mood, skill_point, character_favor, event_condition, is_random_value, is_random_attribute, is_random_block_training, is_end_chained_event) VALUES (2806, 1586, 'None', 3, 0, 0, 40, 0, 0, 0, 0, 0, 5, null, 1, 0, 0, 0);
INSERT INTO card_event_choices (choice_id, event_id, choice_label, chain_index, speed, stamina, strength, willpower, intelligence, hp, mood, skill_point, character_favor, event_condition, is_random_value, is_random_attribute, is_random_block_training, is_end_chained_event) VALUES (2807, 1586, 'None', 3, 0, 0, 20, 0, 0, 0, 0, 0, 5, null, 0, 0, 0, 0);
INSERT INTO card_events (event_id, event_name, uma_id, uma_name, category) VALUES (1587, '盡全力準備囉～！', 30169, 'tsurumaru-tsuyoshi', '隨機事件');
INSERT INTO card_event_choices (choice_id, event_id, choice_label, chain_index, speed, stamina, strength, willpower, intelligence, hp, mood, skill_point, character_favor, event_condition, is_random_value, is_random_attribute, is_random_block_training, is_end_chained_event) VALUES (2808, 1587, 'Up', 3, 0, 0, 0, 0, 0, 10, 1, 0, 5, null, 0, 0, 0, 0);
INSERT INTO card_event_choices (choice_id, event_id, choice_label, chain_index, speed, stamina, strength, willpower, intelligence, hp, mood, skill_point, character_favor, event_condition, is_random_value, is_random_attribute, is_random_block_training, is_end_chained_event) VALUES (2809, 1587, 'Down', 3, 15, 0, 0, 0, 0, 0, 0, 0, 5, null, 0, 0, 0, 0);
INSERT INTO card_events (event_id, event_name, uma_id, uma_name, category) VALUES (1588, '盡全力幫忙囉～！', 30169, 'tsurumaru-tsuyoshi', '隨機事件');
INSERT INTO card_event_choices (choice_id, event_id, choice_label, chain_index, speed, stamina, strength, willpower, intelligence, hp, mood, skill_point, character_favor, event_condition, is_random_value, is_random_attribute, is_random_block_training, is_end_chained_event) VALUES (2810, 1588, 'Up', 3, 0, 0, 0, 0, 0, 0, 0, 0, 5, null, 0, 0, 0, 0);
INSERT INTO card_event_choices (choice_id, event_id, choice_label, chain_index, speed, stamina, strength, willpower, intelligence, hp, mood, skill_point, character_favor, event_condition, is_random_value, is_random_attribute, is_random_block_training, is_end_chained_event) VALUES (2811, 1588, 'Down', 3, 0, 0, 0, 15, 0, 0, 0, 0, 5, null, 0, 0, 0, 0);
INSERT INTO card_table (count, uma_id, uma_name) VALUES (379, 30170, 'king-halo');
INSERT INTO card_events (event_id, event_name, uma_id, uma_name, category) VALUES (1589, '(❯) 帝王的作風／烹飪篇', 30170, 'king-halo', '連鎖事件');
INSERT INTO card_event_choices (choice_id, event_id, choice_label, chain_index, speed, stamina, strength, willpower, intelligence, hp, mood, skill_point, character_favor, event_condition, is_random_value, is_random_attribute, is_random_block_training, is_end_chained_event) VALUES (2812, 1589, 'None', 1, 0, 0, 0, 0, 0, 10, 0, 15, 5, null, 0, 0, 0, 0);
INSERT INTO card_events (event_id, event_name, uma_id, uma_name, category) VALUES (1590, '(❯❯) 帝王的作風／裝扮篇', 30170, 'king-halo', '連鎖事件');
INSERT INTO card_event_choices (choice_id, event_id, choice_label, chain_index, speed, stamina, strength, willpower, intelligence, hp, mood, skill_point, character_favor, event_condition, is_random_value, is_random_attribute, is_random_block_training, is_end_chained_event) VALUES (2813, 1590, 'Up', 2, 15, 0, 15, 0, 0, 0, 0, 0, 5, null, 0, 0, 0, 0);
INSERT INTO card_event_choices (choice_id, event_id, choice_label, chain_index, speed, stamina, strength, willpower, intelligence, hp, mood, skill_point, character_favor, event_condition, is_random_value, is_random_attribute, is_random_block_training, is_end_chained_event) VALUES (2814, 1590, 'Down', 2, 0, 0, 0, 10, 0, 10, 0, 10, 5, null, 0, 0, 0, 0);
INSERT INTO card_events (event_id, event_name, uma_id, uma_name, category) VALUES (1591, '(❯❯❯) 帝王的作風／傳承篇', 30170, 'king-halo', '連鎖事件');
INSERT INTO card_event_choices (choice_id, event_id, choice_label, chain_index, speed, stamina, strength, willpower, intelligence, hp, mood, skill_point, character_favor, event_condition, is_random_value, is_random_attribute, is_random_block_training, is_end_chained_event) VALUES (2815, 1591, 'Up', 3, 15, 0, 15, 0, 0, 0, 0, 0, 5, null, 0, 0, 0, 0);
INSERT INTO card_event_choices (choice_id, event_id, choice_label, chain_index, speed, stamina, strength, willpower, intelligence, hp, mood, skill_point, character_favor, event_condition, is_random_value, is_random_attribute, is_random_block_training, is_end_chained_event) VALUES (2816, 1591, 'Down', 3, 0, 0, 0, 15, 0, 15, 0, 0, 0, null, 0, 0, 0, 0);
INSERT INTO card_events (event_id, event_name, uma_id, uma_name, category) VALUES (1592, '給你陪我的權利！', 30170, 'king-halo', '隨機事件');
INSERT INTO card_event_choices (choice_id, event_id, choice_label, chain_index, speed, stamina, strength, willpower, intelligence, hp, mood, skill_point, character_favor, event_condition, is_random_value, is_random_attribute, is_random_block_training, is_end_chained_event) VALUES (2817, 1592, 'Up', 3, 10, 0, 10, 0, 5, -20, 0, 0, 5, null, 0, 0, 0, 0);
INSERT INTO card_event_choices (choice_id, event_id, choice_label, chain_index, speed, stamina, strength, willpower, intelligence, hp, mood, skill_point, character_favor, event_condition, is_random_value, is_random_attribute, is_random_block_training, is_end_chained_event) VALUES (2818, 1592, 'Down', 3, 0, 0, 0, 25, 0, 0, -1, 0, 5, null, 0, 0, 0, 0);
INSERT INTO card_events (event_id, event_name, uma_id, uma_name, category) VALUES (1593, '給你建議我的權利！', 30170, 'king-halo', '隨機事件');
INSERT INTO card_event_choices (choice_id, event_id, choice_label, chain_index, speed, stamina, strength, willpower, intelligence, hp, mood, skill_point, character_favor, event_condition, is_random_value, is_random_attribute, is_random_block_training, is_end_chained_event) VALUES (2819, 1593, 'Up', 3, 0, 0, 0, 10, 5, 0, 0, 0, 5, null, 0, 0, 0, 0);
INSERT INTO card_event_choices (choice_id, event_id, choice_label, chain_index, speed, stamina, strength, willpower, intelligence, hp, mood, skill_point, character_favor, event_condition, is_random_value, is_random_attribute, is_random_block_training, is_end_chained_event) VALUES (2820, 1593, 'Down', 3, 0, 0, 0, 0, 0, 0, 0, 0, 5, null, 0, 0, 0, 0);
INSERT INTO card_table (count, uma_id, uma_name) VALUES (380, 30171, 'haru-urara');
INSERT INTO card_events (event_id, event_name, uma_id, uma_name, category) VALUES (1594, '(❯) 前輩加油！', 30171, 'haru-urara', '連鎖事件');
INSERT INTO card_event_choices (choice_id, event_id, choice_label, chain_index, speed, stamina, strength, willpower, intelligence, hp, mood, skill_point, character_favor, event_condition, is_random_value, is_random_attribute, is_random_block_training, is_end_chained_event) VALUES (2821, 1594, 'None', 1, 0, 0, 5, 0, 0, 5, 0, 0, 5, null, 0, 0, 0, 0);
INSERT INTO card_events (event_id, event_name, uma_id, uma_name, category) VALUES (1595, '(❯❯) 修行加油！', 30171, 'haru-urara', '連鎖事件');
INSERT INTO card_event_choices (choice_id, event_id, choice_label, chain_index, speed, stamina, strength, willpower, intelligence, hp, mood, skill_point, character_favor, event_condition, is_random_value, is_random_attribute, is_random_block_training, is_end_chained_event) VALUES (2822, 1595, 'None', 2, 0, 5, 0, 0, 0, 5, 0, 0, 5, null, 0, 0, 0, 0);
INSERT INTO card_events (event_id, event_name, uma_id, uma_name, category) VALUES (1596, '(❯❯❯) 後輩加油！', 30171, 'haru-urara', '連鎖事件');
INSERT INTO card_event_choices (choice_id, event_id, choice_label, chain_index, speed, stamina, strength, willpower, intelligence, hp, mood, skill_point, character_favor, event_condition, is_random_value, is_random_attribute, is_random_block_training, is_end_chained_event) VALUES (2823, 1596, 'None', 3, 0, 5, 5, 0, 0, 5, 0, 0, 5, null, 0, 0, 0, 0);
INSERT INTO card_events (event_id, event_name, uma_id, uma_name, category) VALUES (1597, '烏菈菈☆準備考試', 30171, 'haru-urara', '隨機事件');
INSERT INTO card_event_choices (choice_id, event_id, choice_label, chain_index, speed, stamina, strength, willpower, intelligence, hp, mood, skill_point, character_favor, event_condition, is_random_value, is_random_attribute, is_random_block_training, is_end_chained_event) VALUES (2824, 1597, 'Up', 3, 0, 0, 0, 0, 5, 10, 0, 0, 5, null, 0, 0, 0, 0);
INSERT INTO card_event_choices (choice_id, event_id, choice_label, chain_index, speed, stamina, strength, willpower, intelligence, hp, mood, skill_point, character_favor, event_condition, is_random_value, is_random_attribute, is_random_block_training, is_end_chained_event) VALUES (2825, 1597, 'Down', 3, 0, 0, 0, 0, 5, 0, 1, 0, 5, null, 0, 0, 0, 0);
INSERT INTO card_events (event_id, event_name, uma_id, uma_name, category) VALUES (1598, '烏菈菈☆伏兵衝刺！', 30171, 'haru-urara', '隨機事件');
INSERT INTO card_event_choices (choice_id, event_id, choice_label, chain_index, speed, stamina, strength, willpower, intelligence, hp, mood, skill_point, character_favor, event_condition, is_random_value, is_random_attribute, is_random_block_training, is_end_chained_event) VALUES (2826, 1598, 'Up', 3, 0, 0, 0, 0, 0, 0, 0, 0, 5, null, 0, 0, 0, 0);
INSERT INTO card_event_choices (choice_id, event_id, choice_label, chain_index, speed, stamina, strength, willpower, intelligence, hp, mood, skill_point, character_favor, event_condition, is_random_value, is_random_attribute, is_random_block_training, is_end_chained_event) VALUES (2827, 1598, 'Down', 3, 0, 0, 0, 0, 0, 10, 1, 0, 5, null, 0, 0, 0, 0);
INSERT INTO card_table (count, uma_id, uma_name) VALUES (381, 30172, 'mejiro-mcqueen');
INSERT INTO card_events (event_id, event_name, uma_id, uma_name, category) VALUES (1599, '(❯) 直球，完投的勇氣', 30172, 'mejiro-mcqueen', '連鎖事件');
INSERT INTO card_event_choices (choice_id, event_id, choice_label, chain_index, speed, stamina, strength, willpower, intelligence, hp, mood, skill_point, character_favor, event_condition, is_random_value, is_random_attribute, is_random_block_training, is_end_chained_event) VALUES (2828, 1599, 'None', 1, 0, 0, 0, 0, 0, 15, 1, 0, 15, null, 1, 0, 0, 0);
INSERT INTO card_event_choices (choice_id, event_id, choice_label, chain_index, speed, stamina, strength, willpower, intelligence, hp, mood, skill_point, character_favor, event_condition, is_random_value, is_random_attribute, is_random_block_training, is_end_chained_event) VALUES (2829, 1599, 'None', 1, 0, 0, 0, 0, 0, 10, 1, 0, 5, null, 0, 0, 0, 0);
INSERT INTO card_events (event_id, event_name, uma_id, uma_name, category) VALUES (1600, '(❯❯) 享受棒球！', 30172, 'mejiro-mcqueen', '連鎖事件');
INSERT INTO card_event_choices (choice_id, event_id, choice_label, chain_index, speed, stamina, strength, willpower, intelligence, hp, mood, skill_point, character_favor, event_condition, is_random_value, is_random_attribute, is_random_block_training, is_end_chained_event) VALUES (2830, 1600, 'None', 2, 0, 0, 0, 0, 10, 10, 0, 0, 5, null, 0, 0, 0, 0);
INSERT INTO card_events (event_id, event_name, uma_id, uma_name, category) VALUES (1601, '(❯❯❯) 將聲援寄託在白球上', 30172, 'mejiro-mcqueen', '連鎖事件');
INSERT INTO card_event_choices (choice_id, event_id, choice_label, chain_index, speed, stamina, strength, willpower, intelligence, hp, mood, skill_point, character_favor, event_condition, is_random_value, is_random_attribute, is_random_block_training, is_end_chained_event) VALUES (2831, 1601, 'Up', 3, 0, 0, 0, 0, 30, 0, 0, 15, 5, null, 1, 0, 0, 0);
INSERT INTO card_event_choices (choice_id, event_id, choice_label, chain_index, speed, stamina, strength, willpower, intelligence, hp, mood, skill_point, character_favor, event_condition, is_random_value, is_random_attribute, is_random_block_training, is_end_chained_event) VALUES (2832, 1601, 'Up', 3, 0, 0, 0, 0, 20, 0, 0, 0, 5, null, 0, 0, 0, 0);
INSERT INTO card_event_choices (choice_id, event_id, choice_label, chain_index, speed, stamina, strength, willpower, intelligence, hp, mood, skill_point, character_favor, event_condition, is_random_value, is_random_attribute, is_random_block_training, is_end_chained_event) VALUES (2833, 1601, 'Down', 3, 30, 0, 0, 0, 0, 15, 0, 30, 5, null, 1, 0, 0, 0);
INSERT INTO card_event_choices (choice_id, event_id, choice_label, chain_index, speed, stamina, strength, willpower, intelligence, hp, mood, skill_point, character_favor, event_condition, is_random_value, is_random_attribute, is_random_block_training, is_end_chained_event) VALUES (2834, 1601, 'Down', 3, 15, 0, 0, 0, 0, 5, 0, 10, 5, null, 0, 0, 0, 0);
INSERT INTO card_events (event_id, event_name, uma_id, uma_name, category) VALUES (1602, '為了維持體重', 30172, 'mejiro-mcqueen', '隨機事件');
INSERT INTO card_event_choices (choice_id, event_id, choice_label, chain_index, speed, stamina, strength, willpower, intelligence, hp, mood, skill_point, character_favor, event_condition, is_random_value, is_random_attribute, is_random_block_training, is_end_chained_event) VALUES (2835, 1602, 'Up', 3, 0, 15, 0, 0, 0, -10, 0, 0, 5, null, 0, 0, 0, 0);
INSERT INTO card_event_choices (choice_id, event_id, choice_label, chain_index, speed, stamina, strength, willpower, intelligence, hp, mood, skill_point, character_favor, event_condition, is_random_value, is_random_attribute, is_random_block_training, is_end_chained_event) VALUES (2836, 1602, 'Down', 3, 0, 5, 0, 0, 0, 4, 0, 0, 5, null, 0, 0, 0, 0);
INSERT INTO card_events (event_id, event_name, uma_id, uma_name, category) VALUES (1603, '為了達到巔峰', 30172, 'mejiro-mcqueen', '隨機事件');
INSERT INTO card_event_choices (choice_id, event_id, choice_label, chain_index, speed, stamina, strength, willpower, intelligence, hp, mood, skill_point, character_favor, event_condition, is_random_value, is_random_attribute, is_random_block_training, is_end_chained_event) VALUES (2837, 1603, 'Up', 3, 0, 5, 0, 5, 0, 0, 0, 0, 5, null, 0, 0, 0, 0);
INSERT INTO card_event_choices (choice_id, event_id, choice_label, chain_index, speed, stamina, strength, willpower, intelligence, hp, mood, skill_point, character_favor, event_condition, is_random_value, is_random_attribute, is_random_block_training, is_end_chained_event) VALUES (2838, 1603, 'Down', 3, 0, 0, 0, 0, 0, 0, 0, 0, 5, null, 0, 0, 0, 0);
INSERT INTO card_table (count, uma_id, uma_name) VALUES (382, 30173, 'sounds-of-earth');
INSERT INTO card_events (event_id, event_name, uma_id, uma_name, category) VALUES (1604, '(❯) 妳是tempo giusto的andante', 30173, 'sounds-of-earth', '連鎖事件');
INSERT INTO card_event_choices (choice_id, event_id, choice_label, chain_index, speed, stamina, strength, willpower, intelligence, hp, mood, skill_point, character_favor, event_condition, is_random_value, is_random_attribute, is_random_block_training, is_end_chained_event) VALUES (2839, 1604, 'Up', 1, 0, 10, 0, 0, 0, 0, 0, 0, 10, null, 0, 0, 0, 0);
INSERT INTO card_event_choices (choice_id, event_id, choice_label, chain_index, speed, stamina, strength, willpower, intelligence, hp, mood, skill_point, character_favor, event_condition, is_random_value, is_random_attribute, is_random_block_training, is_end_chained_event) VALUES (2840, 1604, 'Down', 1, 0, 0, 0, 10, 0, 0, 0, 0, 10, null, 0, 0, 0, 0);
INSERT INTO card_events (event_id, event_name, uma_id, uma_name, category) VALUES (1605, '(❯❯) 從quindicesima到loco……但是……', 30173, 'sounds-of-earth', '連鎖事件');
INSERT INTO card_event_choices (choice_id, event_id, choice_label, chain_index, speed, stamina, strength, willpower, intelligence, hp, mood, skill_point, character_favor, event_condition, is_random_value, is_random_attribute, is_random_block_training, is_end_chained_event) VALUES (2841, 1605, 'Up', 2, 0, 10, 0, 10, 0, 10, 0, 0, 5, '正向思考', 0, 0, 0, 0);
INSERT INTO card_event_choices (choice_id, event_id, choice_label, chain_index, speed, stamina, strength, willpower, intelligence, hp, mood, skill_point, character_favor, event_condition, is_random_value, is_random_attribute, is_random_block_training, is_end_chained_event) VALUES (2842, 1605, 'Down', 2, 0, 0, 0, 0, 0, 25, 0, 25, 5, null, 0, 0, 0, 1);
INSERT INTO card_events (event_id, event_name, uma_id, uma_name, category) VALUES (1606, '(❯❯❯) 總有一天達成grandioso的session', 30173, 'sounds-of-earth', '連鎖事件');
INSERT INTO card_event_choices (choice_id, event_id, choice_label, chain_index, speed, stamina, strength, willpower, intelligence, hp, mood, skill_point, character_favor, event_condition, is_random_value, is_random_attribute, is_random_block_training, is_end_chained_event) VALUES (2843, 1606, 'None', 3, 0, 0, 0, 30, 0, 15, 0, 0, 5, null, 1, 0, 0, 0);
INSERT INTO card_event_choices (choice_id, event_id, choice_label, chain_index, speed, stamina, strength, willpower, intelligence, hp, mood, skill_point, character_favor, event_condition, is_random_value, is_random_attribute, is_random_block_training, is_end_chained_event) VALUES (2844, 1606, 'None', 3, 0, 0, 0, 0, 0, 15, 0, 30, 5, null, 0, 0, 0, 0);
INSERT INTO card_events (event_id, event_name, uma_id, uma_name, category) VALUES (1607, '突發合奏', 30173, 'sounds-of-earth', '隨機事件');
INSERT INTO card_event_choices (choice_id, event_id, choice_label, chain_index, speed, stamina, strength, willpower, intelligence, hp, mood, skill_point, character_favor, event_condition, is_random_value, is_random_attribute, is_random_block_training, is_end_chained_event) VALUES (2845, 1607, 'Up', 3, 10, 0, 0, 0, 0, 0, 1, 0, 5, null, 0, 0, 0, 0);
INSERT INTO card_event_choices (choice_id, event_id, choice_label, chain_index, speed, stamina, strength, willpower, intelligence, hp, mood, skill_point, character_favor, event_condition, is_random_value, is_random_attribute, is_random_block_training, is_end_chained_event) VALUES (2846, 1607, 'Down', 3, 0, 15, 0, 0, 0, 0, 0, 0, 5, null, 0, 0, 0, 0);
INSERT INTO card_events (event_id, event_name, uma_id, uma_name, category) VALUES (1608, '將con fuoco的「愛」獻給你', 30173, 'sounds-of-earth', '隨機事件');
INSERT INTO card_event_choices (choice_id, event_id, choice_label, chain_index, speed, stamina, strength, willpower, intelligence, hp, mood, skill_point, character_favor, event_condition, is_random_value, is_random_attribute, is_random_block_training, is_end_chained_event) VALUES (2847, 1608, 'Up', 3, 0, 10, 0, 5, 0, 0, 0, 0, 5, null, 0, 0, 0, 0);
INSERT INTO card_event_choices (choice_id, event_id, choice_label, chain_index, speed, stamina, strength, willpower, intelligence, hp, mood, skill_point, character_favor, event_condition, is_random_value, is_random_attribute, is_random_block_training, is_end_chained_event) VALUES (2848, 1608, 'Down', 3, 0, 0, 0, 0, 0, 0, 0, 0, 5, null, 0, 0, 0, 0);
INSERT INTO card_table (count, uma_id, uma_name) VALUES (383, 30174, 'mejiro-dober');
INSERT INTO card_events (event_id, event_name, uma_id, uma_name, category) VALUES (1609, '(❯) 言えない言葉', 30174, 'mejiro-dober', '連鎖事件');
INSERT INTO card_event_choices (choice_id, event_id, choice_label, chain_index, speed, stamina, strength, willpower, intelligence, hp, mood, skill_point, character_favor, event_condition, is_random_value, is_random_attribute, is_random_block_training, is_end_chained_event) VALUES (2849, 1609, 'Up', 1, 10, 0, 10, 0, 0, 0, 0, 0, 10, null, 0, 0, 0, 0);
INSERT INTO card_event_choices (choice_id, event_id, choice_label, chain_index, speed, stamina, strength, willpower, intelligence, hp, mood, skill_point, character_favor, event_condition, is_random_value, is_random_attribute, is_random_block_training, is_end_chained_event) VALUES (2850, 1609, 'Down', 1, 20, 0, 0, 0, 0, 0, 0, 20, 5, null, 0, 0, 0, 1);
INSERT INTO card_events (event_id, event_name, uma_id, uma_name, category) VALUES (1610, '(❯❯) アタシだって――', 30174, 'mejiro-dober', '連鎖事件');
INSERT INTO card_event_choices (choice_id, event_id, choice_label, chain_index, speed, stamina, strength, willpower, intelligence, hp, mood, skill_point, character_favor, event_condition, is_random_value, is_random_attribute, is_random_block_training, is_end_chained_event) VALUES (2851, 1610, 'Up', 2, 0, 0, 15, 0, 0, 0, 0, 10, 5, null, 0, 0, 0, 0);
INSERT INTO card_event_choices (choice_id, event_id, choice_label, chain_index, speed, stamina, strength, willpower, intelligence, hp, mood, skill_point, character_favor, event_condition, is_random_value, is_random_attribute, is_random_block_training, is_end_chained_event) VALUES (2852, 1610, 'Down', 2, 10, 0, 0, 0, 0, 0, 0, 0, 5, null, 0, 0, 0, 1);
INSERT INTO card_events (event_id, event_name, uma_id, uma_name, category) VALUES (1611, '(❯❯❯) 隠しきれぬ牙', 30174, 'mejiro-dober', '連鎖事件');
INSERT INTO card_event_choices (choice_id, event_id, choice_label, chain_index, speed, stamina, strength, willpower, intelligence, hp, mood, skill_point, character_favor, event_condition, is_random_value, is_random_attribute, is_random_block_training, is_end_chained_event) VALUES (2853, 1611, 'None', 3, 20, 0, 10, 0, 0, 0, 0, 10, 5, null, 1, 0, 0, 0);
INSERT INTO card_event_choices (choice_id, event_id, choice_label, chain_index, speed, stamina, strength, willpower, intelligence, hp, mood, skill_point, character_favor, event_condition, is_random_value, is_random_attribute, is_random_block_training, is_end_chained_event) VALUES (2854, 1611, 'None', 3, 10, 0, 0, 0, 0, 0, 0, 10, 5, null, 0, 0, 0, 0);
INSERT INTO card_events (event_id, event_name, uma_id, uma_name, category) VALUES (1612, 'やってみてもいい', 30174, 'mejiro-dober', '隨機事件');
INSERT INTO card_event_choices (choice_id, event_id, choice_label, chain_index, speed, stamina, strength, willpower, intelligence, hp, mood, skill_point, character_favor, event_condition, is_random_value, is_random_attribute, is_random_block_training, is_end_chained_event) VALUES (2855, 1612, 'Up', 3, 0, 0, 0, 0, 0, 15, 0, 0, 5, null, 0, 0, 0, 0);
INSERT INTO card_event_choices (choice_id, event_id, choice_label, chain_index, speed, stamina, strength, willpower, intelligence, hp, mood, skill_point, character_favor, event_condition, is_random_value, is_random_attribute, is_random_block_training, is_end_chained_event) VALUES (2856, 1612, 'Down', 3, 0, 0, 0, 0, 0, 0, 1, 15, 5, null, 0, 0, 0, 0);
INSERT INTO card_events (event_id, event_name, uma_id, uma_name, category) VALUES (1613, '喜んでくれるかな……', 30174, 'mejiro-dober', '隨機事件');
INSERT INTO card_event_choices (choice_id, event_id, choice_label, chain_index, speed, stamina, strength, willpower, intelligence, hp, mood, skill_point, character_favor, event_condition, is_random_value, is_random_attribute, is_random_block_training, is_end_chained_event) VALUES (2857, 1613, 'Up', 3, 0, 0, 0, 0, 0, 0, 0, 45, 5, null, 0, 0, 0, 0);
INSERT INTO card_event_choices (choice_id, event_id, choice_label, chain_index, speed, stamina, strength, willpower, intelligence, hp, mood, skill_point, character_favor, event_condition, is_random_value, is_random_attribute, is_random_block_training, is_end_chained_event) VALUES (2858, 1613, 'Down', 3, 0, 0, 0, 0, 0, 0, 0, 0, 5, null, 0, 0, 0, 0);
INSERT INTO card_table (count, uma_id, uma_name) VALUES (384, 30175, 'mejiro-ramonu');
INSERT INTO card_events (event_id, event_name, uma_id, uma_name, category) VALUES (1614, '(❯) 虚ろなる灰簾石', 30175, 'mejiro-ramonu', '連鎖事件');
INSERT INTO card_event_choices (choice_id, event_id, choice_label, chain_index, speed, stamina, strength, willpower, intelligence, hp, mood, skill_point, character_favor, event_condition, is_random_value, is_random_attribute, is_random_block_training, is_end_chained_event) VALUES (2859, 1614, 'None', 1, 0, 0, 10, 0, 0, 15, 0, 0, 15, null, 1, 0, 0, 0);
INSERT INTO card_event_choices (choice_id, event_id, choice_label, chain_index, speed, stamina, strength, willpower, intelligence, hp, mood, skill_point, character_favor, event_condition, is_random_value, is_random_attribute, is_random_block_training, is_end_chained_event) VALUES (2860, 1614, 'None', 1, 0, 0, 10, 0, 0, 5, 0, 0, 5, null, 0, 0, 0, 0);
INSERT INTO card_events (event_id, event_name, uma_id, uma_name, category) VALUES (1615, '(❯❯) 不香の花に燃ゆ', 30175, 'mejiro-ramonu', '連鎖事件');
INSERT INTO card_event_choices (choice_id, event_id, choice_label, chain_index, speed, stamina, strength, willpower, intelligence, hp, mood, skill_point, character_favor, event_condition, is_random_value, is_random_attribute, is_random_block_training, is_end_chained_event) VALUES (2861, 1615, 'None', 2, 0, 10, 15, 0, 0, 0, 0, 0, 5, null, 0, 0, 0, 0);
INSERT INTO card_events (event_id, event_name, uma_id, uma_name, category) VALUES (1616, '(❯❯❯) 恍惚の色彩', 30175, 'mejiro-ramonu', '連鎖事件');
INSERT INTO card_event_choices (choice_id, event_id, choice_label, chain_index, speed, stamina, strength, willpower, intelligence, hp, mood, skill_point, character_favor, event_condition, is_random_value, is_random_attribute, is_random_block_training, is_end_chained_event) VALUES (2862, 1616, 'None', 3, 0, 0, 20, 0, 0, 0, 0, 15, 5, null, 0, 0, 0, 0);
INSERT INTO card_events (event_id, event_name, uma_id, uma_name, category) VALUES (1617, '一瞥にて', 30175, 'mejiro-ramonu', '隨機事件');
INSERT INTO card_event_choices (choice_id, event_id, choice_label, chain_index, speed, stamina, strength, willpower, intelligence, hp, mood, skill_point, character_favor, event_condition, is_random_value, is_random_attribute, is_random_block_training, is_end_chained_event) VALUES (2863, 1617, 'Up', 3, 0, 0, 0, 0, 0, 0, 1, 10, 5, null, 0, 0, 0, 0);
INSERT INTO card_event_choices (choice_id, event_id, choice_label, chain_index, speed, stamina, strength, willpower, intelligence, hp, mood, skill_point, character_favor, event_condition, is_random_value, is_random_attribute, is_random_block_training, is_end_chained_event) VALUES (2864, 1617, 'Down', 3, 0, 0, 0, 0, 15, 0, 0, 0, 5, null, 0, 0, 0, 0);
INSERT INTO card_events (event_id, event_name, uma_id, uma_name, category) VALUES (1618, '傅いて', 30175, 'mejiro-ramonu', '隨機事件');
INSERT INTO card_event_choices (choice_id, event_id, choice_label, chain_index, speed, stamina, strength, willpower, intelligence, hp, mood, skill_point, character_favor, event_condition, is_random_value, is_random_attribute, is_random_block_training, is_end_chained_event) VALUES (2865, 1618, 'Up', 3, 10, 5, 0, 0, 0, 0, 0, 0, 5, null, 0, 0, 0, 0);
INSERT INTO card_event_choices (choice_id, event_id, choice_label, chain_index, speed, stamina, strength, willpower, intelligence, hp, mood, skill_point, character_favor, event_condition, is_random_value, is_random_attribute, is_random_block_training, is_end_chained_event) VALUES (2866, 1618, 'Down', 3, 0, 0, 0, 0, 0, 0, 0, 0, 5, null, 0, 0, 0, 0);
INSERT INTO card_table (count, uma_id, uma_name) VALUES (385, 30176, 'mejiro-ryan');
INSERT INTO card_events (event_id, event_name, uma_id, uma_name, category) VALUES (1619, '(❯) あたしとあなたの距離', 30176, 'mejiro-ryan', '連鎖事件');
INSERT INTO card_event_choices (choice_id, event_id, choice_label, chain_index, speed, stamina, strength, willpower, intelligence, hp, mood, skill_point, character_favor, event_condition, is_random_value, is_random_attribute, is_random_block_training, is_end_chained_event) VALUES (2867, 1619, 'None', 1, 0, 0, 0, 10, 0, 0, 0, 0, 5, null, 0, 0, 0, 0);
INSERT INTO card_events (event_id, event_name, uma_id, uma_name, category) VALUES (1620, '(❯❯) あたしでも', 30176, 'mejiro-ryan', '連鎖事件');
INSERT INTO card_event_choices (choice_id, event_id, choice_label, chain_index, speed, stamina, strength, willpower, intelligence, hp, mood, skill_point, character_favor, event_condition, is_random_value, is_random_attribute, is_random_block_training, is_end_chained_event) VALUES (2868, 1620, 'Up', 2, 10, 0, 0, 0, 0, 0, 0, 0, 5, null, 0, 0, 0, 0);
INSERT INTO card_event_choices (choice_id, event_id, choice_label, chain_index, speed, stamina, strength, willpower, intelligence, hp, mood, skill_point, character_favor, event_condition, is_random_value, is_random_attribute, is_random_block_training, is_end_chained_event) VALUES (2869, 1620, 'Down', 2, 0, 0, 10, 0, 0, 0, 0, 0, 5, null, 0, 0, 0, 0);
INSERT INTO card_events (event_id, event_name, uma_id, uma_name, category) VALUES (1621, '(❯❯❯) 一歩ずつ、あなたとの距離を', 30176, 'mejiro-ryan', '連鎖事件');
INSERT INTO card_event_choices (choice_id, event_id, choice_label, chain_index, speed, stamina, strength, willpower, intelligence, hp, mood, skill_point, character_favor, event_condition, is_random_value, is_random_attribute, is_random_block_training, is_end_chained_event) VALUES (2870, 1621, 'None', 3, 0, 0, 5, 10, 0, 0, 0, 0, 5, null, 0, 0, 0, 0);
INSERT INTO card_events (event_id, event_name, uma_id, uma_name, category) VALUES (1622, '筋肉と共に明日へ！', 30176, 'mejiro-ryan', '隨機事件');
INSERT INTO card_event_choices (choice_id, event_id, choice_label, chain_index, speed, stamina, strength, willpower, intelligence, hp, mood, skill_point, character_favor, event_condition, is_random_value, is_random_attribute, is_random_block_training, is_end_chained_event) VALUES (2871, 1622, 'Up', 3, 0, 0, 15, 0, 0, -10, 0, 0, 5, null, 0, 0, 0, 0);
INSERT INTO card_event_choices (choice_id, event_id, choice_label, chain_index, speed, stamina, strength, willpower, intelligence, hp, mood, skill_point, character_favor, event_condition, is_random_value, is_random_attribute, is_random_block_training, is_end_chained_event) VALUES (2872, 1622, 'Down', 3, 0, 0, 5, 0, 0, 4, 0, 0, 5, null, 0, 0, 0, 0);
INSERT INTO card_events (event_id, event_name, uma_id, uma_name, category) VALUES (1623, 'あくまで薦められただけ', 30176, 'mejiro-ryan', '隨機事件');
INSERT INTO card_event_choices (choice_id, event_id, choice_label, chain_index, speed, stamina, strength, willpower, intelligence, hp, mood, skill_point, character_favor, event_condition, is_random_value, is_random_attribute, is_random_block_training, is_end_chained_event) VALUES (2873, 1623, 'Up', 3, 0, 0, 0, 0, 0, 0, 0, 0, 5, null, 0, 0, 0, 0);
INSERT INTO card_event_choices (choice_id, event_id, choice_label, chain_index, speed, stamina, strength, willpower, intelligence, hp, mood, skill_point, character_favor, event_condition, is_random_value, is_random_attribute, is_random_block_training, is_end_chained_event) VALUES (2874, 1623, 'Down', 3, 0, 0, 0, 0, 0, 30, 0, 0, 5, null, 0, 0, 0, 0);
INSERT INTO card_table (count, uma_id, uma_name) VALUES (386, 30177, 'vivlos');
INSERT INTO card_events (event_id, event_name, uma_id, uma_name, category) VALUES (1624, '(❯) 拜託！給我獎勵好嗎？', 30177, 'vivlos', '連鎖事件');
INSERT INTO card_event_choices (choice_id, event_id, choice_label, chain_index, speed, stamina, strength, willpower, intelligence, hp, mood, skill_point, character_favor, event_condition, is_random_value, is_random_attribute, is_random_block_training, is_end_chained_event) VALUES (2875, 1624, 'None', 1, 0, 0, 0, 0, 0, 0, 0, 30, 5, null, 0, 0, 0, 0);
INSERT INTO card_events (event_id, event_name, uma_id, uma_name, category) VALUES (1625, '(❯❯) 棒球！大家一起玩吧！', 30177, 'vivlos', '連鎖事件');
INSERT INTO card_event_choices (choice_id, event_id, choice_label, chain_index, speed, stamina, strength, willpower, intelligence, hp, mood, skill_point, character_favor, event_condition, is_random_value, is_random_attribute, is_random_block_training, is_end_chained_event) VALUES (2876, 1625, 'Up', 2, 0, 0, 0, 0, 10, 15, 0, 0, 5, null, 0, 0, 0, 0);
INSERT INTO card_event_choices (choice_id, event_id, choice_label, chain_index, speed, stamina, strength, willpower, intelligence, hp, mood, skill_point, character_favor, event_condition, is_random_value, is_random_attribute, is_random_block_training, is_end_chained_event) VALUES (2877, 1625, 'Down', 2, 0, 0, 0, 0, 0, 0, 0, 15, 5, null, 0, 0, 0, 0);
INSERT INTO card_events (event_id, event_name, uma_id, uma_name, category) VALUES (1626, '(❯❯❯) 絕對！怦然心動之力！', 30177, 'vivlos', '連鎖事件');
INSERT INTO card_event_choices (choice_id, event_id, choice_label, chain_index, speed, stamina, strength, willpower, intelligence, hp, mood, skill_point, character_favor, event_condition, is_random_value, is_random_attribute, is_random_block_training, is_end_chained_event) VALUES (2878, 1626, 'Up', 3, 0, 0, 0, 0, 15, 10, 0, 0, 5, null, 0, 0, 0, 0);
INSERT INTO card_event_choices (choice_id, event_id, choice_label, chain_index, speed, stamina, strength, willpower, intelligence, hp, mood, skill_point, character_favor, event_condition, is_random_value, is_random_attribute, is_random_block_training, is_end_chained_event) VALUES (2879, 1626, 'Down', 3, 0, 0, 0, 0, 0, 10, 0, 15, 5, null, 0, 0, 0, 0);
INSERT INTO card_events (event_id, event_name, uma_id, uma_name, category) VALUES (1627, '不知不覺進入甜美時光♪', 30177, 'vivlos', '隨機事件');
INSERT INTO card_event_choices (choice_id, event_id, choice_label, chain_index, speed, stamina, strength, willpower, intelligence, hp, mood, skill_point, character_favor, event_condition, is_random_value, is_random_attribute, is_random_block_training, is_end_chained_event) VALUES (2880, 1627, 'Up', 3, 0, 0, 25, 0, 0, -5, 0, 0, 5, null, 0, 0, 0, 0);
INSERT INTO card_event_choices (choice_id, event_id, choice_label, chain_index, speed, stamina, strength, willpower, intelligence, hp, mood, skill_point, character_favor, event_condition, is_random_value, is_random_attribute, is_random_block_training, is_end_chained_event) VALUES (2881, 1627, 'Down', 3, 0, 0, 0, 15, 0, 0, 0, 0, 5, null, 0, 0, 0, 0);
INSERT INTO card_events (event_id, event_name, uma_id, uma_name, category) VALUES (1628, '總有一天成為閃亮名流♪', 30177, 'vivlos', '隨機事件');
INSERT INTO card_event_choices (choice_id, event_id, choice_label, chain_index, speed, stamina, strength, willpower, intelligence, hp, mood, skill_point, character_favor, event_condition, is_random_value, is_random_attribute, is_random_block_training, is_end_chained_event) VALUES (2882, 1628, 'Up', 3, 0, 0, 0, 0, 0, 0, 0, 0, 5, null, 0, 0, 0, 0);
INSERT INTO card_event_choices (choice_id, event_id, choice_label, chain_index, speed, stamina, strength, willpower, intelligence, hp, mood, skill_point, character_favor, event_condition, is_random_value, is_random_attribute, is_random_block_training, is_end_chained_event) VALUES (2883, 1628, 'Down', 3, 0, 0, 10, 0, 0, 0, 0, 0, 5, null, 0, 0, 0, 0);
INSERT INTO card_table (count, uma_id, uma_name) VALUES (387, 30178, 'duramente');
INSERT INTO card_events (event_id, event_name, uma_id, uma_name, category) VALUES (1629, '(❯) Vol.1 《自律的另一端》', 30178, 'duramente', '連鎖事件');
INSERT INTO card_event_choices (choice_id, event_id, choice_label, chain_index, speed, stamina, strength, willpower, intelligence, hp, mood, skill_point, character_favor, event_condition, is_random_value, is_random_attribute, is_random_block_training, is_end_chained_event) VALUES (2884, 1629, 'None', 1, 5, 5, 5, 5, 5, 0, 0, 0, 10, null, 0, 0, 0, 0);
INSERT INTO card_events (event_id, event_name, uma_id, uma_name, category) VALUES (1630, '(❯❯) Vol.2 《連綿不絕》', 30178, 'duramente', '連鎖事件');
INSERT INTO card_event_choices (choice_id, event_id, choice_label, chain_index, speed, stamina, strength, willpower, intelligence, hp, mood, skill_point, character_favor, event_condition, is_random_value, is_random_attribute, is_random_block_training, is_end_chained_event) VALUES (2885, 1630, 'Up', 2, 15, 0, 0, 0, 0, 15, 0, 0, 5, null, 0, 0, 0, 0);
INSERT INTO card_event_choices (choice_id, event_id, choice_label, chain_index, speed, stamina, strength, willpower, intelligence, hp, mood, skill_point, character_favor, event_condition, is_random_value, is_random_attribute, is_random_block_training, is_end_chained_event) VALUES (2886, 1630, 'Down', 2, 7, 0, 7, 0, 0, 0, 0, 0, 5, null, 0, 0, 0, 1);
INSERT INTO card_events (event_id, event_name, uma_id, uma_name, category) VALUES (1631, '(❯❯❯) Vol.3 《其名為大鳴大放》', 30178, 'duramente', '連鎖事件');
INSERT INTO card_event_choices (choice_id, event_id, choice_label, chain_index, speed, stamina, strength, willpower, intelligence, hp, mood, skill_point, character_favor, event_condition, is_random_value, is_random_attribute, is_random_block_training, is_end_chained_event) VALUES (2887, 1631, 'None', 3, 20, 0, 20, 0, 0, 15, 0, 0, 5, null, 1, 0, 0, 0);
INSERT INTO card_event_choices (choice_id, event_id, choice_label, chain_index, speed, stamina, strength, willpower, intelligence, hp, mood, skill_point, character_favor, event_condition, is_random_value, is_random_attribute, is_random_block_training, is_end_chained_event) VALUES (2888, 1631, 'None', 3, 10, 0, 10, 0, 0, 5, 0, 0, 5, null, 0, 0, 0, 0);
INSERT INTO card_events (event_id, event_name, uma_id, uma_name, category) VALUES (1632, '該流的汗水', 30178, 'duramente', '隨機事件');
INSERT INTO card_event_choices (choice_id, event_id, choice_label, chain_index, speed, stamina, strength, willpower, intelligence, hp, mood, skill_point, character_favor, event_condition, is_random_value, is_random_attribute, is_random_block_training, is_end_chained_event) VALUES (2889, 1632, 'Up', 3, 10, 0, 0, 10, 0, 0, 0, 0, 5, null, 0, 0, 0, 0);
INSERT INTO card_event_choices (choice_id, event_id, choice_label, chain_index, speed, stamina, strength, willpower, intelligence, hp, mood, skill_point, character_favor, event_condition, is_random_value, is_random_attribute, is_random_block_training, is_end_chained_event) VALUES (2890, 1632, 'Down', 3, 0, 0, 0, 0, 0, 25, 0, 0, 5, null, 0, 0, 0, 0);
INSERT INTO card_events (event_id, event_name, uma_id, uma_name, category) VALUES (1633, '該追逐的背影', 30178, 'duramente', '隨機事件');
INSERT INTO card_event_choices (choice_id, event_id, choice_label, chain_index, speed, stamina, strength, willpower, intelligence, hp, mood, skill_point, character_favor, event_condition, is_random_value, is_random_attribute, is_random_block_training, is_end_chained_event) VALUES (2891, 1633, 'Up', 3, 0, 15, 0, 0, 0, 0, 0, 0, 5, null, 0, 0, 0, 0);
INSERT INTO card_event_choices (choice_id, event_id, choice_label, chain_index, speed, stamina, strength, willpower, intelligence, hp, mood, skill_point, character_favor, event_condition, is_random_value, is_random_attribute, is_random_block_training, is_end_chained_event) VALUES (2892, 1633, 'Down', 3, 0, 0, 0, 0, 0, 0, 0, 0, 5, null, 0, 0, 0, 0);
INSERT INTO card_table (count, uma_id, uma_name) VALUES (388, 30179, 'satono-diamond');
INSERT INTO card_events (event_id, event_name, uma_id, uma_name, category) VALUES (1634, '(❯) 堇青石的精神', 30179, 'satono-diamond', '連鎖事件');
INSERT INTO card_event_choices (choice_id, event_id, choice_label, chain_index, speed, stamina, strength, willpower, intelligence, hp, mood, skill_point, character_favor, event_condition, is_random_value, is_random_attribute, is_random_block_training, is_end_chained_event) VALUES (2893, 1634, 'None', 1, 0, 0, 0, 0, 20, 0, 1, 0, 15, null, 1, 0, 0, 0);
INSERT INTO card_event_choices (choice_id, event_id, choice_label, chain_index, speed, stamina, strength, willpower, intelligence, hp, mood, skill_point, character_favor, event_condition, is_random_value, is_random_attribute, is_random_block_training, is_end_chained_event) VALUES (2894, 1634, 'None', 1, 0, 0, 0, 0, 5, 0, 1, 0, 5, null, 0, 0, 0, 0);
INSERT INTO card_events (event_id, event_name, uma_id, uma_name, category) VALUES (1635, '(❯❯) 矽線石的水邊', 30179, 'satono-diamond', '連鎖事件');
INSERT INTO card_event_choices (choice_id, event_id, choice_label, chain_index, speed, stamina, strength, willpower, intelligence, hp, mood, skill_point, character_favor, event_condition, is_random_value, is_random_attribute, is_random_block_training, is_end_chained_event) VALUES (2895, 1635, 'None', 2, 10, 0, 0, 0, 0, 10, 0, 10, 5, null, 0, 0, 0, 0);
INSERT INTO card_events (event_id, event_name, uma_id, uma_name, category) VALUES (1636, '(❯❯❯) 玉髓閃耀', 30179, 'satono-diamond', '連鎖事件');
INSERT INTO card_event_choices (choice_id, event_id, choice_label, chain_index, speed, stamina, strength, willpower, intelligence, hp, mood, skill_point, character_favor, event_condition, is_random_value, is_random_attribute, is_random_block_training, is_end_chained_event) VALUES (2896, 1636, 'Up', 3, 0, 0, 0, 0, 30, 0, 0, 0, 5, null, 0, 0, 0, 0);
INSERT INTO card_event_choices (choice_id, event_id, choice_label, chain_index, speed, stamina, strength, willpower, intelligence, hp, mood, skill_point, character_favor, event_condition, is_random_value, is_random_attribute, is_random_block_training, is_end_chained_event) VALUES (2897, 1636, 'Down', 3, 10, 0, 0, 0, 10, 0, 0, 10, 5, null, 0, 0, 0, 0);
INSERT INTO card_events (event_id, event_name, uma_id, uma_name, category) VALUES (1637, '最喜歡新東西！', 30179, 'satono-diamond', '隨機事件');
INSERT INTO card_event_choices (choice_id, event_id, choice_label, chain_index, speed, stamina, strength, willpower, intelligence, hp, mood, skill_point, character_favor, event_condition, is_random_value, is_random_attribute, is_random_block_training, is_end_chained_event) VALUES (2898, 1637, 'Up', 3, 0, 0, 0, 10, 0, 0, 0, 0, 5, null, 0, 0, 0, 0);
INSERT INTO card_event_choices (choice_id, event_id, choice_label, chain_index, speed, stamina, strength, willpower, intelligence, hp, mood, skill_point, character_favor, event_condition, is_random_value, is_random_attribute, is_random_block_training, is_end_chained_event) VALUES (2899, 1637, 'Down', 3, 0, 20, 0, 0, 0, -10, 0, 0, 5, null, 0, 0, 0, 0);
INSERT INTO card_events (event_id, event_name, uma_id, uma_name, category) VALUES (1638, '最喜歡困難的事情！', 30179, 'satono-diamond', '隨機事件');
INSERT INTO card_event_choices (choice_id, event_id, choice_label, chain_index, speed, stamina, strength, willpower, intelligence, hp, mood, skill_point, character_favor, event_condition, is_random_value, is_random_attribute, is_random_block_training, is_end_chained_event) VALUES (2900, 1638, 'Up', 3, 0, 5, 0, 10, 0, 0, 0, 0, 5, null, 0, 0, 0, 0);
INSERT INTO card_event_choices (choice_id, event_id, choice_label, chain_index, speed, stamina, strength, willpower, intelligence, hp, mood, skill_point, character_favor, event_condition, is_random_value, is_random_attribute, is_random_block_training, is_end_chained_event) VALUES (2901, 1638, 'Down', 3, 0, 0, 0, 0, 0, 0, 0, 0, 5, null, 0, 0, 0, 0);
INSERT INTO card_table (count, uma_id, uma_name) VALUES (389, 30180, 'group');
INSERT INTO card_events (event_id, event_name, uma_id, uma_name, category) VALUES (1639, '可靠的前輩', 30180, 'group', '外出');
INSERT INTO card_event_choices (choice_id, event_id, choice_label, chain_index, speed, stamina, strength, willpower, intelligence, hp, mood, skill_point, character_favor, event_condition, is_random_value, is_random_attribute, is_random_block_training, is_end_chained_event) VALUES (2902, 1639, 'None', 0, 0, 0, 0, 10, 0, 15, 0, 0, 5, null, 0, 0, 0, 0);
INSERT INTO card_events (event_id, event_name, uma_id, uma_name, category) VALUES (1640, '這就是我們的放鬆法', 30180, 'group', '外出');
INSERT INTO card_event_choices (choice_id, event_id, choice_label, chain_index, speed, stamina, strength, willpower, intelligence, hp, mood, skill_point, character_favor, event_condition, is_random_value, is_random_attribute, is_random_block_training, is_end_chained_event) VALUES (2903, 1640, 'None', 0, 0, 20, 0, 0, 0, 10, 1, 0, 5, null, 0, 0, 0, 0);
INSERT INTO card_events (event_id, event_name, uma_id, uma_name, category) VALUES (1641, '想為妳打氣', 30180, 'group', '外出');
INSERT INTO card_event_choices (choice_id, event_id, choice_label, chain_index, speed, stamina, strength, willpower, intelligence, hp, mood, skill_point, character_favor, event_condition, is_random_value, is_random_attribute, is_random_block_training, is_end_chained_event) VALUES (2904, 1641, 'None', 0, 0, 0, 0, 0, 0, 30, 0, 0, 5, null, 0, 0, 0, 0);
INSERT INTO card_events (event_id, event_name, uma_id, uma_name, category) VALUES (1642, '在哪裡跳舞，哪裡就是祭典會場！', 30180, 'group', '外出');
INSERT INTO card_event_choices (choice_id, event_id, choice_label, chain_index, speed, stamina, strength, willpower, intelligence, hp, mood, skill_point, character_favor, event_condition, is_random_value, is_random_attribute, is_random_block_training, is_end_chained_event) VALUES (2905, 1642, 'None', 0, 0, 10, 0, 10, 0, 20, 0, 10, 5, null, 0, 0, 0, 0);
INSERT INTO card_events (event_id, event_name, uma_id, uma_name, category) VALUES (1643, '憧憬在身邊', 30180, 'group', '外出');
INSERT INTO card_event_choices (choice_id, event_id, choice_label, chain_index, speed, stamina, strength, willpower, intelligence, hp, mood, skill_point, character_favor, event_condition, is_random_value, is_random_attribute, is_random_block_training, is_end_chained_event) VALUES (2906, 1643, 'None', 0, 0, 7, 0, 7, 0, 30, 0, 7, 5, '熱情領域：持續刻劃著歷史的賽馬娘們', 0, 0, 0, 0);
INSERT INTO card_events (event_id, event_name, uma_id, uma_name, category) VALUES (1644, '我會多注意轉角處！', 30180, 'group', '隨機事件');
INSERT INTO card_event_choices (choice_id, event_id, choice_label, chain_index, speed, stamina, strength, willpower, intelligence, hp, mood, skill_point, character_favor, event_condition, is_random_value, is_random_attribute, is_random_block_training, is_end_chained_event) VALUES (2907, 1644, 'Up', 0, 0, 0, 0, 0, 0, 1, 0, 0, 5, null, 0, 0, 0, 0);
INSERT INTO card_event_choices (choice_id, event_id, choice_label, chain_index, speed, stamina, strength, willpower, intelligence, hp, mood, skill_point, character_favor, event_condition, is_random_value, is_random_attribute, is_random_block_training, is_end_chained_event) VALUES (2908, 1644, 'Down', 0, 0, 0, 0, 15, 0, 0, 0, 0, 5, null, 0, 0, 0, 0);
INSERT INTO card_events (event_id, event_name, uma_id, uma_name, category) VALUES (1645, '這個也好那個也不錯，真煩惱！', 30180, 'group', '隨機事件');
INSERT INTO card_event_choices (choice_id, event_id, choice_label, chain_index, speed, stamina, strength, willpower, intelligence, hp, mood, skill_point, character_favor, event_condition, is_random_value, is_random_attribute, is_random_block_training, is_end_chained_event) VALUES (2909, 1645, 'Up', 0, 0, 0, 0, 0, 0, 10, 1, 0, 5, null, 0, 0, 0, 0);
INSERT INTO card_event_choices (choice_id, event_id, choice_label, chain_index, speed, stamina, strength, willpower, intelligence, hp, mood, skill_point, character_favor, event_condition, is_random_value, is_random_attribute, is_random_block_training, is_end_chained_event) VALUES (2910, 1645, 'Down', 0, 0, 15, 0, 0, 0, -10, 0, 15, 5, null, 0, 0, 0, 0);
INSERT INTO card_events (event_id, event_name, uma_id, uma_name, category) VALUES (1646, '我的作法', 30180, 'group', '隨機事件');
INSERT INTO card_event_choices (choice_id, event_id, choice_label, chain_index, speed, stamina, strength, willpower, intelligence, hp, mood, skill_point, character_favor, event_condition, is_random_value, is_random_attribute, is_random_block_training, is_end_chained_event) VALUES (2911, 1646, 'Up', 0, 0, 0, 0, 0, 0, 0, 1, 15, 5, null, 0, 0, 0, 0);
INSERT INTO card_event_choices (choice_id, event_id, choice_label, chain_index, speed, stamina, strength, willpower, intelligence, hp, mood, skill_point, character_favor, event_condition, is_random_value, is_random_attribute, is_random_block_training, is_end_chained_event) VALUES (2912, 1646, 'Down', 0, 0, 0, 0, 15, 0, 0, 0, 0, 5, null, 0, 0, 0, 0);
INSERT INTO card_events (event_id, event_name, uma_id, uma_name, category) VALUES (1647, '我的武器', 30180, 'group', '隨機事件');
INSERT INTO card_event_choices (choice_id, event_id, choice_label, chain_index, speed, stamina, strength, willpower, intelligence, hp, mood, skill_point, character_favor, event_condition, is_random_value, is_random_attribute, is_random_block_training, is_end_chained_event) VALUES (2913, 1647, 'Up', 0, 0, 0, 0, 10, 0, 0, 1, 0, 5, null, 0, 0, 0, 0);
INSERT INTO card_event_choices (choice_id, event_id, choice_label, chain_index, speed, stamina, strength, willpower, intelligence, hp, mood, skill_point, character_favor, event_condition, is_random_value, is_random_attribute, is_random_block_training, is_end_chained_event) VALUES (2914, 1647, 'Down', 0, 0, 0, 0, 0, 0, 0, 0, 0, 5, null, 0, 0, 0, 0);
INSERT INTO card_events (event_id, event_name, uma_id, uma_name, category) VALUES (1648, '啊啊，友情', 30180, 'group', '隨機事件');
INSERT INTO card_event_choices (choice_id, event_id, choice_label, chain_index, speed, stamina, strength, willpower, intelligence, hp, mood, skill_point, character_favor, event_condition, is_random_value, is_random_attribute, is_random_block_training, is_end_chained_event) VALUES (2915, 1648, 'Up', 0, 0, 0, 5, 0, 0, 0, 1, 0, 5, null, 0, 0, 0, 0);
INSERT INTO card_event_choices (choice_id, event_id, choice_label, chain_index, speed, stamina, strength, willpower, intelligence, hp, mood, skill_point, character_favor, event_condition, is_random_value, is_random_attribute, is_random_block_training, is_end_chained_event) VALUES (2916, 1648, 'Down', 0, 0, 0, 0, 0, 0, 10, 0, 0, 5, null, 0, 0, 0, 0);
INSERT INTO card_events (event_id, event_name, uma_id, uma_name, category) VALUES (1649, '啊啊，故鄉', 30180, 'group', '隨機事件');
INSERT INTO card_event_choices (choice_id, event_id, choice_label, chain_index, speed, stamina, strength, willpower, intelligence, hp, mood, skill_point, character_favor, event_condition, is_random_value, is_random_attribute, is_random_block_training, is_end_chained_event) VALUES (2917, 1649, 'Up', 0, 5, 0, 10, 0, 0, 0, 0, 0, 5, null, 0, 0, 0, 0);
INSERT INTO card_event_choices (choice_id, event_id, choice_label, chain_index, speed, stamina, strength, willpower, intelligence, hp, mood, skill_point, character_favor, event_condition, is_random_value, is_random_attribute, is_random_block_training, is_end_chained_event) VALUES (2918, 1649, 'Down', 0, 0, 0, 0, 0, 0, 0, 0, 0, 5, '擅長練習○', 0, 0, 0, 0);
INSERT INTO card_events (event_id, event_name, uma_id, uma_name, category) VALUES (1650, '努力後的樂趣', 30180, 'group', '隨機事件');
INSERT INTO card_event_choices (choice_id, event_id, choice_label, chain_index, speed, stamina, strength, willpower, intelligence, hp, mood, skill_point, character_favor, event_condition, is_random_value, is_random_attribute, is_random_block_training, is_end_chained_event) VALUES (2919, 1650, 'None', 0, 0, 10, 0, 0, 0, 0, 0, 0, 5, null, 0, 0, 0, 0);
INSERT INTO card_events (event_id, event_name, uma_id, uma_name, category) VALUES (1651, '拿出巨星賽馬娘的威嚴！', 30180, 'group', '隨機事件');
INSERT INTO card_event_choices (choice_id, event_id, choice_label, chain_index, speed, stamina, strength, willpower, intelligence, hp, mood, skill_point, character_favor, event_condition, is_random_value, is_random_attribute, is_random_block_training, is_end_chained_event) VALUES (2920, 1651, 'None', 0, 0, 8, 0, 8, 0, 0, 0, 0, 5, '熱情領域：持續刻劃著歷史的賽馬娘們', 0, 0, 0, 0);
INSERT INTO card_events (event_id, event_name, uma_id, uma_name, category) VALUES (1652, '說到正統訓練', 30180, 'group', '隨機事件');
INSERT INTO card_event_choices (choice_id, event_id, choice_label, chain_index, speed, stamina, strength, willpower, intelligence, hp, mood, skill_point, character_favor, event_condition, is_random_value, is_random_attribute, is_random_block_training, is_end_chained_event) VALUES (2921, 1652, 'Up', 0, 0, 0, 0, 0, 0, 3, 0, 4, 5, null, 1, 0, 0, 0);
INSERT INTO card_event_choices (choice_id, event_id, choice_label, chain_index, speed, stamina, strength, willpower, intelligence, hp, mood, skill_point, character_favor, event_condition, is_random_value, is_random_attribute, is_random_block_training, is_end_chained_event) VALUES (2922, 1652, 'Up', 0, 0, 0, 0, 0, 0, 0, 0, 4, 5, '熱情領域：持續刻劃著歷史的賽馬娘們', 0, 0, 0, 0);
INSERT INTO card_event_choices (choice_id, event_id, choice_label, chain_index, speed, stamina, strength, willpower, intelligence, hp, mood, skill_point, character_favor, event_condition, is_random_value, is_random_attribute, is_random_block_training, is_end_chained_event) VALUES (2923, 1652, 'Middle', 0, 0, 4, 0, 0, 0, 0, 0, 4, 5, null, 1, 0, 0, 0);
INSERT INTO card_event_choices (choice_id, event_id, choice_label, chain_index, speed, stamina, strength, willpower, intelligence, hp, mood, skill_point, character_favor, event_condition, is_random_value, is_random_attribute, is_random_block_training, is_end_chained_event) VALUES (2924, 1652, 'Middle', 0, 0, 4, 0, 0, 0, 0, 0, 0, 5, '熱情領域：持續刻劃著歷史的賽馬娘們', 0, 0, 0, 0);
INSERT INTO card_event_choices (choice_id, event_id, choice_label, chain_index, speed, stamina, strength, willpower, intelligence, hp, mood, skill_point, character_favor, event_condition, is_random_value, is_random_attribute, is_random_block_training, is_end_chained_event) VALUES (2925, 1652, 'Down', 0, 0, 0, 0, 4, 0, 0, 0, 4, 5, null, 1, 0, 0, 0);
INSERT INTO card_event_choices (choice_id, event_id, choice_label, chain_index, speed, stamina, strength, willpower, intelligence, hp, mood, skill_point, character_favor, event_condition, is_random_value, is_random_attribute, is_random_block_training, is_end_chained_event) VALUES (2926, 1652, 'Down', 0, 0, 0, 0, 4, 0, 0, 0, 0, 5, '熱情領域：持續刻劃著歷史的賽馬娘們', 0, 0, 0, 0);
INSERT INTO card_events (event_id, event_name, uma_id, uma_name, category) VALUES (1653, '告一段落的前方', 30180, 'group', '隨機事件');
INSERT INTO card_event_choices (choice_id, event_id, choice_label, chain_index, speed, stamina, strength, willpower, intelligence, hp, mood, skill_point, character_favor, event_condition, is_random_value, is_random_attribute, is_random_block_training, is_end_chained_event) VALUES (2927, 1653, 'None', 0, 0, 20, 0, 20, 0, 0, 0, 0, 0, null, 0, 0, 0, 0);
INSERT INTO card_events (event_id, event_name, uma_id, uma_name, category) VALUES (1654, '軌跡，然後……', 30180, 'group', '隨機事件');
INSERT INTO card_event_choices (choice_id, event_id, choice_label, chain_index, speed, stamina, strength, willpower, intelligence, hp, mood, skill_point, character_favor, event_condition, is_random_value, is_random_attribute, is_random_block_training, is_end_chained_event) VALUES (2928, 1654, 'None', 0, 0, 12, 0, 12, 0, 0, 0, 0, 0, null, 0, 0, 0, 0);
INSERT INTO card_table (count, uma_id, uma_name) VALUES (390, 30181, 'twin-turbo');
INSERT INTO card_events (event_id, event_name, uma_id, uma_name, category) VALUES (1655, '(❯) 觀察！渦輪的受寵力！', 30181, 'twin-turbo', '連鎖事件');
INSERT INTO card_event_choices (choice_id, event_id, choice_label, chain_index, speed, stamina, strength, willpower, intelligence, hp, mood, skill_point, character_favor, event_condition, is_random_value, is_random_attribute, is_random_block_training, is_end_chained_event) VALUES (2929, 1655, 'None', 1, 0, 10, 0, 0, 0, 0, 0, 0, 5, null, 1, 0, 0, 0);
INSERT INTO card_event_choices (choice_id, event_id, choice_label, chain_index, speed, stamina, strength, willpower, intelligence, hp, mood, skill_point, character_favor, event_condition, is_random_value, is_random_attribute, is_random_block_training, is_end_chained_event) VALUES (2930, 1655, 'None', 1, 10, 0, 0, 0, 0, -5, 0, 0, 5, null, 0, 0, 0, 1);
INSERT INTO card_events (event_id, event_name, uma_id, uma_name, category) VALUES (1656, '(❯❯) 發動！渦輪的超能力！', 30181, 'twin-turbo', '連鎖事件');
INSERT INTO card_event_choices (choice_id, event_id, choice_label, chain_index, speed, stamina, strength, willpower, intelligence, hp, mood, skill_point, character_favor, event_condition, is_random_value, is_random_attribute, is_random_block_training, is_end_chained_event) VALUES (2931, 1656, 'None', 2, 0, 15, 0, 0, 0, 0, 0, 0, 5, null, 1, 0, 0, 0);
INSERT INTO card_event_choices (choice_id, event_id, choice_label, chain_index, speed, stamina, strength, willpower, intelligence, hp, mood, skill_point, character_favor, event_condition, is_random_value, is_random_attribute, is_random_block_training, is_end_chained_event) VALUES (2932, 1656, 'None', 2, 10, 0, 0, 0, 0, -5, 0, 0, 5, null, 0, 0, 0, 1);
INSERT INTO card_events (event_id, event_name, uma_id, uma_name, category) VALUES (1657, '(❯❯❯) 大家！一起來校內廣播！', 30181, 'twin-turbo', '連鎖事件');
INSERT INTO card_event_choices (choice_id, event_id, choice_label, chain_index, speed, stamina, strength, willpower, intelligence, hp, mood, skill_point, character_favor, event_condition, is_random_value, is_random_attribute, is_random_block_training, is_end_chained_event) VALUES (2933, 1657, 'None', 3, 0, 20, 0, 0, 0, 0, 0, 0, 5, null, 0, 0, 0, 0);
INSERT INTO card_events (event_id, event_name, uma_id, uma_name, category) VALUES (1658, '想到就立刻去做！', 30181, 'twin-turbo', '隨機事件');
INSERT INTO card_event_choices (choice_id, event_id, choice_label, chain_index, speed, stamina, strength, willpower, intelligence, hp, mood, skill_point, character_favor, event_condition, is_random_value, is_random_attribute, is_random_block_training, is_end_chained_event) VALUES (2934, 1658, 'Up', 3, 20, 0, 0, 0, 0, 0, -1, 0, 0, null, 0, 0, 0, 0);
INSERT INTO card_event_choices (choice_id, event_id, choice_label, chain_index, speed, stamina, strength, willpower, intelligence, hp, mood, skill_point, character_favor, event_condition, is_random_value, is_random_attribute, is_random_block_training, is_end_chained_event) VALUES (2935, 1658, 'Down', 3, 0, 0, 20, 0, 0, -10, 0, 0, 5, null, 0, 0, 0, 0);
INSERT INTO card_events (event_id, event_name, uma_id, uma_name, category) VALUES (1659, '熱血沸騰起來了！！', 30181, 'twin-turbo', '隨機事件');
INSERT INTO card_event_choices (choice_id, event_id, choice_label, chain_index, speed, stamina, strength, willpower, intelligence, hp, mood, skill_point, character_favor, event_condition, is_random_value, is_random_attribute, is_random_block_training, is_end_chained_event) VALUES (2936, 1659, 'Up', 3, 0, 0, 0, 0, 0, 15, 0, 0, 5, null, 0, 0, 0, 0);
INSERT INTO card_event_choices (choice_id, event_id, choice_label, chain_index, speed, stamina, strength, willpower, intelligence, hp, mood, skill_point, character_favor, event_condition, is_random_value, is_random_attribute, is_random_block_training, is_end_chained_event) VALUES (2937, 1659, 'Down', 3, 0, 0, 0, 0, 0, 0, 0, 0, 5, null, 0, 0, 0, 0);
INSERT INTO card_table (count, uma_id, uma_name) VALUES (391, 30182, 'hokko-tarumae');
INSERT INTO card_events (event_id, event_name, uma_id, uma_name, category) VALUES (1660, '(❯) 地方偶像打算怎麼做！？', 30182, 'hokko-tarumae', '連鎖事件');
INSERT INTO card_event_choices (choice_id, event_id, choice_label, chain_index, speed, stamina, strength, willpower, intelligence, hp, mood, skill_point, character_favor, event_condition, is_random_value, is_random_attribute, is_random_block_training, is_end_chained_event) VALUES (2938, 1660, 'Up', 1, 0, 20, 0, 0, 0, 0, 0, 0, 5, null, 0, 0, 0, 0);
INSERT INTO card_event_choices (choice_id, event_id, choice_label, chain_index, speed, stamina, strength, willpower, intelligence, hp, mood, skill_point, character_favor, event_condition, is_random_value, is_random_attribute, is_random_block_training, is_end_chained_event) VALUES (2939, 1660, 'Down', 1, 0, 0, 0, 0, 0, 25, 0, 0, 5, null, 0, 0, 0, 1);
INSERT INTO card_events (event_id, event_name, uma_id, uma_name, category) VALUES (1661, '(❯❯) 學習吧地方偶像！！', 30182, 'hokko-tarumae', '連鎖事件');
INSERT INTO card_event_choices (choice_id, event_id, choice_label, chain_index, speed, stamina, strength, willpower, intelligence, hp, mood, skill_point, character_favor, event_condition, is_random_value, is_random_attribute, is_random_block_training, is_end_chained_event) VALUES (2940, 1661, 'Up', 2, 0, 0, 0, 0, 0, 10, 0, 25, 5, null, 0, 0, 0, 0);
INSERT INTO card_event_choices (choice_id, event_id, choice_label, chain_index, speed, stamina, strength, willpower, intelligence, hp, mood, skill_point, character_favor, event_condition, is_random_value, is_random_attribute, is_random_block_training, is_end_chained_event) VALUES (2941, 1661, 'Down', 2, 0, 0, 0, 0, 0, 0, 0, 0, 5, null, 0, 0, 0, 1);
INSERT INTO card_events (event_id, event_name, uma_id, uma_name, category) VALUES (1662, '(❯❯❯) 前進吧地方偶像！！', 30182, 'hokko-tarumae', '連鎖事件');
INSERT INTO card_event_choices (choice_id, event_id, choice_label, chain_index, speed, stamina, strength, willpower, intelligence, hp, mood, skill_point, character_favor, event_condition, is_random_value, is_random_attribute, is_random_block_training, is_end_chained_event) VALUES (2942, 1662, 'None', 3, 0, 25, 0, 15, 0, 0, 0, 0, 5, null, 1, 0, 0, 0);
INSERT INTO card_event_choices (choice_id, event_id, choice_label, chain_index, speed, stamina, strength, willpower, intelligence, hp, mood, skill_point, character_favor, event_condition, is_random_value, is_random_attribute, is_random_block_training, is_end_chained_event) VALUES (2943, 1662, 'None', 3, 0, 15, 0, 10, 0, 0, 0, 0, 5, null, 0, 0, 0, 0);
INSERT INTO card_events (event_id, event_name, uma_id, uma_name, category) VALUES (1663, '打動你吧，苫小牧', 30182, 'hokko-tarumae', '隨機事件');
INSERT INTO card_event_choices (choice_id, event_id, choice_label, chain_index, speed, stamina, strength, willpower, intelligence, hp, mood, skill_point, character_favor, event_condition, is_random_value, is_random_attribute, is_random_block_training, is_end_chained_event) VALUES (2944, 1663, 'Up', 3, 15, 0, 0, 0, 0, 0, 0, 0, 5, null, 0, 0, 0, 0);
INSERT INTO card_event_choices (choice_id, event_id, choice_label, chain_index, speed, stamina, strength, willpower, intelligence, hp, mood, skill_point, character_favor, event_condition, is_random_value, is_random_attribute, is_random_block_training, is_end_chained_event) VALUES (2945, 1663, 'Down', 3, 0, 0, 5, 10, 0, 0, 0, 0, 5, null, 0, 0, 0, 0);
INSERT INTO card_events (event_id, event_name, uma_id, uma_name, category) VALUES (1664, '傳達給大家吧，苫小牧', 30182, 'hokko-tarumae', '隨機事件');
INSERT INTO card_event_choices (choice_id, event_id, choice_label, chain_index, speed, stamina, strength, willpower, intelligence, hp, mood, skill_point, character_favor, event_condition, is_random_value, is_random_attribute, is_random_block_training, is_end_chained_event) VALUES (2946, 1664, 'Up', 3, 0, 0, 0, 0, 0, 0, 0, 30, 5, null, 0, 0, 0, 0);
INSERT INTO card_event_choices (choice_id, event_id, choice_label, chain_index, speed, stamina, strength, willpower, intelligence, hp, mood, skill_point, character_favor, event_condition, is_random_value, is_random_attribute, is_random_block_training, is_end_chained_event) VALUES (2947, 1664, 'Down', 3, 0, 0, 0, 0, 0, 0, 0, 0, 5, null, 0, 0, 0, 0);
INSERT INTO card_table (count, uma_id, uma_name) VALUES (392, 30183, 'winning-ticket');
INSERT INTO card_events (event_id, event_name, uma_id, uma_name, category) VALUES (1665, '(❯) 售罄！？回憶中的味道！！', 30183, 'winning-ticket', '連鎖事件');
INSERT INTO card_event_choices (choice_id, event_id, choice_label, chain_index, speed, stamina, strength, willpower, intelligence, hp, mood, skill_point, character_favor, event_condition, is_random_value, is_random_attribute, is_random_block_training, is_end_chained_event) VALUES (2948, 1665, 'None', 1, 0, 0, 10, 5, 0, 5, 0, 0, 5, null, 0, 0, 0, 0);
INSERT INTO card_events (event_id, event_name, uma_id, uma_name, category) VALUES (1666, '(❯❯) 徹底輸了！？使出全力的料理！！', 30183, 'winning-ticket', '連鎖事件');
INSERT INTO card_event_choices (choice_id, event_id, choice_label, chain_index, speed, stamina, strength, willpower, intelligence, hp, mood, skill_point, character_favor, event_condition, is_random_value, is_random_attribute, is_random_block_training, is_end_chained_event) VALUES (2949, 1666, 'None', 2, 0, 0, 10, 5, 0, 5, 0, 0, 5, null, 0, 0, 0, 0);
INSERT INTO card_events (event_id, event_name, uma_id, uma_name, category) VALUES (1667, '(❯❯❯) 完成！！世界上獨一無二的甜點！！', 30183, 'winning-ticket', '連鎖事件');
INSERT INTO card_event_choices (choice_id, event_id, choice_label, chain_index, speed, stamina, strength, willpower, intelligence, hp, mood, skill_point, character_favor, event_condition, is_random_value, is_random_attribute, is_random_block_training, is_end_chained_event) VALUES (2950, 1667, 'None', 3, 0, 0, 20, 10, 0, 10, 0, 0, 5, null, 1, 0, 0, 0);
INSERT INTO card_event_choices (choice_id, event_id, choice_label, chain_index, speed, stamina, strength, willpower, intelligence, hp, mood, skill_point, character_favor, event_condition, is_random_value, is_random_attribute, is_random_block_training, is_end_chained_event) VALUES (2951, 1667, 'None', 3, 0, 0, 10, 5, 0, 5, 0, 0, 5, null, 0, 0, 0, 0);
INSERT INTO card_events (event_id, event_name, uma_id, uma_name, category) VALUES (1668, '全．力．肌．肉！！', 30183, 'winning-ticket', '隨機事件');
INSERT INTO card_event_choices (choice_id, event_id, choice_label, chain_index, speed, stamina, strength, willpower, intelligence, hp, mood, skill_point, character_favor, event_condition, is_random_value, is_random_attribute, is_random_block_training, is_end_chained_event) VALUES (2952, 1668, 'Up', 3, 0, 5, 0, 0, 0, 0, 0, 15, 5, null, 0, 0, 0, 0);
INSERT INTO card_event_choices (choice_id, event_id, choice_label, chain_index, speed, stamina, strength, willpower, intelligence, hp, mood, skill_point, character_favor, event_condition, is_random_value, is_random_attribute, is_random_block_training, is_end_chained_event) VALUES (2953, 1668, 'Down', 3, 0, 0, 0, 0, 0, 0, 1, 15, 5, null, 0, 0, 0, 0);
INSERT INTO card_events (event_id, event_name, uma_id, uma_name, category) VALUES (1669, '全．力．競．速！！', 30183, 'winning-ticket', '隨機事件');
INSERT INTO card_event_choices (choice_id, event_id, choice_label, chain_index, speed, stamina, strength, willpower, intelligence, hp, mood, skill_point, character_favor, event_condition, is_random_value, is_random_attribute, is_random_block_training, is_end_chained_event) VALUES (2954, 1669, 'Up', 3, 0, 0, 0, 0, 0, 0, 0, 0, 5, null, 0, 0, 0, 0);
INSERT INTO card_event_choices (choice_id, event_id, choice_label, chain_index, speed, stamina, strength, willpower, intelligence, hp, mood, skill_point, character_favor, event_condition, is_random_value, is_random_attribute, is_random_block_training, is_end_chained_event) VALUES (2955, 1669, 'Down', 3, 0, 0, 0, 0, 0, 0, 0, 30, 5, null, 0, 0, 0, 0);
INSERT INTO card_table (count, uma_id, uma_name) VALUES (393, 30184, 'sakura-bakushin-o');
INSERT INTO card_events (event_id, event_name, uma_id, uma_name, category) VALUES (1670, '(❯) 踢飛吧！空罐與班長！！', 30184, 'sakura-bakushin-o', '連鎖事件');
INSERT INTO card_event_choices (choice_id, event_id, choice_label, chain_index, speed, stamina, strength, willpower, intelligence, hp, mood, skill_point, character_favor, event_condition, is_random_value, is_random_attribute, is_random_block_training, is_end_chained_event) VALUES (2956, 1670, 'None', 1, 15, 0, 0, 0, 0, 0, 0, 0, 10, null, 0, 0, 0, 0);
INSERT INTO card_events (event_id, event_name, uma_id, uma_name, category) VALUES (1671, '(❯❯) 不同的兩人，共度的一天', 30184, 'sakura-bakushin-o', '連鎖事件');
INSERT INTO card_event_choices (choice_id, event_id, choice_label, chain_index, speed, stamina, strength, willpower, intelligence, hp, mood, skill_point, character_favor, event_condition, is_random_value, is_random_attribute, is_random_block_training, is_end_chained_event) VALUES (2957, 1671, 'None', 2, 20, 0, 0, 0, 0, 0, 0, 0, 5, null, 0, 0, 0, 0);
INSERT INTO card_events (event_id, event_name, uma_id, uma_name, category) VALUES (1672, '(❯❯❯) 想要超越在我身邊的妳', 30184, 'sakura-bakushin-o', '連鎖事件');
INSERT INTO card_event_choices (choice_id, event_id, choice_label, chain_index, speed, stamina, strength, willpower, intelligence, hp, mood, skill_point, character_favor, event_condition, is_random_value, is_random_attribute, is_random_block_training, is_end_chained_event) VALUES (2958, 1672, 'Up', 3, 15, 0, 0, 0, 0, 15, 0, 0, 5, null, 0, 0, 0, 0);
INSERT INTO card_event_choices (choice_id, event_id, choice_label, chain_index, speed, stamina, strength, willpower, intelligence, hp, mood, skill_point, character_favor, event_condition, is_random_value, is_random_attribute, is_random_block_training, is_end_chained_event) VALUES (2959, 1672, 'Down', 3, 0, 0, 15, 0, 0, 0, 0, 25, 5, null, 0, 0, 0, 0);
INSERT INTO card_events (event_id, event_name, uma_id, uma_name, category) VALUES (1673, '模範生的一舉兩得！！', 30184, 'sakura-bakushin-o', '隨機事件');
INSERT INTO card_event_choices (choice_id, event_id, choice_label, chain_index, speed, stamina, strength, willpower, intelligence, hp, mood, skill_point, character_favor, event_condition, is_random_value, is_random_attribute, is_random_block_training, is_end_chained_event) VALUES (2960, 1673, 'Up', 3, 15, 0, 0, 0, 0, 0, 0, 0, 5, null, 0, 0, 0, 0);
INSERT INTO card_event_choices (choice_id, event_id, choice_label, chain_index, speed, stamina, strength, willpower, intelligence, hp, mood, skill_point, character_favor, event_condition, is_random_value, is_random_attribute, is_random_block_training, is_end_chained_event) VALUES (2961, 1673, 'Down', 3, 5, 0, 10, 0, 0, 0, 0, 0, 5, null, 0, 0, 0, 0);
INSERT INTO card_events (event_id, event_name, uma_id, uma_name, category) VALUES (1674, '讓人想立刻開跑！！', 30184, 'sakura-bakushin-o', '隨機事件');
INSERT INTO card_event_choices (choice_id, event_id, choice_label, chain_index, speed, stamina, strength, willpower, intelligence, hp, mood, skill_point, character_favor, event_condition, is_random_value, is_random_attribute, is_random_block_training, is_end_chained_event) VALUES (2962, 1674, 'Up', 3, 0, 0, 0, 0, 0, 0, 0, 0, 5, null, 0, 0, 0, 0);
INSERT INTO card_event_choices (choice_id, event_id, choice_label, chain_index, speed, stamina, strength, willpower, intelligence, hp, mood, skill_point, character_favor, event_condition, is_random_value, is_random_attribute, is_random_block_training, is_end_chained_event) VALUES (2963, 1674, 'Down', 3, 10, 0, 5, 0, 0, -10, 0, 0, 5, null, 0, 0, 0, 0);
INSERT INTO card_table (count, uma_id, uma_name) VALUES (394, 30185, 'north-flight');
INSERT INTO card_events (event_id, event_name, uma_id, uma_name, category) VALUES (1675, '(❯) 「現在」所需要的東西', 30185, 'north-flight', '連鎖事件');
INSERT INTO card_event_choices (choice_id, event_id, choice_label, chain_index, speed, stamina, strength, willpower, intelligence, hp, mood, skill_point, character_favor, event_condition, is_random_value, is_random_attribute, is_random_block_training, is_end_chained_event) VALUES (2964, 1675, 'None', 1, 0, 0, 0, 0, 0, 0, 0, 10, 5, null, 0, 0, 0, 0);
INSERT INTO card_events (event_id, event_name, uma_id, uma_name, category) VALUES (1676, '(❯❯) 失去的樂趣', 30185, 'north-flight', '連鎖事件');
INSERT INTO card_event_choices (choice_id, event_id, choice_label, chain_index, speed, stamina, strength, willpower, intelligence, hp, mood, skill_point, character_favor, event_condition, is_random_value, is_random_attribute, is_random_block_training, is_end_chained_event) VALUES (2965, 1676, 'None', 2, 0, 0, 0, 0, 5, 0, 0, 0, 5, null, 0, 0, 0, 0);
INSERT INTO card_events (event_id, event_name, uma_id, uma_name, category) VALUES (1677, '(❯❯❯) 遺忘的光輝', 30185, 'north-flight', '連鎖事件');
INSERT INTO card_event_choices (choice_id, event_id, choice_label, chain_index, speed, stamina, strength, willpower, intelligence, hp, mood, skill_point, character_favor, event_condition, is_random_value, is_random_attribute, is_random_block_training, is_end_chained_event) VALUES (2966, 1677, 'None', 3, 0, 0, 0, 0, 5, 0, 0, 0, 5, null, 0, 0, 0, 0);
INSERT INTO card_events (event_id, event_name, uma_id, uma_name, category) VALUES (1678, '裝飾我自己', 30185, 'north-flight', '隨機事件');
INSERT INTO card_event_choices (choice_id, event_id, choice_label, chain_index, speed, stamina, strength, willpower, intelligence, hp, mood, skill_point, character_favor, event_condition, is_random_value, is_random_attribute, is_random_block_training, is_end_chained_event) VALUES (2967, 1678, 'Up', 3, 15, 0, 0, 0, 0, 0, 0, 0, 5, null, 0, 0, 0, 0);
INSERT INTO card_event_choices (choice_id, event_id, choice_label, chain_index, speed, stamina, strength, willpower, intelligence, hp, mood, skill_point, character_favor, event_condition, is_random_value, is_random_attribute, is_random_block_training, is_end_chained_event) VALUES (2968, 1678, 'Down', 3, 0, 0, 0, 15, 0, 0, 0, 0, 5, null, 0, 0, 0, 0);
INSERT INTO card_events (event_id, event_name, uma_id, uma_name, category) VALUES (1679, '為你而設計的造型', 30185, 'north-flight', '隨機事件');
INSERT INTO card_event_choices (choice_id, event_id, choice_label, chain_index, speed, stamina, strength, willpower, intelligence, hp, mood, skill_point, character_favor, event_condition, is_random_value, is_random_attribute, is_random_block_training, is_end_chained_event) VALUES (2969, 1679, 'Up', 3, 0, 0, 0, 0, 0, 0, 0, 0, 5, null, 0, 0, 0, 0);
INSERT INTO card_event_choices (choice_id, event_id, choice_label, chain_index, speed, stamina, strength, willpower, intelligence, hp, mood, skill_point, character_favor, event_condition, is_random_value, is_random_attribute, is_random_block_training, is_end_chained_event) VALUES (2970, 1679, 'Down', 3, 0, 0, 0, 0, 0, 15, 0, 0, 5, null, 0, 0, 0, 0);
INSERT INTO card_table (count, uma_id, uma_name) VALUES (395, 30186, 'gentildonna');
INSERT INTO card_events (event_id, event_name, uma_id, uma_name, category) VALUES (1680, '(❯) 強き器に強き心', 30186, 'gentildonna', '連鎖事件');
INSERT INTO card_event_choices (choice_id, event_id, choice_label, chain_index, speed, stamina, strength, willpower, intelligence, hp, mood, skill_point, character_favor, event_condition, is_random_value, is_random_attribute, is_random_block_training, is_end_chained_event) VALUES (2971, 1680, 'Up', 1, 0, 0, 0, 0, 0, 0, 0, 0, 5, null, 0, 0, 0, 0);
INSERT INTO card_event_choices (choice_id, event_id, choice_label, chain_index, speed, stamina, strength, willpower, intelligence, hp, mood, skill_point, character_favor, event_condition, is_random_value, is_random_attribute, is_random_block_training, is_end_chained_event) VALUES (2972, 1680, 'Down', 1, 0, 0, 0, 0, 0, 0, 0, 0, 5, null, 0, 0, 0, 0);
INSERT INTO card_events (event_id, event_name, uma_id, uma_name, category) VALUES (1681, '(❯❯) 強き器に気高き華', 30186, 'gentildonna', '連鎖事件');
INSERT INTO card_event_choices (choice_id, event_id, choice_label, chain_index, speed, stamina, strength, willpower, intelligence, hp, mood, skill_point, character_favor, event_condition, is_random_value, is_random_attribute, is_random_block_training, is_end_chained_event) VALUES (2973, 1681, 'None', 2, 10, 0, 0, 0, 0, 0, 0, 0, 5, null, 0, 0, 0, 0);
INSERT INTO card_events (event_id, event_name, uma_id, uma_name, category) VALUES (1682, '(❯❯❯) 強き器に『心技脚』あり', 30186, 'gentildonna', '連鎖事件');
INSERT INTO card_event_choices (choice_id, event_id, choice_label, chain_index, speed, stamina, strength, willpower, intelligence, hp, mood, skill_point, character_favor, event_condition, is_random_value, is_random_attribute, is_random_block_training, is_end_chained_event) VALUES (2974, 1682, 'None', 3, 10, 0, 0, 0, 0, 0, 0, 0, 5, null, 0, 0, 0, 0);
INSERT INTO card_events (event_id, event_name, uma_id, uma_name, category) VALUES (1683, '力 is Beautiful.', 30186, 'gentildonna', '隨機事件');
INSERT INTO card_event_choices (choice_id, event_id, choice_label, chain_index, speed, stamina, strength, willpower, intelligence, hp, mood, skill_point, character_favor, event_condition, is_random_value, is_random_attribute, is_random_block_training, is_end_chained_event) VALUES (2975, 1683, 'Up', 3, 0, 0, 20, 0, 0, 0, 0, 0, 5, null, 0, 0, 0, 0);
INSERT INTO card_event_choices (choice_id, event_id, choice_label, chain_index, speed, stamina, strength, willpower, intelligence, hp, mood, skill_point, character_favor, event_condition, is_random_value, is_random_attribute, is_random_block_training, is_end_chained_event) VALUES (2976, 1683, 'Down', 3, 0, 0, 0, 0, 0, 0, 0, 30, 5, null, 0, 0, 0, 0);
INSERT INTO card_events (event_id, event_name, uma_id, uma_name, category) VALUES (1684, '力 is Justice.', 30186, 'gentildonna', '隨機事件');
INSERT INTO card_event_choices (choice_id, event_id, choice_label, chain_index, speed, stamina, strength, willpower, intelligence, hp, mood, skill_point, character_favor, event_condition, is_random_value, is_random_attribute, is_random_block_training, is_end_chained_event) VALUES (2977, 1684, 'Up', 3, 10, 0, 0, 10, 0, 0, 0, 0, 5, null, 0, 0, 0, 0);
INSERT INTO card_event_choices (choice_id, event_id, choice_label, chain_index, speed, stamina, strength, willpower, intelligence, hp, mood, skill_point, character_favor, event_condition, is_random_value, is_random_attribute, is_random_block_training, is_end_chained_event) VALUES (2978, 1684, 'Down', 3, 0, 0, 0, 0, 0, 0, 0, 0, 5, null, 0, 0, 0, 0);
INSERT INTO card_table (count, uma_id, uma_name) VALUES (396, 30187, 'orfevre');
INSERT INTO card_events (event_id, event_name, uma_id, uma_name, category) VALUES (1685, '(❯) 王の気稟', 30187, 'orfevre', '連鎖事件');
INSERT INTO card_event_choices (choice_id, event_id, choice_label, chain_index, speed, stamina, strength, willpower, intelligence, hp, mood, skill_point, character_favor, event_condition, is_random_value, is_random_attribute, is_random_block_training, is_end_chained_event) VALUES (2979, 1685, 'Up', 1, 3, 3, 3, 3, 3, 0, 1, 0, 10, null, 0, 0, 0, 0);
INSERT INTO card_event_choices (choice_id, event_id, choice_label, chain_index, speed, stamina, strength, willpower, intelligence, hp, mood, skill_point, character_favor, event_condition, is_random_value, is_random_attribute, is_random_block_training, is_end_chained_event) VALUES (2980, 1685, 'Down', 1, 0, 0, 0, 0, 0, 15, 0, 10, 5, null, 0, 0, 0, 0);
INSERT INTO card_events (event_id, event_name, uma_id, uma_name, category) VALUES (1686, '(❯❯) 王の下知', 30187, 'orfevre', '連鎖事件');
INSERT INTO card_event_choices (choice_id, event_id, choice_label, chain_index, speed, stamina, strength, willpower, intelligence, hp, mood, skill_point, character_favor, event_condition, is_random_value, is_random_attribute, is_random_block_training, is_end_chained_event) VALUES (2981, 1686, 'Up', 2, 0, 0, 0, 20, 0, 0, 0, 0, 5, null, 0, 0, 0, 0);
INSERT INTO card_event_choices (choice_id, event_id, choice_label, chain_index, speed, stamina, strength, willpower, intelligence, hp, mood, skill_point, character_favor, event_condition, is_random_value, is_random_attribute, is_random_block_training, is_end_chained_event) VALUES (2982, 1686, 'Down', 2, 3, 3, 3, 3, 3, 0, 0, 0, 5, null, 0, 0, 0, 1);
INSERT INTO card_events (event_id, event_name, uma_id, uma_name, category) VALUES (1687, '(❯❯❯) 王の天資', 30187, 'orfevre', '連鎖事件');
INSERT INTO card_event_choices (choice_id, event_id, choice_label, chain_index, speed, stamina, strength, willpower, intelligence, hp, mood, skill_point, character_favor, event_condition, is_random_value, is_random_attribute, is_random_block_training, is_end_chained_event) VALUES (2983, 1687, 'None', 3, 7, 7, 7, 7, 7, 0, 0, 15, 5, null, 1, 0, 0, 0);
INSERT INTO card_event_choices (choice_id, event_id, choice_label, chain_index, speed, stamina, strength, willpower, intelligence, hp, mood, skill_point, character_favor, event_condition, is_random_value, is_random_attribute, is_random_block_training, is_end_chained_event) VALUES (2984, 1687, 'None', 3, 5, 5, 5, 5, 5, 0, 0, 10, 5, null, 0, 0, 0, 0);
INSERT INTO card_events (event_id, event_name, uma_id, uma_name, category) VALUES (1688, '王の賞詞', 30187, 'orfevre', '隨機事件');
INSERT INTO card_event_choices (choice_id, event_id, choice_label, chain_index, speed, stamina, strength, willpower, intelligence, hp, mood, skill_point, character_favor, event_condition, is_random_value, is_random_attribute, is_random_block_training, is_end_chained_event) VALUES (2985, 1688, 'Up', 3, 20, 0, 0, 0, 0, 0, 0, 0, 5, null, 0, 0, 0, 0);
INSERT INTO card_event_choices (choice_id, event_id, choice_label, chain_index, speed, stamina, strength, willpower, intelligence, hp, mood, skill_point, character_favor, event_condition, is_random_value, is_random_attribute, is_random_block_training, is_end_chained_event) VALUES (2986, 1688, 'Down', 3, 0, 20, 0, 0, 0, 0, 0, 0, 5, null, 0, 0, 0, 0);
INSERT INTO card_events (event_id, event_name, uma_id, uma_name, category) VALUES (1689, '王の覇道', 30187, 'orfevre', '隨機事件');
INSERT INTO card_event_choices (choice_id, event_id, choice_label, chain_index, speed, stamina, strength, willpower, intelligence, hp, mood, skill_point, character_favor, event_condition, is_random_value, is_random_attribute, is_random_block_training, is_end_chained_event) VALUES (2987, 1689, 'Up', 3, 0, 0, 0, 0, 0, 30, 0, 0, 5, null, 0, 0, 0, 0);
INSERT INTO card_event_choices (choice_id, event_id, choice_label, chain_index, speed, stamina, strength, willpower, intelligence, hp, mood, skill_point, character_favor, event_condition, is_random_value, is_random_attribute, is_random_block_training, is_end_chained_event) VALUES (2988, 1689, 'Down', 3, 0, 0, 0, 0, 0, 0, 0, 0, 5, null, 0, 0, 0, 0);
INSERT INTO card_table (count, uma_id, uma_name) VALUES (397, 30188, 'ryoka-tsurugi');
INSERT INTO card_events (event_id, event_name, uma_id, uma_name, category) VALUES (1690, '(❯) 意外な素顔？', 30188, 'ryoka-tsurugi', '外出');
INSERT INTO card_event_choices (choice_id, event_id, choice_label, chain_index, speed, stamina, strength, willpower, intelligence, hp, mood, skill_point, character_favor, event_condition, is_random_value, is_random_attribute, is_random_block_training, is_end_chained_event) VALUES (2989, 1690, 'None', 1, 15, 0, 0, 0, 0, 35, 1, 0, 5, null, 0, 0, 0, 0);
INSERT INTO card_events (event_id, event_name, uma_id, uma_name, category) VALUES (1691, '(❯❯) 『貴方のおっしゃる通りでした』', 30188, 'ryoka-tsurugi', '外出');
INSERT INTO card_event_choices (choice_id, event_id, choice_label, chain_index, speed, stamina, strength, willpower, intelligence, hp, mood, skill_point, character_favor, event_condition, is_random_value, is_random_attribute, is_random_block_training, is_end_chained_event) VALUES (2990, 1691, 'None', 2, 10, 0, 0, 0, 10, 30, 1, 0, 5, null, 0, 0, 0, 0);
INSERT INTO card_events (event_id, event_name, uma_id, uma_name, category) VALUES (1692, '(❯❯❯) 貴方の胸にも灯を', 30188, 'ryoka-tsurugi', '外出');
INSERT INTO card_event_choices (choice_id, event_id, choice_label, chain_index, speed, stamina, strength, willpower, intelligence, hp, mood, skill_point, character_favor, event_condition, is_random_value, is_random_attribute, is_random_block_training, is_end_chained_event) VALUES (2991, 1692, 'Up', 3, 0, 0, 0, 0, 0, 50, 1, 0, 5, null, 0, 0, 0, 0);
INSERT INTO card_event_choices (choice_id, event_id, choice_label, chain_index, speed, stamina, strength, willpower, intelligence, hp, mood, skill_point, character_favor, event_condition, is_random_value, is_random_attribute, is_random_block_training, is_end_chained_event) VALUES (2992, 1692, 'Down', 3, 45, 0, 0, 0, 0, 0, 1, 0, 5, null, 0, 0, 0, 0);
INSERT INTO card_events (event_id, event_name, uma_id, uma_name, category) VALUES (1693, '(❯❯❯❯) きっと何色の未来でも', 30188, 'ryoka-tsurugi', '外出');
INSERT INTO card_event_choices (choice_id, event_id, choice_label, chain_index, speed, stamina, strength, willpower, intelligence, hp, mood, skill_point, character_favor, event_condition, is_random_value, is_random_attribute, is_random_block_training, is_end_chained_event) VALUES (2993, 1693, 'None', 4, 25, 0, 0, 0, 0, 30, 1, 0, 5, null, 0, 0, 0, 0);
INSERT INTO card_events (event_id, event_name, uma_id, uma_name, category) VALUES (1694, '(❯❯❯❯❯) その働きに敬意を', 30188, 'ryoka-tsurugi', '外出');
INSERT INTO card_event_choices (choice_id, event_id, choice_label, chain_index, speed, stamina, strength, willpower, intelligence, hp, mood, skill_point, character_favor, event_condition, is_random_value, is_random_attribute, is_random_block_training, is_end_chained_event) VALUES (2994, 1694, 'None', 5, 30, 0, 0, 0, 0, 40, 1, 0, 5, null, 1, 0, 0, 0);
INSERT INTO card_event_choices (choice_id, event_id, choice_label, chain_index, speed, stamina, strength, willpower, intelligence, hp, mood, skill_point, character_favor, event_condition, is_random_value, is_random_attribute, is_random_block_training, is_end_chained_event) VALUES (2995, 1694, 'None', 5, 15, 0, 0, 0, 0, 35, 0, 0, 5, null, 0, 0, 0, 0);
INSERT INTO card_events (event_id, event_name, uma_id, uma_name, category) VALUES (1695, '忙しいは楽しい！', 30188, 'ryoka-tsurugi', '隨機事件');
INSERT INTO card_event_choices (choice_id, event_id, choice_label, chain_index, speed, stamina, strength, willpower, intelligence, hp, mood, skill_point, character_favor, event_condition, is_random_value, is_random_attribute, is_random_block_training, is_end_chained_event) VALUES (2996, 1695, 'Up', 5, 15, 0, 0, 0, 0, 0, 0, 0, 5, null, 0, 0, 0, 0);
INSERT INTO card_event_choices (choice_id, event_id, choice_label, chain_index, speed, stamina, strength, willpower, intelligence, hp, mood, skill_point, character_favor, event_condition, is_random_value, is_random_attribute, is_random_block_training, is_end_chained_event) VALUES (2997, 1695, 'Down', 5, 0, 0, 0, 0, 0, 15, 0, 0, 5, null, 0, 0, 0, 0);
INSERT INTO card_events (event_id, event_name, uma_id, uma_name, category) VALUES (1696, '撃ち抜いたのは……', 30188, 'ryoka-tsurugi', '隨機事件');
INSERT INTO card_event_choices (choice_id, event_id, choice_label, chain_index, speed, stamina, strength, willpower, intelligence, hp, mood, skill_point, character_favor, event_condition, is_random_value, is_random_attribute, is_random_block_training, is_end_chained_event) VALUES (2998, 1696, 'Up', 5, 0, 0, 0, 0, 0, 24, 1, 0, 5, null, 0, 0, 0, 0);
INSERT INTO card_event_choices (choice_id, event_id, choice_label, chain_index, speed, stamina, strength, willpower, intelligence, hp, mood, skill_point, character_favor, event_condition, is_random_value, is_random_attribute, is_random_block_training, is_end_chained_event) VALUES (2999, 1696, 'Down', 5, 0, 30, 30, 0, 0, 0, 0, 0, -5, null, 0, 0, 0, 1);
INSERT INTO card_events (event_id, event_name, uma_id, uma_name, category) VALUES (1697, '広がる笑顔', 30188, 'ryoka-tsurugi', '特殊事件');
INSERT INTO card_event_choices (choice_id, event_id, choice_label, chain_index, speed, stamina, strength, willpower, intelligence, hp, mood, skill_point, character_favor, event_condition, is_random_value, is_random_attribute, is_random_block_training, is_end_chained_event) VALUES (3000, 1697, 'None', 5, 5, 0, 0, 0, 5, 4, 1, 0, 10, null, 0, 0, 0, 0);
INSERT INTO card_events (event_id, event_name, uma_id, uma_name, category) VALUES (1698, 'お疲れ様です！！', 30188, 'ryoka-tsurugi', '特殊事件');
INSERT INTO card_event_choices (choice_id, event_id, choice_label, chain_index, speed, stamina, strength, willpower, intelligence, hp, mood, skill_point, character_favor, event_condition, is_random_value, is_random_attribute, is_random_block_training, is_end_chained_event) VALUES (3001, 1698, 'None', 5, 0, 0, 0, 0, 0, 7, 1, 0, 5, null, 1, 0, 0, 0);
INSERT INTO card_event_choices (choice_id, event_id, choice_label, chain_index, speed, stamina, strength, willpower, intelligence, hp, mood, skill_point, character_favor, event_condition, is_random_value, is_random_attribute, is_random_block_training, is_end_chained_event) VALUES (3002, 1698, 'None', 5, 0, 0, 0, 0, 0, 7, 0, 0, 5, null, 0, 0, 0, 0);
INSERT INTO card_events (event_id, event_name, uma_id, uma_name, category) VALUES (1699, '涼花との絆・彼女の『強み』', 30188, 'ryoka-tsurugi', '特殊事件');
INSERT INTO card_event_choices (choice_id, event_id, choice_label, chain_index, speed, stamina, strength, willpower, intelligence, hp, mood, skill_point, character_favor, event_condition, is_random_value, is_random_attribute, is_random_block_training, is_end_chained_event) VALUES (3003, 1699, 'None', 5, 10, 0, 0, 0, 0, 14, 1, 0, 5, null, 0, 0, 0, 0);
INSERT INTO card_table (count, uma_id, uma_name) VALUES (398, 30189, 'kitasan-black');
INSERT INTO card_events (event_id, event_name, uma_id, uma_name, category) VALUES (1700, '(❯) 夢想的約定', 30189, 'kitasan-black', '連鎖事件');
INSERT INTO card_event_choices (choice_id, event_id, choice_label, chain_index, speed, stamina, strength, willpower, intelligence, hp, mood, skill_point, character_favor, event_condition, is_random_value, is_random_attribute, is_random_block_training, is_end_chained_event) VALUES (3004, 1700, 'None', 1, 0, 0, 0, 10, 0, 0, 0, 0, 5, null, 0, 0, 0, 0);
INSERT INTO card_events (event_id, event_name, uma_id, uma_name, category) VALUES (1701, '(❯❯) 只屬於兩人的光輝', 30189, 'kitasan-black', '連鎖事件');
INSERT INTO card_event_choices (choice_id, event_id, choice_label, chain_index, speed, stamina, strength, willpower, intelligence, hp, mood, skill_point, character_favor, event_condition, is_random_value, is_random_attribute, is_random_block_training, is_end_chained_event) VALUES (3005, 1701, 'Up', 2, 0, 0, 0, 10, 0, 0, 0, 0, 5, null, 0, 0, 0, 0);
INSERT INTO card_event_choices (choice_id, event_id, choice_label, chain_index, speed, stamina, strength, willpower, intelligence, hp, mood, skill_point, character_favor, event_condition, is_random_value, is_random_attribute, is_random_block_training, is_end_chained_event) VALUES (3006, 1701, 'Down', 2, 0, 0, 10, 0, 0, 10, 0, 0, 5, null, 0, 0, 0, 0);
INSERT INTO card_events (event_id, event_name, uma_id, uma_name, category) VALUES (1702, '(❯❯❯) 憑藉夢想一同閃耀', 30189, 'kitasan-black', '連鎖事件');
INSERT INTO card_event_choices (choice_id, event_id, choice_label, chain_index, speed, stamina, strength, willpower, intelligence, hp, mood, skill_point, character_favor, event_condition, is_random_value, is_random_attribute, is_random_block_training, is_end_chained_event) VALUES (3007, 1702, 'None', 3, 0, 0, 0, 15, 0, 0, 0, 0, 5, null, 0, 0, 0, 0);
INSERT INTO card_events (event_id, event_name, uma_id, uma_name, category) VALUES (1703, '啊啊，友情', 30189, 'kitasan-black', '隨機事件');
INSERT INTO card_event_choices (choice_id, event_id, choice_label, chain_index, speed, stamina, strength, willpower, intelligence, hp, mood, skill_point, character_favor, event_condition, is_random_value, is_random_attribute, is_random_block_training, is_end_chained_event) VALUES (3008, 1703, 'Up', 3, 0, 0, 5, 0, 0, 0, 1, 0, 5, null, 0, 0, 0, 0);
INSERT INTO card_event_choices (choice_id, event_id, choice_label, chain_index, speed, stamina, strength, willpower, intelligence, hp, mood, skill_point, character_favor, event_condition, is_random_value, is_random_attribute, is_random_block_training, is_end_chained_event) VALUES (3009, 1703, 'Down', 3, 0, 0, 0, 0, 0, 10, 0, 0, 5, null, 0, 0, 0, 0);
INSERT INTO card_events (event_id, event_name, uma_id, uma_name, category) VALUES (1704, '啊啊，故鄉', 30189, 'kitasan-black', '隨機事件');
INSERT INTO card_event_choices (choice_id, event_id, choice_label, chain_index, speed, stamina, strength, willpower, intelligence, hp, mood, skill_point, character_favor, event_condition, is_random_value, is_random_attribute, is_random_block_training, is_end_chained_event) VALUES (3010, 1704, 'Up', 3, 5, 0, 10, 0, 0, 0, 0, 0, 5, null, 0, 0, 0, 0);
INSERT INTO card_event_choices (choice_id, event_id, choice_label, chain_index, speed, stamina, strength, willpower, intelligence, hp, mood, skill_point, character_favor, event_condition, is_random_value, is_random_attribute, is_random_block_training, is_end_chained_event) VALUES (3011, 1704, 'Down', 3, 0, 0, 0, 0, 0, 0, 0, 0, 5, '擅長練習○', 0, 0, 0, 0);
INSERT INTO card_table (count, uma_id, uma_name) VALUES (399, 30190, 'duramente');
INSERT INTO card_events (event_id, event_name, uma_id, uma_name, category) VALUES (1705, '(❯) それはいつかのイニーツィオ', 30190, 'duramente', '連鎖事件');
INSERT INTO card_event_choices (choice_id, event_id, choice_label, chain_index, speed, stamina, strength, willpower, intelligence, hp, mood, skill_point, character_favor, event_condition, is_random_value, is_random_attribute, is_random_block_training, is_end_chained_event) VALUES (3012, 1705, 'None', 1, 0, 10, 0, 0, 0, 0, 0, 0, 5, null, 0, 0, 0, 0);
INSERT INTO card_events (event_id, event_name, uma_id, uma_name, category) VALUES (1706, '(❯❯) そして2人はア・ポコ・ア・ポコ', 30190, 'duramente', '連鎖事件');
INSERT INTO card_event_choices (choice_id, event_id, choice_label, chain_index, speed, stamina, strength, willpower, intelligence, hp, mood, skill_point, character_favor, event_condition, is_random_value, is_random_attribute, is_random_block_training, is_end_chained_event) VALUES (3013, 1706, 'None', 2, 0, 15, 0, 0, 0, 0, 0, 0, 5, null, 0, 0, 0, 0);
INSERT INTO card_events (event_id, event_name, uma_id, uma_name, category) VALUES (1707, '(❯❯❯) リヴァーレだからこそ', 30190, 'duramente', '連鎖事件');
INSERT INTO card_event_choices (choice_id, event_id, choice_label, chain_index, speed, stamina, strength, willpower, intelligence, hp, mood, skill_point, character_favor, event_condition, is_random_value, is_random_attribute, is_random_block_training, is_end_chained_event) VALUES (3014, 1707, 'None', 3, 0, 15, 0, 0, 0, 0, 0, 0, 5, null, 0, 0, 0, 0);
INSERT INTO card_events (event_id, event_name, uma_id, uma_name, category) VALUES (1708, '流すべきこの汗', 30190, 'duramente', '隨機事件');
INSERT INTO card_event_choices (choice_id, event_id, choice_label, chain_index, speed, stamina, strength, willpower, intelligence, hp, mood, skill_point, character_favor, event_condition, is_random_value, is_random_attribute, is_random_block_training, is_end_chained_event) VALUES (3015, 1708, 'Up', 3, 10, 0, 0, 10, 0, 0, 0, 0, 5, null, 0, 0, 0, 0);
INSERT INTO card_event_choices (choice_id, event_id, choice_label, chain_index, speed, stamina, strength, willpower, intelligence, hp, mood, skill_point, character_favor, event_condition, is_random_value, is_random_attribute, is_random_block_training, is_end_chained_event) VALUES (3016, 1708, 'Down', 3, 0, 0, 0, 0, 0, 25, 0, 0, 5, null, 0, 0, 0, 0);
INSERT INTO card_events (event_id, event_name, uma_id, uma_name, category) VALUES (1709, '追うべき背中', 30190, 'duramente', '隨機事件');
INSERT INTO card_event_choices (choice_id, event_id, choice_label, chain_index, speed, stamina, strength, willpower, intelligence, hp, mood, skill_point, character_favor, event_condition, is_random_value, is_random_attribute, is_random_block_training, is_end_chained_event) VALUES (3017, 1709, 'Up', 3, 0, 15, 0, 0, 0, 0, 0, 0, 5, null, 0, 0, 0, 0);
INSERT INTO card_event_choices (choice_id, event_id, choice_label, chain_index, speed, stamina, strength, willpower, intelligence, hp, mood, skill_point, character_favor, event_condition, is_random_value, is_random_attribute, is_random_block_training, is_end_chained_event) VALUES (3018, 1709, 'Down', 3, 0, 0, 0, 0, 0, 0, 0, 0, 5, null, 0, 0, 0, 0);
INSERT INTO card_table (count, uma_id, uma_name) VALUES (400, 30191, 'sounds-of-earth');
INSERT INTO card_events (event_id, event_name, uma_id, uma_name, category) VALUES (1710, '(❯) めくるめくミルテの花', 30191, 'sounds-of-earth', '連鎖事件');
INSERT INTO card_event_choices (choice_id, event_id, choice_label, chain_index, speed, stamina, strength, willpower, intelligence, hp, mood, skill_point, character_favor, event_condition, is_random_value, is_random_attribute, is_random_block_training, is_end_chained_event) VALUES (3019, 1710, 'Up', 1, 0, 0, 0, 0, 0, 5, 1, 0, 5, null, 0, 0, 0, 0);
INSERT INTO card_event_choices (choice_id, event_id, choice_label, chain_index, speed, stamina, strength, willpower, intelligence, hp, mood, skill_point, character_favor, event_condition, is_random_value, is_random_attribute, is_random_block_training, is_end_chained_event) VALUES (3020, 1710, 'Down', 1, 0, 0, 10, 0, 0, 0, 0, 0, 5, null, 0, 0, 0, 0);
INSERT INTO card_events (event_id, event_name, uma_id, uma_name, category) VALUES (1711, '(❯❯) 愛を込めて、乾杯の歌を', 30191, 'sounds-of-earth', '連鎖事件');
INSERT INTO card_event_choices (choice_id, event_id, choice_label, chain_index, speed, stamina, strength, willpower, intelligence, hp, mood, skill_point, character_favor, event_condition, is_random_value, is_random_attribute, is_random_block_training, is_end_chained_event) VALUES (3021, 1711, 'None', 2, 0, 5, 5, 0, 0, 0, 0, 0, 5, null, 0, 0, 0, 0);
INSERT INTO card_events (event_id, event_name, uma_id, uma_name, category) VALUES (1712, '(❯❯❯) そして私は、君を愛す', 30191, 'sounds-of-earth', '連鎖事件');
INSERT INTO card_event_choices (choice_id, event_id, choice_label, chain_index, speed, stamina, strength, willpower, intelligence, hp, mood, skill_point, character_favor, event_condition, is_random_value, is_random_attribute, is_random_block_training, is_end_chained_event) VALUES (3022, 1712, 'None', 3, 0, 0, 20, 0, 0, 0, 0, 0, 5, null, 0, 0, 0, 0);
INSERT INTO card_events (event_id, event_name, uma_id, uma_name, category) VALUES (1713, '突発アンサンブル', 30191, 'sounds-of-earth', '隨機事件');
INSERT INTO card_event_choices (choice_id, event_id, choice_label, chain_index, speed, stamina, strength, willpower, intelligence, hp, mood, skill_point, character_favor, event_condition, is_random_value, is_random_attribute, is_random_block_training, is_end_chained_event) VALUES (3023, 1713, 'Up', 3, 10, 0, 0, 0, 0, 0, 1, 0, 5, null, 0, 0, 0, 0);
INSERT INTO card_event_choices (choice_id, event_id, choice_label, chain_index, speed, stamina, strength, willpower, intelligence, hp, mood, skill_point, character_favor, event_condition, is_random_value, is_random_attribute, is_random_block_training, is_end_chained_event) VALUES (3024, 1713, 'Down', 3, 0, 15, 0, 0, 0, 0, 0, 0, 5, null, 0, 0, 0, 0);
INSERT INTO card_events (event_id, event_name, uma_id, uma_name, category) VALUES (1714, 'コン・フオーコなアモーレを君に', 30191, 'sounds-of-earth', '隨機事件');
INSERT INTO card_event_choices (choice_id, event_id, choice_label, chain_index, speed, stamina, strength, willpower, intelligence, hp, mood, skill_point, character_favor, event_condition, is_random_value, is_random_attribute, is_random_block_training, is_end_chained_event) VALUES (3025, 1714, 'Up', 3, 0, 10, 0, 5, 0, 0, 0, 0, 5, null, 0, 0, 0, 0);
INSERT INTO card_event_choices (choice_id, event_id, choice_label, chain_index, speed, stamina, strength, willpower, intelligence, hp, mood, skill_point, character_favor, event_condition, is_random_value, is_random_attribute, is_random_block_training, is_end_chained_event) VALUES (3026, 1714, 'Down', 3, 0, 0, 0, 0, 0, 0, 0, 0, 5, null, 0, 0, 0, 0);
INSERT INTO card_table (count, uma_id, uma_name) VALUES (401, 30192, 'vivlos');
INSERT INTO card_events (event_id, event_name, uma_id, uma_name, category) VALUES (1715, '(❯) お姉ちゃんにもご褒美を', 30192, 'vivlos', '連鎖事件');
INSERT INTO card_event_choices (choice_id, event_id, choice_label, chain_index, speed, stamina, strength, willpower, intelligence, hp, mood, skill_point, character_favor, event_condition, is_random_value, is_random_attribute, is_random_block_training, is_end_chained_event) VALUES (3027, 1715, 'None', 1, 10, 0, 0, 0, 0, 0, 0, 0, 5, null, 0, 0, 0, 0);
INSERT INTO card_events (event_id, event_name, uma_id, uma_name, category) VALUES (1716, '(❯❯) この気持ち、受け取って？', 30192, 'vivlos', '連鎖事件');
INSERT INTO card_event_choices (choice_id, event_id, choice_label, chain_index, speed, stamina, strength, willpower, intelligence, hp, mood, skill_point, character_favor, event_condition, is_random_value, is_random_attribute, is_random_block_training, is_end_chained_event) VALUES (3028, 1716, 'None', 2, 10, 0, 0, 0, 0, 0, 0, 0, 5, null, 0, 0, 0, 0);
INSERT INTO card_events (event_id, event_name, uma_id, uma_name, category) VALUES (1717, '(❯❯❯) 言わなくても伝わっちゃうの♪', 30192, 'vivlos', '連鎖事件');
INSERT INTO card_event_choices (choice_id, event_id, choice_label, chain_index, speed, stamina, strength, willpower, intelligence, hp, mood, skill_point, character_favor, event_condition, is_random_value, is_random_attribute, is_random_block_training, is_end_chained_event) VALUES (3029, 1717, 'Up', 3, 15, 0, 0, 0, 0, 0, 0, 0, 5, null, 0, 0, 0, 0);
INSERT INTO card_event_choices (choice_id, event_id, choice_label, chain_index, speed, stamina, strength, willpower, intelligence, hp, mood, skill_point, character_favor, event_condition, is_random_value, is_random_attribute, is_random_block_training, is_end_chained_event) VALUES (3030, 1717, 'Down', 3, 0, 0, 0, 0, 0, 0, 0, 25, 5, null, 0, 0, 0, 0);
INSERT INTO card_events (event_id, event_name, uma_id, uma_name, category) VALUES (1718, 'いつの間にかあまーい時間♪', 30192, 'vivlos', '隨機事件');
INSERT INTO card_event_choices (choice_id, event_id, choice_label, chain_index, speed, stamina, strength, willpower, intelligence, hp, mood, skill_point, character_favor, event_condition, is_random_value, is_random_attribute, is_random_block_training, is_end_chained_event) VALUES (3031, 1718, 'Up', 3, 0, 0, 25, 0, 0, -5, 0, 0, 5, null, 0, 0, 0, 0);
INSERT INTO card_event_choices (choice_id, event_id, choice_label, chain_index, speed, stamina, strength, willpower, intelligence, hp, mood, skill_point, character_favor, event_condition, is_random_value, is_random_attribute, is_random_block_training, is_end_chained_event) VALUES (3032, 1718, 'Down', 3, 0, 0, 0, 15, 0, 0, 0, 0, 5, null, 0, 0, 0, 0);
INSERT INTO card_events (event_id, event_name, uma_id, uma_name, category) VALUES (1719, 'いつの日にかキラキラセレブ♪', 30192, 'vivlos', '隨機事件');
INSERT INTO card_event_choices (choice_id, event_id, choice_label, chain_index, speed, stamina, strength, willpower, intelligence, hp, mood, skill_point, character_favor, event_condition, is_random_value, is_random_attribute, is_random_block_training, is_end_chained_event) VALUES (3033, 1719, 'Up', 3, 0, 0, 0, 0, 0, 0, 0, 0, 5, null, 0, 0, 0, 0);
INSERT INTO card_event_choices (choice_id, event_id, choice_label, chain_index, speed, stamina, strength, willpower, intelligence, hp, mood, skill_point, character_favor, event_condition, is_random_value, is_random_attribute, is_random_block_training, is_end_chained_event) VALUES (3034, 1719, 'Down', 3, 0, 0, 10, 0, 0, 0, 0, 0, 5, null, 0, 0, 0, 0);
INSERT INTO card_table (count, uma_id, uma_name) VALUES (402, 30193, 'cheval-grand');
INSERT INTO card_events (event_id, event_name, uma_id, uma_name, category) VALUES (1720, '(❯) ぶきよう・シェイプアップ', 30193, 'cheval-grand', '連鎖事件');
INSERT INTO card_event_choices (choice_id, event_id, choice_label, chain_index, speed, stamina, strength, willpower, intelligence, hp, mood, skill_point, character_favor, event_condition, is_random_value, is_random_attribute, is_random_block_training, is_end_chained_event) VALUES (3035, 1720, 'None', 1, 0, 15, 0, 0, 0, 0, 0, 15, 5, null, 0, 0, 0, 0);
INSERT INTO card_events (event_id, event_name, uma_id, uma_name, category) VALUES (1721, '(❯❯) しんけん・クッキング', 30193, 'cheval-grand', '連鎖事件');
INSERT INTO card_event_choices (choice_id, event_id, choice_label, chain_index, speed, stamina, strength, willpower, intelligence, hp, mood, skill_point, character_favor, event_condition, is_random_value, is_random_attribute, is_random_block_training, is_end_chained_event) VALUES (3036, 1721, 'None', 2, 0, 30, 0, 15, 0, 0, 0, 0, 5, null, 1, 0, 0, 1);
INSERT INTO card_event_choices (choice_id, event_id, choice_label, chain_index, speed, stamina, strength, willpower, intelligence, hp, mood, skill_point, character_favor, event_condition, is_random_value, is_random_attribute, is_random_block_training, is_end_chained_event) VALUES (3037, 1721, 'None', 2, 0, 15, 0, 0, 0, 0, 0, 0, 5, null, 0, 0, 0, 0);
INSERT INTO card_events (event_id, event_name, uma_id, uma_name, category) VALUES (1722, '(❯❯❯) ひたむき・トレーニング', 30193, 'cheval-grand', '連鎖事件');
INSERT INTO card_event_choices (choice_id, event_id, choice_label, chain_index, speed, stamina, strength, willpower, intelligence, hp, mood, skill_point, character_favor, event_condition, is_random_value, is_random_attribute, is_random_block_training, is_end_chained_event) VALUES (3038, 1722, 'None', 3, 0, 15, 0, 15, 0, 0, 0, 0, 5, null, 1, 0, 0, 0);
INSERT INTO card_event_choices (choice_id, event_id, choice_label, chain_index, speed, stamina, strength, willpower, intelligence, hp, mood, skill_point, character_favor, event_condition, is_random_value, is_random_attribute, is_random_block_training, is_end_chained_event) VALUES (3039, 1722, 'None', 3, 0, 15, 0, 0, 0, 0, 0, 0, 5, null, 0, 0, 0, 0);
INSERT INTO card_events (event_id, event_name, uma_id, uma_name, category) VALUES (1723, '僕だって、いつか……', 30193, 'cheval-grand', '隨機事件');
INSERT INTO card_event_choices (choice_id, event_id, choice_label, chain_index, speed, stamina, strength, willpower, intelligence, hp, mood, skill_point, character_favor, event_condition, is_random_value, is_random_attribute, is_random_block_training, is_end_chained_event) VALUES (3040, 1723, 'Up', 3, 0, 0, 0, 0, 0, 0, 0, 0, 5, null, 0, 0, 0, 0);
INSERT INTO card_event_choices (choice_id, event_id, choice_label, chain_index, speed, stamina, strength, willpower, intelligence, hp, mood, skill_point, character_favor, event_condition, is_random_value, is_random_attribute, is_random_block_training, is_end_chained_event) VALUES (3041, 1723, 'Down', 3, 0, 15, 0, 0, 0, 0, 0, 0, 5, null, 0, 0, 0, 0);
INSERT INTO card_events (event_id, event_name, uma_id, uma_name, category) VALUES (1724, '釣りは静かに……', 30193, 'cheval-grand', '隨機事件');
INSERT INTO card_event_choices (choice_id, event_id, choice_label, chain_index, speed, stamina, strength, willpower, intelligence, hp, mood, skill_point, character_favor, event_condition, is_random_value, is_random_attribute, is_random_block_training, is_end_chained_event) VALUES (3042, 1724, 'Up', 3, 0, 0, 0, 0, 0, 0, 0, 20, 5, null, 0, 0, 0, 0);
INSERT INTO card_event_choices (choice_id, event_id, choice_label, chain_index, speed, stamina, strength, willpower, intelligence, hp, mood, skill_point, character_favor, event_condition, is_random_value, is_random_attribute, is_random_block_training, is_end_chained_event) VALUES (3043, 1724, 'Down', 3, 0, 0, 0, 15, 0, 0, 0, 0, 5, null, 0, 0, 0, 0);
INSERT INTO card_table (count, uma_id, uma_name) VALUES (403, 30194, 'rhein-kraft');
INSERT INTO card_events (event_id, event_name, uma_id, uma_name, category) VALUES (1725, '(❯) のんびりほっこりな愛娘', 30194, 'rhein-kraft', '連鎖事件');
INSERT INTO card_event_choices (choice_id, event_id, choice_label, chain_index, speed, stamina, strength, willpower, intelligence, hp, mood, skill_point, character_favor, event_condition, is_random_value, is_random_attribute, is_random_block_training, is_end_chained_event) VALUES (3044, 1725, 'None', 1, 0, 0, 0, 15, 0, 0, 0, 0, 5, null, 0, 0, 0, 0);
INSERT INTO card_events (event_id, event_name, uma_id, uma_name, category) VALUES (1726, '(❯❯) 花冠に懸ける夢', 30194, 'rhein-kraft', '連鎖事件');
INSERT INTO card_event_choices (choice_id, event_id, choice_label, chain_index, speed, stamina, strength, willpower, intelligence, hp, mood, skill_point, character_favor, event_condition, is_random_value, is_random_attribute, is_random_block_training, is_end_chained_event) VALUES (3045, 1726, 'Up', 2, 0, 0, 0, 15, 0, 0, 0, 0, 5, null, 0, 0, 0, 0);
INSERT INTO card_event_choices (choice_id, event_id, choice_label, chain_index, speed, stamina, strength, willpower, intelligence, hp, mood, skill_point, character_favor, event_condition, is_random_value, is_random_attribute, is_random_block_training, is_end_chained_event) VALUES (3046, 1726, 'Down', 2, 0, 0, 0, 0, 0, 15, 0, 0, 5, null, 0, 0, 0, 0);
INSERT INTO card_events (event_id, event_name, uma_id, uma_name, category) VALUES (1727, '(❯❯❯) もう1度！何度でも！', 30194, 'rhein-kraft', '連鎖事件');
INSERT INTO card_event_choices (choice_id, event_id, choice_label, chain_index, speed, stamina, strength, willpower, intelligence, hp, mood, skill_point, character_favor, event_condition, is_random_value, is_random_attribute, is_random_block_training, is_end_chained_event) VALUES (3047, 1727, 'None', 3, 5, 0, 5, 15, 0, 0, 0, 0, 5, null, 0, 0, 0, 0);
INSERT INTO card_events (event_id, event_name, uma_id, uma_name, category) VALUES (1728, 'ワクワクでキラキラな夢', 30194, 'rhein-kraft', '隨機事件');
INSERT INTO card_event_choices (choice_id, event_id, choice_label, chain_index, speed, stamina, strength, willpower, intelligence, hp, mood, skill_point, character_favor, event_condition, is_random_value, is_random_attribute, is_random_block_training, is_end_chained_event) VALUES (3048, 1728, 'Up', 3, 0, 0, 0, 0, 0, 0, 0, 0, 5, null, 0, 0, 0, 0);
INSERT INTO card_event_choices (choice_id, event_id, choice_label, chain_index, speed, stamina, strength, willpower, intelligence, hp, mood, skill_point, character_favor, event_condition, is_random_value, is_random_attribute, is_random_block_training, is_end_chained_event) VALUES (3049, 1728, 'Down', 3, 15, 0, 0, 0, 0, 0, 0, 0, 5, null, 0, 0, 0, 0);
INSERT INTO card_events (event_id, event_name, uma_id, uma_name, category) VALUES (1729, 'ぽかぽかでねむねむな時間', 30194, 'rhein-kraft', '隨機事件');
INSERT INTO card_event_choices (choice_id, event_id, choice_label, chain_index, speed, stamina, strength, willpower, intelligence, hp, mood, skill_point, character_favor, event_condition, is_random_value, is_random_attribute, is_random_block_training, is_end_chained_event) VALUES (3050, 1729, 'Up', 3, 0, 0, 15, 0, 0, 0, 0, 0, 5, null, 0, 0, 0, 0);
INSERT INTO card_event_choices (choice_id, event_id, choice_label, chain_index, speed, stamina, strength, willpower, intelligence, hp, mood, skill_point, character_favor, event_condition, is_random_value, is_random_attribute, is_random_block_training, is_end_chained_event) VALUES (3051, 1729, 'Down', 3, 0, 0, 0, 5, 0, 10, 0, 0, 5, null, 0, 0, 0, 0);
INSERT INTO card_table (count, uma_id, uma_name) VALUES (404, 30195, 'ksmiracle');
INSERT INTO card_events (event_id, event_name, uma_id, uma_name, category) VALUES (1730, '(❯) 『ありがとう』', 30195, 'ksmiracle', '連鎖事件');
INSERT INTO card_event_choices (choice_id, event_id, choice_label, chain_index, speed, stamina, strength, willpower, intelligence, hp, mood, skill_point, character_favor, event_condition, is_random_value, is_random_attribute, is_random_block_training, is_end_chained_event) VALUES (3052, 1730, 'Up', 1, 0, 0, 10, 0, 0, 0, 0, 15, 5, null, 0, 0, 0, 0);
INSERT INTO card_event_choices (choice_id, event_id, choice_label, chain_index, speed, stamina, strength, willpower, intelligence, hp, mood, skill_point, character_favor, event_condition, is_random_value, is_random_attribute, is_random_block_training, is_end_chained_event) VALUES (3053, 1730, 'Down', 1, 0, 0, 0, 0, 0, 25, 0, 0, 5, null, 0, 0, 0, 1);
INSERT INTO card_events (event_id, event_name, uma_id, uma_name, category) VALUES (1731, '(❯❯) 『ごめんね』', 30195, 'ksmiracle', '連鎖事件');
INSERT INTO card_event_choices (choice_id, event_id, choice_label, chain_index, speed, stamina, strength, willpower, intelligence, hp, mood, skill_point, character_favor, event_condition, is_random_value, is_random_attribute, is_random_block_training, is_end_chained_event) VALUES (3054, 1731, 'Up', 2, 0, 0, 10, 0, 0, 0, 0, 15, 5, null, 0, 0, 0, 0);
INSERT INTO card_event_choices (choice_id, event_id, choice_label, chain_index, speed, stamina, strength, willpower, intelligence, hp, mood, skill_point, character_favor, event_condition, is_random_value, is_random_attribute, is_random_block_training, is_end_chained_event) VALUES (3055, 1731, 'Down', 2, 0, 0, 20, 0, 0, -5, 0, 0, 5, null, 0, 0, 0, 1);
INSERT INTO card_events (event_id, event_name, uma_id, uma_name, category) VALUES (1732, '(❯❯❯) 『どういたしまして！』', 30195, 'ksmiracle', '連鎖事件');
INSERT INTO card_event_choices (choice_id, event_id, choice_label, chain_index, speed, stamina, strength, willpower, intelligence, hp, mood, skill_point, character_favor, event_condition, is_random_value, is_random_attribute, is_random_block_training, is_end_chained_event) VALUES (3056, 1732, 'None', 3, 0, 0, 30, 15, 0, 0, 0, 0, 5, null, 1, 0, 0, 0);
INSERT INTO card_event_choices (choice_id, event_id, choice_label, chain_index, speed, stamina, strength, willpower, intelligence, hp, mood, skill_point, character_favor, event_condition, is_random_value, is_random_attribute, is_random_block_training, is_end_chained_event) VALUES (3057, 1732, 'None', 3, 0, 0, 20, 10, 0, 0, 0, 0, 5, null, 0, 0, 0, 0);
INSERT INTO card_events (event_id, event_name, uma_id, uma_name, category) VALUES (1733, 'やさしさくばり', 30195, 'ksmiracle', '隨機事件');
INSERT INTO card_event_choices (choice_id, event_id, choice_label, chain_index, speed, stamina, strength, willpower, intelligence, hp, mood, skill_point, character_favor, event_condition, is_random_value, is_random_attribute, is_random_block_training, is_end_chained_event) VALUES (3058, 1733, 'Up', 3, 5, 0, 5, 5, 0, 0, 0, 0, 5, null, 0, 0, 0, 0);
INSERT INTO card_event_choices (choice_id, event_id, choice_label, chain_index, speed, stamina, strength, willpower, intelligence, hp, mood, skill_point, character_favor, event_condition, is_random_value, is_random_attribute, is_random_block_training, is_end_chained_event) VALUES (3059, 1733, 'Down', 3, 0, 0, 0, 0, 0, 0, 2, 0, 5, null, 0, 0, 0, 0);
INSERT INTO card_events (event_id, event_name, uma_id, uma_name, category) VALUES (1734, 'ぬれてもへいき', 30195, 'ksmiracle', '隨機事件');
INSERT INTO card_event_choices (choice_id, event_id, choice_label, chain_index, speed, stamina, strength, willpower, intelligence, hp, mood, skill_point, character_favor, event_condition, is_random_value, is_random_attribute, is_random_block_training, is_end_chained_event) VALUES (3060, 1734, 'Up', 3, 0, 0, 0, 0, 20, 0, 0, 0, 5, null, 0, 0, 0, 0);
INSERT INTO card_event_choices (choice_id, event_id, choice_label, chain_index, speed, stamina, strength, willpower, intelligence, hp, mood, skill_point, character_favor, event_condition, is_random_value, is_random_attribute, is_random_block_training, is_end_chained_event) VALUES (3061, 1734, 'Down', 3, 0, 0, 0, 0, 0, 0, 0, 0, 5, null, 0, 0, 0, 0);
INSERT INTO card_table (count, uma_id, uma_name) VALUES (405, 30196, 'yamanin-zephyr');
INSERT INTO card_events (event_id, event_name, uma_id, uma_name, category) VALUES (1735, '(❯) 憧憬の風', 30196, 'yamanin-zephyr', '連鎖事件');
INSERT INTO card_event_choices (choice_id, event_id, choice_label, chain_index, speed, stamina, strength, willpower, intelligence, hp, mood, skill_point, character_favor, event_condition, is_random_value, is_random_attribute, is_random_block_training, is_end_chained_event) VALUES (3062, 1735, 'None', 1, 0, 0, 0, 0, 0, 10, 0, 0, 5, null, 0, 0, 0, 0);
INSERT INTO card_events (event_id, event_name, uma_id, uma_name, category) VALUES (1736, '(❯❯) 本音を聞かせて', 30196, 'yamanin-zephyr', '連鎖事件');
INSERT INTO card_event_choices (choice_id, event_id, choice_label, chain_index, speed, stamina, strength, willpower, intelligence, hp, mood, skill_point, character_favor, event_condition, is_random_value, is_random_attribute, is_random_block_training, is_end_chained_event) VALUES (3063, 1736, 'None', 2, 15, 0, 0, 0, 0, 10, 0, 0, 5, null, 0, 0, 0, 0);
INSERT INTO card_events (event_id, event_name, uma_id, uma_name, category) VALUES (1737, '(❯❯❯) あなたの止まり木', 30196, 'yamanin-zephyr', '連鎖事件');
INSERT INTO card_event_choices (choice_id, event_id, choice_label, chain_index, speed, stamina, strength, willpower, intelligence, hp, mood, skill_point, character_favor, event_condition, is_random_value, is_random_attribute, is_random_block_training, is_end_chained_event) VALUES (3064, 1737, 'None', 3, 25, 0, 10, 0, 0, 10, 0, 0, 5, null, 0, 0, 0, 0);
INSERT INTO card_events (event_id, event_name, uma_id, uma_name, category) VALUES (1738, '風は、自由', 30196, 'yamanin-zephyr', '隨機事件');
INSERT INTO card_event_choices (choice_id, event_id, choice_label, chain_index, speed, stamina, strength, willpower, intelligence, hp, mood, skill_point, character_favor, event_condition, is_random_value, is_random_attribute, is_random_block_training, is_end_chained_event) VALUES (3065, 1738, 'Up', 3, 10, 0, 0, 5, 0, 0, 0, 0, 5, null, 0, 0, 0, 0);
INSERT INTO card_event_choices (choice_id, event_id, choice_label, chain_index, speed, stamina, strength, willpower, intelligence, hp, mood, skill_point, character_favor, event_condition, is_random_value, is_random_attribute, is_random_block_training, is_end_chained_event) VALUES (3066, 1738, 'Down', 3, 0, 0, 0, 0, 0, 4, 0, 0, 5, null, 0, 0, 0, 0);
INSERT INTO card_events (event_id, event_name, uma_id, uma_name, category) VALUES (1739, '風は、果てなく', 30196, 'yamanin-zephyr', '隨機事件');
INSERT INTO card_event_choices (choice_id, event_id, choice_label, chain_index, speed, stamina, strength, willpower, intelligence, hp, mood, skill_point, character_favor, event_condition, is_random_value, is_random_attribute, is_random_block_training, is_end_chained_event) VALUES (3067, 1739, 'Up', 3, 3, 0, 3, 3, 0, 0, 0, 0, 5, null, 0, 0, 0, 0);
INSERT INTO card_event_choices (choice_id, event_id, choice_label, chain_index, speed, stamina, strength, willpower, intelligence, hp, mood, skill_point, character_favor, event_condition, is_random_value, is_random_attribute, is_random_block_training, is_end_chained_event) VALUES (3068, 1739, 'Down', 3, 0, 0, 0, 0, 0, 0, 0, 0, 5, null, 0, 0, 0, 0);
INSERT INTO card_table (count, uma_id, uma_name) VALUES (406, 30197, 'bamboo-memory');
INSERT INTO card_events (event_id, event_name, uma_id, uma_name, category) VALUES (1740, '(❯) じっとしてるなんて……無理っス！', 30197, 'bamboo-memory', '連鎖事件');
INSERT INTO card_event_choices (choice_id, event_id, choice_label, chain_index, speed, stamina, strength, willpower, intelligence, hp, mood, skill_point, character_favor, event_condition, is_random_value, is_random_attribute, is_random_block_training, is_end_chained_event) VALUES (3069, 1740, 'None', 1, 0, 0, 5, 5, 0, 0, 0, 0, 5, null, 0, 0, 0, 0);
INSERT INTO card_events (event_id, event_name, uma_id, uma_name, category) VALUES (1741, '(❯❯) 『みんな』でファイヤー！っス！', 30197, 'bamboo-memory', '連鎖事件');
INSERT INTO card_event_choices (choice_id, event_id, choice_label, chain_index, speed, stamina, strength, willpower, intelligence, hp, mood, skill_point, character_favor, event_condition, is_random_value, is_random_attribute, is_random_block_training, is_end_chained_event) VALUES (3070, 1741, 'None', 2, 0, 0, 10, 0, 0, 0, 0, 0, 5, null, 0, 0, 0, 0);
INSERT INTO card_events (event_id, event_name, uma_id, uma_name, category) VALUES (1742, '(❯❯❯) アンタに足りないのはコレっス！！', 30197, 'bamboo-memory', '連鎖事件');
INSERT INTO card_event_choices (choice_id, event_id, choice_label, chain_index, speed, stamina, strength, willpower, intelligence, hp, mood, skill_point, character_favor, event_condition, is_random_value, is_random_attribute, is_random_block_training, is_end_chained_event) VALUES (3071, 1742, 'None', 3, 0, 0, 5, 5, 0, 0, 0, 0, 5, null, 0, 0, 0, 0);
INSERT INTO card_events (event_id, event_name, uma_id, uma_name, category) VALUES (1743, 'ライバル、打倒っス！', 30197, 'bamboo-memory', '隨機事件');
INSERT INTO card_event_choices (choice_id, event_id, choice_label, chain_index, speed, stamina, strength, willpower, intelligence, hp, mood, skill_point, character_favor, event_condition, is_random_value, is_random_attribute, is_random_block_training, is_end_chained_event) VALUES (3072, 1743, 'Up', 3, 0, 0, 0, 10, 0, 0, 0, 0, 5, null, 0, 0, 0, 0);
INSERT INTO card_event_choices (choice_id, event_id, choice_label, chain_index, speed, stamina, strength, willpower, intelligence, hp, mood, skill_point, character_favor, event_condition, is_random_value, is_random_attribute, is_random_block_training, is_end_chained_event) VALUES (3073, 1743, 'Down', 3, 0, 0, 0, 0, 0, -1, 0, 0, 5, null, 0, 0, 0, 0);
INSERT INTO card_events (event_id, event_name, uma_id, uma_name, category) VALUES (1744, 'トラブル、上等っス！', 30197, 'bamboo-memory', '隨機事件');
INSERT INTO card_event_choices (choice_id, event_id, choice_label, chain_index, speed, stamina, strength, willpower, intelligence, hp, mood, skill_point, character_favor, event_condition, is_random_value, is_random_attribute, is_random_block_training, is_end_chained_event) VALUES (3074, 1744, 'Up', 3, 0, 5, 0, 5, 0, 0, 0, 0, 5, null, 0, 0, 0, 0);
INSERT INTO card_event_choices (choice_id, event_id, choice_label, chain_index, speed, stamina, strength, willpower, intelligence, hp, mood, skill_point, character_favor, event_condition, is_random_value, is_random_attribute, is_random_block_training, is_end_chained_event) VALUES (3075, 1744, 'Down', 3, 0, 0, 0, 0, 0, -10, 0, 0, 5, null, 0, 0, 0, 0);
INSERT INTO card_table (count, uma_id, uma_name) VALUES (407, 30198, 'neo-universe');
INSERT INTO card_events (event_id, event_name, uma_id, uma_name, category) VALUES (1745, '(❯) 宇宙大冒険（日帰り）', 30198, 'neo-universe', '連鎖事件');
INSERT INTO card_event_choices (choice_id, event_id, choice_label, chain_index, speed, stamina, strength, willpower, intelligence, hp, mood, skill_point, character_favor, event_condition, is_random_value, is_random_attribute, is_random_block_training, is_end_chained_event) VALUES (3076, 1745, 'Up', 1, 0, 0, 0, 0, 0, 5, 0, 15, 5, null, 0, 0, 0, 0);
INSERT INTO card_event_choices (choice_id, event_id, choice_label, chain_index, speed, stamina, strength, willpower, intelligence, hp, mood, skill_point, character_favor, event_condition, is_random_value, is_random_attribute, is_random_block_training, is_end_chained_event) VALUES (3077, 1745, 'Down', 1, 0, 0, 0, 0, 40, 0, 0, 0, 5, null, 0, 0, 0, 1);
INSERT INTO card_events (event_id, event_name, uma_id, uma_name, category) VALUES (1746, '(❯❯) “TAMA”探索ミッション', 30198, 'neo-universe', '連鎖事件');
INSERT INTO card_event_choices (choice_id, event_id, choice_label, chain_index, speed, stamina, strength, willpower, intelligence, hp, mood, skill_point, character_favor, event_condition, is_random_value, is_random_attribute, is_random_block_training, is_end_chained_event) VALUES (3078, 1746, 'Up', 2, 10, 0, 0, 0, 0, 10, 0, 0, 5, null, 0, 0, 0, 0);
INSERT INTO card_event_choices (choice_id, event_id, choice_label, chain_index, speed, stamina, strength, willpower, intelligence, hp, mood, skill_point, character_favor, event_condition, is_random_value, is_random_attribute, is_random_block_training, is_end_chained_event) VALUES (3079, 1746, 'Down', 2, 0, 0, 0, 0, 15, 0, 0, 0, 5, null, 0, 0, 0, 1);
INSERT INTO card_events (event_id, event_name, uma_id, uma_name, category) VALUES (1747, '(❯❯❯) 大豆は宇宙', 30198, 'neo-universe', '連鎖事件');
INSERT INTO card_event_choices (choice_id, event_id, choice_label, chain_index, speed, stamina, strength, willpower, intelligence, hp, mood, skill_point, character_favor, event_condition, is_random_value, is_random_attribute, is_random_block_training, is_end_chained_event) VALUES (3080, 1747, 'None', 3, 0, 0, 0, 0, 40, 0, 0, 0, 5, null, 1, 0, 0, 0);
INSERT INTO card_event_choices (choice_id, event_id, choice_label, chain_index, speed, stamina, strength, willpower, intelligence, hp, mood, skill_point, character_favor, event_condition, is_random_value, is_random_attribute, is_random_block_training, is_end_chained_event) VALUES (3081, 1747, 'None', 3, 0, 0, 0, 0, 25, 0, 0, 0, 5, null, 0, 0, 0, 0);
INSERT INTO card_events (event_id, event_name, uma_id, uma_name, category) VALUES (1748, '“観察者”との放課後', 30198, 'neo-universe', '隨機事件');
INSERT INTO card_event_choices (choice_id, event_id, choice_label, chain_index, speed, stamina, strength, willpower, intelligence, hp, mood, skill_point, character_favor, event_condition, is_random_value, is_random_attribute, is_random_block_training, is_end_chained_event) VALUES (3082, 1748, 'Up', 3, 0, 0, 0, 0, 20, 0, 0, 0, 5, null, 0, 0, 0, 0);
INSERT INTO card_event_choices (choice_id, event_id, choice_label, chain_index, speed, stamina, strength, willpower, intelligence, hp, mood, skill_point, character_favor, event_condition, is_random_value, is_random_attribute, is_random_block_training, is_end_chained_event) VALUES (3083, 1748, 'Down', 3, 0, 0, 0, 0, 0, -5, 0, 40, 5, null, 0, 0, 0, 0);
INSERT INTO card_events (event_id, event_name, uma_id, uma_name, category) VALUES (1749, '“観測者”との遭遇', 30198, 'neo-universe', '隨機事件');
INSERT INTO card_event_choices (choice_id, event_id, choice_label, chain_index, speed, stamina, strength, willpower, intelligence, hp, mood, skill_point, character_favor, event_condition, is_random_value, is_random_attribute, is_random_block_training, is_end_chained_event) VALUES (3084, 1749, 'Up', 3, 0, 0, 0, 0, 0, 0, 0, 0, 5, null, 0, 0, 0, 0);
INSERT INTO card_event_choices (choice_id, event_id, choice_label, chain_index, speed, stamina, strength, willpower, intelligence, hp, mood, skill_point, character_favor, event_condition, is_random_value, is_random_attribute, is_random_block_training, is_end_chained_event) VALUES (3085, 1749, 'Down', 3, 0, 0, 15, 0, 0, 0, 0, 0, 5, null, 0, 0, 0, 0);
INSERT INTO card_table (count, uma_id, uma_name) VALUES (408, 30199, 'hishi-miracle');
INSERT INTO card_events (event_id, event_name, uma_id, uma_name, category) VALUES (1750, '(❯) 普通に見えても……？', 30199, 'hishi-miracle', '連鎖事件');
INSERT INTO card_event_choices (choice_id, event_id, choice_label, chain_index, speed, stamina, strength, willpower, intelligence, hp, mood, skill_point, character_favor, event_condition, is_random_value, is_random_attribute, is_random_block_training, is_end_chained_event) VALUES (3086, 1750, 'Up', 1, 0, 20, 0, 0, 0, 0, 0, 0, 5, null, 0, 0, 0, 0);
INSERT INTO card_event_choices (choice_id, event_id, choice_label, chain_index, speed, stamina, strength, willpower, intelligence, hp, mood, skill_point, character_favor, event_condition, is_random_value, is_random_attribute, is_random_block_training, is_end_chained_event) VALUES (3087, 1750, 'Down', 1, 0, 0, 0, 0, 0, 25, 0, 0, 5, null, 0, 0, 0, 1);
INSERT INTO card_events (event_id, event_name, uma_id, uma_name, category) VALUES (1751, '(❯❯) 無意識の特技……？', 30199, 'hishi-miracle', '連鎖事件');
INSERT INTO card_event_choices (choice_id, event_id, choice_label, chain_index, speed, stamina, strength, willpower, intelligence, hp, mood, skill_point, character_favor, event_condition, is_random_value, is_random_attribute, is_random_block_training, is_end_chained_event) VALUES (3088, 1751, 'Up', 2, 0, 20, 0, 10, 0, 0, 0, 0, 5, null, 0, 0, 0, 0);
INSERT INTO card_event_choices (choice_id, event_id, choice_label, chain_index, speed, stamina, strength, willpower, intelligence, hp, mood, skill_point, character_favor, event_condition, is_random_value, is_random_attribute, is_random_block_training, is_end_chained_event) VALUES (3089, 1751, 'Down', 2, 0, 10, 0, 0, 0, 0, 0, 0, 5, null, 0, 0, 0, 1);
INSERT INTO card_events (event_id, event_name, uma_id, uma_name, category) VALUES (1752, '(❯❯❯) やっぱり普通だ！', 30199, 'hishi-miracle', '連鎖事件');
INSERT INTO card_event_choices (choice_id, event_id, choice_label, chain_index, speed, stamina, strength, willpower, intelligence, hp, mood, skill_point, character_favor, event_condition, is_random_value, is_random_attribute, is_random_block_training, is_end_chained_event) VALUES (3090, 1752, 'None', 3, 0, 25, 0, 0, 0, 0, 0, 15, 5, null, 1, 0, 0, 0);
INSERT INTO card_event_choices (choice_id, event_id, choice_label, chain_index, speed, stamina, strength, willpower, intelligence, hp, mood, skill_point, character_favor, event_condition, is_random_value, is_random_attribute, is_random_block_training, is_end_chained_event) VALUES (3091, 1752, 'None', 3, 0, 15, 0, 0, 0, 0, 0, 10, 5, null, 0, 0, 0, 0);
INSERT INTO card_events (event_id, event_name, uma_id, uma_name, category) VALUES (1753, 'まあ普通にめんどいけど', 30199, 'hishi-miracle', '隨機事件');
INSERT INTO card_event_choices (choice_id, event_id, choice_label, chain_index, speed, stamina, strength, willpower, intelligence, hp, mood, skill_point, character_favor, event_condition, is_random_value, is_random_attribute, is_random_block_training, is_end_chained_event) VALUES (3092, 1753, 'Up', 3, 0, 0, 0, 10, 0, 4, 0, 0, 5, null, 0, 0, 0, 0);
INSERT INTO card_event_choices (choice_id, event_id, choice_label, chain_index, speed, stamina, strength, willpower, intelligence, hp, mood, skill_point, character_favor, event_condition, is_random_value, is_random_attribute, is_random_block_training, is_end_chained_event) VALUES (3093, 1753, 'Down', 3, 0, 15, 0, 0, 0, 0, 0, 0, 5, null, 0, 0, 0, 0);
INSERT INTO card_events (event_id, event_name, uma_id, uma_name, category) VALUES (1754, 'まあ普通にがんばります', 30199, 'hishi-miracle', '隨機事件');
INSERT INTO card_event_choices (choice_id, event_id, choice_label, chain_index, speed, stamina, strength, willpower, intelligence, hp, mood, skill_point, character_favor, event_condition, is_random_value, is_random_attribute, is_random_block_training, is_end_chained_event) VALUES (3094, 1754, 'Up', 3, 0, 0, 0, 0, 0, 15, 0, 0, 5, null, 0, 0, 0, 0);
INSERT INTO card_event_choices (choice_id, event_id, choice_label, chain_index, speed, stamina, strength, willpower, intelligence, hp, mood, skill_point, character_favor, event_condition, is_random_value, is_random_attribute, is_random_block_training, is_end_chained_event) VALUES (3095, 1754, 'Down', 3, 0, 0, 0, 0, 0, 0, 0, 0, 5, null, 0, 0, 0, 0);
INSERT INTO card_table (count, uma_id, uma_name) VALUES (409, 30200, 'no-reason');
INSERT INTO card_events (event_id, event_name, uma_id, uma_name, category) VALUES (1755, '(❯) 愛されショーグン、見参！', 30200, 'no-reason', '連鎖事件');
INSERT INTO card_event_choices (choice_id, event_id, choice_label, chain_index, speed, stamina, strength, willpower, intelligence, hp, mood, skill_point, character_favor, event_condition, is_random_value, is_random_attribute, is_random_block_training, is_end_chained_event) VALUES (3096, 1755, 'Up', 1, 0, 0, 0, 10, 0, 0, 0, 0, 5, null, 0, 0, 0, 0);
INSERT INTO card_event_choices (choice_id, event_id, choice_label, chain_index, speed, stamina, strength, willpower, intelligence, hp, mood, skill_point, character_favor, event_condition, is_random_value, is_random_attribute, is_random_block_training, is_end_chained_event) VALUES (3097, 1755, 'Down', 1, 0, 0, 0, 0, 0, 10, 0, 0, 5, null, 0, 0, 0, 0);
INSERT INTO card_events (event_id, event_name, uma_id, uma_name, category) VALUES (1756, '(❯❯) うっかりショーグン、撃沈！', 30200, 'no-reason', '連鎖事件');
INSERT INTO card_event_choices (choice_id, event_id, choice_label, chain_index, speed, stamina, strength, willpower, intelligence, hp, mood, skill_point, character_favor, event_condition, is_random_value, is_random_attribute, is_random_block_training, is_end_chained_event) VALUES (3098, 1756, 'None', 2, 5, 0, 0, 5, 0, 0, 0, 0, 5, null, 0, 0, 0, 0);
INSERT INTO card_events (event_id, event_name, uma_id, uma_name, category) VALUES (1757, '(❯❯❯) これぞ天下の大将軍！', 30200, 'no-reason', '連鎖事件');
INSERT INTO card_event_choices (choice_id, event_id, choice_label, chain_index, speed, stamina, strength, willpower, intelligence, hp, mood, skill_point, character_favor, event_condition, is_random_value, is_random_attribute, is_random_block_training, is_end_chained_event) VALUES (3099, 1757, 'None', 3, 5, 0, 5, 5, 0, 0, 0, 0, 5, null, 0, 0, 0, 0);
INSERT INTO card_events (event_id, event_name, uma_id, uma_name, category) VALUES (1758, '甘味争奪合戦之巻', 30200, 'no-reason', '隨機事件');
INSERT INTO card_event_choices (choice_id, event_id, choice_label, chain_index, speed, stamina, strength, willpower, intelligence, hp, mood, skill_point, character_favor, event_condition, is_random_value, is_random_attribute, is_random_block_training, is_end_chained_event) VALUES (3100, 1758, 'Up', 3, 15, 0, 0, 0, 0, 0, 0, 0, 5, null, 0, 0, 0, 0);
INSERT INTO card_event_choices (choice_id, event_id, choice_label, chain_index, speed, stamina, strength, willpower, intelligence, hp, mood, skill_point, character_favor, event_condition, is_random_value, is_random_attribute, is_random_block_training, is_end_chained_event) VALUES (3101, 1758, 'Down', 3, 0, 0, 0, 0, 0, 0, 0, 0, 5, null, 0, 0, 0, 0);
INSERT INTO card_events (event_id, event_name, uma_id, uma_name, category) VALUES (1759, '昼休、避球試合之巻', 30200, 'no-reason', '隨機事件');
INSERT INTO card_event_choices (choice_id, event_id, choice_label, chain_index, speed, stamina, strength, willpower, intelligence, hp, mood, skill_point, character_favor, event_condition, is_random_value, is_random_attribute, is_random_block_training, is_end_chained_event) VALUES (3102, 1759, 'Up', 3, 25, 0, 0, 0, 0, -5, 0, 0, 5, null, 0, 0, 0, 0);
INSERT INTO card_event_choices (choice_id, event_id, choice_label, chain_index, speed, stamina, strength, willpower, intelligence, hp, mood, skill_point, character_favor, event_condition, is_random_value, is_random_attribute, is_random_block_training, is_end_chained_event) VALUES (3103, 1759, 'Down', 3, 0, 0, 15, 0, 0, 0, 0, 0, 5, null, 0, 0, 0, 0);
INSERT INTO card_table (count, uma_id, uma_name) VALUES (410, 30201, 'narita-taishin');
INSERT INTO card_events (event_id, event_name, uma_id, uma_name, category) VALUES (1760, '(❯) 1人でだって', 30201, 'narita-taishin', '連鎖事件');
INSERT INTO card_event_choices (choice_id, event_id, choice_label, chain_index, speed, stamina, strength, willpower, intelligence, hp, mood, skill_point, character_favor, event_condition, is_random_value, is_random_attribute, is_random_block_training, is_end_chained_event) VALUES (3104, 1760, 'Up', 1, 0, 0, 0, 0, 10, 0, 0, 0, 5, null, 0, 0, 0, 0);
INSERT INTO card_event_choices (choice_id, event_id, choice_label, chain_index, speed, stamina, strength, willpower, intelligence, hp, mood, skill_point, character_favor, event_condition, is_random_value, is_random_attribute, is_random_block_training, is_end_chained_event) VALUES (3105, 1760, 'Down', 1, 10, 0, 0, 0, 0, 0, 0, 0, 5, null, 0, 0, 0, 0);
INSERT INTO card_events (event_id, event_name, uma_id, uma_name, category) VALUES (1761, '(❯❯) 周りに目を向けて', 30201, 'narita-taishin', '連鎖事件');
INSERT INTO card_event_choices (choice_id, event_id, choice_label, chain_index, speed, stamina, strength, willpower, intelligence, hp, mood, skill_point, character_favor, event_condition, is_random_value, is_random_attribute, is_random_block_training, is_end_chained_event) VALUES (3106, 1761, 'None', 2, 0, 0, 0, 0, 15, 15, 0, 0, 5, null, 1, 0, 0, 0);
INSERT INTO card_event_choices (choice_id, event_id, choice_label, chain_index, speed, stamina, strength, willpower, intelligence, hp, mood, skill_point, character_favor, event_condition, is_random_value, is_random_attribute, is_random_block_training, is_end_chained_event) VALUES (3107, 1761, 'None', 2, 0, 0, 0, 0, 15, 0, 0, 0, 5, null, 0, 0, 0, 0);
INSERT INTO card_events (event_id, event_name, uma_id, uma_name, category) VALUES (1762, '(❯❯❯) 助ける番', 30201, 'narita-taishin', '連鎖事件');
INSERT INTO card_event_choices (choice_id, event_id, choice_label, chain_index, speed, stamina, strength, willpower, intelligence, hp, mood, skill_point, character_favor, event_condition, is_random_value, is_random_attribute, is_random_block_training, is_end_chained_event) VALUES (3108, 1762, 'Up', 3, 15, 0, 0, 0, 30, 0, 0, 0, 5, null, 0, 0, 0, 0);
INSERT INTO card_event_choices (choice_id, event_id, choice_label, chain_index, speed, stamina, strength, willpower, intelligence, hp, mood, skill_point, character_favor, event_condition, is_random_value, is_random_attribute, is_random_block_training, is_end_chained_event) VALUES (3109, 1762, 'Down', 3, 7, 0, 0, 0, 7, 0, 0, 30, 5, null, 0, 0, 0, 0);
INSERT INTO card_events (event_id, event_name, uma_id, uma_name, category) VALUES (1763, '別に、ほっといて', 30201, 'narita-taishin', '隨機事件');
INSERT INTO card_event_choices (choice_id, event_id, choice_label, chain_index, speed, stamina, strength, willpower, intelligence, hp, mood, skill_point, character_favor, event_condition, is_random_value, is_random_attribute, is_random_block_training, is_end_chained_event) VALUES (3110, 1763, 'Up', 3, 0, 5, 0, 0, 0, 0, 0, 15, 5, null, 0, 0, 0, 0);
INSERT INTO card_event_choices (choice_id, event_id, choice_label, chain_index, speed, stamina, strength, willpower, intelligence, hp, mood, skill_point, character_favor, event_condition, is_random_value, is_random_attribute, is_random_block_training, is_end_chained_event) VALUES (3111, 1763, 'Down', 3, 0, 0, 5, 0, 0, 0, 0, 15, 5, null, 0, 0, 0, 0);
INSERT INTO card_events (event_id, event_name, uma_id, uma_name, category) VALUES (1764, '別に、邪魔しないで', 30201, 'narita-taishin', '隨機事件');
INSERT INTO card_event_choices (choice_id, event_id, choice_label, chain_index, speed, stamina, strength, willpower, intelligence, hp, mood, skill_point, character_favor, event_condition, is_random_value, is_random_attribute, is_random_block_training, is_end_chained_event) VALUES (3112, 1764, 'Up', 3, 0, 0, 0, 0, 0, 0, 0, 0, 5, null, 0, 0, 0, 0);
INSERT INTO card_event_choices (choice_id, event_id, choice_label, chain_index, speed, stamina, strength, willpower, intelligence, hp, mood, skill_point, character_favor, event_condition, is_random_value, is_random_attribute, is_random_block_training, is_end_chained_event) VALUES (3113, 1764, 'Down', 3, 0, 0, 0, 0, 0, 0, 0, 30, 5, null, 0, 0, 0, 0);
INSERT INTO card_table (count, uma_id, uma_name) VALUES (411, 30202, 'vodka');
INSERT INTO card_events (event_id, event_name, uma_id, uma_name, category) VALUES (1765, '(❯) 子どものハートに火をつけろ！', 30202, 'vodka', '連鎖事件');
INSERT INTO card_event_choices (choice_id, event_id, choice_label, chain_index, speed, stamina, strength, willpower, intelligence, hp, mood, skill_point, character_favor, event_condition, is_random_value, is_random_attribute, is_random_block_training, is_end_chained_event) VALUES (3114, 1765, 'None', 1, 5, 0, 5, 10, 0, 0, 0, 0, 5, null, 0, 0, 0, 0);
INSERT INTO card_events (event_id, event_name, uma_id, uma_name, category) VALUES (1766, '(❯❯) 俺のノーティ・キッズ', 30202, 'vodka', '連鎖事件');
INSERT INTO card_event_choices (choice_id, event_id, choice_label, chain_index, speed, stamina, strength, willpower, intelligence, hp, mood, skill_point, character_favor, event_condition, is_random_value, is_random_attribute, is_random_block_training, is_end_chained_event) VALUES (3115, 1766, 'Up', 2, 0, 0, 0, 10, 0, 10, 0, 0, 5, null, 0, 0, 0, 0);
INSERT INTO card_event_choices (choice_id, event_id, choice_label, chain_index, speed, stamina, strength, willpower, intelligence, hp, mood, skill_point, character_favor, event_condition, is_random_value, is_random_attribute, is_random_block_training, is_end_chained_event) VALUES (3116, 1766, 'Down', 2, 0, 0, 0, 15, 0, 0, 0, 0, 5, null, 0, 0, 0, 1);
INSERT INTO card_events (event_id, event_name, uma_id, uma_name, category) VALUES (1767, '(❯❯❯) 俺なりにストレート！！', 30202, 'vodka', '連鎖事件');
INSERT INTO card_event_choices (choice_id, event_id, choice_label, chain_index, speed, stamina, strength, willpower, intelligence, hp, mood, skill_point, character_favor, event_condition, is_random_value, is_random_attribute, is_random_block_training, is_end_chained_event) VALUES (3117, 1767, 'None', 3, 7, 0, 7, 10, 0, 0, 0, 0, 5, null, 0, 0, 0, 0);
INSERT INTO card_events (event_id, event_name, uma_id, uma_name, category) VALUES (1768, '憧れのセリフ', 30202, 'vodka', '隨機事件');
INSERT INTO card_event_choices (choice_id, event_id, choice_label, chain_index, speed, stamina, strength, willpower, intelligence, hp, mood, skill_point, character_favor, event_condition, is_random_value, is_random_attribute, is_random_block_training, is_end_chained_event) VALUES (3118, 1768, 'Up', 3, 0, 0, 10, 0, 0, 0, 0, 0, 5, null, 0, 0, 0, 0);
INSERT INTO card_event_choices (choice_id, event_id, choice_label, chain_index, speed, stamina, strength, willpower, intelligence, hp, mood, skill_point, character_favor, event_condition, is_random_value, is_random_attribute, is_random_block_training, is_end_chained_event) VALUES (3119, 1768, 'Down', 3, 0, 0, 5, 0, 0, 0, 0, 15, 5, null, 0, 0, 0, 0);
INSERT INTO card_events (event_id, event_name, uma_id, uma_name, category) VALUES (1769, '大通りの強敵', 30202, 'vodka', '隨機事件');
INSERT INTO card_event_choices (choice_id, event_id, choice_label, chain_index, speed, stamina, strength, willpower, intelligence, hp, mood, skill_point, character_favor, event_condition, is_random_value, is_random_attribute, is_random_block_training, is_end_chained_event) VALUES (3120, 1769, 'Up', 3, 0, 0, 0, 0, 0, 0, 0, 0, 5, null, 0, 0, 0, 0);
INSERT INTO card_event_choices (choice_id, event_id, choice_label, chain_index, speed, stamina, strength, willpower, intelligence, hp, mood, skill_point, character_favor, event_condition, is_random_value, is_random_attribute, is_random_block_training, is_end_chained_event) VALUES (3121, 1769, 'Down', 3, 0, 0, 5, 0, 0, 0, 0, 15, 5, null, 0, 0, 0, 0);
INSERT INTO card_table (count, uma_id, uma_name) VALUES (412, 30203, 'jungle-pocket');
INSERT INTO card_events (event_id, event_name, uma_id, uma_name, category) VALUES (1770, '(❯) 新月は満ちる', 30203, 'jungle-pocket', '連鎖事件');
INSERT INTO card_event_choices (choice_id, event_id, choice_label, chain_index, speed, stamina, strength, willpower, intelligence, hp, mood, skill_point, character_favor, event_condition, is_random_value, is_random_attribute, is_random_block_training, is_end_chained_event) VALUES (3122, 1770, 'Up', 1, 0, 0, 10, 0, 0, 0, 0, 0, 5, null, 0, 0, 0, 0);
INSERT INTO card_event_choices (choice_id, event_id, choice_label, chain_index, speed, stamina, strength, willpower, intelligence, hp, mood, skill_point, character_favor, event_condition, is_random_value, is_random_attribute, is_random_block_training, is_end_chained_event) VALUES (3123, 1770, 'Down', 1, 0, 0, 0, 0, 0, 0, 0, 20, 5, null, 0, 0, 0, 1);
INSERT INTO card_events (event_id, event_name, uma_id, uma_name, category) VALUES (1771, '(❯❯) 時雨のように', 30203, 'jungle-pocket', '連鎖事件');
INSERT INTO card_event_choices (choice_id, event_id, choice_label, chain_index, speed, stamina, strength, willpower, intelligence, hp, mood, skill_point, character_favor, event_condition, is_random_value, is_random_attribute, is_random_block_training, is_end_chained_event) VALUES (3124, 1771, 'None', 2, 0, 5, 5, 0, 0, 0, 0, 0, 5, null, 0, 0, 0, 0);
INSERT INTO card_events (event_id, event_name, uma_id, uma_name, category) VALUES (1772, '(❯❯❯) 代演者はいらない', 30203, 'jungle-pocket', '連鎖事件');
INSERT INTO card_event_choices (choice_id, event_id, choice_label, chain_index, speed, stamina, strength, willpower, intelligence, hp, mood, skill_point, character_favor, event_condition, is_random_value, is_random_attribute, is_random_block_training, is_end_chained_event) VALUES (3125, 1772, 'None', 3, 0, 5, 5, 0, 0, 0, 0, 0, 5, null, 0, 0, 0, 0);
INSERT INTO card_events (event_id, event_name, uma_id, uma_name, category) VALUES (1773, '“闘叫”（トーキョー）の鬼', 30203, 'jungle-pocket', '隨機事件');
INSERT INTO card_event_choices (choice_id, event_id, choice_label, chain_index, speed, stamina, strength, willpower, intelligence, hp, mood, skill_point, character_favor, event_condition, is_random_value, is_random_attribute, is_random_block_training, is_end_chained_event) VALUES (3126, 1773, 'Up', 3, 0, 0, 15, 0, 0, 0, 0, 0, 5, null, 0, 0, 0, 0);
INSERT INTO card_event_choices (choice_id, event_id, choice_label, chain_index, speed, stamina, strength, willpower, intelligence, hp, mood, skill_point, character_favor, event_condition, is_random_value, is_random_attribute, is_random_block_training, is_end_chained_event) VALUES (3127, 1773, 'Down', 3, 15, 10, 0, 0, 0, -10, 0, 0, 5, null, 0, 0, 0, 0);
INSERT INTO card_events (event_id, event_name, uma_id, uma_name, category) VALUES (1774, '“魔術”（マジック）みてぇに', 30203, 'jungle-pocket', '隨機事件');
INSERT INTO card_event_choices (choice_id, event_id, choice_label, chain_index, speed, stamina, strength, willpower, intelligence, hp, mood, skill_point, character_favor, event_condition, is_random_value, is_random_attribute, is_random_block_training, is_end_chained_event) VALUES (3128, 1774, 'Up', 3, 0, 15, 0, 0, 0, 0, 0, 0, 5, null, 0, 0, 0, 0);
INSERT INTO card_event_choices (choice_id, event_id, choice_label, chain_index, speed, stamina, strength, willpower, intelligence, hp, mood, skill_point, character_favor, event_condition, is_random_value, is_random_attribute, is_random_block_training, is_end_chained_event) VALUES (3129, 1774, 'Down', 3, 0, 0, 0, 0, 0, 0, 0, 0, 5, null, 0, 0, 0, 0);
INSERT INTO card_table (count, uma_id, uma_name) VALUES (413, 30204, 'seiun-sky');
INSERT INTO card_events (event_id, event_name, uma_id, uma_name, category) VALUES (1775, '(❯) どうぞ、お気になさらず', 30204, 'seiun-sky', '連鎖事件');
INSERT INTO card_event_choices (choice_id, event_id, choice_label, chain_index, speed, stamina, strength, willpower, intelligence, hp, mood, skill_point, character_favor, event_condition, is_random_value, is_random_attribute, is_random_block_training, is_end_chained_event) VALUES (3130, 1775, 'None', 1, 0, 10, 10, 0, 0, 0, 0, 0, 15, null, 1, 0, 0, 0);
INSERT INTO card_event_choices (choice_id, event_id, choice_label, chain_index, speed, stamina, strength, willpower, intelligence, hp, mood, skill_point, character_favor, event_condition, is_random_value, is_random_attribute, is_random_block_training, is_end_chained_event) VALUES (3131, 1775, 'None', 1, 0, 0, 5, 0, 0, 0, 0, 0, 5, null, 0, 0, 0, 0);
INSERT INTO card_events (event_id, event_name, uma_id, uma_name, category) VALUES (1776, '(❯❯) そぶりも、見せず', 30204, 'seiun-sky', '連鎖事件');
INSERT INTO card_event_choices (choice_id, event_id, choice_label, chain_index, speed, stamina, strength, willpower, intelligence, hp, mood, skill_point, character_favor, event_condition, is_random_value, is_random_attribute, is_random_block_training, is_end_chained_event) VALUES (3132, 1776, 'Up', 2, 0, 0, 0, 0, 0, 0, 0, 15, 5, null, 0, 0, 0, 0);
INSERT INTO card_event_choices (choice_id, event_id, choice_label, chain_index, speed, stamina, strength, willpower, intelligence, hp, mood, skill_point, character_favor, event_condition, is_random_value, is_random_attribute, is_random_block_training, is_end_chained_event) VALUES (3133, 1776, 'Down', 2, 0, 5, 10, 0, 0, 0, 0, 0, 5, null, 0, 0, 0, 0);
INSERT INTO card_events (event_id, event_name, uma_id, uma_name, category) VALUES (1777, '(❯❯❯) 誰にも、悟られず', 30204, 'seiun-sky', '連鎖事件');
INSERT INTO card_event_choices (choice_id, event_id, choice_label, chain_index, speed, stamina, strength, willpower, intelligence, hp, mood, skill_point, character_favor, event_condition, is_random_value, is_random_attribute, is_random_block_training, is_end_chained_event) VALUES (3134, 1777, 'None', 3, 0, 15, 30, 0, 0, 0, 0, 0, 5, null, 1, 0, 0, 0);
INSERT INTO card_event_choices (choice_id, event_id, choice_label, chain_index, speed, stamina, strength, willpower, intelligence, hp, mood, skill_point, character_favor, event_condition, is_random_value, is_random_attribute, is_random_block_training, is_end_chained_event) VALUES (3135, 1777, 'None', 3, 0, 10, 20, 0, 0, 0, 0, 0, 5, null, 0, 0, 0, 0);
INSERT INTO card_events (event_id, event_name, uma_id, uma_name, category) VALUES (1778, 'ゆる募、ネコの捕まえ方', 30204, 'seiun-sky', '隨機事件');
INSERT INTO card_event_choices (choice_id, event_id, choice_label, chain_index, speed, stamina, strength, willpower, intelligence, hp, mood, skill_point, character_favor, event_condition, is_random_value, is_random_attribute, is_random_block_training, is_end_chained_event) VALUES (3136, 1778, 'Up', 3, 0, 0, 0, 0, 5, 10, 0, 0, 5, null, 0, 0, 0, 0);
INSERT INTO card_event_choices (choice_id, event_id, choice_label, chain_index, speed, stamina, strength, willpower, intelligence, hp, mood, skill_point, character_favor, event_condition, is_random_value, is_random_attribute, is_random_block_training, is_end_chained_event) VALUES (3137, 1778, 'Down', 3, 15, 5, 0, 0, 0, -10, 0, 0, 5, null, 0, 0, 0, 0);
INSERT INTO card_events (event_id, event_name, uma_id, uma_name, category) VALUES (1779, 'ゆる募、助言者', 30204, 'seiun-sky', '隨機事件');
INSERT INTO card_event_choices (choice_id, event_id, choice_label, chain_index, speed, stamina, strength, willpower, intelligence, hp, mood, skill_point, character_favor, event_condition, is_random_value, is_random_attribute, is_random_block_training, is_end_chained_event) VALUES (3138, 1779, 'Up', 3, 0, 0, 0, 0, 15, 0, 0, 0, 5, null, 0, 0, 0, 0);
INSERT INTO card_event_choices (choice_id, event_id, choice_label, chain_index, speed, stamina, strength, willpower, intelligence, hp, mood, skill_point, character_favor, event_condition, is_random_value, is_random_attribute, is_random_block_training, is_end_chained_event) VALUES (3139, 1779, 'Down', 3, 0, 0, 0, 0, 0, 0, 0, 0, 5, null, 0, 0, 0, 0);
INSERT INTO card_table (count, uma_id, uma_name) VALUES (414, 30205, 'verxina');
INSERT INTO card_events (event_id, event_name, uma_id, uma_name, category) VALUES (1780, '(❯) あの頂を越えるため', 30205, 'verxina', '連鎖事件');
INSERT INTO card_event_choices (choice_id, event_id, choice_label, chain_index, speed, stamina, strength, willpower, intelligence, hp, mood, skill_point, character_favor, event_condition, is_random_value, is_random_attribute, is_random_block_training, is_end_chained_event) VALUES (3140, 1780, 'None', 1, 10, 0, 0, 0, 0, 0, 0, 0, 5, null, 0, 0, 0, 0);
INSERT INTO card_events (event_id, event_name, uma_id, uma_name, category) VALUES (1781, '(❯❯) デカめのファイルをzip形式で', 30205, 'verxina', '連鎖事件');
INSERT INTO card_event_choices (choice_id, event_id, choice_label, chain_index, speed, stamina, strength, willpower, intelligence, hp, mood, skill_point, character_favor, event_condition, is_random_value, is_random_attribute, is_random_block_training, is_end_chained_event) VALUES (3141, 1781, 'Up', 2, 10, 0, 0, 0, 0, 0, 0, 0, 5, null, 0, 0, 0, 0);
INSERT INTO card_event_choices (choice_id, event_id, choice_label, chain_index, speed, stamina, strength, willpower, intelligence, hp, mood, skill_point, character_favor, event_condition, is_random_value, is_random_attribute, is_random_block_training, is_end_chained_event) VALUES (3142, 1781, 'Down', 2, 0, 0, 0, 0, 0, 0, 0, 25, 5, null, 0, 0, 0, 1);
INSERT INTO card_events (event_id, event_name, uma_id, uma_name, category) VALUES (1782, '(❯❯❯) その一輪、凜と咲く', 30205, 'verxina', '連鎖事件');
INSERT INTO card_event_choices (choice_id, event_id, choice_label, chain_index, speed, stamina, strength, willpower, intelligence, hp, mood, skill_point, character_favor, event_condition, is_random_value, is_random_attribute, is_random_block_training, is_end_chained_event) VALUES (3143, 1782, 'None', 3, 10, 0, 5, 0, 0, 0, 0, 0, 5, null, 0, 0, 0, 0);
INSERT INTO card_events (event_id, event_name, uma_id, uma_name, category) VALUES (1783, '女王様の意外な一面', 30205, 'verxina', '隨機事件');
INSERT INTO card_event_choices (choice_id, event_id, choice_label, chain_index, speed, stamina, strength, willpower, intelligence, hp, mood, skill_point, character_favor, event_condition, is_random_value, is_random_attribute, is_random_block_training, is_end_chained_event) VALUES (3144, 1783, 'Up', 3, 0, 0, 0, 30, 0, -10, 0, 0, 5, null, 0, 0, 0, 0);
INSERT INTO card_event_choices (choice_id, event_id, choice_label, chain_index, speed, stamina, strength, willpower, intelligence, hp, mood, skill_point, character_favor, event_condition, is_random_value, is_random_attribute, is_random_block_training, is_end_chained_event) VALUES (3145, 1783, 'Down', 3, 0, 0, 0, 0, 0, 15, 0, 0, 5, null, 0, 0, 0, 0);
INSERT INTO card_events (event_id, event_name, uma_id, uma_name, category) VALUES (1784, '女王様にふさわしいもの', 30205, 'verxina', '隨機事件');
INSERT INTO card_event_choices (choice_id, event_id, choice_label, chain_index, speed, stamina, strength, willpower, intelligence, hp, mood, skill_point, character_favor, event_condition, is_random_value, is_random_attribute, is_random_block_training, is_end_chained_event) VALUES (3146, 1784, 'Up', 3, 0, 0, 0, 0, 0, 0, 0, 0, 5, null, 0, 0, 0, 0);
INSERT INTO card_event_choices (choice_id, event_id, choice_label, chain_index, speed, stamina, strength, willpower, intelligence, hp, mood, skill_point, character_favor, event_condition, is_random_value, is_random_attribute, is_random_block_training, is_end_chained_event) VALUES (3147, 1784, 'Down', 3, 10, 0, 5, 0, 0, 0, 0, 0, 5, null, 0, 0, 0, 0);
INSERT INTO card_table (count, uma_id, uma_name) VALUES (415, 30206, 'vivlos');
INSERT INTO card_events (event_id, event_name, uma_id, uma_name, category) VALUES (1785, '(❯) ヴィブ・ラ・フランス♪', 30206, 'vivlos', '連鎖事件');
INSERT INTO card_event_choices (choice_id, event_id, choice_label, chain_index, speed, stamina, strength, willpower, intelligence, hp, mood, skill_point, character_favor, event_condition, is_random_value, is_random_attribute, is_random_block_training, is_end_chained_event) VALUES (3148, 1785, 'None', 1, 5, 0, 5, 0, 0, 10, 0, 0, 10, null, 0, 0, 0, 0);
INSERT INTO card_events (event_id, event_name, uma_id, uma_name, category) VALUES (1786, '(❯❯) スキップを止めないで', 30206, 'vivlos', '連鎖事件');
INSERT INTO card_event_choices (choice_id, event_id, choice_label, chain_index, speed, stamina, strength, willpower, intelligence, hp, mood, skill_point, character_favor, event_condition, is_random_value, is_random_attribute, is_random_block_training, is_end_chained_event) VALUES (3149, 1786, 'None', 2, 5, 0, 5, 0, 0, 10, 0, 0, 10, '幸運體質', 0, 0, 0, 0);
INSERT INTO card_events (event_id, event_name, uma_id, uma_name, category) VALUES (1787, '(❯❯❯) 夢見る私の手を取って', 30206, 'vivlos', '連鎖事件');
INSERT INTO card_event_choices (choice_id, event_id, choice_label, chain_index, speed, stamina, strength, willpower, intelligence, hp, mood, skill_point, character_favor, event_condition, is_random_value, is_random_attribute, is_random_block_training, is_end_chained_event) VALUES (3150, 1787, 'None', 3, 15, 0, 15, 0, 0, 10, 0, 0, 10, null, 0, 0, 0, 0);
INSERT INTO card_events (event_id, event_name, uma_id, uma_name, category) VALUES (1788, 'いつの間にかあまーい時間♪', 30206, 'vivlos', '隨機事件');
INSERT INTO card_event_choices (choice_id, event_id, choice_label, chain_index, speed, stamina, strength, willpower, intelligence, hp, mood, skill_point, character_favor, event_condition, is_random_value, is_random_attribute, is_random_block_training, is_end_chained_event) VALUES (3151, 1788, 'Up', 3, 0, 0, 25, 0, 0, -5, 0, 0, 5, null, 0, 0, 0, 0);
INSERT INTO card_event_choices (choice_id, event_id, choice_label, chain_index, speed, stamina, strength, willpower, intelligence, hp, mood, skill_point, character_favor, event_condition, is_random_value, is_random_attribute, is_random_block_training, is_end_chained_event) VALUES (3152, 1788, 'Down', 3, 0, 0, 0, 15, 0, 0, 0, 0, 5, null, 0, 0, 0, 0);
INSERT INTO card_events (event_id, event_name, uma_id, uma_name, category) VALUES (1789, 'いつの日にかキラキラセレブ♪', 30206, 'vivlos', '隨機事件');
INSERT INTO card_event_choices (choice_id, event_id, choice_label, chain_index, speed, stamina, strength, willpower, intelligence, hp, mood, skill_point, character_favor, event_condition, is_random_value, is_random_attribute, is_random_block_training, is_end_chained_event) VALUES (3153, 1789, 'Up', 3, 0, 0, 0, 0, 0, 0, 0, 0, 5, null, 0, 0, 0, 0);
INSERT INTO card_event_choices (choice_id, event_id, choice_label, chain_index, speed, stamina, strength, willpower, intelligence, hp, mood, skill_point, character_favor, event_condition, is_random_value, is_random_attribute, is_random_block_training, is_end_chained_event) VALUES (3154, 1789, 'Down', 3, 0, 0, 10, 0, 0, 0, 0, 0, 5, null, 0, 0, 0, 0);
INSERT INTO card_table (count, uma_id, uma_name) VALUES (416, 30207, 'yayoi-akikawa');
INSERT INTO card_events (event_id, event_name, uma_id, uma_name, category) VALUES (1790, '(❯) 提案ッ！まずはご褒美を！', 30207, 'yayoi-akikawa', '外出');
INSERT INTO card_event_choices (choice_id, event_id, choice_label, chain_index, speed, stamina, strength, willpower, intelligence, hp, mood, skill_point, character_favor, event_condition, is_random_value, is_random_attribute, is_random_block_training, is_end_chained_event) VALUES (3155, 1790, 'None', 1, 0, 0, 0, 20, 0, 30, 1, 0, 5, null, 0, 0, 0, 0);
INSERT INTO card_events (event_id, event_name, uma_id, uma_name, category) VALUES (1791, '(❯❯) 堪能ッ！もふもふモーモー！', 30207, 'yayoi-akikawa', '外出');
INSERT INTO card_event_choices (choice_id, event_id, choice_label, chain_index, speed, stamina, strength, willpower, intelligence, hp, mood, skill_point, character_favor, event_condition, is_random_value, is_random_attribute, is_random_block_training, is_end_chained_event) VALUES (3156, 1791, 'None', 2, 10, 0, 0, 10, 0, 30, 1, 0, 5, 'Snack Time', 0, 0, 0, 0);
INSERT INTO card_events (event_id, event_name, uma_id, uma_name, category) VALUES (1792, '(❯❯❯) 記憶ッ！蘇るはあの日のこと', 30207, 'yayoi-akikawa', '外出');
INSERT INTO card_event_choices (choice_id, event_id, choice_label, chain_index, speed, stamina, strength, willpower, intelligence, hp, mood, skill_point, character_favor, event_condition, is_random_value, is_random_attribute, is_random_block_training, is_end_chained_event) VALUES (3157, 1792, 'Up', 3, 0, 0, 0, 0, 0, 43, 1, 0, 5, null, 0, 0, 0, 0);
INSERT INTO card_event_choices (choice_id, event_id, choice_label, chain_index, speed, stamina, strength, willpower, intelligence, hp, mood, skill_point, character_favor, event_condition, is_random_value, is_random_attribute, is_random_block_training, is_end_chained_event) VALUES (3158, 1792, 'Down', 3, 0, 0, 0, 29, 0, 0, 1, 0, 5, null, 0, 0, 0, 0);
INSERT INTO card_events (event_id, event_name, uma_id, uma_name, category) VALUES (1793, '(❯❯❯❯) 邂逅ッ！同じ空の下で', 30207, 'yayoi-akikawa', '外出');
INSERT INTO card_event_choices (choice_id, event_id, choice_label, chain_index, speed, stamina, strength, willpower, intelligence, hp, mood, skill_point, character_favor, event_condition, is_random_value, is_random_attribute, is_random_block_training, is_end_chained_event) VALUES (3159, 1793, 'None', 4, 0, 0, 0, 25, 0, 30, 1, 0, 5, null, 0, 0, 0, 0);
INSERT INTO card_events (event_id, event_name, uma_id, uma_name, category) VALUES (1794, '(❯❯❯❯❯) 展望ッ！これからのわたしと君と', 30207, 'yayoi-akikawa', '外出');
INSERT INTO card_event_choices (choice_id, event_id, choice_label, chain_index, speed, stamina, strength, willpower, intelligence, hp, mood, skill_point, character_favor, event_condition, is_random_value, is_random_attribute, is_random_block_training, is_end_chained_event) VALUES (3160, 1794, 'None', 5, 0, 0, 0, 36, 0, 30, 1, 0, 5, 'Snack Time', 1, 0, 0, 0);
INSERT INTO card_event_choices (choice_id, event_id, choice_label, chain_index, speed, stamina, strength, willpower, intelligence, hp, mood, skill_point, character_favor, event_condition, is_random_value, is_random_attribute, is_random_block_training, is_end_chained_event) VALUES (3161, 1794, 'None', 5, 0, 0, 0, 24, 0, 26, 1, 0, 5, 'Snack Time', 0, 0, 0, 0);
INSERT INTO card_events (event_id, event_name, uma_id, uma_name, category) VALUES (1795, '出題ッ！理事長チェック！', 30207, 'yayoi-akikawa', '隨機事件');
INSERT INTO card_event_choices (choice_id, event_id, choice_label, chain_index, speed, stamina, strength, willpower, intelligence, hp, mood, skill_point, character_favor, event_condition, is_random_value, is_random_attribute, is_random_block_training, is_end_chained_event) VALUES (3162, 1795, 'Up', 5, 0, 0, 0, 20, 0, 0, 0, 0, 5, null, 0, 0, 0, 0);
INSERT INTO card_event_choices (choice_id, event_id, choice_label, chain_index, speed, stamina, strength, willpower, intelligence, hp, mood, skill_point, character_favor, event_condition, is_random_value, is_random_attribute, is_random_block_training, is_end_chained_event) VALUES (3163, 1795, 'Down', 5, 0, 8, 0, 0, 0, 7, 0, 0, 5, null, 0, 0, 0, 0);
INSERT INTO card_events (event_id, event_name, uma_id, uma_name, category) VALUES (1796, '計画ッ！トレセンランド（仮）', 30207, 'yayoi-akikawa', '隨機事件');
INSERT INTO card_event_choices (choice_id, event_id, choice_label, chain_index, speed, stamina, strength, willpower, intelligence, hp, mood, skill_point, character_favor, event_condition, is_random_value, is_random_attribute, is_random_block_training, is_end_chained_event) VALUES (3164, 1796, 'Up', 5, 0, 0, 0, 0, 0, 25, 1, 0, 5, 'Snack Time', 0, 0, 0, 0);
INSERT INTO card_event_choices (choice_id, event_id, choice_label, chain_index, speed, stamina, strength, willpower, intelligence, hp, mood, skill_point, character_favor, event_condition, is_random_value, is_random_attribute, is_random_block_training, is_end_chained_event) VALUES (3165, 1796, 'Down', 5, 8, 0, 0, 8, 0, 0, 1, 0, 5, 'Snack Time', 0, 0, 0, 0);
INSERT INTO card_events (event_id, event_name, uma_id, uma_name, category) VALUES (1797, '猛歩猛歩ッ！理事長の秘技ッ！', 30207, 'yayoi-akikawa', '特殊事件');
INSERT INTO card_event_choices (choice_id, event_id, choice_label, chain_index, speed, stamina, strength, willpower, intelligence, hp, mood, skill_point, character_favor, event_condition, is_random_value, is_random_attribute, is_random_block_training, is_end_chained_event) VALUES (3166, 1797, 'None', 5, 14, 0, 0, 0, 0, 0, 1, 0, 10, null, 0, 0, 0, 0);
INSERT INTO card_events (event_id, event_name, uma_id, uma_name, category) VALUES (1798, '激励ッ！そのまま進め！', 30207, 'yayoi-akikawa', '特殊事件');
INSERT INTO card_event_choices (choice_id, event_id, choice_label, chain_index, speed, stamina, strength, willpower, intelligence, hp, mood, skill_point, character_favor, event_condition, is_random_value, is_random_attribute, is_random_block_training, is_end_chained_event) VALUES (3167, 1798, 'None', 5, 12, 0, 0, 12, 0, 0, 3, 0, 15, null, 0, 1, 0, 0);
INSERT INTO card_events (event_id, event_name, uma_id, uma_name, category) VALUES (1799, '安息ッ！そして、また明日', 30207, 'yayoi-akikawa', '特殊事件');
INSERT INTO card_event_choices (choice_id, event_id, choice_label, chain_index, speed, stamina, strength, willpower, intelligence, hp, mood, skill_point, character_favor, event_condition, is_random_value, is_random_attribute, is_random_block_training, is_end_chained_event) VALUES (3168, 1799, 'None', 5, 20, 0, 0, 20, 0, 0, 0, 56, 0, null, 0, 0, 0, 0);
INSERT INTO card_events (event_id, event_name, uma_id, uma_name, category) VALUES (1800, '燦然ッ！限界を超えた力ッ！', 30207, 'yayoi-akikawa', '特殊事件');
INSERT INTO card_event_choices (choice_id, event_id, choice_label, chain_index, speed, stamina, strength, willpower, intelligence, hp, mood, skill_point, character_favor, event_condition, is_random_value, is_random_attribute, is_random_block_training, is_end_chained_event) VALUES (3169, 1800, 'None', 5, 16, 0, 0, 16, 0, 0, 0, 43, 0, null, 0, 0, 0, 0);
INSERT INTO card_events (event_id, event_name, uma_id, uma_name, category) VALUES (1801, 'やよいとの絆・これからはっ！', 30207, 'yayoi-akikawa', '特殊事件');
INSERT INTO card_event_choices (choice_id, event_id, choice_label, chain_index, speed, stamina, strength, willpower, intelligence, hp, mood, skill_point, character_favor, event_condition, is_random_value, is_random_attribute, is_random_block_training, is_end_chained_event) VALUES (3170, 1801, 'None', 5, 24, 0, 0, 0, 0, 0, 1, 0, 5, null, 0, 0, 0, 0);
INSERT INTO card_table (count, uma_id, uma_name) VALUES (417, 30208, 'nishino-flower');
INSERT INTO card_events (event_id, event_name, uma_id, uma_name, category) VALUES (1802, '(❯) あの日の出会い', 30208, 'nishino-flower', '連鎖事件');
INSERT INTO card_event_choices (choice_id, event_id, choice_label, chain_index, speed, stamina, strength, willpower, intelligence, hp, mood, skill_point, character_favor, event_condition, is_random_value, is_random_attribute, is_random_block_training, is_end_chained_event) VALUES (3171, 1802, 'None', 1, 0, 0, 0, 0, 0, 10, 1, 10, 5, null, 0, 0, 0, 0);
INSERT INTO card_events (event_id, event_name, uma_id, uma_name, category) VALUES (1803, '(❯❯) よすがを探して', 30208, 'nishino-flower', '連鎖事件');
INSERT INTO card_event_choices (choice_id, event_id, choice_label, chain_index, speed, stamina, strength, willpower, intelligence, hp, mood, skill_point, character_favor, event_condition, is_random_value, is_random_attribute, is_random_block_training, is_end_chained_event) VALUES (3172, 1803, 'None', 2, 0, 0, 0, 0, 0, 10, 1, 10, 5, null, 0, 0, 0, 0);
INSERT INTO card_events (event_id, event_name, uma_id, uma_name, category) VALUES (1804, '(❯❯❯) 憧れに手をのべて', 30208, 'nishino-flower', '連鎖事件');
INSERT INTO card_event_choices (choice_id, event_id, choice_label, chain_index, speed, stamina, strength, willpower, intelligence, hp, mood, skill_point, character_favor, event_condition, is_random_value, is_random_attribute, is_random_block_training, is_end_chained_event) VALUES (3173, 1804, 'Up', 3, 0, 0, 20, 20, 0, 0, 0, 0, 5, null, 1, 0, 0, 0);
INSERT INTO card_event_choices (choice_id, event_id, choice_label, chain_index, speed, stamina, strength, willpower, intelligence, hp, mood, skill_point, character_favor, event_condition, is_random_value, is_random_attribute, is_random_block_training, is_end_chained_event) VALUES (3174, 1804, 'Up', 3, 0, 0, 10, 5, 0, 0, 0, 0, 5, null, 0, 0, 0, 0);
INSERT INTO card_event_choices (choice_id, event_id, choice_label, chain_index, speed, stamina, strength, willpower, intelligence, hp, mood, skill_point, character_favor, event_condition, is_random_value, is_random_attribute, is_random_block_training, is_end_chained_event) VALUES (3175, 1804, 'Down', 3, 0, 0, 10, 0, 0, 20, 0, 10, 5, null, 1, 0, 0, 0);
INSERT INTO card_event_choices (choice_id, event_id, choice_label, chain_index, speed, stamina, strength, willpower, intelligence, hp, mood, skill_point, character_favor, event_condition, is_random_value, is_random_attribute, is_random_block_training, is_end_chained_event) VALUES (3176, 1804, 'Down', 3, 0, 0, 5, 0, 0, 10, 0, 0, 5, null, 0, 0, 0, 0);
INSERT INTO card_events (event_id, event_name, uma_id, uma_name, category) VALUES (1805, '温もり愛情弁当', 30208, 'nishino-flower', '隨機事件');
INSERT INTO card_event_choices (choice_id, event_id, choice_label, chain_index, speed, stamina, strength, willpower, intelligence, hp, mood, skill_point, character_favor, event_condition, is_random_value, is_random_attribute, is_random_block_training, is_end_chained_event) VALUES (3177, 1805, 'Up', 3, 0, 0, 0, 0, 0, 0, 0, 0, 5, '討人喜歡○', 0, 0, 0, 0);
INSERT INTO card_event_choices (choice_id, event_id, choice_label, chain_index, speed, stamina, strength, willpower, intelligence, hp, mood, skill_point, character_favor, event_condition, is_random_value, is_random_attribute, is_random_block_training, is_end_chained_event) VALUES (3178, 1805, 'Down', 3, 0, 0, 0, 0, 0, 20, 0, 0, 5, null, 0, 0, 0, 0);
INSERT INTO card_events (event_id, event_name, uma_id, uma_name, category) VALUES (1806, 'きれいに咲こうねっ♪', 30208, 'nishino-flower', '隨機事件');
INSERT INTO card_event_choices (choice_id, event_id, choice_label, chain_index, speed, stamina, strength, willpower, intelligence, hp, mood, skill_point, character_favor, event_condition, is_random_value, is_random_attribute, is_random_block_training, is_end_chained_event) VALUES (3179, 1806, 'Up', 3, 0, 0, 0, 0, 15, 0, 0, 0, 5, null, 0, 0, 0, 0);
INSERT INTO card_event_choices (choice_id, event_id, choice_label, chain_index, speed, stamina, strength, willpower, intelligence, hp, mood, skill_point, character_favor, event_condition, is_random_value, is_random_attribute, is_random_block_training, is_end_chained_event) VALUES (3180, 1806, 'Down', 3, 10, 0, 5, 0, 0, 0, 0, 0, 5, null, 0, 0, 0, 0);
INSERT INTO card_table (count, uma_id, uma_name) VALUES (418, 30209, 'dantsu-flame');
INSERT INTO card_events (event_id, event_name, uma_id, uma_name, category) VALUES (1807, '(❯) わたしの得意なこと！', 30209, 'dantsu-flame', '連鎖事件');
INSERT INTO card_event_choices (choice_id, event_id, choice_label, chain_index, speed, stamina, strength, willpower, intelligence, hp, mood, skill_point, character_favor, event_condition, is_random_value, is_random_attribute, is_random_block_training, is_end_chained_event) VALUES (3181, 1807, 'Up', 1, 0, 10, 0, 0, 0, 10, 0, 0, 5, null, 0, 0, 0, 0);
INSERT INTO card_event_choices (choice_id, event_id, choice_label, chain_index, speed, stamina, strength, willpower, intelligence, hp, mood, skill_point, character_favor, event_condition, is_random_value, is_random_attribute, is_random_block_training, is_end_chained_event) VALUES (3182, 1807, 'Middle', 1, 0, 0, 0, 0, 0, 0, 0, 0, 15, null, 0, 0, 0, 0);
INSERT INTO card_event_choices (choice_id, event_id, choice_label, chain_index, speed, stamina, strength, willpower, intelligence, hp, mood, skill_point, character_favor, event_condition, is_random_value, is_random_attribute, is_random_block_training, is_end_chained_event) VALUES (3183, 1807, 'Down', 1, 0, 0, 0, 0, 0, 0, 0, 45, 5, null, 0, 0, 0, 1);
INSERT INTO card_events (event_id, event_name, uma_id, uma_name, category) VALUES (1808, '(❯❯) わたしの苦手なこと！', 30209, 'dantsu-flame', '連鎖事件');
INSERT INTO card_event_choices (choice_id, event_id, choice_label, chain_index, speed, stamina, strength, willpower, intelligence, hp, mood, skill_point, character_favor, event_condition, is_random_value, is_random_attribute, is_random_block_training, is_end_chained_event) VALUES (3184, 1808, 'Up', 2, 0, 10, 0, 10, 0, 0, 0, 0, 5, null, 0, 0, 0, 0);
INSERT INTO card_event_choices (choice_id, event_id, choice_label, chain_index, speed, stamina, strength, willpower, intelligence, hp, mood, skill_point, character_favor, event_condition, is_random_value, is_random_attribute, is_random_block_training, is_end_chained_event) VALUES (3185, 1808, 'Down', 2, 0, 10, 0, 5, 0, 0, 0, 0, 5, null, 0, 0, 0, 1);
INSERT INTO card_events (event_id, event_name, uma_id, uma_name, category) VALUES (1809, '(❯❯❯) （わたしの大切なこと）', 30209, 'dantsu-flame', '連鎖事件');
INSERT INTO card_event_choices (choice_id, event_id, choice_label, chain_index, speed, stamina, strength, willpower, intelligence, hp, mood, skill_point, character_favor, event_condition, is_random_value, is_random_attribute, is_random_block_training, is_end_chained_event) VALUES (3186, 1809, 'None', 3, 0, 20, 0, 20, 0, 0, 0, 0, 5, null, 1, 0, 0, 0);
INSERT INTO card_event_choices (choice_id, event_id, choice_label, chain_index, speed, stamina, strength, willpower, intelligence, hp, mood, skill_point, character_favor, event_condition, is_random_value, is_random_attribute, is_random_block_training, is_end_chained_event) VALUES (3187, 1809, 'None', 3, 0, 15, 0, 10, 0, 0, 0, 0, 5, null, 0, 0, 0, 0);
INSERT INTO card_events (event_id, event_name, uma_id, uma_name, category) VALUES (1810, 'いつものわたしは', 30209, 'dantsu-flame', '隨機事件');
INSERT INTO card_event_choices (choice_id, event_id, choice_label, chain_index, speed, stamina, strength, willpower, intelligence, hp, mood, skill_point, character_favor, event_condition, is_random_value, is_random_attribute, is_random_block_training, is_end_chained_event) VALUES (3188, 1810, 'Up', 3, 0, 0, 0, 0, 0, 0, 0, 0, 5, null, 0, 0, 0, 0);
INSERT INTO card_event_choices (choice_id, event_id, choice_label, chain_index, speed, stamina, strength, willpower, intelligence, hp, mood, skill_point, character_favor, event_condition, is_random_value, is_random_attribute, is_random_block_training, is_end_chained_event) VALUES (3189, 1810, 'Down', 3, 0, 15, 0, 0, 0, 0, 0, 0, 5, null, 0, 0, 0, 0);
INSERT INTO card_events (event_id, event_name, uma_id, uma_name, category) VALUES (1811, 'いつかのわたしは', 30209, 'dantsu-flame', '隨機事件');
INSERT INTO card_event_choices (choice_id, event_id, choice_label, chain_index, speed, stamina, strength, willpower, intelligence, hp, mood, skill_point, character_favor, event_condition, is_random_value, is_random_attribute, is_random_block_training, is_end_chained_event) VALUES (3190, 1811, 'Up', 3, 15, 0, 0, 0, 0, 0, 0, 0, 5, null, 0, 0, 0, 0);
INSERT INTO card_event_choices (choice_id, event_id, choice_label, chain_index, speed, stamina, strength, willpower, intelligence, hp, mood, skill_point, character_favor, event_condition, is_random_value, is_random_attribute, is_random_block_training, is_end_chained_event) VALUES (3191, 1811, 'Down', 3, 0, 0, 0, 0, 15, 0, 0, 0, 5, null, 0, 0, 0, 0);
INSERT INTO card_table (count, uma_id, uma_name) VALUES (419, 30210, 'smart-falcon');
INSERT INTO card_events (event_id, event_name, uma_id, uma_name, category) VALUES (1812, '(❯) 願うごとに☆', 30210, 'smart-falcon', '連鎖事件');
INSERT INTO card_event_choices (choice_id, event_id, choice_label, chain_index, speed, stamina, strength, willpower, intelligence, hp, mood, skill_point, character_favor, event_condition, is_random_value, is_random_attribute, is_random_block_training, is_end_chained_event) VALUES (3192, 1812, 'None', 1, 15, 0, 0, 0, 0, 10, 0, 0, 5, null, 0, 0, 0, 0);
INSERT INTO card_events (event_id, event_name, uma_id, uma_name, category) VALUES (1813, '(❯❯) どんな時だってウマドル☆', 30210, 'smart-falcon', '連鎖事件');
INSERT INTO card_event_choices (choice_id, event_id, choice_label, chain_index, speed, stamina, strength, willpower, intelligence, hp, mood, skill_point, character_favor, event_condition, is_random_value, is_random_attribute, is_random_block_training, is_end_chained_event) VALUES (3193, 1813, 'None', 2, 30, 0, 0, 0, 0, 15, 0, 0, 5, null, 1, 0, 0, 1);
INSERT INTO card_event_choices (choice_id, event_id, choice_label, chain_index, speed, stamina, strength, willpower, intelligence, hp, mood, skill_point, character_favor, event_condition, is_random_value, is_random_attribute, is_random_block_training, is_end_chained_event) VALUES (3194, 1813, 'None', 2, 10, 0, 0, 0, 0, 5, 0, 0, 5, null, 0, 0, 0, 0);
INSERT INTO card_events (event_id, event_name, uma_id, uma_name, category) VALUES (1814, '(❯❯❯) 幸運のウマドル☆', 30210, 'smart-falcon', '連鎖事件');
INSERT INTO card_event_choices (choice_id, event_id, choice_label, chain_index, speed, stamina, strength, willpower, intelligence, hp, mood, skill_point, character_favor, event_condition, is_random_value, is_random_attribute, is_random_block_training, is_end_chained_event) VALUES (3195, 1814, 'None', 3, 20, 0, 0, 0, 0, 10, 0, 0, 5, null, 1, 0, 0, 0);
INSERT INTO card_event_choices (choice_id, event_id, choice_label, chain_index, speed, stamina, strength, willpower, intelligence, hp, mood, skill_point, character_favor, event_condition, is_random_value, is_random_attribute, is_random_block_training, is_end_chained_event) VALUES (3196, 1814, 'None', 3, 15, 0, 0, 0, 0, 0, 0, 0, 5, null, 0, 0, 0, 0);
INSERT INTO card_events (event_id, event_name, uma_id, uma_name, category) VALUES (1815, 'ライブはコーレスが命☆', 30210, 'smart-falcon', '隨機事件');
INSERT INTO card_event_choices (choice_id, event_id, choice_label, chain_index, speed, stamina, strength, willpower, intelligence, hp, mood, skill_point, character_favor, event_condition, is_random_value, is_random_attribute, is_random_block_training, is_end_chained_event) VALUES (3197, 1815, 'Up', 3, 0, 5, 0, 10, 0, 0, 0, 0, 5, null, 0, 0, 0, 0);
INSERT INTO card_event_choices (choice_id, event_id, choice_label, chain_index, speed, stamina, strength, willpower, intelligence, hp, mood, skill_point, character_favor, event_condition, is_random_value, is_random_attribute, is_random_block_training, is_end_chained_event) VALUES (3198, 1815, 'Down', 3, 0, 0, 0, 0, 15, 0, 0, 0, 5, null, 0, 0, 0, 0);
INSERT INTO card_events (event_id, event_name, uma_id, uma_name, category) VALUES (1816, 'かわいかったら見に来てね☆', 30210, 'smart-falcon', '隨機事件');
INSERT INTO card_event_choices (choice_id, event_id, choice_label, chain_index, speed, stamina, strength, willpower, intelligence, hp, mood, skill_point, character_favor, event_condition, is_random_value, is_random_attribute, is_random_block_training, is_end_chained_event) VALUES (3199, 1816, 'Up', 3, 0, 0, 10, 0, 0, -10, 0, 0, 5, null, 0, 0, 0, 0);
INSERT INTO card_event_choices (choice_id, event_id, choice_label, chain_index, speed, stamina, strength, willpower, intelligence, hp, mood, skill_point, character_favor, event_condition, is_random_value, is_random_attribute, is_random_block_training, is_end_chained_event) VALUES (3200, 1816, 'Down', 3, 0, 0, 0, 0, 5, 10, 0, 0, 5, null, 0, 0, 0, 0);
INSERT INTO card_table (count, uma_id, uma_name) VALUES (420, 30211, 'copano-rickey');
INSERT INTO card_events (event_id, event_name, uma_id, uma_name, category) VALUES (1817, '(❯) 五行相生・花風水♪', 30211, 'copano-rickey', '連鎖事件');
INSERT INTO card_event_choices (choice_id, event_id, choice_label, chain_index, speed, stamina, strength, willpower, intelligence, hp, mood, skill_point, character_favor, event_condition, is_random_value, is_random_attribute, is_random_block_training, is_end_chained_event) VALUES (3201, 1817, 'None', 1, 0, 0, 0, 0, 25, 0, 0, 0, 15, null, 1, 0, 0, 0);
INSERT INTO card_event_choices (choice_id, event_id, choice_label, chain_index, speed, stamina, strength, willpower, intelligence, hp, mood, skill_point, character_favor, event_condition, is_random_value, is_random_attribute, is_random_block_training, is_end_chained_event) VALUES (3202, 1817, 'None', 1, 0, 0, 0, 0, 10, 0, 0, 0, 5, null, 0, 0, 0, 0);
INSERT INTO card_events (event_id, event_name, uma_id, uma_name, category) VALUES (1818, '(❯❯) 陰陽四象、陽の陽', 30211, 'copano-rickey', '連鎖事件');
INSERT INTO card_event_choices (choice_id, event_id, choice_label, chain_index, speed, stamina, strength, willpower, intelligence, hp, mood, skill_point, character_favor, event_condition, is_random_value, is_random_attribute, is_random_block_training, is_end_chained_event) VALUES (3203, 1818, 'Up', 2, 0, 0, 0, 0, 10, 10, 0, 0, 5, null, 1, 0, 0, 0);
INSERT INTO card_event_choices (choice_id, event_id, choice_label, chain_index, speed, stamina, strength, willpower, intelligence, hp, mood, skill_point, character_favor, event_condition, is_random_value, is_random_attribute, is_random_block_training, is_end_chained_event) VALUES (3204, 1818, 'Up', 2, 0, 0, 0, 0, 0, 0, 0, 0, 5, null, 0, 0, 0, 0);
INSERT INTO card_event_choices (choice_id, event_id, choice_label, chain_index, speed, stamina, strength, willpower, intelligence, hp, mood, skill_point, character_favor, event_condition, is_random_value, is_random_attribute, is_random_block_training, is_end_chained_event) VALUES (3205, 1818, 'Down', 2, 0, 0, 0, 0, 10, 10, 0, 0, 5, null, 1, 0, 0, 0);
INSERT INTO card_event_choices (choice_id, event_id, choice_label, chain_index, speed, stamina, strength, willpower, intelligence, hp, mood, skill_point, character_favor, event_condition, is_random_value, is_random_attribute, is_random_block_training, is_end_chained_event) VALUES (3206, 1818, 'Down', 2, 0, 0, 0, 0, 0, 0, 0, 0, 5, null, 0, 0, 0, 0);
INSERT INTO card_events (event_id, event_name, uma_id, uma_name, category) VALUES (1819, '(❯❯❯) 五行相剋・大ピンチ？', 30211, 'copano-rickey', '連鎖事件');
INSERT INTO card_event_choices (choice_id, event_id, choice_label, chain_index, speed, stamina, strength, willpower, intelligence, hp, mood, skill_point, character_favor, event_condition, is_random_value, is_random_attribute, is_random_block_training, is_end_chained_event) VALUES (3207, 1819, 'Up', 3, 10, 0, 0, 0, 30, 0, 0, 0, 5, null, 0, 0, 0, 0);
INSERT INTO card_event_choices (choice_id, event_id, choice_label, chain_index, speed, stamina, strength, willpower, intelligence, hp, mood, skill_point, character_favor, event_condition, is_random_value, is_random_attribute, is_random_block_training, is_end_chained_event) VALUES (3208, 1819, 'Down', 3, 0, 0, 0, 0, 15, 15, 0, 10, 5, null, 0, 0, 0, 0);
INSERT INTO card_events (event_id, event_name, uma_id, uma_name, category) VALUES (1820, '開運☆あなたもハッピー', 30211, 'copano-rickey', '隨機事件');
INSERT INTO card_event_choices (choice_id, event_id, choice_label, chain_index, speed, stamina, strength, willpower, intelligence, hp, mood, skill_point, character_favor, event_condition, is_random_value, is_random_attribute, is_random_block_training, is_end_chained_event) VALUES (3209, 1820, 'Up', 3, 15, 0, 0, 0, 0, 0, 0, 0, 5, null, 0, 0, 0, 0);
INSERT INTO card_event_choices (choice_id, event_id, choice_label, chain_index, speed, stamina, strength, willpower, intelligence, hp, mood, skill_point, character_favor, event_condition, is_random_value, is_random_attribute, is_random_block_training, is_end_chained_event) VALUES (3210, 1820, 'Down', 3, 0, 0, 15, 0, 0, 0, 0, 0, 5, null, 0, 0, 0, 0);
INSERT INTO card_events (event_id, event_name, uma_id, uma_name, category) VALUES (1821, '吉祥☆みんなでスマイル', 30211, 'copano-rickey', '隨機事件');
INSERT INTO card_event_choices (choice_id, event_id, choice_label, chain_index, speed, stamina, strength, willpower, intelligence, hp, mood, skill_point, character_favor, event_condition, is_random_value, is_random_attribute, is_random_block_training, is_end_chained_event) VALUES (3211, 1821, 'Up', 3, 0, 0, 0, 0, 0, 10, 0, 10, 5, null, 0, 0, 0, 0);
INSERT INTO card_event_choices (choice_id, event_id, choice_label, chain_index, speed, stamina, strength, willpower, intelligence, hp, mood, skill_point, character_favor, event_condition, is_random_value, is_random_attribute, is_random_block_training, is_end_chained_event) VALUES (3212, 1821, 'Down', 3, 0, 0, 0, 0, 0, 0, 1, 0, 5, null, 0, 0, 0, 0);
INSERT INTO card_table (count, uma_id, uma_name) VALUES (421, 30212, 'wonder-acute');
INSERT INTO card_events (event_id, event_name, uma_id, uma_name, category) VALUES (1822, '(❯) AIマスター・アキュート', 30212, 'wonder-acute', '連鎖事件');
INSERT INTO card_event_choices (choice_id, event_id, choice_label, chain_index, speed, stamina, strength, willpower, intelligence, hp, mood, skill_point, character_favor, event_condition, is_random_value, is_random_attribute, is_random_block_training, is_end_chained_event) VALUES (3213, 1822, 'Up', 1, 0, 10, 0, 0, 0, 0, 0, 0, 5, null, 0, 0, 0, 0);
INSERT INTO card_event_choices (choice_id, event_id, choice_label, chain_index, speed, stamina, strength, willpower, intelligence, hp, mood, skill_point, character_favor, event_condition, is_random_value, is_random_attribute, is_random_block_training, is_end_chained_event) VALUES (3214, 1822, 'Down', 1, 0, 0, 0, 20, 0, 0, 0, 0, 5, null, 0, 0, 0, 0);
INSERT INTO card_events (event_id, event_name, uma_id, uma_name, category) VALUES (1823, '(❯❯) チャンプへの道', 30212, 'wonder-acute', '連鎖事件');
INSERT INTO card_event_choices (choice_id, event_id, choice_label, chain_index, speed, stamina, strength, willpower, intelligence, hp, mood, skill_point, character_favor, event_condition, is_random_value, is_random_attribute, is_random_block_training, is_end_chained_event) VALUES (3215, 1823, 'None', 2, 0, 5, 0, 5, 0, 0, 0, 0, 5, null, 0, 0, 0, 0);
INSERT INTO card_events (event_id, event_name, uma_id, uma_name, category) VALUES (1824, '(❯❯❯) 困ったときはお互い様', 30212, 'wonder-acute', '連鎖事件');
INSERT INTO card_event_choices (choice_id, event_id, choice_label, chain_index, speed, stamina, strength, willpower, intelligence, hp, mood, skill_point, character_favor, event_condition, is_random_value, is_random_attribute, is_random_block_training, is_end_chained_event) VALUES (3216, 1824, 'None', 3, 0, 10, 0, 5, 0, 0, 0, 0, 5, null, 0, 0, 0, 0);
INSERT INTO card_events (event_id, event_name, uma_id, uma_name, category) VALUES (1825, 'りんご、お食べなさいな', 30212, 'wonder-acute', '隨機事件');
INSERT INTO card_event_choices (choice_id, event_id, choice_label, chain_index, speed, stamina, strength, willpower, intelligence, hp, mood, skill_point, character_favor, event_condition, is_random_value, is_random_attribute, is_random_block_training, is_end_chained_event) VALUES (3217, 1825, 'Up', 3, 0, 0, 0, 15, 0, 0, 0, 0, 5, null, 0, 0, 0, 0);
INSERT INTO card_event_choices (choice_id, event_id, choice_label, chain_index, speed, stamina, strength, willpower, intelligence, hp, mood, skill_point, character_favor, event_condition, is_random_value, is_random_attribute, is_random_block_training, is_end_chained_event) VALUES (3218, 1825, 'Down', 3, 0, 0, 0, 0, 0, 15, 0, 0, 5, null, 0, 0, 0, 0);
INSERT INTO card_events (event_id, event_name, uma_id, uma_name, category) VALUES (1826, '編みぐるみ、あげようね', 30212, 'wonder-acute', '隨機事件');
INSERT INTO card_event_choices (choice_id, event_id, choice_label, chain_index, speed, stamina, strength, willpower, intelligence, hp, mood, skill_point, character_favor, event_condition, is_random_value, is_random_attribute, is_random_block_training, is_end_chained_event) VALUES (3219, 1826, 'Up', 3, 0, 0, 0, 0, 0, 0, 0, 0, 5, null, 0, 0, 0, 0);
INSERT INTO card_event_choices (choice_id, event_id, choice_label, chain_index, speed, stamina, strength, willpower, intelligence, hp, mood, skill_point, character_favor, event_condition, is_random_value, is_random_attribute, is_random_block_training, is_end_chained_event) VALUES (3220, 1826, 'Down', 3, 0, 0, 0, 10, 0, 0, 0, 10, 5, null, 0, 0, 0, 0);
INSERT INTO card_table (count, uma_id, uma_name) VALUES (422, 30213, 'tokai-teio');
INSERT INTO card_events (event_id, event_name, uma_id, uma_name, category) VALUES (1827, '(❯) ハチャメチャに、ウマ娘！', 30213, 'tokai-teio', '連鎖事件');
INSERT INTO card_event_choices (choice_id, event_id, choice_label, chain_index, speed, stamina, strength, willpower, intelligence, hp, mood, skill_point, character_favor, event_condition, is_random_value, is_random_attribute, is_random_block_training, is_end_chained_event) VALUES (3221, 1827, 'None', 1, 10, 0, 0, 0, 0, 0, 0, 0, 5, null, 0, 0, 0, 0);
INSERT INTO card_events (event_id, event_name, uma_id, uma_name, category) VALUES (1828, '(❯❯) ハチャメチャに、元気なボクがいい！', 30213, 'tokai-teio', '連鎖事件');
INSERT INTO card_event_choices (choice_id, event_id, choice_label, chain_index, speed, stamina, strength, willpower, intelligence, hp, mood, skill_point, character_favor, event_condition, is_random_value, is_random_attribute, is_random_block_training, is_end_chained_event) VALUES (3222, 1828, 'None', 2, 15, 0, 0, 0, 0, 0, 0, 0, 5, null, 0, 0, 0, 0);
INSERT INTO card_events (event_id, event_name, uma_id, uma_name, category) VALUES (1829, '(❯❯❯) ハチャメチャに、――面白いんだから！', 30213, 'tokai-teio', '連鎖事件');
INSERT INTO card_event_choices (choice_id, event_id, choice_label, chain_index, speed, stamina, strength, willpower, intelligence, hp, mood, skill_point, character_favor, event_condition, is_random_value, is_random_attribute, is_random_block_training, is_end_chained_event) VALUES (3223, 1829, 'None', 3, 15, 0, 0, 0, 0, 0, 0, 0, 5, null, 0, 0, 0, 0);
INSERT INTO card_events (event_id, event_name, uma_id, uma_name, category) VALUES (1830, 'ボクのやり方', 30213, 'tokai-teio', '隨機事件');
INSERT INTO card_event_choices (choice_id, event_id, choice_label, chain_index, speed, stamina, strength, willpower, intelligence, hp, mood, skill_point, character_favor, event_condition, is_random_value, is_random_attribute, is_random_block_training, is_end_chained_event) VALUES (3224, 1830, 'Up', 3, 0, 0, 0, 0, 0, 0, 1, 15, 5, null, 0, 0, 0, 0);
INSERT INTO card_event_choices (choice_id, event_id, choice_label, chain_index, speed, stamina, strength, willpower, intelligence, hp, mood, skill_point, character_favor, event_condition, is_random_value, is_random_attribute, is_random_block_training, is_end_chained_event) VALUES (3225, 1830, 'Down', 3, 0, 0, 0, 15, 0, 0, 0, 0, 5, null, 0, 0, 0, 0);
INSERT INTO card_events (event_id, event_name, uma_id, uma_name, category) VALUES (1831, 'ボクの武器', 30213, 'tokai-teio', '隨機事件');
INSERT INTO card_event_choices (choice_id, event_id, choice_label, chain_index, speed, stamina, strength, willpower, intelligence, hp, mood, skill_point, character_favor, event_condition, is_random_value, is_random_attribute, is_random_block_training, is_end_chained_event) VALUES (3226, 1831, 'Up', 3, 0, 0, 0, 10, 0, 0, 1, 0, 5, null, 0, 0, 0, 0);
INSERT INTO card_event_choices (choice_id, event_id, choice_label, chain_index, speed, stamina, strength, willpower, intelligence, hp, mood, skill_point, character_favor, event_condition, is_random_value, is_random_attribute, is_random_block_training, is_end_chained_event) VALUES (3227, 1831, 'Down', 3, 0, 0, 0, 0, 0, 0, 0, 0, 5, null, 0, 0, 0, 0);
INSERT INTO card_table (count, uma_id, uma_name) VALUES (423, 30214, 'fine-motion');
INSERT INTO card_events (event_id, event_name, uma_id, uma_name, category) VALUES (1832, '(❯) この一撃は我が決意', 30214, 'fine-motion', '連鎖事件');
INSERT INTO card_event_choices (choice_id, event_id, choice_label, chain_index, speed, stamina, strength, willpower, intelligence, hp, mood, skill_point, character_favor, event_condition, is_random_value, is_random_attribute, is_random_block_training, is_end_chained_event) VALUES (3228, 1832, 'Up', 1, 0, 0, 0, 10, 0, 10, 0, 0, 5, null, 0, 0, 0, 0);
INSERT INTO card_event_choices (choice_id, event_id, choice_label, chain_index, speed, stamina, strength, willpower, intelligence, hp, mood, skill_point, character_favor, event_condition, is_random_value, is_random_attribute, is_random_block_training, is_end_chained_event) VALUES (3229, 1832, 'Down', 1, 0, 0, 0, 0, 0, 25, 0, 0, 5, null, 0, 0, 0, 1);
INSERT INTO card_events (event_id, event_name, uma_id, uma_name, category) VALUES (1833, '(❯❯) この眼差しは我が切望', 30214, 'fine-motion', '連鎖事件');
INSERT INTO card_event_choices (choice_id, event_id, choice_label, chain_index, speed, stamina, strength, willpower, intelligence, hp, mood, skill_point, character_favor, event_condition, is_random_value, is_random_attribute, is_random_block_training, is_end_chained_event) VALUES (3230, 1833, 'None', 2, 0, 0, 0, 15, 0, 10, 0, 0, 5, null, 0, 0, 0, 0);
INSERT INTO card_events (event_id, event_name, uma_id, uma_name, category) VALUES (1834, '(❯❯❯) 全て、我が愛のため', 30214, 'fine-motion', '連鎖事件');
INSERT INTO card_event_choices (choice_id, event_id, choice_label, chain_index, speed, stamina, strength, willpower, intelligence, hp, mood, skill_point, character_favor, event_condition, is_random_value, is_random_attribute, is_random_block_training, is_end_chained_event) VALUES (3231, 1834, 'None', 3, 0, 0, 0, 15, 0, 15, 0, 0, 5, null, 1, 0, 0, 0);
INSERT INTO card_event_choices (choice_id, event_id, choice_label, chain_index, speed, stamina, strength, willpower, intelligence, hp, mood, skill_point, character_favor, event_condition, is_random_value, is_random_attribute, is_random_block_training, is_end_chained_event) VALUES (3232, 1834, 'None', 3, 0, 0, 0, 0, 0, 15, 0, 0, 5, null, 0, 0, 0, 0);
INSERT INTO card_events (event_id, event_name, uma_id, uma_name, category) VALUES (1835, 'ときめきシューズ', 30214, 'fine-motion', '隨機事件');
INSERT INTO card_event_choices (choice_id, event_id, choice_label, chain_index, speed, stamina, strength, willpower, intelligence, hp, mood, skill_point, character_favor, event_condition, is_random_value, is_random_attribute, is_random_block_training, is_end_chained_event) VALUES (3233, 1835, 'Up', 3, 5, 0, 0, 0, 0, 0, 0, 10, 5, null, 0, 0, 0, 0);
INSERT INTO card_event_choices (choice_id, event_id, choice_label, chain_index, speed, stamina, strength, willpower, intelligence, hp, mood, skill_point, character_favor, event_condition, is_random_value, is_random_attribute, is_random_block_training, is_end_chained_event) VALUES (3234, 1835, 'Down', 3, 0, 5, 0, 0, 0, -10, 0, 20, 5, null, 0, 0, 0, 0);
INSERT INTO card_events (event_id, event_name, uma_id, uma_name, category) VALUES (1836, '思い出クローバー', 30214, 'fine-motion', '隨機事件');
INSERT INTO card_event_choices (choice_id, event_id, choice_label, chain_index, speed, stamina, strength, willpower, intelligence, hp, mood, skill_point, character_favor, event_condition, is_random_value, is_random_attribute, is_random_block_training, is_end_chained_event) VALUES (3235, 1836, 'Up', 3, 0, 0, 0, 0, 0, 0, 0, 0, 5, null, 0, 0, 0, 0);
INSERT INTO card_event_choices (choice_id, event_id, choice_label, chain_index, speed, stamina, strength, willpower, intelligence, hp, mood, skill_point, character_favor, event_condition, is_random_value, is_random_attribute, is_random_block_training, is_end_chained_event) VALUES (3236, 1836, 'Down', 3, 0, 0, 0, 15, 0, 0, 0, 0, 5, null, 0, 0, 0, 0);
INSERT INTO card_table (count, uma_id, uma_name) VALUES (424, 30215, 'still-in-love');
INSERT INTO card_events (event_id, event_name, uma_id, uma_name, category) VALUES (1837, '(❯) 月下のヴァンパイア', 30215, 'still-in-love', '連鎖事件');
INSERT INTO card_event_choices (choice_id, event_id, choice_label, chain_index, speed, stamina, strength, willpower, intelligence, hp, mood, skill_point, character_favor, event_condition, is_random_value, is_random_attribute, is_random_block_training, is_end_chained_event) VALUES (3237, 1837, 'None', 1, 0, 0, 0, 0, 0, 10, 1, 10, 10, null, 0, 0, 0, 0);
INSERT INTO card_events (event_id, event_name, uma_id, uma_name, category) VALUES (1838, '(❯❯) 渇きのヴァンパイア', 30215, 'still-in-love', '連鎖事件');
INSERT INTO card_event_choices (choice_id, event_id, choice_label, chain_index, speed, stamina, strength, willpower, intelligence, hp, mood, skill_point, character_favor, event_condition, is_random_value, is_random_attribute, is_random_block_training, is_end_chained_event) VALUES (3238, 1838, 'Up', 2, 15, 0, 0, 0, 0, 5, 0, 0, 5, null, 0, 0, 0, 0);
INSERT INTO card_event_choices (choice_id, event_id, choice_label, chain_index, speed, stamina, strength, willpower, intelligence, hp, mood, skill_point, character_favor, event_condition, is_random_value, is_random_attribute, is_random_block_training, is_end_chained_event) VALUES (3239, 1838, 'Middle', 2, 0, 0, 15, 0, 0, 5, 0, 0, 5, null, 0, 0, 0, 0);
INSERT INTO card_event_choices (choice_id, event_id, choice_label, chain_index, speed, stamina, strength, willpower, intelligence, hp, mood, skill_point, character_favor, event_condition, is_random_value, is_random_attribute, is_random_block_training, is_end_chained_event) VALUES (3240, 1838, 'Down', 2, 0, 0, 0, 0, 0, 15, 0, 30, 5, null, 0, 0, 0, 1);
INSERT INTO card_events (event_id, event_name, uma_id, uma_name, category) VALUES (1839, '(❯❯❯) 魔女とヴァンパイア', 30215, 'still-in-love', '連鎖事件');
INSERT INTO card_event_choices (choice_id, event_id, choice_label, chain_index, speed, stamina, strength, willpower, intelligence, hp, mood, skill_point, character_favor, event_condition, is_random_value, is_random_attribute, is_random_block_training, is_end_chained_event) VALUES (3241, 1839, 'Up', 3, 25, 0, 15, 0, 0, 0, 0, 0, 5, null, 0, 0, 0, 0);
INSERT INTO card_event_choices (choice_id, event_id, choice_label, chain_index, speed, stamina, strength, willpower, intelligence, hp, mood, skill_point, character_favor, event_condition, is_random_value, is_random_attribute, is_random_block_training, is_end_chained_event) VALUES (3242, 1839, 'Down', 3, 25, 0, 0, 0, 0, 0, 0, 15, 5, null, 0, 0, 0, 0);
INSERT INTO card_events (event_id, event_name, uma_id, uma_name, category) VALUES (1840, '朧の夢', 30215, 'still-in-love', '隨機事件');
INSERT INTO card_event_choices (choice_id, event_id, choice_label, chain_index, speed, stamina, strength, willpower, intelligence, hp, mood, skill_point, character_favor, event_condition, is_random_value, is_random_attribute, is_random_block_training, is_end_chained_event) VALUES (3243, 1840, 'Up', 3, 0, 0, 0, 0, 0, 10, 0, 15, 5, null, 0, 0, 0, 0);
INSERT INTO card_event_choices (choice_id, event_id, choice_label, chain_index, speed, stamina, strength, willpower, intelligence, hp, mood, skill_point, character_favor, event_condition, is_random_value, is_random_attribute, is_random_block_training, is_end_chained_event) VALUES (3244, 1840, 'Down', 3, 0, 0, 0, 20, 0, 0, 0, 0, 5, null, 0, 0, 0, 0);
INSERT INTO card_events (event_id, event_name, uma_id, uma_name, category) VALUES (1841, '気配なき親切', 30215, 'still-in-love', '隨機事件');
INSERT INTO card_event_choices (choice_id, event_id, choice_label, chain_index, speed, stamina, strength, willpower, intelligence, hp, mood, skill_point, character_favor, event_condition, is_random_value, is_random_attribute, is_random_block_training, is_end_chained_event) VALUES (3245, 1841, 'Up', 3, 20, 0, 0, 0, 0, 0, 0, 0, 5, null, 0, 0, 0, 0);
INSERT INTO card_event_choices (choice_id, event_id, choice_label, chain_index, speed, stamina, strength, willpower, intelligence, hp, mood, skill_point, character_favor, event_condition, is_random_value, is_random_attribute, is_random_block_training, is_end_chained_event) VALUES (3246, 1841, 'Down', 3, 0, 0, 0, 0, 0, 0, 0, 0, 5, null, 0, 0, 0, 0);
INSERT INTO card_table (count, uma_id, uma_name) VALUES (425, 30216, 'buena-vista');
INSERT INTO card_events (event_id, event_name, uma_id, uma_name, category) VALUES (1842, '(❯) グルメフェア企画、始動！', 30216, 'buena-vista', '連鎖事件');
INSERT INTO card_event_choices (choice_id, event_id, choice_label, chain_index, speed, stamina, strength, willpower, intelligence, hp, mood, skill_point, character_favor, event_condition, is_random_value, is_random_attribute, is_random_block_training, is_end_chained_event) VALUES (3247, 1842, 'None', 1, 0, 0, 0, 15, 0, 0, 0, 0, 5, null, 0, 0, 0, 0);
INSERT INTO card_events (event_id, event_name, uma_id, uma_name, category) VALUES (1843, '(❯❯) ピュアな心で、フェア準備！', 30216, 'buena-vista', '連鎖事件');
INSERT INTO card_event_choices (choice_id, event_id, choice_label, chain_index, speed, stamina, strength, willpower, intelligence, hp, mood, skill_point, character_favor, event_condition, is_random_value, is_random_attribute, is_random_block_training, is_end_chained_event) VALUES (3248, 1843, 'None', 2, 5, 0, 5, 10, 0, 0, 0, 0, 5, null, 0, 0, 0, 0);
INSERT INTO card_events (event_id, event_name, uma_id, uma_name, category) VALUES (1844, '(❯❯❯) いざ開幕！グルメフェアinレース場', 30216, 'buena-vista', '連鎖事件');
INSERT INTO card_event_choices (choice_id, event_id, choice_label, chain_index, speed, stamina, strength, willpower, intelligence, hp, mood, skill_point, character_favor, event_condition, is_random_value, is_random_attribute, is_random_block_training, is_end_chained_event) VALUES (3249, 1844, 'None', 3, 5, 0, 5, 5, 0, 0, 0, 0, 5, null, 0, 0, 0, 0);
INSERT INTO card_events (event_id, event_name, uma_id, uma_name, category) VALUES (1845, 'ときめく彼女', 30216, 'buena-vista', '隨機事件');
INSERT INTO card_event_choices (choice_id, event_id, choice_label, chain_index, speed, stamina, strength, willpower, intelligence, hp, mood, skill_point, character_favor, event_condition, is_random_value, is_random_attribute, is_random_block_training, is_end_chained_event) VALUES (3250, 1845, 'Up', 3, 0, 0, 0, 0, 0, 0, 0, 25, 5, null, 0, 0, 0, 0);
INSERT INTO card_event_choices (choice_id, event_id, choice_label, chain_index, speed, stamina, strength, willpower, intelligence, hp, mood, skill_point, character_favor, event_condition, is_random_value, is_random_attribute, is_random_block_training, is_end_chained_event) VALUES (3251, 1845, 'Down', 3, 0, 0, 0, 0, 0, 0, 0, 0, 5, null, 0, 0, 0, 0);
INSERT INTO card_events (event_id, event_name, uma_id, uma_name, category) VALUES (1846, 'きよらかな彼女', 30216, 'buena-vista', '隨機事件');
INSERT INTO card_event_choices (choice_id, event_id, choice_label, chain_index, speed, stamina, strength, willpower, intelligence, hp, mood, skill_point, character_favor, event_condition, is_random_value, is_random_attribute, is_random_block_training, is_end_chained_event) VALUES (3252, 1846, 'Up', 3, 0, 0, 0, 20, 0, 0, 0, 0, 5, null, 0, 0, 0, 0);
INSERT INTO card_event_choices (choice_id, event_id, choice_label, chain_index, speed, stamina, strength, willpower, intelligence, hp, mood, skill_point, character_favor, event_condition, is_random_value, is_random_attribute, is_random_block_training, is_end_chained_event) VALUES (3253, 1846, 'Down', 3, 10, 0, 10, 0, 0, 0, 0, 0, 5, null, 0, 0, 0, 0);
INSERT INTO card_table (count, uma_id, uma_name) VALUES (426, 30217, 'cesario');
INSERT INTO card_events (event_id, event_name, uma_id, uma_name, category) VALUES (1847, '(❯) 真夜中の来訪者', 30217, 'cesario', '連鎖事件');
INSERT INTO card_event_choices (choice_id, event_id, choice_label, chain_index, speed, stamina, strength, willpower, intelligence, hp, mood, skill_point, character_favor, event_condition, is_random_value, is_random_attribute, is_random_block_training, is_end_chained_event) VALUES (3254, 1847, 'None', 1, 0, 0, 0, 0, 15, 0, 0, 0, 5, null, 0, 0, 0, 0);
INSERT INTO card_events (event_id, event_name, uma_id, uma_name, category) VALUES (1848, '(❯❯) シーザリオのお弁当', 30217, 'cesario', '連鎖事件');
INSERT INTO card_event_choices (choice_id, event_id, choice_label, chain_index, speed, stamina, strength, willpower, intelligence, hp, mood, skill_point, character_favor, event_condition, is_random_value, is_random_attribute, is_random_block_training, is_end_chained_event) VALUES (3255, 1848, 'None', 2, 5, 0, 0, 0, 10, 0, 0, 0, 5, null, 0, 0, 0, 0);
INSERT INTO card_events (event_id, event_name, uma_id, uma_name, category) VALUES (1849, '(❯❯❯) 導く者たちの休日', 30217, 'cesario', '連鎖事件');
INSERT INTO card_event_choices (choice_id, event_id, choice_label, chain_index, speed, stamina, strength, willpower, intelligence, hp, mood, skill_point, character_favor, event_condition, is_random_value, is_random_attribute, is_random_block_training, is_end_chained_event) VALUES (3256, 1849, 'None', 3, 5, 0, 0, 0, 10, 0, 0, 10, 5, null, 0, 0, 0, 0);
INSERT INTO card_events (event_id, event_name, uma_id, uma_name, category) VALUES (1850, 'オンステージ', 30217, 'cesario', '隨機事件');
INSERT INTO card_event_choices (choice_id, event_id, choice_label, chain_index, speed, stamina, strength, willpower, intelligence, hp, mood, skill_point, character_favor, event_condition, is_random_value, is_random_attribute, is_random_block_training, is_end_chained_event) VALUES (3257, 1850, 'Up', 3, 0, 0, 0, 0, 20, 0, 0, 0, 5, null, 0, 0, 0, 0);
INSERT INTO card_event_choices (choice_id, event_id, choice_label, chain_index, speed, stamina, strength, willpower, intelligence, hp, mood, skill_point, character_favor, event_condition, is_random_value, is_random_attribute, is_random_block_training, is_end_chained_event) VALUES (3258, 1850, 'Down', 3, 0, 0, 0, 0, 0, 20, 0, 0, 5, null, 0, 0, 0, 0);
INSERT INTO card_events (event_id, event_name, uma_id, uma_name, category) VALUES (1851, 'オフステージ', 30217, 'cesario', '隨機事件');
INSERT INTO card_event_choices (choice_id, event_id, choice_label, chain_index, speed, stamina, strength, willpower, intelligence, hp, mood, skill_point, character_favor, event_condition, is_random_value, is_random_attribute, is_random_block_training, is_end_chained_event) VALUES (3259, 1851, 'Up', 3, 10, 0, 0, 0, 0, 0, 1, 0, 5, null, 0, 0, 0, 0);
INSERT INTO card_event_choices (choice_id, event_id, choice_label, chain_index, speed, stamina, strength, willpower, intelligence, hp, mood, skill_point, character_favor, event_condition, is_random_value, is_random_attribute, is_random_block_training, is_end_chained_event) VALUES (3260, 1851, 'Down', 3, 0, 0, 0, 0, 0, 0, 0, 0, 5, null, 0, 0, 0, 0);
INSERT INTO card_table (count, uma_id, uma_name) VALUES (427, 30218, 'taiki-shuttle');
INSERT INTO card_events (event_id, event_name, uma_id, uma_name, category) VALUES (1852, '(❯) 異文化ティーチング、デス！', 30218, 'taiki-shuttle', '連鎖事件');
INSERT INTO card_event_choices (choice_id, event_id, choice_label, chain_index, speed, stamina, strength, willpower, intelligence, hp, mood, skill_point, character_favor, event_condition, is_random_value, is_random_attribute, is_random_block_training, is_end_chained_event) VALUES (3261, 1852, 'None', 1, 5, 0, 0, 0, 10, 0, 0, 0, 10, null, 0, 0, 0, 0);
INSERT INTO card_events (event_id, event_name, uma_id, uma_name, category) VALUES (1853, '(❯❯) 積極トーキング、デス！', 30218, 'taiki-shuttle', '連鎖事件');
INSERT INTO card_event_choices (choice_id, event_id, choice_label, chain_index, speed, stamina, strength, willpower, intelligence, hp, mood, skill_point, character_favor, event_condition, is_random_value, is_random_attribute, is_random_block_training, is_end_chained_event) VALUES (3262, 1853, 'Up', 2, 10, 0, 0, 0, 10, 0, 0, 0, 5, null, 0, 0, 0, 0);
INSERT INTO card_event_choices (choice_id, event_id, choice_label, chain_index, speed, stamina, strength, willpower, intelligence, hp, mood, skill_point, character_favor, event_condition, is_random_value, is_random_attribute, is_random_block_training, is_end_chained_event) VALUES (3263, 1853, 'Down', 2, 0, 0, 0, 0, 15, 0, 0, 0, 5, null, 0, 0, 0, 1);
INSERT INTO card_events (event_id, event_name, uma_id, uma_name, category) VALUES (1854, '(❯❯❯) 前向きシンキング、デス！', 30218, 'taiki-shuttle', '連鎖事件');
INSERT INTO card_event_choices (choice_id, event_id, choice_label, chain_index, speed, stamina, strength, willpower, intelligence, hp, mood, skill_point, character_favor, event_condition, is_random_value, is_random_attribute, is_random_block_training, is_end_chained_event) VALUES (3264, 1854, 'None', 3, 0, 0, 0, 0, 20, 0, 0, 20, 5, null, 1, 0, 0, 0);
INSERT INTO card_event_choices (choice_id, event_id, choice_label, chain_index, speed, stamina, strength, willpower, intelligence, hp, mood, skill_point, character_favor, event_condition, is_random_value, is_random_attribute, is_random_block_training, is_end_chained_event) VALUES (3265, 1854, 'None', 3, 0, 0, 0, 0, 15, 0, 0, 10, 5, null, 0, 0, 0, 0);
INSERT INTO card_events (event_id, event_name, uma_id, uma_name, category) VALUES (1855, 'イエス！　レッツ・ハグ☆', 30218, 'taiki-shuttle', '隨機事件');
INSERT INTO card_event_choices (choice_id, event_id, choice_label, chain_index, speed, stamina, strength, willpower, intelligence, hp, mood, skill_point, character_favor, event_condition, is_random_value, is_random_attribute, is_random_block_training, is_end_chained_event) VALUES (3266, 1855, 'Up', 3, 10, 0, 0, 0, 0, 0, 0, 0, 5, null, 0, 0, 0, 0);
INSERT INTO card_event_choices (choice_id, event_id, choice_label, chain_index, speed, stamina, strength, willpower, intelligence, hp, mood, skill_point, character_favor, event_condition, is_random_value, is_random_attribute, is_random_block_training, is_end_chained_event) VALUES (3267, 1855, 'Down', 3, 5, 0, 5, 0, 0, 0, 0, 0, 5, null, 0, 0, 0, 0);
INSERT INTO card_events (event_id, event_name, uma_id, uma_name, category) VALUES (1856, 'オゥ！　トゥナイト・パーティー☆', 30218, 'taiki-shuttle', '隨機事件');
INSERT INTO card_event_choices (choice_id, event_id, choice_label, chain_index, speed, stamina, strength, willpower, intelligence, hp, mood, skill_point, character_favor, event_condition, is_random_value, is_random_attribute, is_random_block_training, is_end_chained_event) VALUES (3268, 1856, 'Up', 3, 5, 0, 10, 0, 0, -10, 0, 0, 5, null, 0, 0, 0, 0);
INSERT INTO card_event_choices (choice_id, event_id, choice_label, chain_index, speed, stamina, strength, willpower, intelligence, hp, mood, skill_point, character_favor, event_condition, is_random_value, is_random_attribute, is_random_block_training, is_end_chained_event) VALUES (3269, 1856, 'Down', 3, 0, 0, 0, 0, 0, 0, 0, 0, 5, null, 0, 0, 0, 0);
INSERT INTO card_table (count, uma_id, uma_name) VALUES (428, 30219, 'fuji-kiseki');
INSERT INTO card_events (event_id, event_name, uma_id, uma_name, category) VALUES (1857, '(❯) Etude', 30219, 'fuji-kiseki', '連鎖事件');
INSERT INTO card_event_choices (choice_id, event_id, choice_label, chain_index, speed, stamina, strength, willpower, intelligence, hp, mood, skill_point, character_favor, event_condition, is_random_value, is_random_attribute, is_random_block_training, is_end_chained_event) VALUES (3270, 1857, 'None', 1, 0, 0, 0, 15, 0, 0, 0, 0, 10, null, 0, 0, 0, 0);
INSERT INTO card_events (event_id, event_name, uma_id, uma_name, category) VALUES (1858, '(❯❯) Premiere', 30219, 'fuji-kiseki', '連鎖事件');
INSERT INTO card_event_choices (choice_id, event_id, choice_label, chain_index, speed, stamina, strength, willpower, intelligence, hp, mood, skill_point, character_favor, event_condition, is_random_value, is_random_attribute, is_random_block_training, is_end_chained_event) VALUES (3271, 1858, 'Up', 2, 5, 0, 5, 5, 0, 10, 0, 0, 5, null, 0, 0, 0, 0);
INSERT INTO card_event_choices (choice_id, event_id, choice_label, chain_index, speed, stamina, strength, willpower, intelligence, hp, mood, skill_point, character_favor, event_condition, is_random_value, is_random_attribute, is_random_block_training, is_end_chained_event) VALUES (3272, 1858, 'Down', 2, 5, 0, 5, 5, 0, 0, 0, 0, 5, null, 0, 0, 0, 1);
INSERT INTO card_events (event_id, event_name, uma_id, uma_name, category) VALUES (1859, '(❯❯❯) Remake', 30219, 'fuji-kiseki', '連鎖事件');
INSERT INTO card_event_choices (choice_id, event_id, choice_label, chain_index, speed, stamina, strength, willpower, intelligence, hp, mood, skill_point, character_favor, event_condition, is_random_value, is_random_attribute, is_random_block_training, is_end_chained_event) VALUES (3273, 1859, 'Up', 3, 10, 0, 10, 10, 0, 0, 0, 0, 5, null, 0, 0, 0, 0);
INSERT INTO card_event_choices (choice_id, event_id, choice_label, chain_index, speed, stamina, strength, willpower, intelligence, hp, mood, skill_point, character_favor, event_condition, is_random_value, is_random_attribute, is_random_block_training, is_end_chained_event) VALUES (3274, 1859, 'Down', 3, 0, 0, 0, 10, 0, 10, 0, 25, 5, null, 0, 0, 0, 0);
INSERT INTO card_events (event_id, event_name, uma_id, uma_name, category) VALUES (1860, 'スライハンド', 30219, 'fuji-kiseki', '隨機事件');
INSERT INTO card_event_choices (choice_id, event_id, choice_label, chain_index, speed, stamina, strength, willpower, intelligence, hp, mood, skill_point, character_favor, event_condition, is_random_value, is_random_attribute, is_random_block_training, is_end_chained_event) VALUES (3275, 1860, 'Up', 3, 0, 0, 0, 0, 5, 0, 0, 15, 5, null, 0, 0, 0, 0);
INSERT INTO card_event_choices (choice_id, event_id, choice_label, chain_index, speed, stamina, strength, willpower, intelligence, hp, mood, skill_point, character_favor, event_condition, is_random_value, is_random_attribute, is_random_block_training, is_end_chained_event) VALUES (3276, 1860, 'Down', 3, 0, 0, 5, 0, 0, 0, 0, 15, 5, null, 0, 0, 0, 0);
INSERT INTO card_events (event_id, event_name, uma_id, uma_name, category) VALUES (1861, 'ミスディレクション', 30219, 'fuji-kiseki', '隨機事件');
INSERT INTO card_event_choices (choice_id, event_id, choice_label, chain_index, speed, stamina, strength, willpower, intelligence, hp, mood, skill_point, character_favor, event_condition, is_random_value, is_random_attribute, is_random_block_training, is_end_chained_event) VALUES (3277, 1861, 'Up', 3, 0, 0, 0, 0, 0, 0, 0, 0, 5, null, 0, 0, 0, 0);
INSERT INTO card_event_choices (choice_id, event_id, choice_label, chain_index, speed, stamina, strength, willpower, intelligence, hp, mood, skill_point, character_favor, event_condition, is_random_value, is_random_attribute, is_random_block_training, is_end_chained_event) VALUES (3278, 1861, 'Down', 3, 0, 0, 0, 0, 0, 0, 0, 30, 5, null, 0, 0, 0, 0);
INSERT INTO card_table (count, uma_id, uma_name) VALUES (429, 30220, 'symboli-kris-s');
INSERT INTO card_events (event_id, event_name, uma_id, uma_name, category) VALUES (1862, '(❯) Complete the mission', 30220, 'symboli-kris-s', '連鎖事件');
INSERT INTO card_event_choices (choice_id, event_id, choice_label, chain_index, speed, stamina, strength, willpower, intelligence, hp, mood, skill_point, character_favor, event_condition, is_random_value, is_random_attribute, is_random_block_training, is_end_chained_event) VALUES (3279, 1862, 'Up', 1, 0, 0, 0, 0, 10, 0, 0, 0, 5, null, 0, 0, 0, 0);
INSERT INTO card_event_choices (choice_id, event_id, choice_label, chain_index, speed, stamina, strength, willpower, intelligence, hp, mood, skill_point, character_favor, event_condition, is_random_value, is_random_attribute, is_random_block_training, is_end_chained_event) VALUES (3280, 1862, 'Down', 1, 20, 0, 0, 0, 0, -10, 0, 0, 5, null, 0, 0, 0, 0);
INSERT INTO card_events (event_id, event_name, uma_id, uma_name, category) VALUES (1863, '(❯❯) Reciprocate Your Dreams', 30220, 'symboli-kris-s', '連鎖事件');
INSERT INTO card_event_choices (choice_id, event_id, choice_label, chain_index, speed, stamina, strength, willpower, intelligence, hp, mood, skill_point, character_favor, event_condition, is_random_value, is_random_attribute, is_random_block_training, is_end_chained_event) VALUES (3281, 1863, 'None', 2, 5, 0, 0, 0, 5, 0, 0, 0, 5, null, 0, 0, 0, 0);
INSERT INTO card_events (event_id, event_name, uma_id, uma_name, category) VALUES (1864, '(❯❯❯) For You', 30220, 'symboli-kris-s', '連鎖事件');
INSERT INTO card_event_choices (choice_id, event_id, choice_label, chain_index, speed, stamina, strength, willpower, intelligence, hp, mood, skill_point, character_favor, event_condition, is_random_value, is_random_attribute, is_random_block_training, is_end_chained_event) VALUES (3282, 1864, 'None', 3, 0, 0, 0, 0, 5, 0, 0, 10, 5, null, 0, 0, 0, 0);
INSERT INTO card_events (event_id, event_name, uma_id, uma_name, category) VALUES (1865, '仕事人の心情', 30220, 'symboli-kris-s', '隨機事件');
INSERT INTO card_event_choices (choice_id, event_id, choice_label, chain_index, speed, stamina, strength, willpower, intelligence, hp, mood, skill_point, character_favor, event_condition, is_random_value, is_random_attribute, is_random_block_training, is_end_chained_event) VALUES (3283, 1865, 'Up', 3, 0, 0, 0, 25, 0, 0, 0, 0, 5, null, 0, 0, 0, 0);
INSERT INTO card_event_choices (choice_id, event_id, choice_label, chain_index, speed, stamina, strength, willpower, intelligence, hp, mood, skill_point, character_favor, event_condition, is_random_value, is_random_attribute, is_random_block_training, is_end_chained_event) VALUES (3284, 1865, 'Down', 3, 0, 0, 0, 0, 0, 15, 0, 0, 5, null, 0, 0, 0, 0);
INSERT INTO card_events (event_id, event_name, uma_id, uma_name, category) VALUES (1866, '仕事人の心得', 30220, 'symboli-kris-s', '隨機事件');
INSERT INTO card_event_choices (choice_id, event_id, choice_label, chain_index, speed, stamina, strength, willpower, intelligence, hp, mood, skill_point, character_favor, event_condition, is_random_value, is_random_attribute, is_random_block_training, is_end_chained_event) VALUES (3285, 1866, 'Up', 3, 0, 15, 0, 0, 0, 0, 0, 0, 5, null, 0, 0, 0, 0);
INSERT INTO card_event_choices (choice_id, event_id, choice_label, chain_index, speed, stamina, strength, willpower, intelligence, hp, mood, skill_point, character_favor, event_condition, is_random_value, is_random_attribute, is_random_block_training, is_end_chained_event) VALUES (3286, 1866, 'Down', 3, 0, 0, 0, 0, 0, 0, 0, 0, 5, null, 0, 0, 0, 0);
INSERT INTO card_table (count, uma_id, uma_name) VALUES (430, 30221, 'satono-diamond');
INSERT INTO card_events (event_id, event_name, uma_id, uma_name, category) VALUES (1867, '新しいもの、大好きです！', 30221, 'satono-diamond', '隨機事件');
INSERT INTO card_event_choices (choice_id, event_id, choice_label, chain_index, speed, stamina, strength, willpower, intelligence, hp, mood, skill_point, character_favor, event_condition, is_random_value, is_random_attribute, is_random_block_training, is_end_chained_event) VALUES (3287, 1867, 'Up', 0, 0, 0, 0, 10, 0, 0, 0, 0, 5, null, 0, 0, 0, 0);
INSERT INTO card_event_choices (choice_id, event_id, choice_label, chain_index, speed, stamina, strength, willpower, intelligence, hp, mood, skill_point, character_favor, event_condition, is_random_value, is_random_attribute, is_random_block_training, is_end_chained_event) VALUES (3288, 1867, 'Down', 0, 0, 20, 0, 0, 0, -10, 0, 0, 5, null, 0, 0, 0, 0);
INSERT INTO card_events (event_id, event_name, uma_id, uma_name, category) VALUES (1868, '難しいこと、大好きです！', 30221, 'satono-diamond', '隨機事件');
INSERT INTO card_event_choices (choice_id, event_id, choice_label, chain_index, speed, stamina, strength, willpower, intelligence, hp, mood, skill_point, character_favor, event_condition, is_random_value, is_random_attribute, is_random_block_training, is_end_chained_event) VALUES (3289, 1868, 'Up', 0, 0, 5, 0, 10, 0, 0, 0, 0, 5, null, 0, 0, 0, 0);
INSERT INTO card_event_choices (choice_id, event_id, choice_label, chain_index, speed, stamina, strength, willpower, intelligence, hp, mood, skill_point, character_favor, event_condition, is_random_value, is_random_attribute, is_random_block_training, is_end_chained_event) VALUES (3290, 1868, 'Down', 0, 0, 0, 0, 0, 0, 0, 0, 0, 5, null, 0, 0, 0, 0);
INSERT INTO card_table (count, uma_id, uma_name) VALUES (431, 30222, 'espoir-city');
INSERT INTO card_events (event_id, event_name, uma_id, uma_name, category) VALUES (1869, '(❯) 威嚇上等', 30222, 'espoir-city', '連鎖事件');
INSERT INTO card_event_choices (choice_id, event_id, choice_label, chain_index, speed, stamina, strength, willpower, intelligence, hp, mood, skill_point, character_favor, event_condition, is_random_value, is_random_attribute, is_random_block_training, is_end_chained_event) VALUES (3291, 1869, 'Up', 1, 0, 0, 10, 0, 0, 10, 1, 0, 15, null, 1, 0, 0, 0);
INSERT INTO card_event_choices (choice_id, event_id, choice_label, chain_index, speed, stamina, strength, willpower, intelligence, hp, mood, skill_point, character_favor, event_condition, is_random_value, is_random_attribute, is_random_block_training, is_end_chained_event) VALUES (3292, 1869, 'Up', 1, 0, 0, 5, 0, 0, 0, 1, 0, 5, null, 0, 0, 0, 0);
INSERT INTO card_event_choices (choice_id, event_id, choice_label, chain_index, speed, stamina, strength, willpower, intelligence, hp, mood, skill_point, character_favor, event_condition, is_random_value, is_random_attribute, is_random_block_training, is_end_chained_event) VALUES (3293, 1869, 'Down', 1, 0, 0, 15, 0, 0, 15, 0, 15, 5, null, 0, 0, 0, 1);
INSERT INTO card_events (event_id, event_name, uma_id, uma_name, category) VALUES (1870, '(❯❯) プライドと根性', 30222, 'espoir-city', '連鎖事件');
INSERT INTO card_event_choices (choice_id, event_id, choice_label, chain_index, speed, stamina, strength, willpower, intelligence, hp, mood, skill_point, character_favor, event_condition, is_random_value, is_random_attribute, is_random_block_training, is_end_chained_event) VALUES (3294, 1870, 'None', 2, 0, 0, 15, 0, 0, 10, 0, 0, 5, null, 0, 0, 0, 0);
INSERT INTO card_events (event_id, event_name, uma_id, uma_name, category) VALUES (1871, '(❯❯❯) メンツの問題', 30222, 'espoir-city', '連鎖事件');
INSERT INTO card_event_choices (choice_id, event_id, choice_label, chain_index, speed, stamina, strength, willpower, intelligence, hp, mood, skill_point, character_favor, event_condition, is_random_value, is_random_attribute, is_random_block_training, is_end_chained_event) VALUES (3295, 1871, 'Up', 3, 0, 20, 20, 0, 0, 0, 0, 0, 5, null, 0, 0, 0, 0);
INSERT INTO card_event_choices (choice_id, event_id, choice_label, chain_index, speed, stamina, strength, willpower, intelligence, hp, mood, skill_point, character_favor, event_condition, is_random_value, is_random_attribute, is_random_block_training, is_end_chained_event) VALUES (3296, 1871, 'Down', 3, 0, 0, 10, 0, 0, 15, 0, 15, 5, null, 0, 0, 0, 0);
INSERT INTO card_events (event_id, event_name, uma_id, uma_name, category) VALUES (1872, 'ガチってんだよ！', 30222, 'espoir-city', '隨機事件');
INSERT INTO card_event_choices (choice_id, event_id, choice_label, chain_index, speed, stamina, strength, willpower, intelligence, hp, mood, skill_point, character_favor, event_condition, is_random_value, is_random_attribute, is_random_block_training, is_end_chained_event) VALUES (3297, 1872, 'Up', 3, 0, 0, 15, 0, 0, 0, 0, 0, 5, null, 0, 0, 0, 0);
INSERT INTO card_event_choices (choice_id, event_id, choice_label, chain_index, speed, stamina, strength, willpower, intelligence, hp, mood, skill_point, character_favor, event_condition, is_random_value, is_random_attribute, is_random_block_training, is_end_chained_event) VALUES (3298, 1872, 'Down', 3, 5, 0, 0, 0, 0, 10, 0, 0, 5, null, 0, 0, 0, 0);
INSERT INTO card_events (event_id, event_name, uma_id, uma_name, category) VALUES (1873, 'ぶちのめすぞ！！', 30222, 'espoir-city', '隨機事件');
INSERT INTO card_event_choices (choice_id, event_id, choice_label, chain_index, speed, stamina, strength, willpower, intelligence, hp, mood, skill_point, character_favor, event_condition, is_random_value, is_random_attribute, is_random_block_training, is_end_chained_event) VALUES (3299, 1873, 'Up', 3, 0, 0, 0, 0, 0, 0, 0, 25, 5, null, 0, 0, 0, 0);
INSERT INTO card_event_choices (choice_id, event_id, choice_label, chain_index, speed, stamina, strength, willpower, intelligence, hp, mood, skill_point, character_favor, event_condition, is_random_value, is_random_attribute, is_random_block_training, is_end_chained_event) VALUES (3300, 1873, 'Down', 3, 0, 0, 0, 0, 0, 0, 0, 0, 5, null, 0, 0, 0, 0);
INSERT INTO card_table (count, uma_id, uma_name) VALUES (432, 30223, 'hishi-amazon');
INSERT INTO card_events (event_id, event_name, uma_id, uma_name, category) VALUES (1874, '(❯) 姉御は怯まず', 30223, 'hishi-amazon', '連鎖事件');
INSERT INTO card_event_choices (choice_id, event_id, choice_label, chain_index, speed, stamina, strength, willpower, intelligence, hp, mood, skill_point, character_favor, event_condition, is_random_value, is_random_attribute, is_random_block_training, is_end_chained_event) VALUES (3301, 1874, 'None', 1, 0, 0, 0, 10, 0, 14, 0, 0, 10, null, 0, 0, 0, 0);
INSERT INTO card_events (event_id, event_name, uma_id, uma_name, category) VALUES (1875, '(❯❯) 姉御はこだわらず', 30223, 'hishi-amazon', '連鎖事件');
INSERT INTO card_event_choices (choice_id, event_id, choice_label, chain_index, speed, stamina, strength, willpower, intelligence, hp, mood, skill_point, character_favor, event_condition, is_random_value, is_random_attribute, is_random_block_training, is_end_chained_event) VALUES (3302, 1875, 'None', 2, 0, 0, 0, 10, 0, 10, 0, 0, 5, null, 0, 0, 0, 0);
INSERT INTO card_events (event_id, event_name, uma_id, uma_name, category) VALUES (1876, '(❯❯❯) ただ力で喰らいあう', 30223, 'hishi-amazon', '連鎖事件');
INSERT INTO card_event_choices (choice_id, event_id, choice_label, chain_index, speed, stamina, strength, willpower, intelligence, hp, mood, skill_point, character_favor, event_condition, is_random_value, is_random_attribute, is_random_block_training, is_end_chained_event) VALUES (3303, 1876, 'None', 3, 10, 0, 10, 10, 0, 10, 0, 0, 5, null, 0, 0, 0, 0);
INSERT INTO card_events (event_id, event_name, uma_id, uma_name, category) VALUES (1877, 'ヒシアマ姐さん奮闘記　～問題児編～', 30223, 'hishi-amazon', '隨機事件');
INSERT INTO card_event_choices (choice_id, event_id, choice_label, chain_index, speed, stamina, strength, willpower, intelligence, hp, mood, skill_point, character_favor, event_condition, is_random_value, is_random_attribute, is_random_block_training, is_end_chained_event) VALUES (3304, 1877, 'Up', 3, 0, 0, 0, 0, 5, 10, 0, 0, 5, null, 0, 0, 0, 0);
INSERT INTO card_event_choices (choice_id, event_id, choice_label, chain_index, speed, stamina, strength, willpower, intelligence, hp, mood, skill_point, character_favor, event_condition, is_random_value, is_random_attribute, is_random_block_training, is_end_chained_event) VALUES (3305, 1877, 'Down', 3, 10, 0, 0, 5, 0, -10, 0, 0, 5, null, 0, 0, 0, 0);
INSERT INTO card_events (event_id, event_name, uma_id, uma_name, category) VALUES (1878, 'ヒシアマ姐さん奮闘記　～追い込み編～', 30223, 'hishi-amazon', '隨機事件');
INSERT INTO card_event_choices (choice_id, event_id, choice_label, chain_index, speed, stamina, strength, willpower, intelligence, hp, mood, skill_point, character_favor, event_condition, is_random_value, is_random_attribute, is_random_block_training, is_end_chained_event) VALUES (3306, 1878, 'Up', 3, 0, 0, 0, 0, 0, 0, 0, 0, 5, null, 0, 0, 0, 0);
INSERT INTO card_event_choices (choice_id, event_id, choice_label, chain_index, speed, stamina, strength, willpower, intelligence, hp, mood, skill_point, character_favor, event_condition, is_random_value, is_random_attribute, is_random_block_training, is_end_chained_event) VALUES (3307, 1878, 'Down', 3, 0, 0, 5, 0, 0, 0, 0, 15, 5, null, 0, 0, 0, 0);
INSERT INTO card_table (count, uma_id, uma_name) VALUES (433, 30224, 'narita-brian');
INSERT INTO card_events (event_id, event_name, uma_id, uma_name, category) VALUES (1879, '(❯) 『邂逅』', 30224, 'narita-brian', '連鎖事件');
INSERT INTO card_event_choices (choice_id, event_id, choice_label, chain_index, speed, stamina, strength, willpower, intelligence, hp, mood, skill_point, character_favor, event_condition, is_random_value, is_random_attribute, is_random_block_training, is_end_chained_event) VALUES (3308, 1879, 'None', 1, 10, 0, 0, 0, 0, 0, 0, 0, 5, null, 0, 0, 0, 0);
INSERT INTO card_events (event_id, event_name, uma_id, uma_name, category) VALUES (1880, '(❯❯) 『希求』', 30224, 'narita-brian', '連鎖事件');
INSERT INTO card_event_choices (choice_id, event_id, choice_label, chain_index, speed, stamina, strength, willpower, intelligence, hp, mood, skill_point, character_favor, event_condition, is_random_value, is_random_attribute, is_random_block_training, is_end_chained_event) VALUES (3309, 1880, 'None', 2, 0, 0, 0, 0, 0, 25, 0, 0, 5, null, 0, 0, 0, 0);
INSERT INTO card_events (event_id, event_name, uma_id, uma_name, category) VALUES (1881, '(❯❯❯) 『共鳴』', 30224, 'narita-brian', '連鎖事件');
INSERT INTO card_event_choices (choice_id, event_id, choice_label, chain_index, speed, stamina, strength, willpower, intelligence, hp, mood, skill_point, character_favor, event_condition, is_random_value, is_random_attribute, is_random_block_training, is_end_chained_event) VALUES (3310, 1881, 'Up', 3, 15, 0, 15, 0, 0, 10, 0, 0, 5, null, 0, 0, 0, 0);
INSERT INTO card_event_choices (choice_id, event_id, choice_label, chain_index, speed, stamina, strength, willpower, intelligence, hp, mood, skill_point, character_favor, event_condition, is_random_value, is_random_attribute, is_random_block_training, is_end_chained_event) VALUES (3311, 1881, 'Down', 3, 10, 0, 0, 0, 0, 0, 0, 30, 5, null, 0, 0, 0, 0);
INSERT INTO card_events (event_id, event_name, uma_id, uma_name, category) VALUES (1882, '生徒会役員！', 30224, 'narita-brian', '隨機事件');
INSERT INTO card_event_choices (choice_id, event_id, choice_label, chain_index, speed, stamina, strength, willpower, intelligence, hp, mood, skill_point, character_favor, event_condition, is_random_value, is_random_attribute, is_random_block_training, is_end_chained_event) VALUES (3312, 1882, 'Up', 3, 5, 0, 0, 0, 0, 0, 1, 0, 5, null, 0, 0, 0, 0);
INSERT INTO card_event_choices (choice_id, event_id, choice_label, chain_index, speed, stamina, strength, willpower, intelligence, hp, mood, skill_point, character_favor, event_condition, is_random_value, is_random_attribute, is_random_block_training, is_end_chained_event) VALUES (3313, 1882, 'Down', 3, 0, 0, 0, 0, 0, 4, 0, 0, 5, null, 0, 0, 0, 0);
INSERT INTO card_events (event_id, event_name, uma_id, uma_name, category) VALUES (1883, '孤狼', 30224, 'narita-brian', '隨機事件');
INSERT INTO card_event_choices (choice_id, event_id, choice_label, chain_index, speed, stamina, strength, willpower, intelligence, hp, mood, skill_point, character_favor, event_condition, is_random_value, is_random_attribute, is_random_block_training, is_end_chained_event) VALUES (3314, 1883, 'Up', 3, 3, 3, 3, 0, 0, 0, 0, 0, 5, null, 0, 0, 0, 0);
INSERT INTO card_event_choices (choice_id, event_id, choice_label, chain_index, speed, stamina, strength, willpower, intelligence, hp, mood, skill_point, character_favor, event_condition, is_random_value, is_random_attribute, is_random_block_training, is_end_chained_event) VALUES (3315, 1883, 'Down', 3, 0, 0, 0, 0, 0, 0, 0, 0, 5, null, 0, 0, 0, 0);
INSERT INTO card_table (count, uma_id, uma_name) VALUES (434, 30225, 'matikanefukukitaru');
INSERT INTO card_events (event_id, event_name, uma_id, uma_name, category) VALUES (1884, '(❯) 流しのラッキー・フクキタ', 30225, 'matikanefukukitaru', '連鎖事件');
INSERT INTO card_event_choices (choice_id, event_id, choice_label, chain_index, speed, stamina, strength, willpower, intelligence, hp, mood, skill_point, character_favor, event_condition, is_random_value, is_random_attribute, is_random_block_training, is_end_chained_event) VALUES (3316, 1884, 'None', 1, 0, 0, 0, 10, 0, 0, 0, 0, 5, null, 0, 0, 0, 0);
INSERT INTO card_events (event_id, event_name, uma_id, uma_name, category) VALUES (1885, '(❯❯) 七転び八起き六昆布', 30225, 'matikanefukukitaru', '連鎖事件');
INSERT INTO card_event_choices (choice_id, event_id, choice_label, chain_index, speed, stamina, strength, willpower, intelligence, hp, mood, skill_point, character_favor, event_condition, is_random_value, is_random_attribute, is_random_block_training, is_end_chained_event) VALUES (3317, 1885, 'Up', 2, 0, 0, 0, 10, 0, 0, 0, 0, 5, null, 0, 0, 0, 0);
INSERT INTO card_event_choices (choice_id, event_id, choice_label, chain_index, speed, stamina, strength, willpower, intelligence, hp, mood, skill_point, character_favor, event_condition, is_random_value, is_random_attribute, is_random_block_training, is_end_chained_event) VALUES (3318, 1885, 'Down', 2, 0, 0, 5, 5, 0, 0, 0, 0, 5, null, 0, 0, 0, 0);
INSERT INTO card_events (event_id, event_name, uma_id, uma_name, category) VALUES (1886, '(❯❯❯) 伝説再臨', 30225, 'matikanefukukitaru', '連鎖事件');
INSERT INTO card_event_choices (choice_id, event_id, choice_label, chain_index, speed, stamina, strength, willpower, intelligence, hp, mood, skill_point, character_favor, event_condition, is_random_value, is_random_attribute, is_random_block_training, is_end_chained_event) VALUES (3319, 1886, 'None', 3, 5, 0, 5, 5, 0, 0, 0, 0, 5, null, 0, 0, 0, 0);
INSERT INTO card_events (event_id, event_name, uma_id, uma_name, category) VALUES (1887, '全力スピリチュアル', 30225, 'matikanefukukitaru', '隨機事件');
INSERT INTO card_event_choices (choice_id, event_id, choice_label, chain_index, speed, stamina, strength, willpower, intelligence, hp, mood, skill_point, character_favor, event_condition, is_random_value, is_random_attribute, is_random_block_training, is_end_chained_event) VALUES (3320, 1887, 'Up', 3, 0, 0, 0, 0, 5, 0, 0, 15, 5, null, 0, 0, 0, 0);
INSERT INTO card_event_choices (choice_id, event_id, choice_label, chain_index, speed, stamina, strength, willpower, intelligence, hp, mood, skill_point, character_favor, event_condition, is_random_value, is_random_attribute, is_random_block_training, is_end_chained_event) VALUES (3321, 1887, 'Down', 3, 5, 5, 5, 0, 0, -10, 0, 0, 5, null, 0, 0, 0, 0);
INSERT INTO card_events (event_id, event_name, uma_id, uma_name, category) VALUES (1888, '信仰心と親切心が交わる時――', 30225, 'matikanefukukitaru', '隨機事件');
INSERT INTO card_event_choices (choice_id, event_id, choice_label, chain_index, speed, stamina, strength, willpower, intelligence, hp, mood, skill_point, character_favor, event_condition, is_random_value, is_random_attribute, is_random_block_training, is_end_chained_event) VALUES (3322, 1888, 'Up', 3, 0, 0, 0, 0, 0, 0, 0, 30, 5, null, 0, 0, 0, 0);
INSERT INTO card_event_choices (choice_id, event_id, choice_label, chain_index, speed, stamina, strength, willpower, intelligence, hp, mood, skill_point, character_favor, event_condition, is_random_value, is_random_attribute, is_random_block_training, is_end_chained_event) VALUES (3323, 1888, 'Down', 3, 0, 0, 0, 0, 0, 20, 0, 0, 5, null, 0, 0, 0, 0);
INSERT INTO card_table (count, uma_id, uma_name) VALUES (435, 30226, 'air-shakur');
INSERT INTO card_events (event_id, event_name, uma_id, uma_name, category) VALUES (1889, '(❯) Feature:“Me”', 30226, 'air-shakur', '連鎖事件');
INSERT INTO card_event_choices (choice_id, event_id, choice_label, chain_index, speed, stamina, strength, willpower, intelligence, hp, mood, skill_point, character_favor, event_condition, is_random_value, is_random_attribute, is_random_block_training, is_end_chained_event) VALUES (3324, 1889, 'None', 1, 3, 3, 3, 3, 3, 10, 1, 0, 15, null, 1, 0, 0, 0);
INSERT INTO card_event_choices (choice_id, event_id, choice_label, chain_index, speed, stamina, strength, willpower, intelligence, hp, mood, skill_point, character_favor, event_condition, is_random_value, is_random_attribute, is_random_block_training, is_end_chained_event) VALUES (3325, 1889, 'None', 1, 0, 0, 0, 0, 0, 10, 1, 0, 5, null, 0, 0, 0, 0);
INSERT INTO card_events (event_id, event_name, uma_id, uma_name, category) VALUES (1890, '(❯❯) Beta:“Me”', 30226, 'air-shakur', '連鎖事件');
INSERT INTO card_event_choices (choice_id, event_id, choice_label, chain_index, speed, stamina, strength, willpower, intelligence, hp, mood, skill_point, character_favor, event_condition, is_random_value, is_random_attribute, is_random_block_training, is_end_chained_event) VALUES (3326, 1890, 'Up', 2, 0, 0, 0, 0, 0, 0, 0, 10, 5, null, 0, 0, 0, 0);
INSERT INTO card_event_choices (choice_id, event_id, choice_label, chain_index, speed, stamina, strength, willpower, intelligence, hp, mood, skill_point, character_favor, event_condition, is_random_value, is_random_attribute, is_random_block_training, is_end_chained_event) VALUES (3327, 1890, 'Down', 2, 5, 5, 5, 5, 5, 25, 0, 0, 5, null, 0, 0, 0, 0);
INSERT INTO card_events (event_id, event_name, uma_id, uma_name, category) VALUES (1891, '(❯❯❯) Release:“Me”', 30226, 'air-shakur', '連鎖事件');
INSERT INTO card_event_choices (choice_id, event_id, choice_label, chain_index, speed, stamina, strength, willpower, intelligence, hp, mood, skill_point, character_favor, event_condition, is_random_value, is_random_attribute, is_random_block_training, is_end_chained_event) VALUES (3328, 1891, 'Up', 3, 5, 5, 5, 5, 5, 0, 0, 15, 5, null, 0, 0, 0, 0);
INSERT INTO card_event_choices (choice_id, event_id, choice_label, chain_index, speed, stamina, strength, willpower, intelligence, hp, mood, skill_point, character_favor, event_condition, is_random_value, is_random_attribute, is_random_block_training, is_end_chained_event) VALUES (3329, 1891, 'Down', 3, 0, 25, 0, 0, 0, 15, 0, 0, 5, null, 0, 0, 0, 0);
INSERT INTO card_events (event_id, event_name, uma_id, uma_name, category) VALUES (1892, '//要検証', 30226, 'air-shakur', '隨機事件');
INSERT INTO card_event_choices (choice_id, event_id, choice_label, chain_index, speed, stamina, strength, willpower, intelligence, hp, mood, skill_point, character_favor, event_condition, is_random_value, is_random_attribute, is_random_block_training, is_end_chained_event) VALUES (3330, 1892, 'Up', 3, 0, 0, 0, 5, 0, 10, 0, 0, 5, null, 0, 0, 0, 0);
INSERT INTO card_event_choices (choice_id, event_id, choice_label, chain_index, speed, stamina, strength, willpower, intelligence, hp, mood, skill_point, character_favor, event_condition, is_random_value, is_random_attribute, is_random_block_training, is_end_chained_event) VALUES (3331, 1892, 'Down', 3, 0, 5, 0, 10, 0, -10, 0, 0, 5, null, 0, 0, 0, 0);
INSERT INTO card_events (event_id, event_name, uma_id, uma_name, category) VALUES (1893, '//絶対欲しい', 30226, 'air-shakur', '隨機事件');
INSERT INTO card_event_choices (choice_id, event_id, choice_label, chain_index, speed, stamina, strength, willpower, intelligence, hp, mood, skill_point, character_favor, event_condition, is_random_value, is_random_attribute, is_random_block_training, is_end_chained_event) VALUES (3332, 1893, 'Up', 3, 0, 0, 0, 0, 0, 0, 0, 0, 5, null, 0, 0, 0, 0);
INSERT INTO card_event_choices (choice_id, event_id, choice_label, chain_index, speed, stamina, strength, willpower, intelligence, hp, mood, skill_point, character_favor, event_condition, is_random_value, is_random_attribute, is_random_block_training, is_end_chained_event) VALUES (3333, 1893, 'Down', 3, 0, 0, 0, 5, 0, 4, 0, 0, 5, null, 0, 0, 0, 0);
INSERT INTO card_table (count, uma_id, uma_name) VALUES (436, 30227, 'daiwa-scarlet');
INSERT INTO card_events (event_id, event_name, uma_id, uma_name, category) VALUES (1894, '(❯) 納得するまでやるんだからっ！', 30227, 'daiwa-scarlet', '連鎖事件');
INSERT INTO card_event_choices (choice_id, event_id, choice_label, chain_index, speed, stamina, strength, willpower, intelligence, hp, mood, skill_point, character_favor, event_condition, is_random_value, is_random_attribute, is_random_block_training, is_end_chained_event) VALUES (3334, 1894, 'None', 1, 0, 0, 0, 0, 0, 10, 0, 0, 10, null, 0, 0, 0, 0);
INSERT INTO card_events (event_id, event_name, uma_id, uma_name, category) VALUES (1895, '(❯❯) たとえ子どもっぽくたって！', 30227, 'daiwa-scarlet', '連鎖事件');
INSERT INTO card_event_choices (choice_id, event_id, choice_label, chain_index, speed, stamina, strength, willpower, intelligence, hp, mood, skill_point, character_favor, event_condition, is_random_value, is_random_attribute, is_random_block_training, is_end_chained_event) VALUES (3335, 1895, 'Up', 2, 0, 0, 0, 0, 20, 10, 0, 0, 5, null, 0, 0, 0, 0);
INSERT INTO card_event_choices (choice_id, event_id, choice_label, chain_index, speed, stamina, strength, willpower, intelligence, hp, mood, skill_point, character_favor, event_condition, is_random_value, is_random_attribute, is_random_block_training, is_end_chained_event) VALUES (3336, 1895, 'Down', 2, 0, 0, 0, 0, 0, 10, 0, 20, 5, null, 0, 0, 0, 0);
INSERT INTO card_events (event_id, event_name, uma_id, uma_name, category) VALUES (1896, '(❯❯❯) バブリー水泳競技会！', 30227, 'daiwa-scarlet', '連鎖事件');
INSERT INTO card_event_choices (choice_id, event_id, choice_label, chain_index, speed, stamina, strength, willpower, intelligence, hp, mood, skill_point, character_favor, event_condition, is_random_value, is_random_attribute, is_random_block_training, is_end_chained_event) VALUES (3337, 1896, 'Up', 3, 10, 0, 0, 0, 20, 10, 0, 0, 5, null, 1, 0, 0, 0);
INSERT INTO card_event_choices (choice_id, event_id, choice_label, chain_index, speed, stamina, strength, willpower, intelligence, hp, mood, skill_point, character_favor, event_condition, is_random_value, is_random_attribute, is_random_block_training, is_end_chained_event) VALUES (3338, 1896, 'Up', 3, 0, 0, 0, 0, 10, 5, 0, 0, 5, null, 0, 0, 0, 0);
INSERT INTO card_event_choices (choice_id, event_id, choice_label, chain_index, speed, stamina, strength, willpower, intelligence, hp, mood, skill_point, character_favor, event_condition, is_random_value, is_random_attribute, is_random_block_training, is_end_chained_event) VALUES (3339, 1896, 'Down', 3, 0, 0, 0, 0, 20, 10, 0, 10, 5, null, 1, 0, 0, 0);
INSERT INTO card_event_choices (choice_id, event_id, choice_label, chain_index, speed, stamina, strength, willpower, intelligence, hp, mood, skill_point, character_favor, event_condition, is_random_value, is_random_attribute, is_random_block_training, is_end_chained_event) VALUES (3340, 1896, 'Down', 3, 0, 0, 0, 0, 5, 5, 0, 5, 5, null, 0, 0, 0, 0);
INSERT INTO card_events (event_id, event_name, uma_id, uma_name, category) VALUES (1897, '明日は私が勝つんだから！', 30227, 'daiwa-scarlet', '隨機事件');
INSERT INTO card_event_choices (choice_id, event_id, choice_label, chain_index, speed, stamina, strength, willpower, intelligence, hp, mood, skill_point, character_favor, event_condition, is_random_value, is_random_attribute, is_random_block_training, is_end_chained_event) VALUES (3341, 1897, 'Up', 3, 0, 0, 0, 0, 10, 0, 0, 0, 5, null, 0, 0, 0, 0);
INSERT INTO card_event_choices (choice_id, event_id, choice_label, chain_index, speed, stamina, strength, willpower, intelligence, hp, mood, skill_point, character_favor, event_condition, is_random_value, is_random_attribute, is_random_block_training, is_end_chained_event) VALUES (3342, 1897, 'Down', 3, 0, 0, 0, 0, 0, 0, 1, 15, 5, null, 0, 0, 0, 0);
INSERT INTO card_events (event_id, event_name, uma_id, uma_name, category) VALUES (1898, 'このくらい平気なんだから！', 30227, 'daiwa-scarlet', '隨機事件');
INSERT INTO card_event_choices (choice_id, event_id, choice_label, chain_index, speed, stamina, strength, willpower, intelligence, hp, mood, skill_point, character_favor, event_condition, is_random_value, is_random_attribute, is_random_block_training, is_end_chained_event) VALUES (3343, 1898, 'Up', 3, 0, 1, 0, 0, 0, 0, 0, 0, 5, null, 0, 0, 0, 0);
INSERT INTO card_event_choices (choice_id, event_id, choice_label, chain_index, speed, stamina, strength, willpower, intelligence, hp, mood, skill_point, character_favor, event_condition, is_random_value, is_random_attribute, is_random_block_training, is_end_chained_event) VALUES (3344, 1898, 'Down', 3, 0, 0, 0, 0, 0, 20, 1, 0, 5, null, 0, 0, 0, 0);
INSERT INTO card_table (count, uma_id, uma_name) VALUES (437, 30228, 'symboli-kris-s');
INSERT INTO card_events (event_id, event_name, uma_id, uma_name, category) VALUES (1899, '(❯) 適切なDistance', 30228, 'symboli-kris-s', '連鎖事件');
INSERT INTO card_event_choices (choice_id, event_id, choice_label, chain_index, speed, stamina, strength, willpower, intelligence, hp, mood, skill_point, character_favor, event_condition, is_random_value, is_random_attribute, is_random_block_training, is_end_chained_event) VALUES (3345, 1899, 'Up', 1, 0, 0, 0, 0, 0, 10, 1, 10, 5, null, 0, 0, 0, 0);
INSERT INTO card_event_choices (choice_id, event_id, choice_label, chain_index, speed, stamina, strength, willpower, intelligence, hp, mood, skill_point, character_favor, event_condition, is_random_value, is_random_attribute, is_random_block_training, is_end_chained_event) VALUES (3346, 1899, 'Down', 1, 0, 0, 45, 0, 0, 0, 0, 0, 5, null, 0, 0, 0, 1);
INSERT INTO card_events (event_id, event_name, uma_id, uma_name, category) VALUES (1900, '(❯❯) The Best Partner', 30228, 'symboli-kris-s', '連鎖事件');
INSERT INTO card_event_choices (choice_id, event_id, choice_label, chain_index, speed, stamina, strength, willpower, intelligence, hp, mood, skill_point, character_favor, event_condition, is_random_value, is_random_attribute, is_random_block_training, is_end_chained_event) VALUES (3347, 1900, 'Up', 2, 0, 0, 0, 0, 0, 10, 0, 0, 5, null, 0, 0, 0, 0);
INSERT INTO card_event_choices (choice_id, event_id, choice_label, chain_index, speed, stamina, strength, willpower, intelligence, hp, mood, skill_point, character_favor, event_condition, is_random_value, is_random_attribute, is_random_block_training, is_end_chained_event) VALUES (3348, 1900, 'Down', 2, 0, 10, 0, 0, 0, 0, 0, 0, 5, null, 0, 0, 0, 0);
INSERT INTO card_events (event_id, event_name, uma_id, uma_name, category) VALUES (1901, '(❯❯❯) WOTAGEI', 30228, 'symboli-kris-s', '連鎖事件');
INSERT INTO card_event_choices (choice_id, event_id, choice_label, chain_index, speed, stamina, strength, willpower, intelligence, hp, mood, skill_point, character_favor, event_condition, is_random_value, is_random_attribute, is_random_block_training, is_end_chained_event) VALUES (3349, 1901, 'Up', 3, 0, 30, 10, 0, 0, 0, 0, 0, 5, null, 0, 0, 0, 0);
INSERT INTO card_event_choices (choice_id, event_id, choice_label, chain_index, speed, stamina, strength, willpower, intelligence, hp, mood, skill_point, character_favor, event_condition, is_random_value, is_random_attribute, is_random_block_training, is_end_chained_event) VALUES (3350, 1901, 'Down', 3, 0, 0, 25, 0, 0, 0, 0, 15, 5, null, 0, 0, 0, 0);
INSERT INTO card_events (event_id, event_name, uma_id, uma_name, category) VALUES (1902, '仕事人の心情', 30228, 'symboli-kris-s', '隨機事件');
INSERT INTO card_event_choices (choice_id, event_id, choice_label, chain_index, speed, stamina, strength, willpower, intelligence, hp, mood, skill_point, character_favor, event_condition, is_random_value, is_random_attribute, is_random_block_training, is_end_chained_event) VALUES (3351, 1902, 'Up', 3, 0, 0, 0, 25, 0, 0, 0, 0, 5, null, 0, 0, 0, 0);
INSERT INTO card_event_choices (choice_id, event_id, choice_label, chain_index, speed, stamina, strength, willpower, intelligence, hp, mood, skill_point, character_favor, event_condition, is_random_value, is_random_attribute, is_random_block_training, is_end_chained_event) VALUES (3352, 1902, 'Down', 3, 0, 0, 0, 0, 0, 15, 0, 0, 5, null, 0, 0, 0, 0);
INSERT INTO card_events (event_id, event_name, uma_id, uma_name, category) VALUES (1903, '仕事人の心得', 30228, 'symboli-kris-s', '隨機事件');
INSERT INTO card_event_choices (choice_id, event_id, choice_label, chain_index, speed, stamina, strength, willpower, intelligence, hp, mood, skill_point, character_favor, event_condition, is_random_value, is_random_attribute, is_random_block_training, is_end_chained_event) VALUES (3353, 1903, 'Up', 3, 0, 15, 0, 0, 0, 0, 0, 0, 5, null, 0, 0, 0, 0);
INSERT INTO card_event_choices (choice_id, event_id, choice_label, chain_index, speed, stamina, strength, willpower, intelligence, hp, mood, skill_point, character_favor, event_condition, is_random_value, is_random_attribute, is_random_block_training, is_end_chained_event) VALUES (3354, 1903, 'Down', 3, 0, 0, 0, 0, 0, 0, 0, 0, 5, null, 0, 0, 0, 0);
INSERT INTO card_table (count, uma_id, uma_name) VALUES (438, 30229, 'agnes-digital');
INSERT INTO card_events (event_id, event_name, uma_id, uma_name, category) VALUES (1904, '(❯) 知りたい！ゼッタイ！試してみたい！', 30229, 'agnes-digital', '連鎖事件');
INSERT INTO card_event_choices (choice_id, event_id, choice_label, chain_index, speed, stamina, strength, willpower, intelligence, hp, mood, skill_point, character_favor, event_condition, is_random_value, is_random_attribute, is_random_block_training, is_end_chained_event) VALUES (3355, 1904, 'None', 1, 0, 0, 0, 0, 10, 5, 0, 10, 5, null, 0, 0, 0, 0);
INSERT INTO card_events (event_id, event_name, uma_id, uma_name, category) VALUES (1905, '(❯❯) 伝えたい！ゼッタイ！広めてみたい！', 30229, 'agnes-digital', '連鎖事件');
INSERT INTO card_event_choices (choice_id, event_id, choice_label, chain_index, speed, stamina, strength, willpower, intelligence, hp, mood, skill_point, character_favor, event_condition, is_random_value, is_random_attribute, is_random_block_training, is_end_chained_event) VALUES (3356, 1905, 'None', 2, 0, 0, 0, 0, 10, 5, 0, 0, 5, null, 0, 0, 0, 0);
INSERT INTO card_events (event_id, event_name, uma_id, uma_name, category) VALUES (1906, '(❯❯❯) 隠れたい！ゼッタイ！忍んでいたい！', 30229, 'agnes-digital', '連鎖事件');
INSERT INTO card_event_choices (choice_id, event_id, choice_label, chain_index, speed, stamina, strength, willpower, intelligence, hp, mood, skill_point, character_favor, event_condition, is_random_value, is_random_attribute, is_random_block_training, is_end_chained_event) VALUES (3357, 1906, 'None', 3, 10, 0, 0, 0, 15, 5, 0, 0, 5, null, 1, 0, 0, 0);
INSERT INTO card_event_choices (choice_id, event_id, choice_label, chain_index, speed, stamina, strength, willpower, intelligence, hp, mood, skill_point, character_favor, event_condition, is_random_value, is_random_attribute, is_random_block_training, is_end_chained_event) VALUES (3358, 1906, 'None', 3, 0, 0, 0, 0, 15, 0, 0, 0, 5, null, 0, 0, 0, 0);
INSERT INTO card_events (event_id, event_name, uma_id, uma_name, category) VALUES (1907, 'ウマ娘ちゃん欠乏症！', 30229, 'agnes-digital', '隨機事件');
INSERT INTO card_event_choices (choice_id, event_id, choice_label, chain_index, speed, stamina, strength, willpower, intelligence, hp, mood, skill_point, character_favor, event_condition, is_random_value, is_random_attribute, is_random_block_training, is_end_chained_event) VALUES (3359, 1907, 'Up', 3, 5, 0, 0, 0, 0, 5, 0, 0, 5, null, 0, 0, 0, 0);
INSERT INTO card_event_choices (choice_id, event_id, choice_label, chain_index, speed, stamina, strength, willpower, intelligence, hp, mood, skill_point, character_favor, event_condition, is_random_value, is_random_attribute, is_random_block_training, is_end_chained_event) VALUES (3360, 1907, 'Down', 3, 5, 0, 5, 0, 0, 0, 0, 0, 5, null, 0, 0, 0, 0);
INSERT INTO card_events (event_id, event_name, uma_id, uma_name, category) VALUES (1908, 'エモのためなら雨の中でも！', 30229, 'agnes-digital', '隨機事件');
INSERT INTO card_event_choices (choice_id, event_id, choice_label, chain_index, speed, stamina, strength, willpower, intelligence, hp, mood, skill_point, character_favor, event_condition, is_random_value, is_random_attribute, is_random_block_training, is_end_chained_event) VALUES (3361, 1908, 'Up', 3, 0, 0, 0, 0, 0, 0, 0, 0, 5, null, 0, 0, 0, 0);
INSERT INTO card_event_choices (choice_id, event_id, choice_label, chain_index, speed, stamina, strength, willpower, intelligence, hp, mood, skill_point, character_favor, event_condition, is_random_value, is_random_attribute, is_random_block_training, is_end_chained_event) VALUES (3362, 1908, 'Down', 3, 0, 0, 0, 0, 0, 0, 0, 0, 5, null, 0, 0, 0, 0);
INSERT INTO card_table (count, uma_id, uma_name) VALUES (439, 30230, 'meisho-doto');
INSERT INTO card_events (event_id, event_name, uma_id, uma_name, category) VALUES (1909, '(❯) 探求・辛ウマの極意！', 30230, 'meisho-doto', '連鎖事件');
INSERT INTO card_event_choices (choice_id, event_id, choice_label, chain_index, speed, stamina, strength, willpower, intelligence, hp, mood, skill_point, character_favor, event_condition, is_random_value, is_random_attribute, is_random_block_training, is_end_chained_event) VALUES (3363, 1909, 'Up', 1, 0, 0, 0, 0, 0, 10, 1, 10, 5, null, 0, 0, 0, 0);
INSERT INTO card_event_choices (choice_id, event_id, choice_label, chain_index, speed, stamina, strength, willpower, intelligence, hp, mood, skill_point, character_favor, event_condition, is_random_value, is_random_attribute, is_random_block_training, is_end_chained_event) VALUES (3364, 1909, 'Down', 1, 15, 0, 0, 0, 0, 0, 0, 0, 15, null, 1, 0, 0, 0);
INSERT INTO card_event_choices (choice_id, event_id, choice_label, chain_index, speed, stamina, strength, willpower, intelligence, hp, mood, skill_point, character_favor, event_condition, is_random_value, is_random_attribute, is_random_block_training, is_end_chained_event) VALUES (3365, 1909, 'Down', 1, 5, 0, 0, 0, 0, 0, 0, 0, 5, null, 0, 0, 0, 0);
INSERT INTO card_events (event_id, event_name, uma_id, uma_name, category) VALUES (1910, '(❯❯) これぞはなむけ、ウマ景色', 30230, 'meisho-doto', '連鎖事件');
INSERT INTO card_event_choices (choice_id, event_id, choice_label, chain_index, speed, stamina, strength, willpower, intelligence, hp, mood, skill_point, character_favor, event_condition, is_random_value, is_random_attribute, is_random_block_training, is_end_chained_event) VALUES (3366, 1910, 'Up', 2, 5, 0, 5, 0, 0, 10, 0, 0, 5, null, 0, 0, 0, 0);
INSERT INTO card_event_choices (choice_id, event_id, choice_label, chain_index, speed, stamina, strength, willpower, intelligence, hp, mood, skill_point, character_favor, event_condition, is_random_value, is_random_attribute, is_random_block_training, is_end_chained_event) VALUES (3367, 1910, 'Down', 2, 15, 0, 0, 0, 0, 0, 0, 0, 5, null, 0, 0, 0, 1);
INSERT INTO card_events (event_id, event_name, uma_id, uma_name, category) VALUES (1911, '(❯❯❯) 栄光は唐辛子を添えて', 30230, 'meisho-doto', '連鎖事件');
INSERT INTO card_event_choices (choice_id, event_id, choice_label, chain_index, speed, stamina, strength, willpower, intelligence, hp, mood, skill_point, character_favor, event_condition, is_random_value, is_random_attribute, is_random_block_training, is_end_chained_event) VALUES (3368, 1911, 'None', 3, 20, 0, 20, 0, 0, 5, 0, 0, 5, null, 1, 0, 0, 0);
INSERT INTO card_event_choices (choice_id, event_id, choice_label, chain_index, speed, stamina, strength, willpower, intelligence, hp, mood, skill_point, character_favor, event_condition, is_random_value, is_random_attribute, is_random_block_training, is_end_chained_event) VALUES (3369, 1911, 'None', 3, 15, 0, 10, 0, 0, 5, 0, 0, 5, null, 0, 0, 0, 0);
INSERT INTO card_events (event_id, event_name, uma_id, uma_name, category) VALUES (1912, '私……改革ですっ', 30230, 'meisho-doto', '隨機事件');
INSERT INTO card_event_choices (choice_id, event_id, choice_label, chain_index, speed, stamina, strength, willpower, intelligence, hp, mood, skill_point, character_favor, event_condition, is_random_value, is_random_attribute, is_random_block_training, is_end_chained_event) VALUES (3370, 1912, 'Up', 3, 0, 0, 0, 0, 0, 10, 1, 0, 5, null, 0, 0, 0, 0);
INSERT INTO card_event_choices (choice_id, event_id, choice_label, chain_index, speed, stamina, strength, willpower, intelligence, hp, mood, skill_point, character_favor, event_condition, is_random_value, is_random_attribute, is_random_block_training, is_end_chained_event) VALUES (3371, 1912, 'Down', 3, 0, 0, 0, 15, 0, 0, 0, 0, 5, null, 0, 0, 0, 0);
INSERT INTO card_events (event_id, event_name, uma_id, uma_name, category) VALUES (1913, 'にんじん……買ってくださいっ', 30230, 'meisho-doto', '隨機事件');
INSERT INTO card_event_choices (choice_id, event_id, choice_label, chain_index, speed, stamina, strength, willpower, intelligence, hp, mood, skill_point, character_favor, event_condition, is_random_value, is_random_attribute, is_random_block_training, is_end_chained_event) VALUES (3372, 1913, 'Up', 3, 0, 0, 0, 0, 5, 10, 0, 0, 5, null, 0, 0, 0, 0);
INSERT INTO card_event_choices (choice_id, event_id, choice_label, chain_index, speed, stamina, strength, willpower, intelligence, hp, mood, skill_point, character_favor, event_condition, is_random_value, is_random_attribute, is_random_block_training, is_end_chained_event) VALUES (3373, 1913, 'Down', 3, 0, 0, 0, 0, 0, 0, 0, 0, 5, null, 0, 0, 0, 0);
INSERT INTO card_table (count, uma_id, uma_name) VALUES (440, 30231, 'tm-opera-o');
INSERT INTO card_events (event_id, event_name, uma_id, uma_name, category) VALUES (1914, '(❯) 創造のために必要なのは', 30231, 'tm-opera-o', '連鎖事件');
INSERT INTO card_event_choices (choice_id, event_id, choice_label, chain_index, speed, stamina, strength, willpower, intelligence, hp, mood, skill_point, character_favor, event_condition, is_random_value, is_random_attribute, is_random_block_training, is_end_chained_event) VALUES (3374, 1914, 'None', 1, 0, 5, 5, 0, 0, 0, 0, 0, 5, null, 0, 0, 0, 0);
INSERT INTO card_events (event_id, event_name, uma_id, uma_name, category) VALUES (1915, '(❯❯) 覇王に退却はない', 30231, 'tm-opera-o', '連鎖事件');
INSERT INTO card_event_choices (choice_id, event_id, choice_label, chain_index, speed, stamina, strength, willpower, intelligence, hp, mood, skill_point, character_favor, event_condition, is_random_value, is_random_attribute, is_random_block_training, is_end_chained_event) VALUES (3375, 1915, 'None', 2, 0, 5, 5, 0, 0, 0, 0, 0, 5, null, 0, 0, 0, 0);
INSERT INTO card_events (event_id, event_name, uma_id, uma_name, category) VALUES (1916, '(❯❯❯) 太陽の役割', 30231, 'tm-opera-o', '連鎖事件');
INSERT INTO card_event_choices (choice_id, event_id, choice_label, chain_index, speed, stamina, strength, willpower, intelligence, hp, mood, skill_point, character_favor, event_condition, is_random_value, is_random_attribute, is_random_block_training, is_end_chained_event) VALUES (3376, 1916, 'Up', 3, 1, 5, 10, 0, 0, 0, 0, 0, 5, null, 0, 0, 0, 0);
INSERT INTO card_event_choices (choice_id, event_id, choice_label, chain_index, speed, stamina, strength, willpower, intelligence, hp, mood, skill_point, character_favor, event_condition, is_random_value, is_random_attribute, is_random_block_training, is_end_chained_event) VALUES (3377, 1916, 'Down', 3, 0, 0, 0, 0, 0, 0, 0, 30, 5, null, 0, 0, 0, 0);
INSERT INTO card_events (event_id, event_name, uma_id, uma_name, category) VALUES (1917, '勝者へ至るエチュード', 30231, 'tm-opera-o', '隨機事件');
INSERT INTO card_event_choices (choice_id, event_id, choice_label, chain_index, speed, stamina, strength, willpower, intelligence, hp, mood, skill_point, character_favor, event_condition, is_random_value, is_random_attribute, is_random_block_training, is_end_chained_event) VALUES (3378, 1917, 'Up', 3, 5, 0, 0, 0, 0, 0, -1, 30, 5, null, 0, 0, 0, 0);
INSERT INTO card_event_choices (choice_id, event_id, choice_label, chain_index, speed, stamina, strength, willpower, intelligence, hp, mood, skill_point, character_favor, event_condition, is_random_value, is_random_attribute, is_random_block_training, is_end_chained_event) VALUES (3379, 1917, 'Down', 3, 0, 0, 5, 0, 0, 0, 0, 15, 5, null, 0, 0, 0, 0);
INSERT INTO card_events (event_id, event_name, uma_id, uma_name, category) VALUES (1918, '有限の時を越えて', 30231, 'tm-opera-o', '隨機事件');
INSERT INTO card_event_choices (choice_id, event_id, choice_label, chain_index, speed, stamina, strength, willpower, intelligence, hp, mood, skill_point, character_favor, event_condition, is_random_value, is_random_attribute, is_random_block_training, is_end_chained_event) VALUES (3380, 1918, 'Up', 3, 0, 0, 0, 0, 0, 10, 0, 15, 5, null, 0, 0, 0, 0);
INSERT INTO card_event_choices (choice_id, event_id, choice_label, chain_index, speed, stamina, strength, willpower, intelligence, hp, mood, skill_point, character_favor, event_condition, is_random_value, is_random_attribute, is_random_block_training, is_end_chained_event) VALUES (3381, 1918, 'Down', 3, 0, 0, 0, 0, 0, 0, 0, 0, 5, null, 0, 0, 0, 0);
INSERT INTO card_table (count, uma_id, uma_name) VALUES (441, 30232, 'blast-onepiece');
INSERT INTO card_events (event_id, event_name, uma_id, uma_name, category) VALUES (1919, '(❯) 今日も情熱ダイナミック！', 30232, 'blast-onepiece', '連鎖事件');
INSERT INTO card_event_choices (choice_id, event_id, choice_label, chain_index, speed, stamina, strength, willpower, intelligence, hp, mood, skill_point, character_favor, event_condition, is_random_value, is_random_attribute, is_random_block_training, is_end_chained_event) VALUES (3382, 1919, 'Up', 1, 0, 0, 0, 0, 0, 10, 0, 10, 5, null, 0, 0, 0, 0);
INSERT INTO card_event_choices (choice_id, event_id, choice_label, chain_index, speed, stamina, strength, willpower, intelligence, hp, mood, skill_point, character_favor, event_condition, is_random_value, is_random_attribute, is_random_block_training, is_end_chained_event) VALUES (3383, 1919, 'Down', 1, 0, 0, 0, 10, 0, 0, 0, 0, 5, null, 0, 0, 0, 0);
INSERT INTO card_events (event_id, event_name, uma_id, uma_name, category) VALUES (1920, '(❯❯) 試される咬合力……！？', 30232, 'blast-onepiece', '連鎖事件');
INSERT INTO card_event_choices (choice_id, event_id, choice_label, chain_index, speed, stamina, strength, willpower, intelligence, hp, mood, skill_point, character_favor, event_condition, is_random_value, is_random_attribute, is_random_block_training, is_end_chained_event) VALUES (3384, 1920, 'Up', 2, 5, 0, 5, 0, 0, 0, 0, 0, 5, null, 0, 0, 0, 0);
INSERT INTO card_event_choices (choice_id, event_id, choice_label, chain_index, speed, stamina, strength, willpower, intelligence, hp, mood, skill_point, character_favor, event_condition, is_random_value, is_random_attribute, is_random_block_training, is_end_chained_event) VALUES (3385, 1920, 'Down', 2, 0, 0, 0, 0, 0, 10, 0, 10, 5, null, 0, 0, 0, 0);
INSERT INTO card_events (event_id, event_name, uma_id, uma_name, category) VALUES (1921, '(❯❯❯) 違いがあるのは、すっごく楽しい！', 30232, 'blast-onepiece', '連鎖事件');
INSERT INTO card_event_choices (choice_id, event_id, choice_label, chain_index, speed, stamina, strength, willpower, intelligence, hp, mood, skill_point, character_favor, event_condition, is_random_value, is_random_attribute, is_random_block_training, is_end_chained_event) VALUES (3386, 1921, 'Up', 3, 0, 0, 0, 40, 0, 0, 0, 0, 5, null, 0, 0, 0, 0);
INSERT INTO card_event_choices (choice_id, event_id, choice_label, chain_index, speed, stamina, strength, willpower, intelligence, hp, mood, skill_point, character_favor, event_condition, is_random_value, is_random_attribute, is_random_block_training, is_end_chained_event) VALUES (3387, 1921, 'Down', 3, 10, 0, 10, 10, 0, 0, 0, 10, 5, null, 0, 0, 0, 0);
INSERT INTO card_events (event_id, event_name, uma_id, uma_name, category) VALUES (1922, '見たい見たい！', 30232, 'blast-onepiece', '隨機事件');
INSERT INTO card_event_choices (choice_id, event_id, choice_label, chain_index, speed, stamina, strength, willpower, intelligence, hp, mood, skill_point, character_favor, event_condition, is_random_value, is_random_attribute, is_random_block_training, is_end_chained_event) VALUES (3388, 1922, 'Up', 3, 0, 0, 0, 15, 0, 0, 0, 0, 5, null, 0, 0, 0, 0);
INSERT INTO card_event_choices (choice_id, event_id, choice_label, chain_index, speed, stamina, strength, willpower, intelligence, hp, mood, skill_point, character_favor, event_condition, is_random_value, is_random_attribute, is_random_block_training, is_end_chained_event) VALUES (3389, 1922, 'Down', 3, 0, 0, 0, 0, 0, 0, 0, 0, 5, null, 0, 0, 0, 0);
INSERT INTO card_events (event_id, event_name, uma_id, uma_name, category) VALUES (1923, '見て見て！', 30232, 'blast-onepiece', '隨機事件');
INSERT INTO card_event_choices (choice_id, event_id, choice_label, chain_index, speed, stamina, strength, willpower, intelligence, hp, mood, skill_point, character_favor, event_condition, is_random_value, is_random_attribute, is_random_block_training, is_end_chained_event) VALUES (3390, 1923, 'Up', 3, 20, 0, 0, 0, 0, 0, 0, 0, 5, null, 0, 0, 0, 0);
INSERT INTO card_event_choices (choice_id, event_id, choice_label, chain_index, speed, stamina, strength, willpower, intelligence, hp, mood, skill_point, character_favor, event_condition, is_random_value, is_random_attribute, is_random_block_training, is_end_chained_event) VALUES (3391, 1923, 'Down', 3, 0, 0, 0, 0, 0, 20, 0, 0, 5, null, 0, 0, 0, 0);
INSERT INTO card_table (count, uma_id, uma_name) VALUES (442, 30233, 'symboli-rudolf');
INSERT INTO card_events (event_id, event_name, uma_id, uma_name, category) VALUES (1924, '(❯) 在りし日の“皇帝”', 30233, 'symboli-rudolf', '連鎖事件');
INSERT INTO card_event_choices (choice_id, event_id, choice_label, chain_index, speed, stamina, strength, willpower, intelligence, hp, mood, skill_point, character_favor, event_condition, is_random_value, is_random_attribute, is_random_block_training, is_end_chained_event) VALUES (3392, 1924, 'None', 1, 0, 0, 0, 0, 15, 10, 1, 0, 5, null, 0, 0, 0, 0);
INSERT INTO card_events (event_id, event_name, uma_id, uma_name, category) VALUES (1925, '(❯❯) 掲げた理想は遥か高く', 30233, 'symboli-rudolf', '連鎖事件');
INSERT INTO card_event_choices (choice_id, event_id, choice_label, chain_index, speed, stamina, strength, willpower, intelligence, hp, mood, skill_point, character_favor, event_condition, is_random_value, is_random_attribute, is_random_block_training, is_end_chained_event) VALUES (3393, 1925, 'Up', 2, 3, 3, 3, 3, 3, 5, 0, 0, 5, null, 0, 0, 0, 0);
INSERT INTO card_event_choices (choice_id, event_id, choice_label, chain_index, speed, stamina, strength, willpower, intelligence, hp, mood, skill_point, character_favor, event_condition, is_random_value, is_random_attribute, is_random_block_training, is_end_chained_event) VALUES (3394, 1925, 'Middle', 2, 0, 0, 0, 0, 15, 5, 0, 0, 5, null, 0, 0, 0, 0);
INSERT INTO card_event_choices (choice_id, event_id, choice_label, chain_index, speed, stamina, strength, willpower, intelligence, hp, mood, skill_point, character_favor, event_condition, is_random_value, is_random_attribute, is_random_block_training, is_end_chained_event) VALUES (3395, 1925, 'Down', 2, 0, 0, 0, 0, 0, 15, 0, 15, 5, null, 0, 0, 0, 0);
INSERT INTO card_events (event_id, event_name, uma_id, uma_name, category) VALUES (1926, '(❯❯❯) 尊き大望はその胸に', 30233, 'symboli-rudolf', '連鎖事件');
INSERT INTO card_event_choices (choice_id, event_id, choice_label, chain_index, speed, stamina, strength, willpower, intelligence, hp, mood, skill_point, character_favor, event_condition, is_random_value, is_random_attribute, is_random_block_training, is_end_chained_event) VALUES (3396, 1926, 'Up', 3, 5, 5, 5, 5, 5, 0, 0, 15, 5, null, 1, 0, 0, 0);
INSERT INTO card_event_choices (choice_id, event_id, choice_label, chain_index, speed, stamina, strength, willpower, intelligence, hp, mood, skill_point, character_favor, event_condition, is_random_value, is_random_attribute, is_random_block_training, is_end_chained_event) VALUES (3397, 1926, 'Up', 3, 3, 3, 3, 3, 3, 0, 0, 0, 5, null, 0, 0, 0, 0);
INSERT INTO card_event_choices (choice_id, event_id, choice_label, chain_index, speed, stamina, strength, willpower, intelligence, hp, mood, skill_point, character_favor, event_condition, is_random_value, is_random_attribute, is_random_block_training, is_end_chained_event) VALUES (3398, 1926, 'Down', 3, 10, 0, 0, 0, 20, 0, 0, 10, 5, null, 1, 0, 0, 0);
INSERT INTO card_event_choices (choice_id, event_id, choice_label, chain_index, speed, stamina, strength, willpower, intelligence, hp, mood, skill_point, character_favor, event_condition, is_random_value, is_random_attribute, is_random_block_training, is_end_chained_event) VALUES (3399, 1926, 'Down', 3, 5, 0, 0, 0, 10, 0, 0, 0, 5, null, 0, 0, 0, 0);
INSERT INTO card_events (event_id, event_name, uma_id, uma_name, category) VALUES (1927, '“皇帝”の激励', 30233, 'symboli-rudolf', '隨機事件');
INSERT INTO card_event_choices (choice_id, event_id, choice_label, chain_index, speed, stamina, strength, willpower, intelligence, hp, mood, skill_point, character_favor, event_condition, is_random_value, is_random_attribute, is_random_block_training, is_end_chained_event) VALUES (3400, 1927, 'Up', 3, 10, 0, 0, 0, 0, 0, 0, 0, 5, null, 0, 0, 0, 0);
INSERT INTO card_event_choices (choice_id, event_id, choice_label, chain_index, speed, stamina, strength, willpower, intelligence, hp, mood, skill_point, character_favor, event_condition, is_random_value, is_random_attribute, is_random_block_training, is_end_chained_event) VALUES (3401, 1927, 'Down', 3, 0, 0, 0, 0, 0, -10, 0, 30, 5, null, 0, 0, 0, 0);
INSERT INTO card_events (event_id, event_name, uma_id, uma_name, category) VALUES (1928, '生徒会長の思い', 30233, 'symboli-rudolf', '隨機事件');
INSERT INTO card_event_choices (choice_id, event_id, choice_label, chain_index, speed, stamina, strength, willpower, intelligence, hp, mood, skill_point, character_favor, event_condition, is_random_value, is_random_attribute, is_random_block_training, is_end_chained_event) VALUES (3402, 1928, 'Up', 3, 0, 0, 0, 0, 0, 0, 0, 0, 5, null, 0, 0, 0, 0);
INSERT INTO card_event_choices (choice_id, event_id, choice_label, chain_index, speed, stamina, strength, willpower, intelligence, hp, mood, skill_point, character_favor, event_condition, is_random_value, is_random_attribute, is_random_block_training, is_end_chained_event) VALUES (3403, 1928, 'Down', 3, 0, 15, 0, 0, 0, 0, 0, 0, 5, null, 0, 0, 0, 0);
INSERT INTO card_table (count, uma_id, uma_name) VALUES (443, 30234, 'mejiro-ardan');
INSERT INTO card_events (event_id, event_name, uma_id, uma_name, category) VALUES (1929, '(❯) いつもそこにいる優しさ', 30234, 'mejiro-ardan', '連鎖事件');
INSERT INTO card_event_choices (choice_id, event_id, choice_label, chain_index, speed, stamina, strength, willpower, intelligence, hp, mood, skill_point, character_favor, event_condition, is_random_value, is_random_attribute, is_random_block_training, is_end_chained_event) VALUES (3404, 1929, 'None', 1, 0, 0, 15, 0, 0, 0, 0, 0, 10, null, 0, 0, 0, 0);
INSERT INTO card_events (event_id, event_name, uma_id, uma_name, category) VALUES (1930, '(❯❯) 笑顔の贈り物', 30234, 'mejiro-ardan', '連鎖事件');
INSERT INTO card_event_choices (choice_id, event_id, choice_label, chain_index, speed, stamina, strength, willpower, intelligence, hp, mood, skill_point, character_favor, event_condition, is_random_value, is_random_attribute, is_random_block_training, is_end_chained_event) VALUES (3405, 1930, 'None', 2, 0, 10, 10, 0, 0, 10, 0, 0, 10, null, 0, 0, 0, 0);
INSERT INTO card_events (event_id, event_name, uma_id, uma_name, category) VALUES (1931, '(❯❯❯) 夜空、刹那に輝き', 30234, 'mejiro-ardan', '連鎖事件');
INSERT INTO card_event_choices (choice_id, event_id, choice_label, chain_index, speed, stamina, strength, willpower, intelligence, hp, mood, skill_point, character_favor, event_condition, is_random_value, is_random_attribute, is_random_block_training, is_end_chained_event) VALUES (3406, 1931, 'Up', 3, 0, 20, 20, 0, 0, 0, 0, 0, 5, null, 0, 0, 0, 0);
INSERT INTO card_event_choices (choice_id, event_id, choice_label, chain_index, speed, stamina, strength, willpower, intelligence, hp, mood, skill_point, character_favor, event_condition, is_random_value, is_random_attribute, is_random_block_training, is_end_chained_event) VALUES (3407, 1931, 'Middle', 3, 0, 0, 25, 0, 0, 0, 0, 15, 5, null, 0, 0, 0, 0);
INSERT INTO card_event_choices (choice_id, event_id, choice_label, chain_index, speed, stamina, strength, willpower, intelligence, hp, mood, skill_point, character_favor, event_condition, is_random_value, is_random_attribute, is_random_block_training, is_end_chained_event) VALUES (3408, 1931, 'Down', 3, 0, 0, 0, 30, 0, 25, 0, 0, 5, null, 0, 0, 0, 0);
INSERT INTO card_events (event_id, event_name, uma_id, uma_name, category) VALUES (1932, '硝子の少女は学びたい', 30234, 'mejiro-ardan', '隨機事件');
INSERT INTO card_event_choices (choice_id, event_id, choice_label, chain_index, speed, stamina, strength, willpower, intelligence, hp, mood, skill_point, character_favor, event_condition, is_random_value, is_random_attribute, is_random_block_training, is_end_chained_event) VALUES (3409, 1932, 'Up', 3, 10, 0, 0, 0, 0, 0, 0, 0, 5, null, 0, 0, 0, 0);
INSERT INTO card_event_choices (choice_id, event_id, choice_label, chain_index, speed, stamina, strength, willpower, intelligence, hp, mood, skill_point, character_favor, event_condition, is_random_value, is_random_attribute, is_random_block_training, is_end_chained_event) VALUES (3410, 1932, 'Down', 3, 0, 0, 0, 0, 5, 10, 0, 0, 5, null, 0, 0, 0, 0);
INSERT INTO card_events (event_id, event_name, uma_id, uma_name, category) VALUES (1933, '硝子の少女は遊びたい', 30234, 'mejiro-ardan', '隨機事件');
INSERT INTO card_event_choices (choice_id, event_id, choice_label, chain_index, speed, stamina, strength, willpower, intelligence, hp, mood, skill_point, character_favor, event_condition, is_random_value, is_random_attribute, is_random_block_training, is_end_chained_event) VALUES (3411, 1933, 'Up', 3, 10, 0, 0, 0, 10, 0, 0, 0, 5, null, 0, 0, 0, 0);
INSERT INTO card_event_choices (choice_id, event_id, choice_label, chain_index, speed, stamina, strength, willpower, intelligence, hp, mood, skill_point, character_favor, event_condition, is_random_value, is_random_attribute, is_random_block_training, is_end_chained_event) VALUES (3412, 1933, 'Down', 3, 0, 0, 0, 0, 0, 0, 0, 0, 5, null, 0, 0, 0, 0);
INSERT INTO card_table (count, uma_id, uma_name) VALUES (444, 30235, 'maruzensky');
INSERT INTO card_events (event_id, event_name, uma_id, uma_name, category) VALUES (1934, '(❯) マブで優しいお姉さん', 30235, 'maruzensky', '連鎖事件');
INSERT INTO card_event_choices (choice_id, event_id, choice_label, chain_index, speed, stamina, strength, willpower, intelligence, hp, mood, skill_point, character_favor, event_condition, is_random_value, is_random_attribute, is_random_block_training, is_end_chained_event) VALUES (3413, 1934, 'None', 1, 10, 0, 0, 0, 0, 5, 0, 0, 5, null, 0, 0, 0, 0);
INSERT INTO card_events (event_id, event_name, uma_id, uma_name, category) VALUES (1935, '(❯❯) ナイショの横顔', 30235, 'maruzensky', '連鎖事件');
INSERT INTO card_event_choices (choice_id, event_id, choice_label, chain_index, speed, stamina, strength, willpower, intelligence, hp, mood, skill_point, character_favor, event_condition, is_random_value, is_random_attribute, is_random_block_training, is_end_chained_event) VALUES (3414, 1935, 'None', 2, 5, 0, 0, 0, 0, 0, 0, 0, 5, null, 0, 0, 0, 0);
INSERT INTO card_events (event_id, event_name, uma_id, uma_name, category) VALUES (1936, '(❯❯❯) アコガレの背中', 30235, 'maruzensky', '連鎖事件');
INSERT INTO card_event_choices (choice_id, event_id, choice_label, chain_index, speed, stamina, strength, willpower, intelligence, hp, mood, skill_point, character_favor, event_condition, is_random_value, is_random_attribute, is_random_block_training, is_end_chained_event) VALUES (3415, 1936, 'None', 3, 15, 0, 0, 0, 0, 0, 0, 0, 5, null, 0, 0, 0, 0);
INSERT INTO card_events (event_id, event_name, uma_id, uma_name, category) VALUES (1937, '可愛い後輩ちゃんのためだもの', 30235, 'maruzensky', '隨機事件');
INSERT INTO card_event_choices (choice_id, event_id, choice_label, chain_index, speed, stamina, strength, willpower, intelligence, hp, mood, skill_point, character_favor, event_condition, is_random_value, is_random_attribute, is_random_block_training, is_end_chained_event) VALUES (3416, 1937, 'Up', 3, 0, 0, 0, 0, 0, 0, 0, 0, 5, null, 0, 0, 0, 0);
INSERT INTO card_event_choices (choice_id, event_id, choice_label, chain_index, speed, stamina, strength, willpower, intelligence, hp, mood, skill_point, character_favor, event_condition, is_random_value, is_random_attribute, is_random_block_training, is_end_chained_event) VALUES (3417, 1937, 'Down', 3, 10, 0, 0, 0, 0, 5, 0, 0, 5, null, 0, 0, 0, 0);
INSERT INTO card_events (event_id, event_name, uma_id, uma_name, category) VALUES (1938, 'マブいドライブだっちゅ～の', 30235, 'maruzensky', '隨機事件');
INSERT INTO card_event_choices (choice_id, event_id, choice_label, chain_index, speed, stamina, strength, willpower, intelligence, hp, mood, skill_point, character_favor, event_condition, is_random_value, is_random_attribute, is_random_block_training, is_end_chained_event) VALUES (3418, 1938, 'Up', 3, 5, 0, 0, 0, 0, 0, 1, 0, 5, null, 0, 0, 0, 0);
INSERT INTO card_event_choices (choice_id, event_id, choice_label, chain_index, speed, stamina, strength, willpower, intelligence, hp, mood, skill_point, character_favor, event_condition, is_random_value, is_random_attribute, is_random_block_training, is_end_chained_event) VALUES (3419, 1938, 'Down', 3, 0, 0, 0, 0, 5, 0, 1, 0, 5, null, 0, 0, 0, 0);
INSERT INTO card_table (count, uma_id, uma_name) VALUES (445, 30236, 'seeking-the-pearl');
INSERT INTO card_events (event_id, event_name, uma_id, uma_name, category) VALUES (1939, '(❯) ハロー、ディス地球！', 30236, 'seeking-the-pearl', '連鎖事件');
INSERT INTO card_event_choices (choice_id, event_id, choice_label, chain_index, speed, stamina, strength, willpower, intelligence, hp, mood, skill_point, character_favor, event_condition, is_random_value, is_random_attribute, is_random_block_training, is_end_chained_event) VALUES (3420, 1939, 'None', 1, 10, 0, 5, 0, 0, 4, 0, 0, 10, null, 0, 0, 0, 0);
INSERT INTO card_events (event_id, event_name, uma_id, uma_name, category) VALUES (1940, '(❯❯) 夢と友情のディス地球', 30236, 'seeking-the-pearl', '連鎖事件');
INSERT INTO card_event_choices (choice_id, event_id, choice_label, chain_index, speed, stamina, strength, willpower, intelligence, hp, mood, skill_point, character_favor, event_condition, is_random_value, is_random_attribute, is_random_block_training, is_end_chained_event) VALUES (3421, 1940, 'Up', 2, 10, 0, 5, 0, 0, 4, 0, 0, 5, null, 0, 0, 0, 0);
INSERT INTO card_event_choices (choice_id, event_id, choice_label, chain_index, speed, stamina, strength, willpower, intelligence, hp, mood, skill_point, character_favor, event_condition, is_random_value, is_random_attribute, is_random_block_training, is_end_chained_event) VALUES (3422, 1940, 'Down', 2, 10, 0, 5, 0, 0, 0, 0, 0, 5, null, 0, 0, 0, 1);
INSERT INTO card_events (event_id, event_name, uma_id, uma_name, category) VALUES (1941, '(❯❯❯) ディス地球、それは……', 30236, 'seeking-the-pearl', '連鎖事件');
INSERT INTO card_event_choices (choice_id, event_id, choice_label, chain_index, speed, stamina, strength, willpower, intelligence, hp, mood, skill_point, character_favor, event_condition, is_random_value, is_random_attribute, is_random_block_training, is_end_chained_event) VALUES (3423, 1941, 'None', 3, 15, 0, 15, 0, 0, 0, 0, 0, 5, null, 0, 0, 0, 0);
INSERT INTO card_events (event_id, event_name, uma_id, uma_name, category) VALUES (1942, '全力でパッション！', 30236, 'seeking-the-pearl', '隨機事件');
INSERT INTO card_event_choices (choice_id, event_id, choice_label, chain_index, speed, stamina, strength, willpower, intelligence, hp, mood, skill_point, character_favor, event_condition, is_random_value, is_random_attribute, is_random_block_training, is_end_chained_event) VALUES (3424, 1942, 'Up', 3, 0, 0, 0, 0, 0, 10, 1, 0, 5, null, 0, 0, 0, 0);
INSERT INTO card_event_choices (choice_id, event_id, choice_label, chain_index, speed, stamina, strength, willpower, intelligence, hp, mood, skill_point, character_favor, event_condition, is_random_value, is_random_attribute, is_random_block_training, is_end_chained_event) VALUES (3425, 1942, 'Down', 3, 0, 0, 5, 5, 0, 0, 0, 0, 5, null, 0, 0, 0, 0);
INSERT INTO card_events (event_id, event_name, uma_id, uma_name, category) VALUES (1943, '全力でシンキング！', 30236, 'seeking-the-pearl', '隨機事件');
INSERT INTO card_event_choices (choice_id, event_id, choice_label, chain_index, speed, stamina, strength, willpower, intelligence, hp, mood, skill_point, character_favor, event_condition, is_random_value, is_random_attribute, is_random_block_training, is_end_chained_event) VALUES (3426, 1943, 'Up', 3, 0, 0, 0, 0, 20, 0, 0, 0, 5, null, 0, 0, 0, 0);
INSERT INTO card_event_choices (choice_id, event_id, choice_label, chain_index, speed, stamina, strength, willpower, intelligence, hp, mood, skill_point, character_favor, event_condition, is_random_value, is_random_attribute, is_random_block_training, is_end_chained_event) VALUES (3427, 1943, 'Down', 3, 0, 0, 0, 0, 0, -10, 0, 0, 5, null, 0, 0, 0, 0);
INSERT INTO card_table (count, uma_id, uma_name) VALUES (446, 30237, 'curren-chan');
INSERT INTO card_events (event_id, event_name, uma_id, uma_name, category) VALUES (1944, '(❯) #おうち時間', 30237, 'curren-chan', '連鎖事件');
INSERT INTO card_event_choices (choice_id, event_id, choice_label, chain_index, speed, stamina, strength, willpower, intelligence, hp, mood, skill_point, character_favor, event_condition, is_random_value, is_random_attribute, is_random_block_training, is_end_chained_event) VALUES (3428, 1944, 'Up', 1, 0, 0, 0, 10, 0, 10, 0, 0, 5, null, 0, 0, 0, 0);
INSERT INTO card_event_choices (choice_id, event_id, choice_label, chain_index, speed, stamina, strength, willpower, intelligence, hp, mood, skill_point, character_favor, event_condition, is_random_value, is_random_attribute, is_random_block_training, is_end_chained_event) VALUES (3429, 1944, 'Down', 1, 30, 0, 0, 0, 0, 0, 0, 0, 5, null, 0, 0, 0, 1);
INSERT INTO card_events (event_id, event_name, uma_id, uma_name, category) VALUES (1945, '(❯❯) #カレン奮闘中', 30237, 'curren-chan', '連鎖事件');
INSERT INTO card_event_choices (choice_id, event_id, choice_label, chain_index, speed, stamina, strength, willpower, intelligence, hp, mood, skill_point, character_favor, event_condition, is_random_value, is_random_attribute, is_random_block_training, is_end_chained_event) VALUES (3430, 1945, 'Up', 2, 5, 0, 5, 10, 0, 5, 0, 0, 5, null, 0, 0, 0, 0);
INSERT INTO card_event_choices (choice_id, event_id, choice_label, chain_index, speed, stamina, strength, willpower, intelligence, hp, mood, skill_point, character_favor, event_condition, is_random_value, is_random_attribute, is_random_block_training, is_end_chained_event) VALUES (3431, 1945, 'Down', 2, 0, 0, 0, 0, 0, 0, 0, 20, 10, null, 0, 0, 0, 0);
INSERT INTO card_events (event_id, event_name, uma_id, uma_name, category) VALUES (1946, '(❯❯❯) #Curren for U♡', 30237, 'curren-chan', '連鎖事件');
INSERT INTO card_event_choices (choice_id, event_id, choice_label, chain_index, speed, stamina, strength, willpower, intelligence, hp, mood, skill_point, character_favor, event_condition, is_random_value, is_random_attribute, is_random_block_training, is_end_chained_event) VALUES (3432, 1946, 'Up', 3, 10, 0, 10, 20, 0, 0, 0, 0, 5, null, 0, 0, 0, 0);
INSERT INTO card_event_choices (choice_id, event_id, choice_label, chain_index, speed, stamina, strength, willpower, intelligence, hp, mood, skill_point, character_favor, event_condition, is_random_value, is_random_attribute, is_random_block_training, is_end_chained_event) VALUES (3433, 1946, 'Down', 3, 0, 0, 0, 0, 0, 15, 0, 25, 5, null, 0, 0, 0, 0);
INSERT INTO card_events (event_id, event_name, uma_id, uma_name, category) VALUES (1947, '#あなただけのカワイイ', 30237, 'curren-chan', '隨機事件');
INSERT INTO card_event_choices (choice_id, event_id, choice_label, chain_index, speed, stamina, strength, willpower, intelligence, hp, mood, skill_point, character_favor, event_condition, is_random_value, is_random_attribute, is_random_block_training, is_end_chained_event) VALUES (3434, 1947, 'Up', 3, 5, 0, 0, 0, 10, 0, 0, 0, 5, null, 0, 0, 0, 0);
INSERT INTO card_event_choices (choice_id, event_id, choice_label, chain_index, speed, stamina, strength, willpower, intelligence, hp, mood, skill_point, character_favor, event_condition, is_random_value, is_random_attribute, is_random_block_training, is_end_chained_event) VALUES (3435, 1947, 'Down', 3, 10, 0, 5, 0, 0, 0, 0, 0, 5, null, 0, 0, 0, 0);
INSERT INTO card_events (event_id, event_name, uma_id, uma_name, category) VALUES (1948, '#カワイイフォーユー☆', 30237, 'curren-chan', '隨機事件');
INSERT INTO card_event_choices (choice_id, event_id, choice_label, chain_index, speed, stamina, strength, willpower, intelligence, hp, mood, skill_point, character_favor, event_condition, is_random_value, is_random_attribute, is_random_block_training, is_end_chained_event) VALUES (3436, 1948, 'Up', 3, 0, 0, 0, 0, 0, 0, 0, 15, 5, null, 0, 0, 0, 0);
INSERT INTO card_event_choices (choice_id, event_id, choice_label, chain_index, speed, stamina, strength, willpower, intelligence, hp, mood, skill_point, character_favor, event_condition, is_random_value, is_random_attribute, is_random_block_training, is_end_chained_event) VALUES (3437, 1948, 'Down', 3, 0, 0, 0, 0, 0, 0, 0, 0, 5, null, 0, 0, 0, 0);
INSERT INTO card_table (count, uma_id, uma_name) VALUES (447, 30238, 'ikuno-dictus');
INSERT INTO card_events (event_id, event_name, uma_id, uma_name, category) VALUES (1949, '(❯) “成果”を求めて', 30238, 'ikuno-dictus', '連鎖事件');
INSERT INTO card_event_choices (choice_id, event_id, choice_label, chain_index, speed, stamina, strength, willpower, intelligence, hp, mood, skill_point, character_favor, event_condition, is_random_value, is_random_attribute, is_random_block_training, is_end_chained_event) VALUES (3438, 1949, 'None', 1, 0, 0, 0, 0, 20, 0, 0, 0, 10, null, 0, 0, 0, 0);
INSERT INTO card_events (event_id, event_name, uma_id, uma_name, category) VALUES (1950, '(❯❯) 貴方の“強み”は', 30238, 'ikuno-dictus', '連鎖事件');
INSERT INTO card_event_choices (choice_id, event_id, choice_label, chain_index, speed, stamina, strength, willpower, intelligence, hp, mood, skill_point, character_favor, event_condition, is_random_value, is_random_attribute, is_random_block_training, is_end_chained_event) VALUES (3439, 1950, 'None', 2, 0, 0, 0, 0, 20, 0, 0, 0, 5, null, 0, 0, 0, 0);
INSERT INTO card_events (event_id, event_name, uma_id, uma_name, category) VALUES (1951, '(❯❯❯) マネジメントは誰がために', 30238, 'ikuno-dictus', '連鎖事件');
INSERT INTO card_event_choices (choice_id, event_id, choice_label, chain_index, speed, stamina, strength, willpower, intelligence, hp, mood, skill_point, character_favor, event_condition, is_random_value, is_random_attribute, is_random_block_training, is_end_chained_event) VALUES (3440, 1951, 'None', 3, 0, 0, 0, 0, 40, 0, 0, 0, 5, null, 0, 0, 0, 0);
INSERT INTO card_events (event_id, event_name, uma_id, uma_name, category) VALUES (1952, 'イクノ式万全メソッド', 30238, 'ikuno-dictus', '隨機事件');
INSERT INTO card_event_choices (choice_id, event_id, choice_label, chain_index, speed, stamina, strength, willpower, intelligence, hp, mood, skill_point, character_favor, event_condition, is_random_value, is_random_attribute, is_random_block_training, is_end_chained_event) VALUES (3441, 1952, 'Up', 3, 0, 0, 0, 0, 10, 0, 0, 0, 5, null, 0, 0, 0, 0);
INSERT INTO card_event_choices (choice_id, event_id, choice_label, chain_index, speed, stamina, strength, willpower, intelligence, hp, mood, skill_point, character_favor, event_condition, is_random_value, is_random_attribute, is_random_block_training, is_end_chained_event) VALUES (3442, 1952, 'Down', 3, 0, 0, 0, 0, 0, 0, 0, 30, 5, null, 0, 0, 0, 0);
INSERT INTO card_events (event_id, event_name, uma_id, uma_name, category) VALUES (1953, 'イクノ式マネジメント論', 30238, 'ikuno-dictus', '隨機事件');
INSERT INTO card_event_choices (choice_id, event_id, choice_label, chain_index, speed, stamina, strength, willpower, intelligence, hp, mood, skill_point, character_favor, event_condition, is_random_value, is_random_attribute, is_random_block_training, is_end_chained_event) VALUES (3443, 1953, 'Up', 3, 0, 20, 0, 0, 0, 0, 0, 0, 5, null, 0, 0, 0, 0);
INSERT INTO card_event_choices (choice_id, event_id, choice_label, chain_index, speed, stamina, strength, willpower, intelligence, hp, mood, skill_point, character_favor, event_condition, is_random_value, is_random_attribute, is_random_block_training, is_end_chained_event) VALUES (3444, 1953, 'Down', 3, 0, 0, 0, 0, 0, 0, 0, 0, 5, null, 0, 0, 0, 0);
INSERT INTO card_table (count, uma_id, uma_name) VALUES (448, 30239, 'nice-nature');
INSERT INTO card_events (event_id, event_name, uma_id, uma_name, category) VALUES (1954, '(❯) 人情派食堂ネイチャ', 30239, 'nice-nature', '連鎖事件');
INSERT INTO card_event_choices (choice_id, event_id, choice_label, chain_index, speed, stamina, strength, willpower, intelligence, hp, mood, skill_point, character_favor, event_condition, is_random_value, is_random_attribute, is_random_block_training, is_end_chained_event) VALUES (3445, 1954, 'None', 1, 0, 10, 0, 0, 0, 0, 0, 0, 5, null, 0, 0, 0, 0);
INSERT INTO card_events (event_id, event_name, uma_id, uma_name, category) VALUES (1955, '(❯❯) 友だちはどこに？', 30239, 'nice-nature', '連鎖事件');
INSERT INTO card_event_choices (choice_id, event_id, choice_label, chain_index, speed, stamina, strength, willpower, intelligence, hp, mood, skill_point, character_favor, event_condition, is_random_value, is_random_attribute, is_random_block_training, is_end_chained_event) VALUES (3446, 1955, 'Up', 2, 0, 10, 0, 0, 0, 0, 0, 0, 5, null, 0, 0, 0, 0);
INSERT INTO card_event_choices (choice_id, event_id, choice_label, chain_index, speed, stamina, strength, willpower, intelligence, hp, mood, skill_point, character_favor, event_condition, is_random_value, is_random_attribute, is_random_block_training, is_end_chained_event) VALUES (3447, 1955, 'Down', 2, 0, 0, 0, 0, 0, 10, 0, 0, 5, null, 0, 0, 0, 1);
INSERT INTO card_events (event_id, event_name, uma_id, uma_name, category) VALUES (1956, '(❯❯❯) みんなのネイチャとは', 30239, 'nice-nature', '連鎖事件');
INSERT INTO card_event_choices (choice_id, event_id, choice_label, chain_index, speed, stamina, strength, willpower, intelligence, hp, mood, skill_point, character_favor, event_condition, is_random_value, is_random_attribute, is_random_block_training, is_end_chained_event) VALUES (3448, 1956, 'None', 3, 0, 10, 0, 0, 0, 5, 0, 0, 5, null, 0, 0, 0, 0);
INSERT INTO card_events (event_id, event_name, uma_id, uma_name, category) VALUES (1957, '（ニャンとも）ガラじゃない', 30239, 'nice-nature', '隨機事件');
INSERT INTO card_event_choices (choice_id, event_id, choice_label, chain_index, speed, stamina, strength, willpower, intelligence, hp, mood, skill_point, character_favor, event_condition, is_random_value, is_random_attribute, is_random_block_training, is_end_chained_event) VALUES (3449, 1957, 'Up', 3, 0, 0, 0, 0, 0, 20, 0, 0, 5, null, 0, 0, 0, 0);
INSERT INTO card_event_choices (choice_id, event_id, choice_label, chain_index, speed, stamina, strength, willpower, intelligence, hp, mood, skill_point, character_favor, event_condition, is_random_value, is_random_attribute, is_random_block_training, is_end_chained_event) VALUES (3450, 1957, 'Down', 3, 0, 0, 0, 0, 5, 10, 0, 0, 5, null, 0, 0, 0, 0);
INSERT INTO card_events (event_id, event_name, uma_id, uma_name, category) VALUES (1958, '（美味しい）おせっかい', 30239, 'nice-nature', '隨機事件');
INSERT INTO card_event_choices (choice_id, event_id, choice_label, chain_index, speed, stamina, strength, willpower, intelligence, hp, mood, skill_point, character_favor, event_condition, is_random_value, is_random_attribute, is_random_block_training, is_end_chained_event) VALUES (3451, 1958, 'Up', 3, 0, 0, 0, 0, 0, 0, 0, 0, 5, null, 0, 0, 0, 0);
INSERT INTO card_event_choices (choice_id, event_id, choice_label, chain_index, speed, stamina, strength, willpower, intelligence, hp, mood, skill_point, character_favor, event_condition, is_random_value, is_random_attribute, is_random_block_training, is_end_chained_event) VALUES (3452, 1958, 'Down', 3, 0, 0, 0, 0, 0, 4, 1, 0, 5, null, 0, 0, 0, 0);
INSERT INTO card_table (count, uma_id, uma_name) VALUES (449, 30240, 'jungle-pocket');
INSERT INTO card_events (event_id, event_name, uma_id, uma_name, category) VALUES (1959, '“闘叫”（トーキョー）の鬼', 30240, 'jungle-pocket', '隨機事件');
INSERT INTO card_event_choices (choice_id, event_id, choice_label, chain_index, speed, stamina, strength, willpower, intelligence, hp, mood, skill_point, character_favor, event_condition, is_random_value, is_random_attribute, is_random_block_training, is_end_chained_event) VALUES (3453, 1959, 'Up', 0, 0, 0, 15, 0, 0, 0, 0, 0, 5, null, 0, 0, 0, 0);
INSERT INTO card_event_choices (choice_id, event_id, choice_label, chain_index, speed, stamina, strength, willpower, intelligence, hp, mood, skill_point, character_favor, event_condition, is_random_value, is_random_attribute, is_random_block_training, is_end_chained_event) VALUES (3454, 1959, 'Down', 0, 15, 10, 0, 0, 0, -10, 0, 0, 5, null, 0, 0, 0, 0);
INSERT INTO card_events (event_id, event_name, uma_id, uma_name, category) VALUES (1960, '“魔術”（マジック）みてぇに', 30240, 'jungle-pocket', '隨機事件');
INSERT INTO card_event_choices (choice_id, event_id, choice_label, chain_index, speed, stamina, strength, willpower, intelligence, hp, mood, skill_point, character_favor, event_condition, is_random_value, is_random_attribute, is_random_block_training, is_end_chained_event) VALUES (3455, 1960, 'Up', 0, 0, 15, 0, 0, 0, 0, 0, 0, 5, null, 0, 0, 0, 0);
INSERT INTO card_event_choices (choice_id, event_id, choice_label, chain_index, speed, stamina, strength, willpower, intelligence, hp, mood, skill_point, character_favor, event_condition, is_random_value, is_random_attribute, is_random_block_training, is_end_chained_event) VALUES (3456, 1960, 'Down', 0, 0, 0, 0, 0, 0, 0, 0, 0, 5, null, 0, 0, 0, 0);
INSERT INTO card_table (count, uma_id, uma_name) VALUES (450, 30241, 'group');
INSERT INTO card_events (event_id, event_name, uma_id, uma_name, category) VALUES (1961, '伝説の休日：セントライト (St Lite)', 30241, 'group', '外出');
INSERT INTO card_event_choices (choice_id, event_id, choice_label, chain_index, speed, stamina, strength, willpower, intelligence, hp, mood, skill_point, character_favor, event_condition, is_random_value, is_random_attribute, is_random_block_training, is_end_chained_event) VALUES (3457, 1961, 'None', 0, 10, 10, 10, 10, 10, 35, 1, 25, 5, null, 0, 0, 0, 0);
INSERT INTO card_events (event_id, event_name, uma_id, uma_name, category) VALUES (1962, '伝説の休日：スピードシンボリ (Speed Symboli)', 30241, 'group', '外出');
INSERT INTO card_event_choices (choice_id, event_id, choice_label, chain_index, speed, stamina, strength, willpower, intelligence, hp, mood, skill_point, character_favor, event_condition, is_random_value, is_random_attribute, is_random_block_training, is_end_chained_event) VALUES (3458, 1962, 'None', 0, 0, 15, 10, 10, 0, 49, 1, 20, 5, null, 0, 0, 0, 0);
INSERT INTO card_events (event_id, event_name, uma_id, uma_name, category) VALUES (1963, '伝説の休日：ハイセイコー (Haiseiko)', 30241, 'group', '外出');
INSERT INTO card_event_choices (choice_id, event_id, choice_label, chain_index, speed, stamina, strength, willpower, intelligence, hp, mood, skill_point, character_favor, event_condition, is_random_value, is_random_attribute, is_random_block_training, is_end_chained_event) VALUES (3459, 1963, 'None', 0, 15, 0, 0, 0, 10, 45, 1, 30, 5, null, 0, 0, 0, 0);
INSERT INTO card_events (event_id, event_name, uma_id, uma_name, category) VALUES (1964, 'あの頃と今を繋げて', 30241, 'group', '外出');
INSERT INTO card_event_choices (choice_id, event_id, choice_label, chain_index, speed, stamina, strength, willpower, intelligence, hp, mood, skill_point, character_favor, event_condition, is_random_value, is_random_attribute, is_random_block_training, is_end_chained_event) VALUES (3460, 1964, 'Up', 0, 5, 5, 5, 5, 5, 45, 1, 0, 5, null, 0, 0, 0, 0);
INSERT INTO card_event_choices (choice_id, event_id, choice_label, chain_index, speed, stamina, strength, willpower, intelligence, hp, mood, skill_point, character_favor, event_condition, is_random_value, is_random_attribute, is_random_block_training, is_end_chained_event) VALUES (3461, 1964, 'Middle', 0, 0, 15, 10, 0, 0, 45, 1, 0, 5, null, 0, 0, 0, 0);
INSERT INTO card_event_choices (choice_id, event_id, choice_label, chain_index, speed, stamina, strength, willpower, intelligence, hp, mood, skill_point, character_favor, event_condition, is_random_value, is_random_attribute, is_random_block_training, is_end_chained_event) VALUES (3462, 1964, 'Down', 0, 10, 0, 0, 15, 0, 45, 1, 0, 5, null, 0, 0, 0, 0);
INSERT INTO card_events (event_id, event_name, uma_id, uma_name, category) VALUES (1965, '――新たな友情に、乾杯', 30241, 'group', '外出');
INSERT INTO card_event_choices (choice_id, event_id, choice_label, chain_index, speed, stamina, strength, willpower, intelligence, hp, mood, skill_point, character_favor, event_condition, is_random_value, is_random_attribute, is_random_block_training, is_end_chained_event) VALUES (3463, 1965, 'None', 0, 8, 8, 8, 8, 8, 50, 1, 30, 5, 'Passion Zone: Embodiment of Legends', 0, 0, 0, 0);
INSERT INTO card_events (event_id, event_name, uma_id, uma_name, category) VALUES (1966, '三栄冠の寄与', 30241, 'group', '隨機事件');
INSERT INTO card_event_choices (choice_id, event_id, choice_label, chain_index, speed, stamina, strength, willpower, intelligence, hp, mood, skill_point, character_favor, event_condition, is_random_value, is_random_attribute, is_random_block_training, is_end_chained_event) VALUES (3464, 1966, 'Up', 0, 4, 4, 4, 4, 4, 0, 0, 0, 5, null, 0, 0, 0, 0);
INSERT INTO card_event_choices (choice_id, event_id, choice_label, chain_index, speed, stamina, strength, willpower, intelligence, hp, mood, skill_point, character_favor, event_condition, is_random_value, is_random_attribute, is_random_block_training, is_end_chained_event) VALUES (3465, 1966, 'Down', 0, 0, 0, 5, 0, 0, 10, 1, 0, 5, null, 0, 0, 0, 0);
INSERT INTO card_events (event_id, event_name, uma_id, uma_name, category) VALUES (1967, '三栄冠のお散歩', 30241, 'group', '隨機事件');
INSERT INTO card_event_choices (choice_id, event_id, choice_label, chain_index, speed, stamina, strength, willpower, intelligence, hp, mood, skill_point, character_favor, event_condition, is_random_value, is_random_attribute, is_random_block_training, is_end_chained_event) VALUES (3466, 1967, 'Up', 0, 5, 0, 0, 0, 0, 0, 0, 0, 5, null, 0, 0, 0, 0);
INSERT INTO card_event_choices (choice_id, event_id, choice_label, chain_index, speed, stamina, strength, willpower, intelligence, hp, mood, skill_point, character_favor, event_condition, is_random_value, is_random_attribute, is_random_block_training, is_end_chained_event) VALUES (3467, 1967, 'Down', 0, 0, 0, 15, 0, 0, 0, 1, 0, 5, null, 0, 0, 0, 0);
INSERT INTO card_events (event_id, event_name, uma_id, uma_name, category) VALUES (1968, '開拓者の奮励', 30241, 'group', '隨機事件');
INSERT INTO card_event_choices (choice_id, event_id, choice_label, chain_index, speed, stamina, strength, willpower, intelligence, hp, mood, skill_point, character_favor, event_condition, is_random_value, is_random_attribute, is_random_block_training, is_end_chained_event) VALUES (3468, 1968, 'Up', 0, 5, 5, 0, 0, 0, 0, 0, 10, 5, null, 0, 0, 0, 0);
INSERT INTO card_event_choices (choice_id, event_id, choice_label, chain_index, speed, stamina, strength, willpower, intelligence, hp, mood, skill_point, character_favor, event_condition, is_random_value, is_random_attribute, is_random_block_training, is_end_chained_event) VALUES (3469, 1968, 'Down', 0, 0, 0, 0, 0, 0, 14, 0, 0, 5, null, 0, 0, 0, 0);
INSERT INTO card_events (event_id, event_name, uma_id, uma_name, category) VALUES (1969, '開拓者のショーダウン', 30241, 'group', '隨機事件');
INSERT INTO card_event_choices (choice_id, event_id, choice_label, chain_index, speed, stamina, strength, willpower, intelligence, hp, mood, skill_point, character_favor, event_condition, is_random_value, is_random_attribute, is_random_block_training, is_end_chained_event) VALUES (3470, 1969, 'Up', 0, 0, 0, 0, 5, 0, 0, 0, 0, 5, null, 0, 0, 0, 0);
INSERT INTO card_event_choices (choice_id, event_id, choice_label, chain_index, speed, stamina, strength, willpower, intelligence, hp, mood, skill_point, character_favor, event_condition, is_random_value, is_random_attribute, is_random_block_training, is_end_chained_event) VALUES (3471, 1969, 'Down', 0, 0, 10, 10, 0, 0, 0, 0, 0, 5, null, 0, 0, 0, 0);
INSERT INTO card_events (event_id, event_name, uma_id, uma_name, category) VALUES (1970, 'アイドルの答え', 30241, 'group', '隨機事件');
INSERT INTO card_event_choices (choice_id, event_id, choice_label, chain_index, speed, stamina, strength, willpower, intelligence, hp, mood, skill_point, character_favor, event_condition, is_random_value, is_random_attribute, is_random_block_training, is_end_chained_event) VALUES (3472, 1970, 'Up', 0, 0, 0, 0, 10, 0, 0, 0, 10, 5, null, 0, 0, 0, 0);
INSERT INTO card_event_choices (choice_id, event_id, choice_label, chain_index, speed, stamina, strength, willpower, intelligence, hp, mood, skill_point, character_favor, event_condition, is_random_value, is_random_attribute, is_random_block_training, is_end_chained_event) VALUES (3473, 1970, 'Down', 0, 0, 0, 0, 0, 0, 20, 0, 0, 5, null, 0, 0, 0, 0);
INSERT INTO card_events (event_id, event_name, uma_id, uma_name, category) VALUES (1971, 'アイドルの遭遇報告', 30241, 'group', '隨機事件');
INSERT INTO card_event_choices (choice_id, event_id, choice_label, chain_index, speed, stamina, strength, willpower, intelligence, hp, mood, skill_point, character_favor, event_condition, is_random_value, is_random_attribute, is_random_block_training, is_end_chained_event) VALUES (3474, 1971, 'Up', 0, 0, 0, 5, 0, 0, 0, 0, 0, 5, null, 0, 0, 0, 0);
INSERT INTO card_event_choices (choice_id, event_id, choice_label, chain_index, speed, stamina, strength, willpower, intelligence, hp, mood, skill_point, character_favor, event_condition, is_random_value, is_random_attribute, is_random_block_training, is_end_chained_event) VALUES (3475, 1971, 'Down', 0, 10, 0, 0, 0, 0, 0, 0, 10, 5, null, 0, 0, 0, 0);
INSERT INTO card_events (event_id, event_name, uma_id, uma_name, category) VALUES (1972, 'その歓声は誰のもの？', 30241, 'group', '隨機事件');
INSERT INTO card_event_choices (choice_id, event_id, choice_label, chain_index, speed, stamina, strength, willpower, intelligence, hp, mood, skill_point, character_favor, event_condition, is_random_value, is_random_attribute, is_random_block_training, is_end_chained_event) VALUES (3476, 1972, 'None', 0, 5, 5, 5, 5, 5, 0, 0, 0, 10, null, 0, 0, 0, 0);
INSERT INTO card_events (event_id, event_name, uma_id, uma_name, category) VALUES (1973, '交差する軌跡', 30241, 'group', '隨機事件');
INSERT INTO card_event_choices (choice_id, event_id, choice_label, chain_index, speed, stamina, strength, willpower, intelligence, hp, mood, skill_point, character_favor, event_condition, is_random_value, is_random_attribute, is_random_block_training, is_end_chained_event) VALUES (3477, 1973, 'None', 0, 0, 0, 0, 0, 0, 35, 0, 10, 5, 'Passion Zone: Embodiment of Legends', 0, 0, 0, 0);
INSERT INTO card_events (event_id, event_name, uma_id, uma_name, category) VALUES (1974, '伝説級のお食事会！？', 30241, 'group', '隨機事件');
INSERT INTO card_event_choices (choice_id, event_id, choice_label, chain_index, speed, stamina, strength, willpower, intelligence, hp, mood, skill_point, character_favor, event_condition, is_random_value, is_random_attribute, is_random_block_training, is_end_chained_event) VALUES (3478, 1974, 'Up', 0, 5, 0, 0, 0, 0, 0, 0, 0, 5, 'Passion Zone: Embodiment of Legends', 0, 0, 0, 0);
INSERT INTO card_event_choices (choice_id, event_id, choice_label, chain_index, speed, stamina, strength, willpower, intelligence, hp, mood, skill_point, character_favor, event_condition, is_random_value, is_random_attribute, is_random_block_training, is_end_chained_event) VALUES (3479, 1974, 'Middle', 0, 0, 0, 0, 0, 0, 3, 0, 3, 5, 'Passion Zone: Embodiment of Legends', 0, 0, 0, 0);
INSERT INTO card_event_choices (choice_id, event_id, choice_label, chain_index, speed, stamina, strength, willpower, intelligence, hp, mood, skill_point, character_favor, event_condition, is_random_value, is_random_attribute, is_random_block_training, is_end_chained_event) VALUES (3480, 1974, 'Down', 0, 0, 0, 0, 0, 3, 0, 0, 0, 5, 'Passion Zone: Embodiment of Legends', 0, 0, 0, 0);
INSERT INTO card_events (event_id, event_name, uma_id, uma_name, category) VALUES (1975, '次に導く“光”は、', 30241, 'group', '隨機事件');
INSERT INTO card_event_choices (choice_id, event_id, choice_label, chain_index, speed, stamina, strength, willpower, intelligence, hp, mood, skill_point, character_favor, event_condition, is_random_value, is_random_attribute, is_random_block_training, is_end_chained_event) VALUES (3481, 1975, 'None', 0, 12, 12, 12, 12, 12, 0, 0, 12, 0, null, 0, 0, 0, 0);
INSERT INTO card_events (event_id, event_name, uma_id, uma_name, category) VALUES (1976, 'あの日々は今も、未来にも', 30241, 'group', '隨機事件');
INSERT INTO card_event_choices (choice_id, event_id, choice_label, chain_index, speed, stamina, strength, willpower, intelligence, hp, mood, skill_point, character_favor, event_condition, is_random_value, is_random_attribute, is_random_block_training, is_end_chained_event) VALUES (3482, 1976, 'None', 0, 8, 8, 8, 8, 8, 0, 0, 8, 0, null, 0, 0, 0, 0);
INSERT INTO card_events (event_id, event_name, uma_id, uma_name, category) VALUES (1977, '新たな年に、祈りを', 30241, 'group', '隨機事件');
INSERT INTO card_event_choices (choice_id, event_id, choice_label, chain_index, speed, stamina, strength, willpower, intelligence, hp, mood, skill_point, character_favor, event_condition, is_random_value, is_random_attribute, is_random_block_training, is_end_chained_event) VALUES (3483, 1977, 'None', 0, 4, 4, 4, 4, 4, 4, 1, 5, 5, null, 0, 0, 0, 0);
INSERT INTO card_table (count, uma_id, uma_name) VALUES (451, 30242, 'almond-eye');
INSERT INTO card_events (event_id, event_name, uma_id, uma_name, category) VALUES (1978, '(❯) 勝利を愛して', 30242, 'almond-eye', '連鎖事件');
INSERT INTO card_event_choices (choice_id, event_id, choice_label, chain_index, speed, stamina, strength, willpower, intelligence, hp, mood, skill_point, character_favor, event_condition, is_random_value, is_random_attribute, is_random_block_training, is_end_chained_event) VALUES (3484, 1978, 'None', 1, 15, 0, 0, 0, 0, 10, 1, 0, 10, null, 0, 0, 0, 0);
INSERT INTO card_events (event_id, event_name, uma_id, uma_name, category) VALUES (1979, '(❯❯) アイは貪欲', 30242, 'almond-eye', '連鎖事件');
INSERT INTO card_event_choices (choice_id, event_id, choice_label, chain_index, speed, stamina, strength, willpower, intelligence, hp, mood, skill_point, character_favor, event_condition, is_random_value, is_random_attribute, is_random_block_training, is_end_chained_event) VALUES (3485, 1979, 'Up', 2, 20, 0, 20, 0, 0, 10, 0, 0, 5, null, 0, 0, 0, 0);
INSERT INTO card_event_choices (choice_id, event_id, choice_label, chain_index, speed, stamina, strength, willpower, intelligence, hp, mood, skill_point, character_favor, event_condition, is_random_value, is_random_attribute, is_random_block_training, is_end_chained_event) VALUES (3486, 1979, 'Down', 2, 30, 0, 0, 0, 0, 0, 1, 15, 5, null, 0, 0, 0, 0);
INSERT INTO card_events (event_id, event_name, uma_id, uma_name, category) VALUES (1980, '(❯❯❯) 果てしなきアーモンドアイ', 30242, 'almond-eye', '連鎖事件');
INSERT INTO card_event_choices (choice_id, event_id, choice_label, chain_index, speed, stamina, strength, willpower, intelligence, hp, mood, skill_point, character_favor, event_condition, is_random_value, is_random_attribute, is_random_block_training, is_end_chained_event) VALUES (3487, 1980, 'Up', 3, 25, 0, 10, 0, 0, 10, 0, 0, 5, null, 1, 0, 0, 0);
INSERT INTO card_event_choices (choice_id, event_id, choice_label, chain_index, speed, stamina, strength, willpower, intelligence, hp, mood, skill_point, character_favor, event_condition, is_random_value, is_random_attribute, is_random_block_training, is_end_chained_event) VALUES (3488, 1980, 'Up', 3, 10, 0, 0, 0, 0, 5, 0, 0, 5, null, 0, 0, 0, 0);
INSERT INTO card_event_choices (choice_id, event_id, choice_label, chain_index, speed, stamina, strength, willpower, intelligence, hp, mood, skill_point, character_favor, event_condition, is_random_value, is_random_attribute, is_random_block_training, is_end_chained_event) VALUES (3489, 1980, 'Down', 3, 20, 0, 0, 0, 0, 10, 0, 15, 5, null, 1, 0, 0, 0);
INSERT INTO card_event_choices (choice_id, event_id, choice_label, chain_index, speed, stamina, strength, willpower, intelligence, hp, mood, skill_point, character_favor, event_condition, is_random_value, is_random_attribute, is_random_block_training, is_end_chained_event) VALUES (3490, 1980, 'Down', 3, 5, 0, 0, 0, 0, 10, 0, 0, 5, null, 0, 0, 0, 0);
INSERT INTO card_events (event_id, event_name, uma_id, uma_name, category) VALUES (1981, 'アーモンドアイは逸らさない', 30242, 'almond-eye', '隨機事件');
INSERT INTO card_event_choices (choice_id, event_id, choice_label, chain_index, speed, stamina, strength, willpower, intelligence, hp, mood, skill_point, character_favor, event_condition, is_random_value, is_random_attribute, is_random_block_training, is_end_chained_event) VALUES (3491, 1981, 'Up', 3, 0, 0, 0, 0, 0, 30, 0, 0, 5, null, 0, 0, 0, 0);
INSERT INTO card_event_choices (choice_id, event_id, choice_label, chain_index, speed, stamina, strength, willpower, intelligence, hp, mood, skill_point, character_favor, event_condition, is_random_value, is_random_attribute, is_random_block_training, is_end_chained_event) VALUES (3492, 1981, 'Down', 3, 0, 0, 0, 0, 0, 0, 0, 40, 5, null, 0, 0, 0, 0);
INSERT INTO card_events (event_id, event_name, uma_id, uma_name, category) VALUES (1982, 'アーモンドアイは見逃さない', 30242, 'almond-eye', '隨機事件');
INSERT INTO card_event_choices (choice_id, event_id, choice_label, chain_index, speed, stamina, strength, willpower, intelligence, hp, mood, skill_point, character_favor, event_condition, is_random_value, is_random_attribute, is_random_block_training, is_end_chained_event) VALUES (3493, 1982, 'Up', 3, 0, 0, 0, 0, 0, 0, 0, 0, 5, null, 0, 0, 0, 0);
INSERT INTO card_event_choices (choice_id, event_id, choice_label, chain_index, speed, stamina, strength, willpower, intelligence, hp, mood, skill_point, character_favor, event_condition, is_random_value, is_random_attribute, is_random_block_training, is_end_chained_event) VALUES (3494, 1982, 'Down', 3, 20, 0, 0, 0, 0, 0, 0, 0, 5, null, 0, 0, 0, 0);
INSERT INTO card_table (count, uma_id, uma_name) VALUES (452, 30243, 'gran-alegria');
INSERT INTO card_events (event_id, event_name, uma_id, uma_name, category) VALUES (1983, '(❯) とっておきの決まりごと！', 30243, 'gran-alegria', '連鎖事件');
INSERT INTO card_event_choices (choice_id, event_id, choice_label, chain_index, speed, stamina, strength, willpower, intelligence, hp, mood, skill_point, character_favor, event_condition, is_random_value, is_random_attribute, is_random_block_training, is_end_chained_event) VALUES (3495, 1983, 'Up', 1, 0, 0, 10, 0, 0, 0, 0, 0, 5, null, 0, 0, 0, 0);
INSERT INTO card_event_choices (choice_id, event_id, choice_label, chain_index, speed, stamina, strength, willpower, intelligence, hp, mood, skill_point, character_favor, event_condition, is_random_value, is_random_attribute, is_random_block_training, is_end_chained_event) VALUES (3496, 1983, 'Down', 1, 0, 0, 0, 0, 0, 15, 0, 0, 5, null, 0, 0, 0, 1);
INSERT INTO card_events (event_id, event_name, uma_id, uma_name, category) VALUES (1984, '(❯❯) 見たことのない頂へ！', 30243, 'gran-alegria', '連鎖事件');
INSERT INTO card_event_choices (choice_id, event_id, choice_label, chain_index, speed, stamina, strength, willpower, intelligence, hp, mood, skill_point, character_favor, event_condition, is_random_value, is_random_attribute, is_random_block_training, is_end_chained_event) VALUES (3497, 1984, 'None', 2, 0, 0, 10, 0, 0, 0, 0, 0, 5, null, 0, 0, 0, 0);
INSERT INTO card_events (event_id, event_name, uma_id, uma_name, category) VALUES (1985, '(❯❯❯) 一番強いのは！', 30243, 'gran-alegria', '連鎖事件');
INSERT INTO card_event_choices (choice_id, event_id, choice_label, chain_index, speed, stamina, strength, willpower, intelligence, hp, mood, skill_point, character_favor, event_condition, is_random_value, is_random_attribute, is_random_block_training, is_end_chained_event) VALUES (3498, 1985, 'None', 3, 0, 0, 5, 0, 0, 0, 0, 0, 5, null, 0, 0, 0, 0);
INSERT INTO card_events (event_id, event_name, uma_id, uma_name, category) VALUES (1986, 'マイ・オウン・ウェイ、です！', 30243, 'gran-alegria', '隨機事件');
INSERT INTO card_event_choices (choice_id, event_id, choice_label, chain_index, speed, stamina, strength, willpower, intelligence, hp, mood, skill_point, character_favor, event_condition, is_random_value, is_random_attribute, is_random_block_training, is_end_chained_event) VALUES (3499, 1986, 'Up', 3, 0, 0, 25, 0, 0, -5, 0, 0, 5, null, 0, 0, 0, 0);
INSERT INTO card_event_choices (choice_id, event_id, choice_label, chain_index, speed, stamina, strength, willpower, intelligence, hp, mood, skill_point, character_favor, event_condition, is_random_value, is_random_attribute, is_random_block_training, is_end_chained_event) VALUES (3500, 1986, 'Down', 3, 10, 0, 0, 0, 0, 0, 1, 0, 5, null, 0, 0, 0, 0);
INSERT INTO card_events (event_id, event_name, uma_id, uma_name, category) VALUES (1987, 'ゴー・マイル・ウェイ、です！', 30243, 'gran-alegria', '隨機事件');
INSERT INTO card_event_choices (choice_id, event_id, choice_label, chain_index, speed, stamina, strength, willpower, intelligence, hp, mood, skill_point, character_favor, event_condition, is_random_value, is_random_attribute, is_random_block_training, is_end_chained_event) VALUES (3501, 1987, 'Up', 3, 0, 0, 15, 0, 0, 0, 0, 0, 5, null, 0, 0, 0, 0);
INSERT INTO card_event_choices (choice_id, event_id, choice_label, chain_index, speed, stamina, strength, willpower, intelligence, hp, mood, skill_point, character_favor, event_condition, is_random_value, is_random_attribute, is_random_block_training, is_end_chained_event) VALUES (3502, 1987, 'Down', 3, 0, 0, 0, 0, 0, 0, 0, 0, 5, null, 0, 0, 0, 0);
INSERT INTO card_table (count, uma_id, uma_name) VALUES (453, 30244, 'mejiro-bright');
INSERT INTO card_events (event_id, event_name, uma_id, uma_name, category) VALUES (1988, '(❯) 歩くような速さで', 30244, 'mejiro-bright', '連鎖事件');
INSERT INTO card_event_choices (choice_id, event_id, choice_label, chain_index, speed, stamina, strength, willpower, intelligence, hp, mood, skill_point, character_favor, event_condition, is_random_value, is_random_attribute, is_random_block_training, is_end_chained_event) VALUES (3503, 1988, 'None', 1, 0, 40, 0, 20, 0, 0, 1, 0, 15, null, 0, 0, 0, 0);
INSERT INTO card_events (event_id, event_name, uma_id, uma_name, category) VALUES (1989, 'のんびり、ゆったり。', 30244, 'mejiro-bright', '隨機事件');
INSERT INTO card_event_choices (choice_id, event_id, choice_label, chain_index, speed, stamina, strength, willpower, intelligence, hp, mood, skill_point, character_favor, event_condition, is_random_value, is_random_attribute, is_random_block_training, is_end_chained_event) VALUES (3504, 1989, 'Up', 1, 0, 15, 0, 5, 0, 0, 0, 0, 5, null, 0, 0, 0, 0);
INSERT INTO card_event_choices (choice_id, event_id, choice_label, chain_index, speed, stamina, strength, willpower, intelligence, hp, mood, skill_point, character_favor, event_condition, is_random_value, is_random_attribute, is_random_block_training, is_end_chained_event) VALUES (3505, 1989, 'Down', 1, 15, 0, 5, 0, 0, 0, 0, 0, 5, null, 0, 0, 0, 0);
INSERT INTO card_events (event_id, event_name, uma_id, uma_name, category) VALUES (1990, 'しっかり、じっくり。', 30244, 'mejiro-bright', '隨機事件');
INSERT INTO card_event_choices (choice_id, event_id, choice_label, chain_index, speed, stamina, strength, willpower, intelligence, hp, mood, skill_point, character_favor, event_condition, is_random_value, is_random_attribute, is_random_block_training, is_end_chained_event) VALUES (3506, 1990, 'Up', 1, 0, 0, 0, 0, 0, 10, 0, 0, 5, null, 0, 0, 0, 0);
INSERT INTO card_event_choices (choice_id, event_id, choice_label, chain_index, speed, stamina, strength, willpower, intelligence, hp, mood, skill_point, character_favor, event_condition, is_random_value, is_random_attribute, is_random_block_training, is_end_chained_event) VALUES (3507, 1990, 'Down', 1, 0, 0, 0, 0, 20, 0, 0, 0, 5, null, 0, 0, 0, 0);
INSERT INTO card_table (count, uma_id, uma_name) VALUES (454, 30245, 'vodka');
INSERT INTO card_events (event_id, event_name, uma_id, uma_name, category) VALUES (1991, '(❯) ひもとけ灰色のディクショナリー', 30245, 'vodka', '連鎖事件');
INSERT INTO card_event_choices (choice_id, event_id, choice_label, chain_index, speed, stamina, strength, willpower, intelligence, hp, mood, skill_point, character_favor, event_condition, is_random_value, is_random_attribute, is_random_block_training, is_end_chained_event) VALUES (3508, 1991, 'None', 1, 0, 0, 5, 0, 0, 5, 0, 0, 5, null, 0, 0, 0, 0);
INSERT INTO card_events (event_id, event_name, uma_id, uma_name, category) VALUES (1992, '(❯❯) 魂に憩いもたらす賛歌よ', 30245, 'vodka', '連鎖事件');
INSERT INTO card_event_choices (choice_id, event_id, choice_label, chain_index, speed, stamina, strength, willpower, intelligence, hp, mood, skill_point, character_favor, event_condition, is_random_value, is_random_attribute, is_random_block_training, is_end_chained_event) VALUES (3509, 1992, 'Up', 2, 0, 0, 15, 0, 0, 0, 0, 15, 5, null, 0, 0, 0, 0);
INSERT INTO card_event_choices (choice_id, event_id, choice_label, chain_index, speed, stamina, strength, willpower, intelligence, hp, mood, skill_point, character_favor, event_condition, is_random_value, is_random_attribute, is_random_block_training, is_end_chained_event) VALUES (3510, 1992, 'Down', 2, 0, 25, 0, 0, 0, 0, 0, 0, 5, null, 0, 0, 0, 0);
INSERT INTO card_events (event_id, event_name, uma_id, uma_name, category) VALUES (1993, '(❯❯❯) 見せつけよ暗き眩き閃光を', 30245, 'vodka', '連鎖事件');
INSERT INTO card_event_choices (choice_id, event_id, choice_label, chain_index, speed, stamina, strength, willpower, intelligence, hp, mood, skill_point, character_favor, event_condition, is_random_value, is_random_attribute, is_random_block_training, is_end_chained_event) VALUES (3511, 1993, 'None', 3, 0, 10, 15, 0, 0, 0, 0, 0, 5, null, 0, 0, 0, 0);
INSERT INTO card_events (event_id, event_name, uma_id, uma_name, category) VALUES (1994, '憧れのセリフ', 30245, 'vodka', '隨機事件');
INSERT INTO card_event_choices (choice_id, event_id, choice_label, chain_index, speed, stamina, strength, willpower, intelligence, hp, mood, skill_point, character_favor, event_condition, is_random_value, is_random_attribute, is_random_block_training, is_end_chained_event) VALUES (3512, 1994, 'Up', 3, 0, 0, 10, 0, 0, 0, 0, 0, 5, null, 0, 0, 0, 0);
INSERT INTO card_event_choices (choice_id, event_id, choice_label, chain_index, speed, stamina, strength, willpower, intelligence, hp, mood, skill_point, character_favor, event_condition, is_random_value, is_random_attribute, is_random_block_training, is_end_chained_event) VALUES (3513, 1994, 'Down', 3, 0, 0, 5, 0, 0, 0, 0, 15, 5, null, 0, 0, 0, 0);
INSERT INTO card_events (event_id, event_name, uma_id, uma_name, category) VALUES (1995, '大通りの強敵', 30245, 'vodka', '隨機事件');
INSERT INTO card_event_choices (choice_id, event_id, choice_label, chain_index, speed, stamina, strength, willpower, intelligence, hp, mood, skill_point, character_favor, event_condition, is_random_value, is_random_attribute, is_random_block_training, is_end_chained_event) VALUES (3514, 1995, 'Up', 3, 0, 0, 0, 0, 0, 0, 0, 0, 5, null, 0, 0, 0, 0);
INSERT INTO card_event_choices (choice_id, event_id, choice_label, chain_index, speed, stamina, strength, willpower, intelligence, hp, mood, skill_point, character_favor, event_condition, is_random_value, is_random_attribute, is_random_block_training, is_end_chained_event) VALUES (3515, 1995, 'Down', 3, 0, 0, 5, 0, 0, 0, 0, 15, 5, null, 0, 0, 0, 0);
INSERT INTO card_table (count, uma_id, uma_name) VALUES (455, 30246, 'dream-journey');
INSERT INTO card_events (event_id, event_name, uma_id, uma_name, category) VALUES (1996, '(❯) 綺麗な花には毒がある？', 30246, 'dream-journey', '連鎖事件');
INSERT INTO card_event_choices (choice_id, event_id, choice_label, chain_index, speed, stamina, strength, willpower, intelligence, hp, mood, skill_point, character_favor, event_condition, is_random_value, is_random_attribute, is_random_block_training, is_end_chained_event) VALUES (3516, 1996, 'None', 1, 15, 0, 0, 0, 0, 5, 1, 0, 5, null, 0, 0, 0, 0);
INSERT INTO card_events (event_id, event_name, uma_id, uma_name, category) VALUES (1997, '(❯❯) それはただただ咲き誇る', 30246, 'dream-journey', '連鎖事件');
INSERT INTO card_event_choices (choice_id, event_id, choice_label, chain_index, speed, stamina, strength, willpower, intelligence, hp, mood, skill_point, character_favor, event_condition, is_random_value, is_random_attribute, is_random_block_training, is_end_chained_event) VALUES (3517, 1997, 'Up', 2, 15, 0, 5, 0, 0, 5, 0, 0, 5, null, 0, 0, 0, 0);
INSERT INTO card_event_choices (choice_id, event_id, choice_label, chain_index, speed, stamina, strength, willpower, intelligence, hp, mood, skill_point, character_favor, event_condition, is_random_value, is_random_attribute, is_random_block_training, is_end_chained_event) VALUES (3518, 1997, 'Down', 2, 0, 0, 0, 0, 0, 5, 0, 0, 5, null, 0, 0, 0, 0);
INSERT INTO card_events (event_id, event_name, uma_id, uma_name, category) VALUES (1998, '(❯❯❯) そして今日も花が咲く', 30246, 'dream-journey', '連鎖事件');
INSERT INTO card_event_choices (choice_id, event_id, choice_label, chain_index, speed, stamina, strength, willpower, intelligence, hp, mood, skill_point, character_favor, event_condition, is_random_value, is_random_attribute, is_random_block_training, is_end_chained_event) VALUES (3519, 1998, 'Up', 3, 20, 0, 0, 0, 0, 5, 0, 0, 5, null, 0, 0, 0, 0);
INSERT INTO card_event_choices (choice_id, event_id, choice_label, chain_index, speed, stamina, strength, willpower, intelligence, hp, mood, skill_point, character_favor, event_condition, is_random_value, is_random_attribute, is_random_block_training, is_end_chained_event) VALUES (3520, 1998, 'Down', 3, 5, 5, 5, 5, 5, 25, 0, 0, 5, null, 0, 0, 0, 0);
INSERT INTO card_events (event_id, event_name, uma_id, uma_name, category) VALUES (1999, '親切丁寧で思慮深く', 30246, 'dream-journey', '隨機事件');
INSERT INTO card_event_choices (choice_id, event_id, choice_label, chain_index, speed, stamina, strength, willpower, intelligence, hp, mood, skill_point, character_favor, event_condition, is_random_value, is_random_attribute, is_random_block_training, is_end_chained_event) VALUES (3521, 1999, 'Up', 3, 0, 0, 15, 0, 0, 0, 0, 0, 5, null, 0, 0, 0, 0);
INSERT INTO card_event_choices (choice_id, event_id, choice_label, chain_index, speed, stamina, strength, willpower, intelligence, hp, mood, skill_point, character_favor, event_condition, is_random_value, is_random_attribute, is_random_block_training, is_end_chained_event) VALUES (3522, 1999, 'Down', 3, 0, 0, 0, 0, 10, 5, 0, 0, 5, null, 0, 0, 0, 0);
INSERT INTO card_events (event_id, event_name, uma_id, uma_name, category) VALUES (2000, '用意周到で妹想い', 30246, 'dream-journey', '隨機事件');
INSERT INTO card_event_choices (choice_id, event_id, choice_label, chain_index, speed, stamina, strength, willpower, intelligence, hp, mood, skill_point, character_favor, event_condition, is_random_value, is_random_attribute, is_random_block_training, is_end_chained_event) VALUES (3523, 2000, 'Up', 3, 0, 0, 0, 0, 0, 0, 0, 0, 5, null, 0, 0, 0, 0);
INSERT INTO card_event_choices (choice_id, event_id, choice_label, chain_index, speed, stamina, strength, willpower, intelligence, hp, mood, skill_point, character_favor, event_condition, is_random_value, is_random_attribute, is_random_block_training, is_end_chained_event) VALUES (3524, 2000, 'Down', 3, 15, 0, 0, 0, 0, 0, 0, 0, 5, null, 0, 0, 0, 0);
INSERT INTO card_table (count, uma_id, uma_name) VALUES (456, 30247, 'symboli-kris-s');
INSERT INTO card_events (event_id, event_name, uma_id, uma_name, category) VALUES (2001, '(❯) 新たなるMission', 30247, 'symboli-kris-s', '連鎖事件');
INSERT INTO card_event_choices (choice_id, event_id, choice_label, chain_index, speed, stamina, strength, willpower, intelligence, hp, mood, skill_point, character_favor, event_condition, is_random_value, is_random_attribute, is_random_block_training, is_end_chained_event) VALUES (3525, 2001, 'None', 1, 5, 0, 0, 0, 0, 5, 0, 0, 5, null, 0, 0, 0, 0);
INSERT INTO card_events (event_id, event_name, uma_id, uma_name, category) VALUES (2002, '(❯❯) 愛おしきMemories', 30247, 'symboli-kris-s', '連鎖事件');
INSERT INTO card_event_choices (choice_id, event_id, choice_label, chain_index, speed, stamina, strength, willpower, intelligence, hp, mood, skill_point, character_favor, event_condition, is_random_value, is_random_attribute, is_random_block_training, is_end_chained_event) VALUES (3526, 2002, 'None', 2, 5, 0, 0, 0, 0, 5, 0, 0, 5, null, 0, 0, 0, 0);
INSERT INTO card_events (event_id, event_name, uma_id, uma_name, category) VALUES (2003, '(❯❯❯) 忘れじのPhotograph', 30247, 'symboli-kris-s', '連鎖事件');
INSERT INTO card_event_choices (choice_id, event_id, choice_label, chain_index, speed, stamina, strength, willpower, intelligence, hp, mood, skill_point, character_favor, event_condition, is_random_value, is_random_attribute, is_random_block_training, is_end_chained_event) VALUES (3527, 2003, 'Up', 3, 10, 0, 0, 0, 0, 5, 0, 0, 5, null, 0, 0, 0, 0);
INSERT INTO card_event_choices (choice_id, event_id, choice_label, chain_index, speed, stamina, strength, willpower, intelligence, hp, mood, skill_point, character_favor, event_condition, is_random_value, is_random_attribute, is_random_block_training, is_end_chained_event) VALUES (3528, 2003, 'Down', 3, 0, 0, 25, 0, 0, 0, 0, 0, 5, null, 0, 0, 0, 0);
INSERT INTO card_events (event_id, event_name, uma_id, uma_name, category) VALUES (2004, '仕事人の心情', 30247, 'symboli-kris-s', '隨機事件');
INSERT INTO card_event_choices (choice_id, event_id, choice_label, chain_index, speed, stamina, strength, willpower, intelligence, hp, mood, skill_point, character_favor, event_condition, is_random_value, is_random_attribute, is_random_block_training, is_end_chained_event) VALUES (3529, 2004, 'Up', 3, 0, 0, 0, 25, 0, 0, 0, 0, 5, null, 0, 0, 0, 0);
INSERT INTO card_event_choices (choice_id, event_id, choice_label, chain_index, speed, stamina, strength, willpower, intelligence, hp, mood, skill_point, character_favor, event_condition, is_random_value, is_random_attribute, is_random_block_training, is_end_chained_event) VALUES (3530, 2004, 'Down', 3, 0, 0, 0, 0, 0, 15, 0, 0, 5, null, 0, 0, 0, 0);
INSERT INTO card_events (event_id, event_name, uma_id, uma_name, category) VALUES (2005, '仕事人の心得', 30247, 'symboli-kris-s', '隨機事件');
INSERT INTO card_event_choices (choice_id, event_id, choice_label, chain_index, speed, stamina, strength, willpower, intelligence, hp, mood, skill_point, character_favor, event_condition, is_random_value, is_random_attribute, is_random_block_training, is_end_chained_event) VALUES (3531, 2005, 'Up', 3, 0, 15, 0, 0, 0, 0, 0, 0, 5, null, 0, 0, 0, 0);
INSERT INTO card_event_choices (choice_id, event_id, choice_label, chain_index, speed, stamina, strength, willpower, intelligence, hp, mood, skill_point, character_favor, event_condition, is_random_value, is_random_attribute, is_random_block_training, is_end_chained_event) VALUES (3532, 2005, 'Down', 3, 0, 0, 0, 0, 0, 0, 0, 0, 5, null, 0, 0, 0, 0);
INSERT INTO card_table (count, uma_id, uma_name) VALUES (457, 30248, 'daring-tact');
INSERT INTO card_events (event_id, event_name, uma_id, uma_name, category) VALUES (2006, '(❯) 迷える蕾と咲き乱れるオンリーワン', 30248, 'daring-tact', '連鎖事件');
INSERT INTO card_event_choices (choice_id, event_id, choice_label, chain_index, speed, stamina, strength, willpower, intelligence, hp, mood, skill_point, character_favor, event_condition, is_random_value, is_random_attribute, is_random_block_training, is_end_chained_event) VALUES (3533, 2006, 'None', 1, 0, 0, 0, 0, 10, 0, 1, 15, 5, null, 0, 0, 0, 0);
INSERT INTO card_events (event_id, event_name, uma_id, uma_name, category) VALUES (2007, '(❯❯) 母なる大地の教え', 30248, 'daring-tact', '連鎖事件');
INSERT INTO card_event_choices (choice_id, event_id, choice_label, chain_index, speed, stamina, strength, willpower, intelligence, hp, mood, skill_point, character_favor, event_condition, is_random_value, is_random_attribute, is_random_block_training, is_end_chained_event) VALUES (3534, 2007, 'None', 2, 15, 0, 0, 0, 15, 0, 1, 0, 5, null, 0, 0, 0, 0);
INSERT INTO card_events (event_id, event_name, uma_id, uma_name, category) VALUES (2008, '(❯❯❯) Innocent Wildflower', 30248, 'daring-tact', '連鎖事件');
INSERT INTO card_event_choices (choice_id, event_id, choice_label, chain_index, speed, stamina, strength, willpower, intelligence, hp, mood, skill_point, character_favor, event_condition, is_random_value, is_random_attribute, is_random_block_training, is_end_chained_event) VALUES (3535, 2008, 'None', 3, 5, 0, 0, 0, 20, 10, 0, 0, 5, null, 0, 0, 0, 0);
INSERT INTO card_events (event_id, event_name, uma_id, uma_name, category) VALUES (2009, '私が育った場所', 30248, 'daring-tact', '隨機事件');
INSERT INTO card_event_choices (choice_id, event_id, choice_label, chain_index, speed, stamina, strength, willpower, intelligence, hp, mood, skill_point, character_favor, event_condition, is_random_value, is_random_attribute, is_random_block_training, is_end_chained_event) VALUES (3536, 2009, 'Up', 3, 0, 0, 0, 0, 0, 25, 1, 0, 5, null, 0, 0, 0, 0);
INSERT INTO card_event_choices (choice_id, event_id, choice_label, chain_index, speed, stamina, strength, willpower, intelligence, hp, mood, skill_point, character_favor, event_condition, is_random_value, is_random_attribute, is_random_block_training, is_end_chained_event) VALUES (3537, 2009, 'Down', 3, 0, 0, 0, 0, 0, 0, 0, 30, 5, null, 0, 0, 0, 0);
INSERT INTO card_events (event_id, event_name, uma_id, uma_name, category) VALUES (2010, '私を育てた場所', 30248, 'daring-tact', '隨機事件');
INSERT INTO card_event_choices (choice_id, event_id, choice_label, chain_index, speed, stamina, strength, willpower, intelligence, hp, mood, skill_point, character_favor, event_condition, is_random_value, is_random_attribute, is_random_block_training, is_end_chained_event) VALUES (3538, 2010, 'Up', 3, 0, 0, 0, 0, 20, 0, 0, 0, 5, null, 0, 0, 0, 0);
INSERT INTO card_event_choices (choice_id, event_id, choice_label, chain_index, speed, stamina, strength, willpower, intelligence, hp, mood, skill_point, character_favor, event_condition, is_random_value, is_random_attribute, is_random_block_training, is_end_chained_event) VALUES (3539, 2010, 'Down', 3, 0, 0, 0, 0, 0, 0, 0, 0, 5, null, 0, 0, 0, 0);
INSERT INTO card_table (count, uma_id, uma_name) VALUES (458, 30249, 'transcend');
INSERT INTO card_events (event_id, event_name, uma_id, uma_name, category) VALUES (2011, '(❯) 優しさは陰より出でて', 30249, 'transcend', '連鎖事件');
INSERT INTO card_event_choices (choice_id, event_id, choice_label, chain_index, speed, stamina, strength, willpower, intelligence, hp, mood, skill_point, character_favor, event_condition, is_random_value, is_random_attribute, is_random_block_training, is_end_chained_event) VALUES (3540, 2011, 'Up', 1, 5, 0, 5, 15, 0, 0, 0, 0, 5, null, 0, 0, 0, 0);
INSERT INTO card_event_choices (choice_id, event_id, choice_label, chain_index, speed, stamina, strength, willpower, intelligence, hp, mood, skill_point, character_favor, event_condition, is_random_value, is_random_attribute, is_random_block_training, is_end_chained_event) VALUES (3541, 2011, 'Down', 1, 0, 0, 0, 0, 0, 25, 2, 0, 5, '治癒一個負', 0, 0, 0, 1);
INSERT INTO card_events (event_id, event_name, uma_id, uma_name, category) VALUES (2012, '(❯❯) すれ違いに効く潤滑油', 30249, 'transcend', '連鎖事件');
INSERT INTO card_event_choices (choice_id, event_id, choice_label, chain_index, speed, stamina, strength, willpower, intelligence, hp, mood, skill_point, character_favor, event_condition, is_random_value, is_random_attribute, is_random_block_training, is_end_chained_event) VALUES (3542, 2012, 'Up', 2, 0, 0, 0, 15, 0, 0, 0, 0, 5, null, 0, 0, 0, 0);
INSERT INTO card_event_choices (choice_id, event_id, choice_label, chain_index, speed, stamina, strength, willpower, intelligence, hp, mood, skill_point, character_favor, event_condition, is_random_value, is_random_attribute, is_random_block_training, is_end_chained_event) VALUES (3543, 2012, 'Down', 2, 10, 0, 10, 10, 0, 0, 0, 0, 5, null, 0, 0, 0, 0);
INSERT INTO card_events (event_id, event_name, uma_id, uma_name, category) VALUES (2013, '(❯❯❯) 感謝困惑雨あられ', 30249, 'transcend', '連鎖事件');
INSERT INTO card_event_choices (choice_id, event_id, choice_label, chain_index, speed, stamina, strength, willpower, intelligence, hp, mood, skill_point, character_favor, event_condition, is_random_value, is_random_attribute, is_random_block_training, is_end_chained_event) VALUES (3544, 2013, 'None', 3, 0, 0, 0, 25, 0, 0, 0, 0, 5, null, 0, 0, 0, 0);
INSERT INTO card_events (event_id, event_name, uma_id, uma_name, category) VALUES (2014, '未知への潜入', 30249, 'transcend', '隨機事件');
INSERT INTO card_event_choices (choice_id, event_id, choice_label, chain_index, speed, stamina, strength, willpower, intelligence, hp, mood, skill_point, character_favor, event_condition, is_random_value, is_random_attribute, is_random_block_training, is_end_chained_event) VALUES (3545, 2014, 'Up', 3, 0, 0, 15, 0, 0, 0, 0, 0, 5, null, 0, 0, 0, 0);
INSERT INTO card_event_choices (choice_id, event_id, choice_label, chain_index, speed, stamina, strength, willpower, intelligence, hp, mood, skill_point, character_favor, event_condition, is_random_value, is_random_attribute, is_random_block_training, is_end_chained_event) VALUES (3546, 2014, 'Down', 3, 0, 0, 0, 0, 0, 0, 0, 0, 5, null, 0, 0, 0, 0);
INSERT INTO card_events (event_id, event_name, uma_id, uma_name, category) VALUES (2015, '高速のフットワーク', 30249, 'transcend', '隨機事件');
INSERT INTO card_event_choices (choice_id, event_id, choice_label, chain_index, speed, stamina, strength, willpower, intelligence, hp, mood, skill_point, character_favor, event_condition, is_random_value, is_random_attribute, is_random_block_training, is_end_chained_event) VALUES (3547, 2015, 'Up', 3, 0, 10, 0, 10, 0, 0, 0, 0, 5, null, 0, 0, 0, 0);
INSERT INTO card_event_choices (choice_id, event_id, choice_label, chain_index, speed, stamina, strength, willpower, intelligence, hp, mood, skill_point, character_favor, event_condition, is_random_value, is_random_attribute, is_random_block_training, is_end_chained_event) VALUES (3548, 2015, 'Down', 3, 0, 0, 0, 0, 10, 10, 0, 0, 5, null, 0, 0, 0, 0);
INSERT INTO card_table (count, uma_id, uma_name) VALUES (459, 30250, 'buena-vista');
INSERT INTO card_events (event_id, event_name, uma_id, uma_name, category) VALUES (2016, '(❯) パーソナルトレーナー、ブエナ', 30250, 'buena-vista', '連鎖事件');
INSERT INTO card_event_choices (choice_id, event_id, choice_label, chain_index, speed, stamina, strength, willpower, intelligence, hp, mood, skill_point, character_favor, event_condition, is_random_value, is_random_attribute, is_random_block_training, is_end_chained_event) VALUES (3549, 2016, 'None', 1, 0, 0, 20, 0, 0, 15, 1, 0, 15, null, 1, 0, 0, 0);
INSERT INTO card_event_choices (choice_id, event_id, choice_label, chain_index, speed, stamina, strength, willpower, intelligence, hp, mood, skill_point, character_favor, event_condition, is_random_value, is_random_attribute, is_random_block_training, is_end_chained_event) VALUES (3550, 2016, 'None', 1, 0, 0, 15, 0, 0, 0, 0, 0, 5, null, 0, 0, 0, 0);
INSERT INTO card_events (event_id, event_name, uma_id, uma_name, category) VALUES (2017, '(❯❯) 以心伝心……？', 30250, 'buena-vista', '連鎖事件');
INSERT INTO card_event_choices (choice_id, event_id, choice_label, chain_index, speed, stamina, strength, willpower, intelligence, hp, mood, skill_point, character_favor, event_condition, is_random_value, is_random_attribute, is_random_block_training, is_end_chained_event) VALUES (3551, 2017, 'None', 2, 0, 10, 15, 0, 0, 0, 1, 0, 5, null, 0, 0, 0, 0);
INSERT INTO card_events (event_id, event_name, uma_id, uma_name, category) VALUES (2018, '(❯❯❯) 優しさのおすそ分け', 30250, 'buena-vista', '連鎖事件');
INSERT INTO card_event_choices (choice_id, event_id, choice_label, chain_index, speed, stamina, strength, willpower, intelligence, hp, mood, skill_point, character_favor, event_condition, is_random_value, is_random_attribute, is_random_block_training, is_end_chained_event) VALUES (3552, 2018, 'Up', 3, 0, 10, 30, 0, 0, 0, 0, 0, 5, null, 0, 0, 0, 0);
INSERT INTO card_event_choices (choice_id, event_id, choice_label, chain_index, speed, stamina, strength, willpower, intelligence, hp, mood, skill_point, character_favor, event_condition, is_random_value, is_random_attribute, is_random_block_training, is_end_chained_event) VALUES (3553, 2018, 'Down', 3, 0, 0, 20, 0, 0, 20, 0, 0, 5, null, 0, 0, 0, 0);
INSERT INTO card_events (event_id, event_name, uma_id, uma_name, category) VALUES (2019, 'ときめく彼女', 30250, 'buena-vista', '隨機事件');
INSERT INTO card_event_choices (choice_id, event_id, choice_label, chain_index, speed, stamina, strength, willpower, intelligence, hp, mood, skill_point, character_favor, event_condition, is_random_value, is_random_attribute, is_random_block_training, is_end_chained_event) VALUES (3554, 2019, 'Up', 3, 0, 0, 0, 0, 0, 0, 0, 25, 5, null, 0, 0, 0, 0);
INSERT INTO card_event_choices (choice_id, event_id, choice_label, chain_index, speed, stamina, strength, willpower, intelligence, hp, mood, skill_point, character_favor, event_condition, is_random_value, is_random_attribute, is_random_block_training, is_end_chained_event) VALUES (3555, 2019, 'Down', 3, 0, 0, 0, 0, 0, 0, 0, 0, 5, null, 0, 0, 0, 0);
INSERT INTO card_events (event_id, event_name, uma_id, uma_name, category) VALUES (2020, 'きよらかな彼女', 30250, 'buena-vista', '隨機事件');
INSERT INTO card_event_choices (choice_id, event_id, choice_label, chain_index, speed, stamina, strength, willpower, intelligence, hp, mood, skill_point, character_favor, event_condition, is_random_value, is_random_attribute, is_random_block_training, is_end_chained_event) VALUES (3556, 2020, 'Up', 3, 0, 0, 0, 20, 0, 0, 0, 0, 5, null, 0, 0, 0, 0);
INSERT INTO card_event_choices (choice_id, event_id, choice_label, chain_index, speed, stamina, strength, willpower, intelligence, hp, mood, skill_point, character_favor, event_condition, is_random_value, is_random_attribute, is_random_block_training, is_end_chained_event) VALUES (3557, 2020, 'Down', 3, 10, 0, 10, 0, 0, 0, 0, 0, 5, null, 0, 0, 0, 0);
INSERT INTO card_table (count, uma_id, uma_name) VALUES (460, 30251, 'espoir-city');
INSERT INTO card_events (event_id, event_name, uma_id, uma_name, category) VALUES (2021, '(❯) やるときゃやるっての！！', 30251, 'espoir-city', '連鎖事件');
INSERT INTO card_event_choices (choice_id, event_id, choice_label, chain_index, speed, stamina, strength, willpower, intelligence, hp, mood, skill_point, character_favor, event_condition, is_random_value, is_random_attribute, is_random_block_training, is_end_chained_event) VALUES (3558, 2021, 'None', 1, 0, 0, 0, 10, 0, 0, 0, 0, 5, null, 0, 0, 0, 0);
INSERT INTO card_events (event_id, event_name, uma_id, uma_name, category) VALUES (2022, '(❯❯) 全力出せ！コラァ！！', 30251, 'espoir-city', '連鎖事件');
INSERT INTO card_event_choices (choice_id, event_id, choice_label, chain_index, speed, stamina, strength, willpower, intelligence, hp, mood, skill_point, character_favor, event_condition, is_random_value, is_random_attribute, is_random_block_training, is_end_chained_event) VALUES (3559, 2022, 'Up', 2, 0, 0, 0, 10, 0, 0, 0, 0, 5, null, 0, 0, 0, 0);
INSERT INTO card_event_choices (choice_id, event_id, choice_label, chain_index, speed, stamina, strength, willpower, intelligence, hp, mood, skill_point, character_favor, event_condition, is_random_value, is_random_attribute, is_random_block_training, is_end_chained_event) VALUES (3560, 2022, 'Down', 2, 0, 0, 0, 0, 0, 5, 1, 0, 5, null, 0, 0, 0, 0);
INSERT INTO card_events (event_id, event_name, uma_id, uma_name, category) VALUES (2023, '(❯❯❯) 別に嬉しくなんかねーし！！', 30251, 'espoir-city', '連鎖事件');
INSERT INTO card_event_choices (choice_id, event_id, choice_label, chain_index, speed, stamina, strength, willpower, intelligence, hp, mood, skill_point, character_favor, event_condition, is_random_value, is_random_attribute, is_random_block_training, is_end_chained_event) VALUES (3561, 2023, 'None', 3, 0, 0, 0, 15, 0, 0, 0, 0, 5, null, 0, 0, 0, 0);
INSERT INTO card_events (event_id, event_name, uma_id, uma_name, category) VALUES (2024, 'ガチってんだよ！', 30251, 'espoir-city', '隨機事件');
INSERT INTO card_event_choices (choice_id, event_id, choice_label, chain_index, speed, stamina, strength, willpower, intelligence, hp, mood, skill_point, character_favor, event_condition, is_random_value, is_random_attribute, is_random_block_training, is_end_chained_event) VALUES (3562, 2024, 'Up', 3, 0, 0, 15, 0, 0, 0, 0, 0, 5, null, 0, 0, 0, 0);
INSERT INTO card_event_choices (choice_id, event_id, choice_label, chain_index, speed, stamina, strength, willpower, intelligence, hp, mood, skill_point, character_favor, event_condition, is_random_value, is_random_attribute, is_random_block_training, is_end_chained_event) VALUES (3563, 2024, 'Down', 3, 5, 0, 0, 0, 0, 10, 0, 0, 5, null, 0, 0, 0, 0);
INSERT INTO card_events (event_id, event_name, uma_id, uma_name, category) VALUES (2025, 'ぶちのめすぞ！！', 30251, 'espoir-city', '隨機事件');
INSERT INTO card_event_choices (choice_id, event_id, choice_label, chain_index, speed, stamina, strength, willpower, intelligence, hp, mood, skill_point, character_favor, event_condition, is_random_value, is_random_attribute, is_random_block_training, is_end_chained_event) VALUES (3564, 2025, 'Up', 3, 0, 0, 0, 0, 0, 0, 0, 25, 5, null, 0, 0, 0, 0);
INSERT INTO card_event_choices (choice_id, event_id, choice_label, chain_index, speed, stamina, strength, willpower, intelligence, hp, mood, skill_point, character_favor, event_condition, is_random_value, is_random_attribute, is_random_block_training, is_end_chained_event) VALUES (3565, 2025, 'Down', 3, 0, 0, 0, 0, 0, 0, 0, 0, 5, null, 0, 0, 0, 0);
INSERT INTO card_table (count, uma_id, uma_name) VALUES (461, 30252, 'silence-suzuka');
INSERT INTO card_events (event_id, event_name, uma_id, uma_name, category) VALUES (2026, '(❯) 走って、最速', 30252, 'silence-suzuka', '連鎖事件');
INSERT INTO card_event_choices (choice_id, event_id, choice_label, chain_index, speed, stamina, strength, willpower, intelligence, hp, mood, skill_point, character_favor, event_condition, is_random_value, is_random_attribute, is_random_block_training, is_end_chained_event) VALUES (3566, 2026, 'None', 1, 0, 0, 0, 15, 0, 10, 0, 0, 5, null, 0, 0, 0, 0);
INSERT INTO card_events (event_id, event_name, uma_id, uma_name, category) VALUES (2027, '(❯❯) 走って、私に似た――', 30252, 'silence-suzuka', '連鎖事件');
INSERT INTO card_event_choices (choice_id, event_id, choice_label, chain_index, speed, stamina, strength, willpower, intelligence, hp, mood, skill_point, character_favor, event_condition, is_random_value, is_random_attribute, is_random_block_training, is_end_chained_event) VALUES (3567, 2027, 'Up', 2, 0, 0, 0, 15, 0, 15, 0, 0, 5, null, 0, 0, 0, 0);
INSERT INTO card_event_choices (choice_id, event_id, choice_label, chain_index, speed, stamina, strength, willpower, intelligence, hp, mood, skill_point, character_favor, event_condition, is_random_value, is_random_attribute, is_random_block_training, is_end_chained_event) VALUES (3568, 2027, 'Down', 2, 5, 0, 5, 5, 0, 0, 0, 0, 5, null, 0, 0, 0, 0);
INSERT INTO card_events (event_id, event_name, uma_id, uma_name, category) VALUES (2028, '(❯❯❯) 走って、私と、走って', 30252, 'silence-suzuka', '連鎖事件');
INSERT INTO card_event_choices (choice_id, event_id, choice_label, chain_index, speed, stamina, strength, willpower, intelligence, hp, mood, skill_point, character_favor, event_condition, is_random_value, is_random_attribute, is_random_block_training, is_end_chained_event) VALUES (3569, 2028, 'Up', 3, 0, 0, 0, 25, 0, 15, 0, 0, 5, null, 0, 0, 0, 0);
INSERT INTO card_event_choices (choice_id, event_id, choice_label, chain_index, speed, stamina, strength, willpower, intelligence, hp, mood, skill_point, character_favor, event_condition, is_random_value, is_random_attribute, is_random_block_training, is_end_chained_event) VALUES (3570, 2028, 'Down', 3, 10, 0, 10, 20, 0, 0, 0, 0, 5, null, 0, 0, 0, 0);
INSERT INTO card_events (event_id, event_name, uma_id, uma_name, category) VALUES (2029, 'どこまでも', 30252, 'silence-suzuka', '隨機事件');
INSERT INTO card_event_choices (choice_id, event_id, choice_label, chain_index, speed, stamina, strength, willpower, intelligence, hp, mood, skill_point, character_favor, event_condition, is_random_value, is_random_attribute, is_random_block_training, is_end_chained_event) VALUES (3571, 2029, 'Up', 3, 10, 5, 0, 0, 0, 0, 0, 0, 5, null, 0, 0, 0, 0);
INSERT INTO card_event_choices (choice_id, event_id, choice_label, chain_index, speed, stamina, strength, willpower, intelligence, hp, mood, skill_point, character_favor, event_condition, is_random_value, is_random_attribute, is_random_block_training, is_end_chained_event) VALUES (3572, 2029, 'Down', 3, 15, 0, 0, 0, 0, 0, 0, 0, 5, null, 0, 0, 0, 0);
INSERT INTO card_events (event_id, event_name, uma_id, uma_name, category) VALUES (2030, 'どうすれば', 30252, 'silence-suzuka', '隨機事件');
INSERT INTO card_event_choices (choice_id, event_id, choice_label, chain_index, speed, stamina, strength, willpower, intelligence, hp, mood, skill_point, character_favor, event_condition, is_random_value, is_random_attribute, is_random_block_training, is_end_chained_event) VALUES (3573, 2030, 'Up', 3, 5, 5, 0, 0, 5, 0, 0, 0, 5, null, 0, 0, 0, 0);
INSERT INTO card_event_choices (choice_id, event_id, choice_label, chain_index, speed, stamina, strength, willpower, intelligence, hp, mood, skill_point, character_favor, event_condition, is_random_value, is_random_attribute, is_random_block_training, is_end_chained_event) VALUES (3574, 2030, 'Down', 3, 0, 0, 0, 0, 0, 0, 0, 0, 5, null, 0, 0, 0, 0);
INSERT INTO card_table (count, uma_id, uma_name) VALUES (462, 30253, 'rhein-kraft');
INSERT INTO card_events (event_id, event_name, uma_id, uma_name, category) VALUES (2031, '(❯) わたしの悩み、父への想い', 30253, 'rhein-kraft', '連鎖事件');
INSERT INTO card_event_choices (choice_id, event_id, choice_label, chain_index, speed, stamina, strength, willpower, intelligence, hp, mood, skill_point, character_favor, event_condition, is_random_value, is_random_attribute, is_random_block_training, is_end_chained_event) VALUES (3575, 2031, 'None', 1, 15, 0, 0, 0, 0, 10, 0, 0, 5, null, 0, 0, 0, 0);
INSERT INTO card_events (event_id, event_name, uma_id, uma_name, category) VALUES (2032, '(❯❯) 大人になるための魔法', 30253, 'rhein-kraft', '連鎖事件');
INSERT INTO card_event_choices (choice_id, event_id, choice_label, chain_index, speed, stamina, strength, willpower, intelligence, hp, mood, skill_point, character_favor, event_condition, is_random_value, is_random_attribute, is_random_block_training, is_end_chained_event) VALUES (3576, 2032, 'Up', 2, 20, 0, 10, 0, 0, 0, 0, 0, 5, null, 0, 0, 0, 0);
INSERT INTO card_event_choices (choice_id, event_id, choice_label, chain_index, speed, stamina, strength, willpower, intelligence, hp, mood, skill_point, character_favor, event_condition, is_random_value, is_random_attribute, is_random_block_training, is_end_chained_event) VALUES (3577, 2032, 'Down', 2, 0, 0, 0, 20, 0, 10, 0, 0, 5, null, 0, 0, 0, 0);
INSERT INTO card_events (event_id, event_name, uma_id, uma_name, category) VALUES (2033, '(❯❯❯) 拝啓、お父さん', 30253, 'rhein-kraft', '連鎖事件');
INSERT INTO card_event_choices (choice_id, event_id, choice_label, chain_index, speed, stamina, strength, willpower, intelligence, hp, mood, skill_point, character_favor, event_condition, is_random_value, is_random_attribute, is_random_block_training, is_end_chained_event) VALUES (3578, 2033, 'None', 3, 50, 0, 0, 0, 0, 0, 0, 0, 10, null, 0, 0, 0, 0);
INSERT INTO card_events (event_id, event_name, uma_id, uma_name, category) VALUES (2034, 'ワクワクでキラキラな夢', 30253, 'rhein-kraft', '隨機事件');
INSERT INTO card_event_choices (choice_id, event_id, choice_label, chain_index, speed, stamina, strength, willpower, intelligence, hp, mood, skill_point, character_favor, event_condition, is_random_value, is_random_attribute, is_random_block_training, is_end_chained_event) VALUES (3579, 2034, 'Up', 3, 0, 0, 0, 0, 0, 0, 0, 0, 5, null, 0, 0, 0, 0);
INSERT INTO card_event_choices (choice_id, event_id, choice_label, chain_index, speed, stamina, strength, willpower, intelligence, hp, mood, skill_point, character_favor, event_condition, is_random_value, is_random_attribute, is_random_block_training, is_end_chained_event) VALUES (3580, 2034, 'Down', 3, 15, 0, 0, 0, 0, 0, 0, 0, 5, null, 0, 0, 0, 0);
INSERT INTO card_events (event_id, event_name, uma_id, uma_name, category) VALUES (2035, 'ぽかぽかでねむねむな時間', 30253, 'rhein-kraft', '隨機事件');
INSERT INTO card_event_choices (choice_id, event_id, choice_label, chain_index, speed, stamina, strength, willpower, intelligence, hp, mood, skill_point, character_favor, event_condition, is_random_value, is_random_attribute, is_random_block_training, is_end_chained_event) VALUES (3581, 2035, 'Up', 3, 0, 0, 15, 0, 0, 0, 0, 0, 5, null, 0, 0, 0, 0);
INSERT INTO card_event_choices (choice_id, event_id, choice_label, chain_index, speed, stamina, strength, willpower, intelligence, hp, mood, skill_point, character_favor, event_condition, is_random_value, is_random_attribute, is_random_block_training, is_end_chained_event) VALUES (3582, 2035, 'Down', 3, 0, 0, 0, 5, 0, 10, 0, 0, 5, null, 0, 0, 0, 0);
INSERT INTO card_table (count, uma_id, uma_name) VALUES (463, 30254, 'daring-heart');
INSERT INTO card_events (event_id, event_name, uma_id, uma_name, category) VALUES (2036, '(❯) バスがなければ脚を使えばいいじゃない', 30254, 'daring-heart', '連鎖事件');
INSERT INTO card_event_choices (choice_id, event_id, choice_label, chain_index, speed, stamina, strength, willpower, intelligence, hp, mood, skill_point, character_favor, event_condition, is_random_value, is_random_attribute, is_random_block_training, is_end_chained_event) VALUES (3583, 2036, 'None', 1, 10, 0, 0, 0, 15, 0, 0, 0, 10, null, 0, 0, 0, 0);
INSERT INTO card_events (event_id, event_name, uma_id, uma_name, category) VALUES (2037, '(❯❯) 彼方の栄冠へ', 30254, 'daring-heart', '連鎖事件');
INSERT INTO card_event_choices (choice_id, event_id, choice_label, chain_index, speed, stamina, strength, willpower, intelligence, hp, mood, skill_point, character_favor, event_condition, is_random_value, is_random_attribute, is_random_block_training, is_end_chained_event) VALUES (3584, 2037, 'Up', 2, 0, 0, 0, 0, 20, 10, 0, 0, 5, null, 0, 0, 0, 0);
INSERT INTO card_event_choices (choice_id, event_id, choice_label, chain_index, speed, stamina, strength, willpower, intelligence, hp, mood, skill_point, character_favor, event_condition, is_random_value, is_random_attribute, is_random_block_training, is_end_chained_event) VALUES (3585, 2037, 'Down', 2, 5, 0, 0, 0, 25, 0, 0, 0, 5, null, 0, 0, 0, 1);
INSERT INTO card_events (event_id, event_name, uma_id, uma_name, category) VALUES (2038, '(❯❯❯) ハートを懸けた対決', 30254, 'daring-heart', '連鎖事件');
INSERT INTO card_event_choices (choice_id, event_id, choice_label, chain_index, speed, stamina, strength, willpower, intelligence, hp, mood, skill_point, character_favor, event_condition, is_random_value, is_random_attribute, is_random_block_training, is_end_chained_event) VALUES (3586, 2038, 'None', 3, 20, 0, 0, 0, 30, 0, 0, 0, 5, null, 1, 0, 0, 0);
INSERT INTO card_event_choices (choice_id, event_id, choice_label, chain_index, speed, stamina, strength, willpower, intelligence, hp, mood, skill_point, character_favor, event_condition, is_random_value, is_random_attribute, is_random_block_training, is_end_chained_event) VALUES (3587, 2038, 'None', 3, 10, 0, 0, 0, 20, 0, 0, 0, 5, null, 0, 0, 0, 0);
INSERT INTO card_events (event_id, event_name, uma_id, uma_name, category) VALUES (2039, 'Queen''s Heart', 30254, 'daring-heart', '隨機事件');
INSERT INTO card_event_choices (choice_id, event_id, choice_label, chain_index, speed, stamina, strength, willpower, intelligence, hp, mood, skill_point, character_favor, event_condition, is_random_value, is_random_attribute, is_random_block_training, is_end_chained_event) VALUES (3588, 2039, 'Up', 3, 0, 0, 0, 0, 0, 0, 1, 10, 5, null, 0, 0, 0, 0);
INSERT INTO card_event_choices (choice_id, event_id, choice_label, chain_index, speed, stamina, strength, willpower, intelligence, hp, mood, skill_point, character_favor, event_condition, is_random_value, is_random_attribute, is_random_block_training, is_end_chained_event) VALUES (3589, 2039, 'Down', 3, 0, 10, 10, 0, 0, 0, 0, 0, 5, null, 0, 0, 0, 0);
INSERT INTO card_events (event_id, event_name, uma_id, uma_name, category) VALUES (2040, 'Away in the Mountains', 30254, 'daring-heart', '隨機事件');
INSERT INTO card_event_choices (choice_id, event_id, choice_label, chain_index, speed, stamina, strength, willpower, intelligence, hp, mood, skill_point, character_favor, event_condition, is_random_value, is_random_attribute, is_random_block_training, is_end_chained_event) VALUES (3590, 2040, 'Up', 3, 0, 0, 0, 0, 0, 0, 0, 0, 5, null, 0, 0, 0, 0);
INSERT INTO card_event_choices (choice_id, event_id, choice_label, chain_index, speed, stamina, strength, willpower, intelligence, hp, mood, skill_point, character_favor, event_condition, is_random_value, is_random_attribute, is_random_block_training, is_end_chained_event) VALUES (3591, 2040, 'Down', 3, 0, 0, 0, 15, 0, 0, 0, 0, 5, null, 0, 0, 0, 0);
INSERT INTO card_table (count, uma_id, uma_name) VALUES (464, 30255, 'air-messiah');
INSERT INTO card_events (event_id, event_name, uma_id, uma_name, category) VALUES (2041, '(❯) 小さきものとの邂逅', 30255, 'air-messiah', '連鎖事件');
INSERT INTO card_event_choices (choice_id, event_id, choice_label, chain_index, speed, stamina, strength, willpower, intelligence, hp, mood, skill_point, character_favor, event_condition, is_random_value, is_random_attribute, is_random_block_training, is_end_chained_event) VALUES (3592, 2041, 'None', 1, 0, 0, 0, 0, 5, 0, 0, 0, 5, null, 0, 0, 0, 0);
INSERT INTO card_events (event_id, event_name, uma_id, uma_name, category) VALUES (2042, '(❯❯) いつしか変わる、愛情へ', 30255, 'air-messiah', '連鎖事件');
INSERT INTO card_event_choices (choice_id, event_id, choice_label, chain_index, speed, stamina, strength, willpower, intelligence, hp, mood, skill_point, character_favor, event_condition, is_random_value, is_random_attribute, is_random_block_training, is_end_chained_event) VALUES (3593, 2042, 'None', 2, 0, 0, 0, 0, 10, 0, 0, 0, 5, null, 0, 0, 0, 0);
INSERT INTO card_events (event_id, event_name, uma_id, uma_name, category) VALUES (2043, '(❯❯❯) 愛情がもたらす決断', 30255, 'air-messiah', '連鎖事件');
INSERT INTO card_event_choices (choice_id, event_id, choice_label, chain_index, speed, stamina, strength, willpower, intelligence, hp, mood, skill_point, character_favor, event_condition, is_random_value, is_random_attribute, is_random_block_training, is_end_chained_event) VALUES (3594, 2043, 'None', 3, 0, 0, 0, 0, 15, 0, 0, 0, 5, null, 0, 0, 0, 0);
INSERT INTO card_table (count, uma_id, uma_name) VALUES (465, 30260, 'mejiro-mcqueen');
INSERT INTO card_events (event_id, event_name, uma_id, uma_name, category) VALUES (2044, '(❯) グレイッシュ倶楽部、結成', 30260, 'mejiro-mcqueen', '連鎖事件');
INSERT INTO card_event_choices (choice_id, event_id, choice_label, chain_index, speed, stamina, strength, willpower, intelligence, hp, mood, skill_point, character_favor, event_condition, is_random_value, is_random_attribute, is_random_block_training, is_end_chained_event) VALUES (3595, 2044, 'None', 1, 0, 0, 0, 0, 0, 10, 1, 0, 5, null, 0, 0, 0, 0);
INSERT INTO card_events (event_id, event_name, uma_id, uma_name, category) VALUES (2045, '(❯❯) グレイな釣り日和', 30260, 'mejiro-mcqueen', '連鎖事件');
INSERT INTO card_event_choices (choice_id, event_id, choice_label, chain_index, speed, stamina, strength, willpower, intelligence, hp, mood, skill_point, character_favor, event_condition, is_random_value, is_random_attribute, is_random_block_training, is_end_chained_event) VALUES (3596, 2045, 'None', 2, 15, 0, 0, 0, 0, 0, 0, 0, 5, null, 0, 0, 0, 0);
INSERT INTO card_events (event_id, event_name, uma_id, uma_name, category) VALUES (2046, '(❯❯❯) グレイなカラオケ大会', 30260, 'mejiro-mcqueen', '連鎖事件');
INSERT INTO card_event_choices (choice_id, event_id, choice_label, chain_index, speed, stamina, strength, willpower, intelligence, hp, mood, skill_point, character_favor, event_condition, is_random_value, is_random_attribute, is_random_block_training, is_end_chained_event) VALUES (3597, 2046, 'None', 3, 20, 0, 0, 0, 0, 0, 0, 0, 5, null, 0, 0, 0, 0);
INSERT INTO card_events (event_id, event_name, uma_id, uma_name, category) VALUES (2047, '体重を保つ為', 30260, 'mejiro-mcqueen', '隨機事件');
INSERT INTO card_event_choices (choice_id, event_id, choice_label, chain_index, speed, stamina, strength, willpower, intelligence, hp, mood, skill_point, character_favor, event_condition, is_random_value, is_random_attribute, is_random_block_training, is_end_chained_event) VALUES (3598, 2047, 'Up', 3, 0, 15, 0, 0, 0, -10, 0, 0, 5, null, 0, 0, 0, 0);
INSERT INTO card_event_choices (choice_id, event_id, choice_label, chain_index, speed, stamina, strength, willpower, intelligence, hp, mood, skill_point, character_favor, event_condition, is_random_value, is_random_attribute, is_random_block_training, is_end_chained_event) VALUES (3599, 2047, 'Down', 3, 0, 5, 0, 0, 0, 4, 0, 0, 5, null, 0, 0, 0, 0);
INSERT INTO card_events (event_id, event_name, uma_id, uma_name, category) VALUES (2048, '高みに至る為', 30260, 'mejiro-mcqueen', '隨機事件');
INSERT INTO card_event_choices (choice_id, event_id, choice_label, chain_index, speed, stamina, strength, willpower, intelligence, hp, mood, skill_point, character_favor, event_condition, is_random_value, is_random_attribute, is_random_block_training, is_end_chained_event) VALUES (3600, 2048, 'Up', 3, 0, 5, 0, 5, 0, 0, 0, 0, 5, null, 0, 0, 0, 0);
INSERT INTO card_event_choices (choice_id, event_id, choice_label, chain_index, speed, stamina, strength, willpower, intelligence, hp, mood, skill_point, character_favor, event_condition, is_random_value, is_random_attribute, is_random_block_training, is_end_chained_event) VALUES (3601, 2048, 'Down', 3, 0, 0, 0, 0, 0, 0, 0, 0, 5, null, 0, 0, 0, 0);
